date,group,type_id,type_label,slot_id,product_key,title,quantity,unit,price,unit_price,linked_unit_price,offer_count,api_unit_price,unit_price_gap_pct,quantity_source,matched_category,category_level,raw_offer_count,source_count,source_ids,markets,source_mode,source_updated_at,generation,match_score,collected_at,source_observations,source_link
2026-09-19,bread_cereals,bread_white,Beyaz ekmek,id:1SZ0,id:12IZ,Sade Baget Ekmek 75 Gr,0.075,kg,19.95,266.0,216.666667,1,266.0,0.0,api-refined,Somun Ekmek,sub_category,1,1,"[""depot:migros-6679""]","[""migros""]",pinned-relative,18.09.2026 12:24,1,1.05,2026-09-19T02:20:41.590448+03:00,"[{""price"":19.95,""api_unit_price"":266.0,""source_id"":""depot:migros-6679"",""market"":""migros"",""depot_name"":""Mjet Kadıköy Rasımpaşa Istanbu"",""index_time"":""18.09.2026 12:24""}]","{""mode"":""pinned-relative"",""previous_prices"":{""depot:migros-6679"":19.95},""previous_level"":19.95,""link_factor"":0.8145363421052632}"
2026-09-19,bread_cereals,bread_toast,Tost ekmeği,id:1Z1S,id:1Z1S,Uno Süper Tost Ekmeği 470 Gr,0.47,kg,99.5,211.702128,230.381727,1,211.70212,0.0,api-refined,Tost Ekmeği,sub_category,3,1,"[""depot:carrefour-1012""]","[""carrefour""]",pinned-relative,18.09.2026 12:27,0,1.05,2026-09-19T02:20:42.808308+03:00,"[{""price"":99.5,""api_unit_price"":211.70212,""source_id"":""depot:carrefour-1012"",""market"":""carrefour"",""depot_name"":""Istanbul Acıbadem Hıper"",""index_time"":""18.09.2026 12:27""}]","{""mode"":""pinned-relative"",""previous_prices"":{""depot:carrefour-1012"":99.5},""previous_level"":108.27941176470588,""link_factor"":1.0}"
2026-09-19,bread_cereals,bread_toast,Tost ekmeği,id:20KG,id:0LNZ,İyilik Tost Ekmeği 670 Gr,0.67,kg,63.5,94.776119,132.521738,1,94.776115,0.0,api-refined,Tost Ekmeği,sub_category,1,1,"[""depot:migros-1991""]","[""migros""]",pinned-relative,18.09.2026 12:24,1,1.05,2026-09-19T02:20:42.808321+03:00,"[{""price"":63.5,""api_unit_price"":94.776115,""source_id"":""depot:migros-1991"",""market"":""migros"",""depot_name"":""Çiçekçi M Migros"",""index_time"":""18.09.2026 12:24""}]","{""mode"":""pinned-relative"",""previous_prices"":{""depot:migros-1991"":63.5},""previous_level"":63.50000000000001,""link_factor"":1.3982608617835917}"
2026-09-19,bread_cereals,bread_toast,Tost ekmeği,id:1Z60,id:12SA,Untad Premium Dev Tost Ekmeği 1.3 Kg,1.3,kg,235.0,180.769231,198.0,1,180.76924,0.0,api-refined,Tost Ekmeği,sub_category,1,1,"[""depot:migros-564""]","[""migros""]",pinned-relative,18.09.2026 12:24,1,1.05,2026-09-19T02:20:42.808324+03:00,"[{""price"":235.0,""api_unit_price"":180.76924,""source_id"":""depot:migros-564"",""market"":""migros"",""depot_name"":""Kadıköy Çarşı M Migros"",""index_time"":""18.09.2026 12:24""}]","{""mode"":""pinned-relative"",""previous_prices"":{""depot:migros-564"":235.0},""previous_level"":235.0,""link_factor"":1.0953191475378905}"
2026-09-19,bread_cereals,bread_toast,Tost ekmeği,id:1ZGC,id:1ZGC,Uno Büyük Tost Ekmeği 550 Gr,0.55,kg,79.9,145.272727,137.979932,1,145.27274,0.0,api-refined,Tost Ekmeği,sub_category,3,1,"[""depot:hakmar-5521""]","[""hakmar""]",pinned-relative,18.09.2026 12:26,0,1.05,2026-09-19T02:20:42.808327+03:00,"[{""price"":79.9,""api_unit_price"":145.27274,""source_id"":""depot:hakmar-5521"",""market"":""hakmar"",""depot_name"":""Ahmediye  Üsküdar"",""index_time"":""18.09.2026 12:26""}]","{""mode"":""pinned-relative"",""previous_prices"":{""depot:hakmar-5521"":79.9},""previous_level"":75.88896240814348,""link_factor"":1.0}"
2026-09-19,bread_cereals,bread_toast,Tost ekmeği,id:20E8,id:20E8,Untad Büyük Tost Ekmeği 670 Gr,0.67,kg,101.25,151.119403,161.365046,2,151.11941,0.0,api-refined,Tost Ekmeği,sub_category,3,2,"[""depot:carrefour-5254"",""depot:tarim_kredi-7488""]","[""carrefour"",""tarim_kredi""]",pinned-relative,18.09.2026 12:26,0,1.05,2026-09-19T02:20:42.808329+03:00,"[{""price"":87.5,""api_unit_price"":130.59702,""source_id"":""depot:tarim_kredi-7488"",""market"":""tarim_kredi"",""depot_name"":""Istanbul Kadıköy Kızıltoprak"",""index_time"":""18.09.2026 12:26""},{""price"":115.0,""api_unit_price"":171.6418,""source_id"":""depot:carrefour-5254"",""market"":""carrefour"",""depot_name"":""Istanbul Üsküdar Salacak Mını"",""index_time"":""18.09.2026 12:26""}]","{""mode"":""pinned-relative"",""previous_prices"":{""depot:carrefour-5254"":115.0,""depot:tarim_kredi-7488"":87.5},""previous_level"":108.11458100673853,""link_factor"":1.0}"
2026-09-19,bread_cereals,bread_toast,Tost ekmeği,id:0ZDX,id:0ZDX,Uno Anadolu Tost Ekmeği 550 Gr,0.55,kg,49.5,90.0,90.0,1,90.0,0.0,api-refined,Tost Ekmeği,sub_category,1,1,"[""depot:sok-4707""]","[""sok""]",pinned-relative,18.09.2026 12:22,0,1.05,2026-09-19T02:20:42.808331+03:00,"[{""price"":49.5,""api_unit_price"":90.0,""source_id"":""depot:sok-4707"",""market"":""sok"",""depot_name"":""Şok Minifevziçakmak"",""index_time"":""18.09.2026 12:22""}]","{""mode"":""pinned-relative"",""previous_prices"":{""depot:sok-4707"":49.5},""previous_level"":49.49999999999999,""link_factor"":1.0}"
2026-09-19,bread_cereals,bread_toast,Tost ekmeği,id:1BZP,id:1BZP,Tazepan Tost Ekmeği 670 Gr,0.67,kg,59.0,88.059701,88.059701,1,88.0597,0.0,api-refined,Tost Ekmeği,sub_category,1,1,"[""depot:tarim_kredi-7488""]","[""tarim_kredi""]",pinned-relative,18.09.2026 12:26,0,1.05,2026-09-19T02:20:42.808333+03:00,"[{""price"":59.0,""api_unit_price"":88.0597,""source_id"":""depot:tarim_kredi-7488"",""market"":""tarim_kredi"",""depot_name"":""Istanbul Kadıköy Kızıltoprak"",""index_time"":""18.09.2026 12:26""}]","{""mode"":""pinned-relative"",""previous_prices"":{""depot:tarim_kredi-7488"":59.0},""previous_level"":59.0,""link_factor"":1.0}"
2026-09-19,bread_cereals,bread_wholewheat,Tam buğday ekmeği,id:2157,id:207S,Untad Tam Buğday Ekmeği 400 Gr,0.4,kg,99.0,247.5,224.217389,2,247.5,0.0,api-refined,Tam Buğday Ekmeği,sub_category,3,2,"[""depot:carrefour-1012"",""depot:tarim_kredi-7488""]","[""carrefour"",""tarim_kredi""]",pinned-relative,18.09.2026 12:26,1,1.0667,2026-09-19T02:20:45.329531+03:00,"[{""price"":99.0,""api_unit_price"":247.5,""source_id"":""depot:carrefour-1012"",""market"":""carrefour"",""depot_name"":""Istanbul Acıbadem Hıper"",""index_time"":""18.09.2026 12:26""},{""price"":99.0,""api_unit_price"":247.5,""source_id"":""depot:tarim_kredi-7488"",""market"":""tarim_kredi"",""depot_name"":""Istanbul Kadıköy Kızıltoprak"",""index_time"":""18.09.2026 12:26""}]","{""mode"":""pinned-relative"",""previous_prices"":{""depot:carrefour-1012"":99.0,""depot:tarim_kredi-7488"":99.0},""previous_level"":99.0,""link_factor"":0.9059288444444444}"
2026-09-19,bread_cereals,bread_wholewheat,Tam buğday ekmeği,id:20E9,id:20E9,Uno %100 Tam Buğday Tava Ekmeği 450 Gr,0.45,kg,82.5,183.333333,199.304346,2,183.33334,0.0,api-refined,Tam Buğday Ekmeği,sub_category,3,2,"[""depot:carrefour-1012"",""depot:migros-1991""]","[""carrefour"",""migros""]",pinned-relative,18.09.2026 12:27,0,1.0667,2026-09-19T02:20:45.329543+03:00,"[{""price"":82.5,""api_unit_price"":183.33334,""source_id"":""depot:migros-1991"",""market"":""migros"",""depot_name"":""Çiçekçi M Migros"",""index_time"":""18.09.2026 12:27""},{""price"":82.5,""api_unit_price"":183.33334,""source_id"":""depot:carrefour-1012"",""market"":""carrefour"",""depot_name"":""Istanbul Acıbadem Hıper"",""index_time"":""18.09.2026 12:27""}]","{""mode"":""pinned-relative"",""previous_prices"":{""depot:carrefour-1012"":82.5,""depot:migros-1991"":82.5},""previous_level"":89.68695557326049,""link_factor"":1.0}"
2026-09-19,bread_cereals,bread_wholewheat,Tam buğday ekmeği,id:1YBP,id:1YBP,Uno Ekşi Mayalı Tam Buğday Ekmek 450 Gr,0.45,kg,97.5,216.666667,216.666667,1,216.66667,0.0,api-refined,Tam Buğday Ekmeği,sub_category,1,1,"[""depot:migros-1991""]","[""migros""]",pinned-relative,18.09.2026 12:26,0,1.1,2026-09-19T02:20:45.329546+03:00,"[{""price"":97.5,""api_unit_price"":216.66667,""source_id"":""depot:migros-1991"",""market"":""migros"",""depot_name"":""Çiçekçi M Migros"",""index_time"":""18.09.2026 12:26""}]","{""mode"":""pinned-relative"",""previous_prices"":{""depot:migros-1991"":97.5},""previous_level"":97.5,""link_factor"":1.0}"
2026-09-19,bread_cereals,bread_wholewheat,Tam buğday ekmeği,id:1PB0,id:03X4,Tam Buğday Ekmeği Çeşitleri 420 Gr,0.42,kg,37.5,89.285714,470.000002,1,89.28571,0.0,api-refined,Tam Buğday Ekmeği,sub_category,1,1,"[""depot:hakmar-5200""]","[""hakmar""]",pinned-relative,18.09.2026 12:25,1,1.0667,2026-09-19T02:20:45.329549+03:00,"[{""price"":37.5,""api_unit_price"":89.28571,""source_id"":""depot:hakmar-5200"",""market"":""hakmar"",""depot_name"":""Valide  Üsküdar"",""index_time"":""18.09.2026 12:25""}]","{""mode"":""pinned-relative"",""previous_prices"":{""depot:hakmar-5200"":37.5},""previous_level"":37.5,""link_factor"":5.2640000168448005}"
2026-09-19,bread_cereals,flour_wheat,Buğday unu,id:1NDD,id:1NDD,Sinangil Un 5 Kg,5.0,kg,174.065,34.813,34.813,2,34.813,0.0,api-refined,Buğday Unu,sub_category,2,2,"[""depot:carrefour-1012"",""depot:migros-3296""]","[""carrefour"",""migros""]",pinned-relative,18.09.2026 12:27,0,1.1,2026-09-19T02:20:47.813014+03:00,"[{""price"":149.18,""api_unit_price"":29.835999,""source_id"":""depot:carrefour-1012"",""market"":""carrefour"",""depot_name"":""Istanbul Acıbadem Hıper"",""index_time"":""18.09.2026 12:27""},{""price"":198.95,""api_unit_price"":39.79,""source_id"":""depot:migros-3296"",""market"":""migros"",""depot_name"":""Kadıköy Caferağa M Migros"",""index_time"":""18.09.2026 12:27""}]","{""mode"":""pinned-relative"",""previous_prices"":{""depot:carrefour-1012"":149.18,""depot:migros-3296"":198.95},""previous_level"":174.065,""link_factor"":1.0}"
2026-09-19,bread_cereals,flour_wheat,Buğday unu,id:1Z5Y,id:1Z5Y,Söke Tam Buğday Un Karışımı 500 Gr,0.5,kg,59.9,119.8,119.8,1,119.8,0.0,api-refined,Buğday Unu,sub_category,1,1,"[""depot:carrefour-1012""]","[""carrefour""]",pinned-relative,18.09.2026 12:26,0,1.1,2026-09-19T02:20:47.813027+03:00,"[{""price"":59.9,""api_unit_price"":119.8,""source_id"":""depot:carrefour-1012"",""market"":""carrefour"",""depot_name"":""Istanbul Acıbadem Hıper"",""index_time"":""18.09.2026 12:26""}]","{""mode"":""pinned-relative"",""previous_prices"":{""depot:carrefour-1012"":59.9},""previous_level"":59.9,""link_factor"":1.0}"
2026-09-19,bread_cereals,flour_wheat,Buğday unu,id:1S10,id:1S10,Sinangil Un 2 Kg,2.0,kg,90.9,45.45,45.45,1,45.45,0.0,api-refined,Buğday Unu,sub_category,1,1,"[""depot:carrefour-1012""]","[""carrefour""]",pinned-relative,18.09.2026 12:27,0,1.1,2026-09-19T02:20:47.813030+03:00,"[{""price"":90.9,""api_unit_price"":45.45,""source_id"":""depot:carrefour-1012"",""market"":""carrefour"",""depot_name"":""Istanbul Acıbadem Hıper"",""index_time"":""18.09.2026 12:27""}]","{""mode"":""pinned-relative"",""previous_prices"":{""depot:carrefour-1012"":90.9},""previous_level"":90.9,""link_factor"":1.0}"
2026-09-19,bread_cereals,flour_wheat,Buğday unu,id:1Q2X,id:1Q2X,Söke Esmer Un 1 Kg,1.0,kg,75.9,75.9,75.925,1,75.9,0.0,api-refined,Buğday Unu,sub_category,2,1,"[""depot:carrefour-1012""]","[""carrefour""]",pinned-relative,18.09.2026 12:26,0,1.1,2026-09-19T02:20:47.813033+03:00,"[{""price"":75.9,""api_unit_price"":75.9,""source_id"":""depot:carrefour-1012"",""market"":""carrefour"",""depot_name"":""Istanbul Acıbadem Hıper"",""index_time"":""18.09.2026 12:26""}]","{""mode"":""pinned-relative"",""previous_prices"":{""depot:carrefour-1012"":75.9},""previous_level"":75.925,""link_factor"":1.0}"
2026-09-19,bread_cereals,flour_wheat,Buğday unu,id:1RSN,id:1RSN,Söke Un 2 Kg,2.0,kg,94.7,47.35,49.95,2,47.35,0.0,api-refined,Buğday Unu,sub_category,3,2,"[""depot:carrefour-1012"",""depot:hakmar-5521""]","[""carrefour"",""hakmar""]",pinned-relative,18.09.2026 12:27,0,1.1,2026-09-19T02:20:47.813035+03:00,"[{""price"":89.5,""api_unit_price"":44.75,""source_id"":""depot:hakmar-5521"",""market"":""hakmar"",""depot_name"":""Ahmediye  Üsküdar"",""index_time"":""18.09.2026 12:27""},{""price"":99.9,""api_unit_price"":49.95,""source_id"":""depot:carrefour-1012"",""market"":""carrefour"",""depot_name"":""Istanbul Acıbadem Hıper"",""index_time"":""18.09.2026 12:27""}]","{""mode"":""pinned-relative"",""previous_prices"":{""depot:carrefour-1012"":99.9,""depot:hakmar-5521"":89.5},""previous_level"":99.9,""link_factor"":1.0}"
2026-09-19,bread_cereals,flour_wheat,Buğday unu,id:0QZ6,id:0QZ6,Söke Un 5 Kg,5.0,kg,159.9,31.98,37.985,1,31.98,0.0,api-refined,Buğday Unu,sub_category,2,1,"[""depot:carrefour-5254""]","[""carrefour""]",pinned-relative,18.09.2026 12:27,0,1.1,2026-09-19T02:20:47.813038+03:00,"[{""price"":159.9,""api_unit_price"":31.98,""source_id"":""depot:carrefour-5254"",""market"":""carrefour"",""depot_name"":""Istanbul Üsküdar Salacak Mını"",""index_time"":""18.09.2026 12:27""}]","{""mode"":""pinned-relative"",""previous_prices"":{""depot:carrefour-5254"":159.9},""previous_level"":189.925,""link_factor"":1.0}"
2026-09-19,bread_cereals,flour_wheat,Buğday unu,id:02HU,id:02HU,Tarım Kredi Anadolu Un 2 Kg,2.0,kg,60.0,30.0,30.0,1,30.0,0.0,api-refined,Buğday Unu,sub_category,1,1,"[""depot:tarim_kredi-7488""]","[""tarim_kredi""]",pinned-relative,18.09.2026 12:26,0,1.1,2026-09-19T02:20:47.813040+03:00,"[{""price"":60.0,""api_unit_price"":30.0,""source_id"":""depot:tarim_kredi-7488"",""market"":""tarim_kredi"",""depot_name"":""Istanbul Kadıköy Kızıltoprak"",""index_time"":""18.09.2026 12:26""}]","{""mode"":""pinned-relative"",""previous_prices"":{""depot:tarim_kredi-7488"":60.0},""previous_level"":60.0,""link_factor"":1.0}"
2026-09-19,bread_cereals,flour_wheat,Buğday unu,id:030H,id:030H,City Farm Organik Beyaz Un 1 Kg,1.0,kg,127.5,127.5,127.5,1,127.5,0.0,api-refined,Buğday Unu,sub_category,1,1,"[""depot:carrefour-1012""]","[""carrefour""]",pinned-relative,18.09.2026 12:26,0,1.1,2026-09-19T02:20:47.813042+03:00,"[{""price"":127.5,""api_unit_price"":127.5,""source_id"":""depot:carrefour-1012"",""market"":""carrefour"",""depot_name"":""Istanbul Acıbadem Hıper"",""index_time"":""18.09.2026 12:26""}]","{""mode"":""pinned-relative"",""previous_prices"":{""depot:carrefour-1012"":127.5},""previous_level"":127.5,""link_factor"":1.0}"
2026-09-19,bread_cereals,flour_wheat,Buğday unu,id:045Q,id:045Q,Sinangil Alpa Un 5 Kg,5.0,kg,145.0,29.0,29.0,1,29.0,0.0,api-refined,Buğday Unu,sub_category,1,1,"[""depot:bim-5712""]","[""bim""]",pinned-relative,18.09.2026 12:25,0,1.1,2026-09-19T02:20:47.813044+03:00,"[{""price"":145.0,""api_unit_price"":29.0,""source_id"":""depot:bim-5712"",""market"":""bim"",""depot_name"":""Çiçekçi  Üsküdar"",""index_time"":""18.09.2026 12:25""}]","{""mode"":""pinned-relative"",""previous_prices"":{""depot:bim-5712"":145.0},""previous_level"":145.0,""link_factor"":1.0}"
2026-09-19,bread_cereals,flour_wheat,Buğday unu,id:06G8,id:06G8,Akun Un 5 Kg,5.0,kg,135.0,27.0,27.0,1,27.0,0.0,api-refined,Buğday Unu,sub_category,1,1,"[""depot:hakmar-5521""]","[""hakmar""]",pinned-relative,18.09.2026 12:25,0,1.1,2026-09-19T02:20:47.813046+03:00,"[{""price"":135.0,""api_unit_price"":27.0,""source_id"":""depot:hakmar-5521"",""market"":""hakmar"",""depot_name"":""Ahmediye  Üsküdar"",""index_time"":""18.09.2026 12:25""}]","{""mode"":""pinned-relative"",""previous_prices"":{""depot:hakmar-5521"":135.0},""previous_level"":135.0,""link_factor"":1.0}"
2026-09-19,bread_cereals,flour_wheat,Buğday unu,id:07QX,id:07QX,Söke Özlüm Un 5 Kg,5.0,kg,145.0,29.0,29.0,1,29.0,0.0,api-refined,Buğday Unu,sub_category,1,1,"[""depot:bim-5712""]","[""bim""]",pinned-relative,18.09.2026 12:25,0,1.1,2026-09-19T02:20:47.813049+03:00,"[{""price"":145.0,""api_unit_price"":29.0,""source_id"":""depot:bim-5712"",""market"":""bim"",""depot_name"":""Çiçekçi  Üsküdar"",""index_time"":""18.09.2026 12:25""}]","{""mode"":""pinned-relative"",""previous_prices"":{""depot:bim-5712"":145.0},""previous_level"":145.0,""link_factor"":1.0}"
2026-09-19,bread_cereals,flour_wheat,Buğday unu,id:0A0V,id:0A0V,Sinangil Un 8 Kg,8.0,kg,299.0,37.375,37.375,1,37.375,0.0,api-refined,Buğday Unu,sub_category,1,1,"[""depot:hakmar-5521""]","[""hakmar""]",pinned-relative,18.09.2026 12:25,0,1.1,2026-09-19T02:20:47.813051+03:00,"[{""price"":299.0,""api_unit_price"":37.375,""source_id"":""depot:hakmar-5521"",""market"":""hakmar"",""depot_name"":""Ahmediye  Üsküdar"",""index_time"":""18.09.2026 12:25""}]","{""mode"":""pinned-relative"",""previous_prices"":{""depot:hakmar-5521"":299.0},""previous_level"":299.0,""link_factor"":1.0}"
2026-09-19,bread_cereals,flour_wheat,Buğday unu,id:0AC0,id:0AC0,Akun Çorumlu Un 2 Kg,2.0,kg,60.0,30.0,30.0,1,30.0,0.0,api-refined,Buğday Unu,sub_category,1,1,"[""depot:hakmar-5521""]","[""hakmar""]",pinned-relative,18.09.2026 12:26,0,1.1,2026-09-19T02:20:47.813053+03:00,"[{""price"":60.0,""api_unit_price"":30.0,""source_id"":""depot:hakmar-5521"",""market"":""hakmar"",""depot_name"":""Ahmediye  Üsküdar"",""index_time"":""18.09.2026 12:26""}]","{""mode"":""pinned-relative"",""previous_prices"":{""depot:hakmar-5521"":60.0},""previous_level"":60.0,""link_factor"":1.0}"
2026-09-19,bread_cereals,flour_wheat,Buğday unu,id:0CQ0,id:0CQ0,Tarım Kredi Un 2 Kg,2.0,kg,89.0,44.5,44.5,1,44.5,0.0,api-refined,Buğday Unu,sub_category,1,1,"[""depot:tarim_kredi-7488""]","[""tarim_kredi""]",pinned-relative,18.09.2026 12:26,0,1.1,2026-09-19T02:20:47.813055+03:00,"[{""price"":89.0,""api_unit_price"":44.5,""source_id"":""depot:tarim_kredi-7488"",""market"":""tarim_kredi"",""depot_name"":""Istanbul Kadıköy Kızıltoprak"",""index_time"":""18.09.2026 12:26""}]","{""mode"":""pinned-relative"",""previous_prices"":{""depot:tarim_kredi-7488"":89.0},""previous_level"":89.0,""link_factor"":1.0}"
2026-09-19,bread_cereals,flour_wheat,Buğday unu,id:0GDD,id:0GDD,Tarım Kredi Anadolu Un 5 Kg,5.0,kg,135.0,27.0,27.0,1,27.0,0.0,api-refined,Buğday Unu,sub_category,1,1,"[""depot:tarim_kredi-7488""]","[""tarim_kredi""]",pinned-relative,18.09.2026 12:26,0,1.1,2026-09-19T02:20:47.813057+03:00,"[{""price"":135.0,""api_unit_price"":27.0,""source_id"":""depot:tarim_kredi-7488"",""market"":""tarim_kredi"",""depot_name"":""Istanbul Kadıköy Kızıltoprak"",""index_time"":""18.09.2026 12:26""}]","{""mode"":""pinned-relative"",""previous_prices"":{""depot:tarim_kredi-7488"":135.0},""previous_level"":135.0,""link_factor"":1.0}"
2026-09-19,bread_cereals,flour_wheat,Buğday unu,id:0I3P,id:0I3P,Tarım Kredi Un 5 Kg,5.0,kg,189.0,37.8,37.8,1,37.8,0.0,api-refined,Buğday Unu,sub_category,1,1,"[""depot:tarim_kredi-7488""]","[""tarim_kredi""]",pinned-relative,18.09.2026 12:26,0,1.1,2026-09-19T02:20:47.813059+03:00,"[{""price"":189.0,""api_unit_price"":37.8,""source_id"":""depot:tarim_kredi-7488"",""market"":""tarim_kredi"",""depot_name"":""Istanbul Kadıköy Kızıltoprak"",""index_time"":""18.09.2026 12:26""}]","{""mode"":""pinned-relative"",""previous_prices"":{""depot:tarim_kredi-7488"":189.0},""previous_level"":189.0,""link_factor"":1.0}"
2026-09-19,bread_cereals,flour_wheat,Buğday unu,id:0STQ,id:0STQ,Piyale Un 2 Kg,2.0,kg,60.0,30.0,30.0,1,30.0,0.0,api-refined,Buğday Unu,sub_category,1,1,"[""depot:sok-4707""]","[""sok""]",pinned-relative,18.09.2026 12:22,0,1.1,2026-09-19T02:20:47.813062+03:00,"[{""price"":60.0,""api_unit_price"":30.0,""source_id"":""depot:sok-4707"",""market"":""sok"",""depot_name"":""Şok Minifevziçakmak"",""index_time"":""18.09.2026 12:22""}]","{""mode"":""pinned-relative"",""previous_prices"":{""depot:sok-4707"":60.0},""previous_level"":60.0,""link_factor"":1.0}"
2026-09-19,bread_cereals,flour_wheat,Buğday unu,id:0T7O,id:0T7O,Söke Baklavalık Ve Böreklik Un 2 Kg,2.0,kg,135.95,67.975,67.975,1,67.975,0.0,api-refined,Buğday Unu,sub_category,1,1,"[""depot:migros-1991""]","[""migros""]",pinned-relative,18.09.2026 12:24,0,1.1,2026-09-19T02:20:47.813064+03:00,"[{""price"":135.95,""api_unit_price"":67.975,""source_id"":""depot:migros-1991"",""market"":""migros"",""depot_name"":""Çiçekçi M Migros"",""index_time"":""18.09.2026 12:24""}]","{""mode"":""pinned-relative"",""previous_prices"":{""depot:migros-1991"":135.95},""previous_level"":135.95,""link_factor"":1.0}"
2026-09-19,bread_cereals,flour_wheat,Buğday unu,id:0XQN,id:0XQN,Piyale Un 5 Kg,5.0,kg,135.0,27.0,27.0,1,27.0,0.0,api-refined,Buğday Unu,sub_category,1,1,"[""depot:sok-4707""]","[""sok""]",pinned-relative,18.09.2026 12:23,0,1.1,2026-09-19T02:20:47.813066+03:00,"[{""price"":135.0,""api_unit_price"":27.0,""source_id"":""depot:sok-4707"",""market"":""sok"",""depot_name"":""Şok Minifevziçakmak"",""index_time"":""18.09.2026 12:23""}]","{""mode"":""pinned-relative"",""previous_prices"":{""depot:sok-4707"":135.0},""previous_level"":135.0,""link_factor"":1.0}"
2026-09-19,bread_cereals,flour_wheat,Buğday unu,id:1TNY,id:1TNY,Sinangil Un 1 Kg,1.0,kg,36.68,36.68,36.68,1,36.68,0.0,api-refined,Buğday Unu,sub_category,1,1,"[""depot:carrefour-1012""]","[""carrefour""]",pinned-relative,18.09.2026 12:27,0,1.1,2026-09-19T02:20:47.813068+03:00,"[{""price"":36.68,""api_unit_price"":36.68,""source_id"":""depot:carrefour-1012"",""market"":""carrefour"",""depot_name"":""Istanbul Acıbadem Hıper"",""index_time"":""18.09.2026 12:27""}]","{""mode"":""pinned-relative"",""previous_prices"":{""depot:carrefour-1012"":36.68},""previous_level"":36.68,""link_factor"":1.0}"
2026-09-19,bread_cereals,flour_wheat,Buğday unu,id:1YGY,id:1YGY,Sinangil Kepekli Un 1 Kg,1.0,kg,78.9,78.9,78.9,1,78.9,0.0,api-refined,Buğday Unu,sub_category,1,1,"[""depot:carrefour-1012""]","[""carrefour""]",pinned-relative,18.09.2026 12:27,0,1.1,2026-09-19T02:20:47.813070+03:00,"[{""price"":78.9,""api_unit_price"":78.9,""source_id"":""depot:carrefour-1012"",""market"":""carrefour"",""depot_name"":""Istanbul Acıbadem Hıper"",""index_time"":""18.09.2026 12:27""}]","{""mode"":""pinned-relative"",""previous_prices"":{""depot:carrefour-1012"":78.9},""previous_level"":78.9,""link_factor"":1.0}"
2026-09-19,bread_cereals,flour_wheat,Buğday unu,id:0Y3L,id:0Y3L,Söke Un 1 Kg,1.0,kg,44.45,44.45,43.192042,2,44.45,0.0,api-refined,Buğday Unu,sub_category,2,2,"[""depot:carrefour-5254"",""depot:migros-1991""]","[""carrefour"",""migros""]",pinned-relative,18.09.2026 12:27,0,1.1,2026-09-19T02:20:47.813072+03:00,"[{""price"":33.95,""api_unit_price"":33.95,""source_id"":""depot:carrefour-5254"",""market"":""carrefour"",""depot_name"":""Istanbul Üsküdar Salacak Mını"",""index_time"":""18.09.2026 12:27""},{""price"":54.95,""api_unit_price"":54.95,""source_id"":""depot:migros-1991"",""market"":""migros"",""depot_name"":""Çiçekçi M Migros"",""index_time"":""18.09.2026 12:27""}]","{""mode"":""pinned-relative"",""previous_prices"":{""depot:carrefour-5254"":33.95,""depot:migros-1991"":54.95},""previous_level"":43.19204209110748,""link_factor"":1.0}"
2026-09-19,bread_cereals,rice,Pirinç,id:15TJ,id:15TJ,Reis Osmancık Pirinç 1 Kg,1.0,kg,112.95,112.95,148.038891,1,112.95,0.0,api-refined,Pirinçler,sub_category,2,1,"[""depot:carrefour-1012""]","[""carrefour""]",pinned-relative,18.09.2026 12:27,0,1.1,2026-09-19T02:20:54.079986+03:00,"[{""price"":112.95,""api_unit_price"":112.95,""source_id"":""depot:carrefour-1012"",""market"":""carrefour"",""depot_name"":""Istanbul Acıbadem Hıper"",""index_time"":""18.09.2026 12:27""}]","{""mode"":""pinned-relative"",""previous_prices"":{""depot:carrefour-1012"":112.95},""previous_level"":148.03889089107128,""link_factor"":1.0}"
2026-09-19,bread_cereals,rice,Pirinç,id:1ZVP,id:1ZVP,Hasata Basmati Pirinç 1 Kg,1.0,kg,199.95,199.95,235.56122,1,199.95,0.0,api-refined,Pirinçler,sub_category,2,1,"[""depot:migros-1991""]","[""migros""]",pinned-relative,18.09.2026 12:27,0,1.1,2026-09-19T02:20:54.079999+03:00,"[{""price"":199.95,""api_unit_price"":199.95,""source_id"":""depot:migros-1991"",""market"":""migros"",""depot_name"":""Çiçekçi M Migros"",""index_time"":""18.09.2026 12:27""}]","{""mode"":""pinned-relative"",""previous_prices"":{""depot:migros-1991"":199.95},""previous_level"":235.56122040680228,""link_factor"":1.0}"
2026-09-19,bread_cereals,rice,Pirinç,id:07U1,id:07U1,Rençber Pilavlık Pirinç 1 Kg,1.0,kg,64.5,64.5,64.5,1,64.5,0.0,api-refined,Pirinçler,sub_category,1,1,"[""depot:hakmar-5521""]","[""hakmar""]",pinned-relative,18.09.2026 12:25,0,1.1,2026-09-19T02:20:54.080002+03:00,"[{""price"":64.5,""api_unit_price"":64.5,""source_id"":""depot:hakmar-5521"",""market"":""hakmar"",""depot_name"":""Ahmediye  Üsküdar"",""index_time"":""18.09.2026 12:25""}]","{""mode"":""pinned-relative"",""previous_prices"":{""depot:hakmar-5521"":64.5},""previous_level"":64.5,""link_factor"":1.0}"
2026-09-19,bread_cereals,rice,Pirinç,id:0X4O,id:0X4O,Anadolu Mutfağı Osmancık Pirinç 1 Kg,1.0,kg,78.0,78.0,78.0,1,78.0,0.0,api-refined,Pirinçler,sub_category,1,1,"[""depot:sok-4707""]","[""sok""]",pinned-relative,18.09.2026 12:22,0,1.1,2026-09-19T02:20:54.080005+03:00,"[{""price"":78.0,""api_unit_price"":78.0,""source_id"":""depot:sok-4707"",""market"":""sok"",""depot_name"":""Şok Minifevziçakmak"",""index_time"":""18.09.2026 12:22""}]","{""mode"":""pinned-relative"",""previous_prices"":{""depot:sok-4707"":78.0},""previous_level"":78.0,""link_factor"":1.0}"
2026-09-19,bread_cereals,rice,Pirinç,id:0XG5,id:0XG5,Migros Osmancık Pirinç 1 Kg,1.0,kg,80.95,80.95,80.95,1,80.95,0.0,api-refined,Pirinçler,sub_category,1,1,"[""depot:migros-1991""]","[""migros""]",pinned-relative,18.09.2026 12:27,0,1.1,2026-09-19T02:20:54.080007+03:00,"[{""price"":80.95,""api_unit_price"":80.95,""source_id"":""depot:migros-1991"",""market"":""migros"",""depot_name"":""Çiçekçi M Migros"",""index_time"":""18.09.2026 12:27""}]","{""mode"":""pinned-relative"",""previous_prices"":{""depot:migros-1991"":80.95},""previous_level"":80.95,""link_factor"":1.0}"
2026-09-19,bread_cereals,rice,Pirinç,id:04LS,id:04LS,Carrefour Baldo Pirinç 1 Kg,1.0,kg,89.95,89.95,89.95,1,89.95,0.0,api-refined,Pirinçler,sub_category,1,1,"[""depot:carrefour-5254""]","[""carrefour""]",pinned-relative,18.09.2026 12:26,0,1.1,2026-09-19T02:20:54.080009+03:00,"[{""price"":89.95,""api_unit_price"":89.95,""source_id"":""depot:carrefour-5254"",""market"":""carrefour"",""depot_name"":""Istanbul Üsküdar Salacak Mını"",""index_time"":""18.09.2026 12:26""}]","{""mode"":""pinned-relative"",""previous_prices"":{""depot:carrefour-5254"":89.95},""previous_level"":89.95000000000002,""link_factor"":1.0}"
2026-09-19,bread_cereals,rice,Pirinç,id:2ASH,id:2ASH,Rençber Basmati Pirinç 1 Kg,1.0,kg,95.0,95.0,95.0,1,95.0,0.0,api-refined,Pirinçler,sub_category,1,1,"[""depot:hakmar-5521""]","[""hakmar""]",pinned-relative,18.09.2026 12:25,0,1.1,2026-09-19T02:20:54.080011+03:00,"[{""price"":95.0,""api_unit_price"":95.0,""source_id"":""depot:hakmar-5521"",""market"":""hakmar"",""depot_name"":""Ahmediye  Üsküdar"",""index_time"":""18.09.2026 12:25""}]","{""mode"":""pinned-relative"",""previous_prices"":{""depot:hakmar-5521"":95.0},""previous_level"":95.0,""link_factor"":1.0}"
2026-09-19,bread_cereals,rice,Pirinç,id:1EKP,id:1EKP,Yayla Tok Tane Pirinç 1 Kg,1.0,kg,109.95,109.95,109.95,1,109.95,0.0,api-refined,Pirinçler,sub_category,1,1,"[""depot:migros-1991""]","[""migros""]",pinned-relative,18.09.2026 12:24,0,1.1,2026-09-19T02:20:54.080013+03:00,"[{""price"":109.95,""api_unit_price"":109.95,""source_id"":""depot:migros-1991"",""market"":""migros"",""depot_name"":""Çiçekçi M Migros"",""index_time"":""18.09.2026 12:24""}]","{""mode"":""pinned-relative"",""previous_prices"":{""depot:migros-1991"":109.95},""previous_level"":109.94999999999999,""link_factor"":1.0}"
2026-09-19,bread_cereals,rice,Pirinç,id:1Z5E,id:1Z5E,Yayla Basmati Pirinç 1 Kg,1.0,kg,109.9,109.9,109.9,1,109.9,0.0,api-refined,Pirinçler,sub_category,2,1,"[""depot:tarim_kredi-5022""]","[""tarim_kredi""]",pinned-relative,18.09.2026 12:27,0,1.1,2026-09-19T02:20:54.080016+03:00,"[{""price"":109.9,""api_unit_price"":109.9,""source_id"":""depot:tarim_kredi-5022"",""market"":""tarim_kredi"",""depot_name"":""Istanbul Kadıköy Market"",""index_time"":""18.09.2026 12:27""}]","{""mode"":""pinned-relative"",""previous_prices"":{""depot:tarim_kredi-5022"":109.9},""previous_level"":109.9,""link_factor"":1.0}"
2026-09-19,bread_cereals,rice,Pirinç,id:0PRZ,id:0PRZ,Yayla Osmancık Yerli Pirinç 2 Kg,2.0,kg,169.95,84.975,84.975,1,84.975,0.0,api-refined,Pirinçler,sub_category,1,1,"[""depot:migros-1991""]","[""migros""]",pinned-relative,18.09.2026 12:24,0,1.1,2026-09-19T02:20:54.080018+03:00,"[{""price"":169.95,""api_unit_price"":84.975,""source_id"":""depot:migros-1991"",""market"":""migros"",""depot_name"":""Çiçekçi M Migros"",""index_time"":""18.09.2026 12:24""}]","{""mode"":""pinned-relative"",""previous_prices"":{""depot:migros-1991"":169.95},""previous_level"":169.95,""link_factor"":1.0}"
2026-09-19,bread_cereals,rice,Pirinç,id:02MV,id:02MV,Rençber Osmancık Pirinç 2.5 Kg,2.5,kg,184.5,73.8,73.8,1,73.799995,0.0,api-refined,Pirinçler,sub_category,1,1,"[""depot:hakmar-5521""]","[""hakmar""]",pinned-relative,18.09.2026 12:25,0,1.1,2026-09-19T02:20:54.080020+03:00,"[{""price"":184.5,""api_unit_price"":73.799995,""source_id"":""depot:hakmar-5521"",""market"":""hakmar"",""depot_name"":""Ahmediye  Üsküdar"",""index_time"":""18.09.2026 12:25""}]","{""mode"":""pinned-relative"",""previous_prices"":{""depot:hakmar-5521"":184.5},""previous_level"":184.5,""link_factor"":1.0}"
2026-09-19,bread_cereals,rice,Pirinç,id:0P95,id:0P95,Mutlu Baldo Pirinç 2.5 Kg,2.5,kg,254.95,101.98,101.98,1,101.98,0.0,api-refined,Pirinçler,sub_category,1,1,"[""depot:migros-4479""]","[""migros""]",pinned-relative,18.09.2026 12:24,0,1.1,2026-09-19T02:20:54.080022+03:00,"[{""price"":254.95,""api_unit_price"":101.98,""source_id"":""depot:migros-4479"",""market"":""migros"",""depot_name"":""Mjet Üsküdar Paşakapısı"",""index_time"":""18.09.2026 12:24""}]","{""mode"":""pinned-relative"",""previous_prices"":{""depot:migros-4479"":254.95},""previous_level"":254.95,""link_factor"":1.0}"
2026-09-19,bread_cereals,rice,Pirinç,id:1K1O,id:1K1O,Yayla Trakya Baldo Pirinç 2 Kg,2.0,kg,299.95,149.975,149.975,1,149.975,0.0,api-refined,Pirinçler,sub_category,1,1,"[""depot:migros-3296""]","[""migros""]",pinned-relative,18.09.2026 12:24,0,1.1,2026-09-19T02:20:54.080024+03:00,"[{""price"":299.95,""api_unit_price"":149.975,""source_id"":""depot:migros-3296"",""market"":""migros"",""depot_name"":""Kadıköy Caferağa M Migros"",""index_time"":""18.09.2026 12:24""}]","{""mode"":""pinned-relative"",""previous_prices"":{""depot:migros-3296"":299.95},""previous_level"":299.95,""link_factor"":1.0}"
2026-09-19,bread_cereals,rice,Pirinç,id:06R7,id:06R7,Carrefour Osmancık Pirinç 5 Kg,5.0,kg,345.9,69.18,69.18,1,69.18,0.0,api-refined,Pirinçler,sub_category,1,1,"[""depot:carrefour-1012""]","[""carrefour""]",pinned-relative,18.09.2026 12:26,0,1.1,2026-09-19T02:20:54.080026+03:00,"[{""price"":345.9,""api_unit_price"":69.18,""source_id"":""depot:carrefour-1012"",""market"":""carrefour"",""depot_name"":""Istanbul Acıbadem Hıper"",""index_time"":""18.09.2026 12:26""}]","{""mode"":""pinned-relative"",""previous_prices"":{""depot:carrefour-1012"":345.9},""previous_level"":345.9,""link_factor"":1.0}"
2026-09-19,bread_cereals,bulgur,Bulgur,id:1PU8,id:1PU8,Duru Pilavlık Bulgur 1 Kg,1.0,kg,69.9,69.9,59.811131,3,69.9,0.0,api-refined,Bulgur,sub_category,4,3,"[""depot:bim-5712"",""depot:carrefour-1012"",""depot:sok-7017""]","[""bim"",""carrefour"",""sok""]",pinned-relative,18.09.2026 12:28,0,1.1,2026-09-19T02:20:57.811736+03:00,"[{""price"":49.75,""api_unit_price"":49.75,""source_id"":""depot:bim-5712"",""market"":""bim"",""depot_name"":""Çiçekçi  Üsküdar"",""index_time"":""18.09.2026 12:28""},{""price"":69.9,""api_unit_price"":69.9,""source_id"":""depot:sok-7017"",""market"":""sok"",""depot_name"":""Iskele Cdüsküdar"",""index_time"":""18.09.2026 12:28""},{""price"":70.95,""api_unit_price"":70.95,""source_id"":""depot:carrefour-1012"",""market"":""carrefour"",""depot_name"":""Istanbul Acıbadem Hıper"",""index_time"":""18.09.2026 12:28""}]","{""mode"":""pinned-relative"",""previous_prices"":{""depot:bim-5712"":49.75,""depot:carrefour-1012"":70.95,""depot:sok-7017"":69.9},""previous_level"":59.81113117523223,""link_factor"":1.0}"
2026-09-19,bread_cereals,bulgur,Bulgur,id:1OOR,id:1OOR,Reis Köftelik Bulgur 1 Kg,1.0,kg,84.95,84.95,85.831613,2,84.95,0.0,api-refined,Bulgur,sub_category,2,2,"[""depot:carrefour-1012"",""depot:migros-564""]","[""carrefour"",""migros""]",pinned-relative,18.09.2026 12:27,0,1.1,2026-09-19T02:20:57.811767+03:00,"[{""price"":84.95,""api_unit_price"":84.95,""source_id"":""depot:migros-564"",""market"":""migros"",""depot_name"":""Kadıköy Çarşı M Migros"",""index_time"":""18.09.2026 12:27""},{""price"":84.95,""api_unit_price"":84.95,""source_id"":""depot:carrefour-1012"",""market"":""carrefour"",""depot_name"":""Istanbul Acıbadem Hıper"",""index_time"":""18.09.2026 12:27""}]","{""mode"":""pinned-relative"",""previous_prices"":{""depot:carrefour-1012"":84.95,""depot:migros-564"":84.95},""previous_level"":85.83161302886614,""link_factor"":1.0}"
2026-09-19,bread_cereals,bulgur,Bulgur,id:1X4Y,id:1X4Y,Duru Başbaşı Bulgur 1 Kg,1.0,kg,62.08,62.08,61.443059,2,62.08,0.0,api-refined,Bulgur,sub_category,2,2,"[""depot:carrefour-1012"",""depot:migros-1991""]","[""carrefour"",""migros""]",pinned-relative,18.09.2026 12:27,0,1.1,2026-09-19T02:20:57.811770+03:00,"[{""price"":53.21,""api_unit_price"":53.21,""source_id"":""depot:migros-1991"",""market"":""migros"",""depot_name"":""Çiçekçi M Migros"",""index_time"":""18.09.2026 12:27""},{""price"":70.95,""api_unit_price"":70.95,""source_id"":""depot:carrefour-1012"",""market"":""carrefour"",""depot_name"":""Istanbul Acıbadem Hıper"",""index_time"":""18.09.2026 12:27""}]","{""mode"":""pinned-relative"",""previous_prices"":{""depot:carrefour-1012"":70.95,""depot:migros-1991"":53.21},""previous_level"":61.44305900587958,""link_factor"":1.0}"
2026-09-19,bread_cereals,bulgur,Bulgur,id:1HI0,id:1HI0,Torku Pilavlık Bulgur 2.5 Kg,2.5,kg,124.95,49.98,40.89,1,49.98,0.0,api-refined,Bulgur,sub_category,1,1,"[""depot:migros-1991""]","[""migros""]",pinned-relative,18.09.2026 12:27,0,1.1,2026-09-19T02:20:57.811773+03:00,"[{""price"":124.95,""api_unit_price"":49.98,""source_id"":""depot:migros-1991"",""market"":""migros"",""depot_name"":""Çiçekçi M Migros"",""index_time"":""18.09.2026 12:27""}]","{""mode"":""pinned-relative"",""previous_prices"":{""depot:migros-1991"":124.95},""previous_level"":102.225,""link_factor"":1.0}"
2026-09-19,bread_cereals,bulgur,Bulgur,id:0WCD,id:0WCD,Duru Pilavlık Bulgur 2 Kg,2.0,kg,98.955,49.4775,49.386314,2,49.4775,0.0,api-refined,Bulgur,sub_category,2,2,"[""depot:carrefour-1012"",""depot:migros-564""]","[""carrefour"",""migros""]",pinned-relative,18.09.2026 12:26,0,1.1,2026-09-19T02:20:57.811775+03:00,"[{""price"":92.95,""api_unit_price"":46.475,""source_id"":""depot:carrefour-1012"",""market"":""carrefour"",""depot_name"":""Istanbul Acıbadem Hıper"",""index_time"":""18.09.2026 12:26""},{""price"":104.96,""api_unit_price"":52.48,""source_id"":""depot:migros-564"",""market"":""migros"",""depot_name"":""Kadıköy Çarşı M Migros"",""index_time"":""18.09.2026 12:26""}]","{""mode"":""pinned-relative"",""previous_prices"":{""depot:carrefour-1012"":92.95,""depot:migros-564"":104.96},""previous_level"":98.77262778725694,""link_factor"":1.0}"
2026-09-19,bread_cereals,bulgur,Bulgur,id:1LQE,id:1LQE,Doyum Bulgur Çeşitleri 1 Kg,1.0,kg,32.5,32.5,32.5,1,32.5,0.0,api-refined,Bulgur,sub_category,1,1,"[""depot:bim-5712""]","[""bim""]",pinned-relative,18.09.2026 12:25,0,1.1,2026-09-19T02:20:57.811777+03:00,"[{""price"":32.5,""api_unit_price"":32.5,""source_id"":""depot:bim-5712"",""market"":""bim"",""depot_name"":""Çiçekçi  Üsküdar"",""index_time"":""18.09.2026 12:25""}]","{""mode"":""pinned-relative"",""previous_prices"":{""depot:bim-5712"":32.5},""previous_level"":32.5,""link_factor"":1.0}"
2026-09-19,bread_cereals,bulgur,Bulgur,id:0YSI,id:0YSI,Anadolu Mutfağı Köftelik Bulgur 1 Kg,1.0,kg,34.0,34.0,34.0,1,34.0,0.0,api-refined,Bulgur,sub_category,1,1,"[""depot:sok-4707""]","[""sok""]",pinned-relative,18.09.2026 12:22,0,1.1,2026-09-19T02:20:57.811779+03:00,"[{""price"":34.0,""api_unit_price"":34.0,""source_id"":""depot:sok-4707"",""market"":""sok"",""depot_name"":""Şok Minifevziçakmak"",""index_time"":""18.09.2026 12:22""}]","{""mode"":""pinned-relative"",""previous_prices"":{""depot:sok-4707"":34.0},""previous_level"":34.0,""link_factor"":1.0}"
2026-09-19,bread_cereals,bulgur,Bulgur,id:0W77,id:0W77,Anadolu Mutfağı Pilavlık Bulgur 1 Kg,1.0,kg,34.0,34.0,34.0,1,34.0,0.0,api-refined,Bulgur,sub_category,1,1,"[""depot:sok-4707""]","[""sok""]",pinned-relative,18.09.2026 12:22,0,1.1,2026-09-19T02:20:57.811782+03:00,"[{""price"":34.0,""api_unit_price"":34.0,""source_id"":""depot:sok-4707"",""market"":""sok"",""depot_name"":""Şok Minifevziçakmak"",""index_time"":""18.09.2026 12:22""}]","{""mode"":""pinned-relative"",""previous_prices"":{""depot:sok-4707"":34.0},""previous_level"":34.0,""link_factor"":1.0}"
2026-09-19,bread_cereals,bulgur,Bulgur,id:06Y3,id:06Y3,Saban Pilavlık Bulgur 1 Kg,1.0,kg,34.0,34.0,34.0,1,34.0,0.0,api-refined,Bulgur,sub_category,1,1,"[""depot:bim-5712""]","[""bim""]",pinned-relative,18.09.2026 12:25,0,1.1,2026-09-19T02:20:57.811784+03:00,"[{""price"":34.0,""api_unit_price"":34.0,""source_id"":""depot:bim-5712"",""market"":""bim"",""depot_name"":""Çiçekçi  Üsküdar"",""index_time"":""18.09.2026 12:25""}]","{""mode"":""pinned-relative"",""previous_prices"":{""depot:bim-5712"":34.0},""previous_level"":34.0,""link_factor"":1.0}"
2026-09-19,bread_cereals,bulgur,Bulgur,id:0577,id:0577,Saban Köftelik Bulgur 1 Kg,1.0,kg,34.0,34.0,34.0,1,34.0,0.0,api-refined,Bulgur,sub_category,1,1,"[""depot:bim-5712""]","[""bim""]",pinned-relative,18.09.2026 12:25,0,1.1,2026-09-19T02:20:57.811786+03:00,"[{""price"":34.0,""api_unit_price"":34.0,""source_id"":""depot:bim-5712"",""market"":""bim"",""depot_name"":""Çiçekçi  Üsküdar"",""index_time"":""18.09.2026 12:25""}]","{""mode"":""pinned-relative"",""previous_prices"":{""depot:bim-5712"":34.0},""previous_level"":34.0,""link_factor"":1.0}"
2026-09-19,bread_cereals,bulgur,Bulgur,id:08WG,id:08WG,Rençber Pilavlık Bulgur 1 Kg,1.0,kg,34.0,34.0,34.0,1,34.0,0.0,api-refined,Bulgur,sub_category,1,1,"[""depot:hakmar-5521""]","[""hakmar""]",pinned-relative,18.09.2026 12:25,0,1.1,2026-09-19T02:20:57.811788+03:00,"[{""price"":34.0,""api_unit_price"":34.0,""source_id"":""depot:hakmar-5521"",""market"":""hakmar"",""depot_name"":""Ahmediye  Üsküdar"",""index_time"":""18.09.2026 12:25""}]","{""mode"":""pinned-relative"",""previous_prices"":{""depot:hakmar-5521"":34.0},""previous_level"":34.0,""link_factor"":1.0}"
2026-09-19,bread_cereals,bulgur,Bulgur,id:049D,id:049D,Carrefour Köftelik Bulgur 1 Kg,1.0,kg,34.95,34.95,34.95,1,34.95,0.0,api-refined,Bulgur,sub_category,1,1,"[""depot:carrefour-5254""]","[""carrefour""]",pinned-relative,18.09.2026 12:27,0,1.1,2026-09-19T02:20:57.811791+03:00,"[{""price"":34.95,""api_unit_price"":34.95,""source_id"":""depot:carrefour-5254"",""market"":""carrefour"",""depot_name"":""Istanbul Üsküdar Salacak Mını"",""index_time"":""18.09.2026 12:27""}]","{""mode"":""pinned-relative"",""previous_prices"":{""depot:carrefour-5254"":34.95},""previous_level"":34.95,""link_factor"":1.0}"
2026-09-19,bread_cereals,bulgur,Bulgur,id:0DF8,id:0DF8,Reis Esmer Çiğköftelik Bulgur 1 Kg,1.0,kg,54.95,54.95,54.95,1,54.95,0.0,api-refined,Bulgur,sub_category,1,1,"[""depot:carrefour-1012""]","[""carrefour""]",pinned-relative,18.09.2026 12:26,0,1.1,2026-09-19T02:20:57.811793+03:00,"[{""price"":54.95,""api_unit_price"":54.95,""source_id"":""depot:carrefour-1012"",""market"":""carrefour"",""depot_name"":""Istanbul Acıbadem Hıper"",""index_time"":""18.09.2026 12:26""}]","{""mode"":""pinned-relative"",""previous_prices"":{""depot:carrefour-1012"":54.95},""previous_level"":54.95,""link_factor"":1.0}"
2026-09-19,bread_cereals,bulgur,Bulgur,id:0JC4,id:0JC4,Reis İnce Pilavlık Bulgur 1 Kg,1.0,kg,84.95,84.95,84.95,1,84.95,0.0,api-refined,Bulgur,sub_category,1,1,"[""depot:carrefour-1012""]","[""carrefour""]",pinned-relative,18.09.2026 12:26,0,1.1,2026-09-19T02:20:57.811795+03:00,"[{""price"":84.95,""api_unit_price"":84.95,""source_id"":""depot:carrefour-1012"",""market"":""carrefour"",""depot_name"":""Istanbul Acıbadem Hıper"",""index_time"":""18.09.2026 12:26""}]","{""mode"":""pinned-relative"",""previous_prices"":{""depot:carrefour-1012"":84.95},""previous_level"":84.95,""link_factor"":1.0}"
2026-09-19,bread_cereals,bulgur,Bulgur,id:0Q0L,id:0Q0L,Yayla Köftelik Bulgur 1 Kg,1.0,kg,65.95,65.95,65.95,1,65.95,0.0,api-refined,Bulgur,sub_category,1,1,"[""depot:migros-1991""]","[""migros""]",pinned-relative,18.09.2026 12:24,0,1.1,2026-09-19T02:20:57.811798+03:00,"[{""price"":65.95,""api_unit_price"":65.95,""source_id"":""depot:migros-1991"",""market"":""migros"",""depot_name"":""Çiçekçi M Migros"",""index_time"":""18.09.2026 12:24""}]","{""mode"":""pinned-relative"",""previous_prices"":{""depot:migros-1991"":65.95},""previous_level"":65.95,""link_factor"":1.0}"
2026-09-19,bread_cereals,bulgur,Bulgur,id:1ROP,id:1ROP,Filiz Mardin Pilavlık Bulgur 800 Gr,0.8,kg,44.95,56.1875,56.1875,1,56.1875,0.0,api-refined,Bulgur,sub_category,1,1,"[""depot:migros-564""]","[""migros""]",pinned-relative,18.09.2026 12:27,0,1.1,2026-09-19T02:20:57.811800+03:00,"[{""price"":44.95,""api_unit_price"":56.1875,""source_id"":""depot:migros-564"",""market"":""migros"",""depot_name"":""Kadıköy Çarşı M Migros"",""index_time"":""18.09.2026 12:27""}]","{""mode"":""pinned-relative"",""previous_prices"":{""depot:migros-564"":44.95},""previous_level"":44.95,""link_factor"":1.0}"
2026-09-19,bread_cereals,bulgur,Bulgur,id:14G7,id:14G7,Saban Köftelik Bulgur 2.5 Kg,2.5,kg,70.0,28.0,28.0,1,28.0,0.0,api-refined,Bulgur,sub_category,1,1,"[""depot:bim-5712""]","[""bim""]",pinned-relative,18.09.2026 12:27,0,1.1,2026-09-19T02:20:57.811802+03:00,"[{""price"":70.0,""api_unit_price"":28.0,""source_id"":""depot:bim-5712"",""market"":""bim"",""depot_name"":""Çiçekçi  Üsküdar"",""index_time"":""18.09.2026 12:27""}]","{""mode"":""pinned-relative"",""previous_prices"":{""depot:bim-5712"":70.0},""previous_level"":70.0,""link_factor"":1.0}"
2026-09-19,bread_cereals,bulgur,Bulgur,id:1YIH,id:1YIH,Dola Glutensiz Pilavlık Bulgur 400 Gr,0.4,kg,89.9,224.75,224.75,1,224.75,0.0,api-refined,Bulgur,sub_category,1,1,"[""depot:tarim_kredi-5022""]","[""tarim_kredi""]",pinned-relative,18.09.2026 12:26,0,1.1,2026-09-19T02:20:57.811804+03:00,"[{""price"":89.9,""api_unit_price"":224.75,""source_id"":""depot:tarim_kredi-5022"",""market"":""tarim_kredi"",""depot_name"":""Istanbul Kadıköy Market"",""index_time"":""18.09.2026 12:26""}]","{""mode"":""pinned-relative"",""previous_prices"":{""depot:tarim_kredi-5022"":89.9},""previous_level"":89.9,""link_factor"":1.0}"
2026-09-19,bread_cereals,pasta_spaghetti,Spagetti makarna,id:1YZR,id:1YZR,Nuh'un Ankara Spagetti Makarna 500 Gr,0.5,kg,37.225,74.45,71.449218,2,74.45,0.0,api-refined,Spagetti,sub_category,2,2,"[""depot:hakmar-5521"",""depot:migros-1991""]","[""hakmar"",""migros""]",pinned-relative,18.09.2026 12:27,0,1.1,2026-09-19T02:20:59.044118+03:00,"[{""price"":36.5,""api_unit_price"":73.0,""source_id"":""depot:hakmar-5521"",""market"":""hakmar"",""depot_name"":""Ahmediye  Üsküdar"",""index_time"":""18.09.2026 12:27""},{""price"":37.95,""api_unit_price"":75.9,""source_id"":""depot:migros-1991"",""market"":""migros"",""depot_name"":""Çiçekçi M Migros"",""index_time"":""18.09.2026 12:27""}]","{""mode"":""pinned-relative"",""previous_prices"":{""depot:hakmar-5521"":36.5,""depot:migros-1991"":37.95},""previous_level"":35.72460910766586,""link_factor"":1.0}"
2026-09-19,bread_cereals,pasta_spaghetti,Spagetti makarna,id:05SY,id:05SY,Carrefour Spagetti Makarna 500 Gr,0.5,kg,17.95,35.9,35.9,1,35.9,0.0,api-refined,Spagetti,sub_category,1,1,"[""depot:carrefour-5254""]","[""carrefour""]",pinned-relative,18.09.2026 12:27,0,1.1,2026-09-19T02:20:59.044131+03:00,"[{""price"":17.95,""api_unit_price"":35.9,""source_id"":""depot:carrefour-5254"",""market"":""carrefour"",""depot_name"":""Istanbul Üsküdar Salacak Mını"",""index_time"":""18.09.2026 12:27""}]","{""mode"":""pinned-relative"",""previous_prices"":{""depot:carrefour-5254"":17.95},""previous_level"":17.95,""link_factor"":1.0}"
2026-09-19,bread_cereals,pasta_spaghetti,Spagetti makarna,id:16L9,id:16L9,Tat Spagetti Makarna 500 Gr,0.5,kg,17.0,34.0,34.0,1,34.0,0.0,api-refined,Spagetti,sub_category,1,1,"[""depot:hakmar-5521""]","[""hakmar""]",pinned-relative,18.09.2026 12:27,0,1.1,2026-09-19T02:20:59.044134+03:00,"[{""price"":17.0,""api_unit_price"":34.0,""source_id"":""depot:hakmar-5521"",""market"":""hakmar"",""depot_name"":""Ahmediye  Üsküdar"",""index_time"":""18.09.2026 12:27""}]","{""mode"":""pinned-relative"",""previous_prices"":{""depot:hakmar-5521"":17.0},""previous_level"":17.0,""link_factor"":1.0}"
2026-09-19,bread_cereals,pasta_spaghetti,Spagetti makarna,id:0M0B,id:0M0B,Migros Spagetti Makarna 500 Gr,0.5,kg,17.95,35.9,35.9,1,35.9,0.0,api-refined,Spagetti,sub_category,1,1,"[""depot:migros-1991""]","[""migros""]",pinned-relative,18.09.2026 12:24,0,1.1,2026-09-19T02:20:59.044136+03:00,"[{""price"":17.95,""api_unit_price"":35.9,""source_id"":""depot:migros-1991"",""market"":""migros"",""depot_name"":""Çiçekçi M Migros"",""index_time"":""18.09.2026 12:24""}]","{""mode"":""pinned-relative"",""previous_prices"":{""depot:migros-1991"":17.95},""previous_level"":17.95,""link_factor"":1.0}"
2026-09-19,bread_cereals,pasta_spaghetti,Spagetti makarna,id:03VE,id:03VE,Sade Organik Spagetti Makarna 500 Gr,0.5,kg,79.95,159.9,159.9,1,159.9,0.0,api-refined,Spagetti,sub_category,1,1,"[""depot:carrefour-1012""]","[""carrefour""]",pinned-relative,18.09.2026 12:26,0,1.1,2026-09-19T02:20:59.044139+03:00,"[{""price"":79.95,""api_unit_price"":159.9,""source_id"":""depot:carrefour-1012"",""market"":""carrefour"",""depot_name"":""Istanbul Acıbadem Hıper"",""index_time"":""18.09.2026 12:26""}]","{""mode"":""pinned-relative"",""previous_prices"":{""depot:carrefour-1012"":123.5},""previous_level"":123.5,""link_factor"":1.0}"
2026-09-19,bread_cereals,pasta_other,Diğer makarna,id:20FP,id:20FP,Mutlu Penne Makarna 500 Gr,0.5,kg,31.225,62.45,46.20819,4,62.45,0.0,api-refined,Mantı Makarna ve Erişte,main_category,4,4,"[""depot:bim-5712"",""depot:carrefour-5254"",""depot:hakmar-5521"",""depot:migros-1991""]","[""bim"",""carrefour"",""hakmar"",""migros""]",pinned-relative,18.09.2026 12:27,0,1.1,2026-09-19T02:21:09.122260+03:00,"[{""price"":26.75,""api_unit_price"":53.5,""source_id"":""depot:hakmar-5521"",""market"":""hakmar"",""depot_name"":""Ahmediye  Üsküdar"",""index_time"":""18.09.2026 12:27""},{""price"":28.5,""api_unit_price"":57.0,""source_id"":""depot:bim-5712"",""market"":""bim"",""depot_name"":""Çiçekçi  Üsküdar"",""index_time"":""18.09.2026 12:27""},{""price"":33.95,""api_unit_price"":67.9,""source_id"":""depot:migros-1991"",""market"":""migros"",""depot_name"":""Çiçekçi M Migros"",""index_time"":""18.09.2026 12:27""},{""price"":33.95,""api_unit_price"":67.9,""source_id"":""depot:carrefour-5254"",""market"":""carrefour"",""depot_name"":""Istanbul Üsküdar Salacak Mını"",""index_time"":""18.09.2026 12:27""}]","{""mode"":""pinned-relative"",""previous_prices"":{""depot:bim-5712"":28.5,""depot:carrefour-5254"":33.95,""depot:hakmar-5521"":26.75,""depot:migros-1991"":33.95},""previous_level"":23.104094981370146,""link_factor"":1.0}"
2026-09-19,bread_cereals,pasta_other,Diğer makarna,id:1YQJ,id:1YQJ,Filiz Fiyonk Makarna 500 Gr,0.5,kg,37.225,74.45,71.861603,2,74.45,0.0,api-refined,Mantı Makarna ve Erişte,main_category,4,2,"[""depot:bim-5712"",""depot:carrefour-5254""]","[""bim"",""carrefour""]",pinned-relative,18.09.2026 12:27,0,1.1,2026-09-19T02:21:09.122273+03:00,"[{""price"":36.5,""api_unit_price"":73.0,""source_id"":""depot:bim-5712"",""market"":""bim"",""depot_name"":""Çiçekçi  Üsküdar"",""index_time"":""18.09.2026 12:27""},{""price"":37.95,""api_unit_price"":75.9,""source_id"":""depot:carrefour-5254"",""market"":""carrefour"",""depot_name"":""Istanbul Üsküdar Salacak Mını"",""index_time"":""18.09.2026 12:27""}]","{""mode"":""pinned-relative"",""previous_prices"":{""depot:bim-5712"":36.5,""depot:carrefour-5254"":37.95},""previous_level"":35.93080148484629,""link_factor"":1.0}"
2026-09-19,bread_cereals,pasta_other,Diğer makarna,id:207R,id:207R,Filiz Boncuk Makarna 500 Gr,0.5,kg,37.225,74.45,79.540374,2,74.45,0.0,api-refined,Mantı Makarna ve Erişte,main_category,3,2,"[""depot:bim-5712"",""depot:carrefour-1012""]","[""bim"",""carrefour""]",pinned-relative,18.09.2026 12:27,0,1.1,2026-09-19T02:21:09.122277+03:00,"[{""price"":36.5,""api_unit_price"":73.0,""source_id"":""depot:bim-5712"",""market"":""bim"",""depot_name"":""Çiçekçi  Üsküdar"",""index_time"":""18.09.2026 12:27""},{""price"":37.95,""api_unit_price"":75.9,""source_id"":""depot:carrefour-1012"",""market"":""carrefour"",""depot_name"":""Istanbul Acıbadem Hıper"",""index_time"":""18.09.2026 12:27""}]","{""mode"":""pinned-relative"",""previous_prices"":{""depot:bim-5712"":36.5,""depot:carrefour-1012"":37.95},""previous_level"":39.77018701029404,""link_factor"":1.0}"
2026-09-19,bread_cereals,pasta_other,Diğer makarna,id:1P8W,id:1P8W,Arbella Burgu Makarna 500 Gr,0.5,kg,33.95,67.9,67.9,3,67.9,0.0,api-refined,Mantı Makarna ve Erişte,main_category,3,3,"[""depot:bim-5712"",""depot:carrefour-1012"",""depot:migros-1991""]","[""bim"",""carrefour"",""migros""]",pinned-relative,18.09.2026 12:27,0,1.1,2026-09-19T02:21:09.122279+03:00,"[{""price"":17.0,""api_unit_price"":34.0,""source_id"":""depot:bim-5712"",""market"":""bim"",""depot_name"":""Çiçekçi  Üsküdar"",""index_time"":""18.09.2026 12:27""},{""price"":33.95,""api_unit_price"":67.9,""source_id"":""depot:migros-1991"",""market"":""migros"",""depot_name"":""Çiçekçi M Migros"",""index_time"":""18.09.2026 12:27""},{""price"":33.95,""api_unit_price"":67.9,""source_id"":""depot:carrefour-1012"",""market"":""carrefour"",""depot_name"":""Istanbul Acıbadem Hıper"",""index_time"":""18.09.2026 12:27""}]","{""mode"":""pinned-relative"",""previous_prices"":{""depot:bim-5712"":17.0,""depot:carrefour-1012"":33.95,""depot:migros-1991"":33.95},""previous_level"":33.95,""link_factor"":1.0}"
2026-09-19,bread_cereals,pasta_other,Diğer makarna,id:20R6,id:20R6,Mutlu Burgu Makarna 500 Gr,0.5,kg,16.95,33.9,35.15617,1,33.9,0.0,api-refined,Mantı Makarna ve Erişte,main_category,2,1,"[""depot:carrefour-5254""]","[""carrefour""]",pinned-relative,18.09.2026 12:27,0,1.1,2026-09-19T02:21:09.122281+03:00,"[{""price"":16.95,""api_unit_price"":33.9,""source_id"":""depot:carrefour-5254"",""market"":""carrefour"",""depot_name"":""Istanbul Üsküdar Salacak Mını"",""index_time"":""18.09.2026 12:27""}]","{""mode"":""pinned-relative"",""previous_prices"":{""depot:carrefour-5254"":16.95},""previous_level"":17.57808477329404,""link_factor"":1.0}"
2026-09-19,bread_cereals,pasta_other,Diğer makarna,id:1TBA,id:1TBA,Filiz Fırın Makarna 500 Gr,0.5,kg,29.45,58.9,56.393365,2,58.9,0.0,api-refined,Mantı Makarna ve Erişte,main_category,2,2,"[""depot:carrefour-5254"",""depot:migros-1991""]","[""carrefour"",""migros""]",pinned-relative,18.09.2026 12:27,0,1.1,2026-09-19T02:21:09.122284+03:00,"[{""price"":20.95,""api_unit_price"":41.9,""source_id"":""depot:carrefour-5254"",""market"":""carrefour"",""depot_name"":""Istanbul Üsküdar Salacak Mını"",""index_time"":""18.09.2026 12:27""},{""price"":37.95,""api_unit_price"":75.9,""source_id"":""depot:migros-1991"",""market"":""migros"",""depot_name"":""Çiçekçi M Migros"",""index_time"":""18.09.2026 12:27""}]","{""mode"":""pinned-relative"",""previous_prices"":{""depot:carrefour-5254"":20.95,""depot:migros-1991"":37.95},""previous_level"":28.196682559891617,""link_factor"":1.0}"
2026-09-19,bread_cereals,pasta_other,Diğer makarna,id:20JO,id:20JO,Filiz Yumurtalı Bukle Makarna 350 Gr,0.35,kg,46.95,134.142857,134.214362,1,134.14287,0.0,api-refined,Mantı Makarna ve Erişte,main_category,2,1,"[""depot:carrefour-1012""]","[""carrefour""]",pinned-relative,18.09.2026 12:27,0,1.1,2026-09-19T02:21:09.122286+03:00,"[{""price"":46.95,""api_unit_price"":134.14287,""source_id"":""depot:carrefour-1012"",""market"":""carrefour"",""depot_name"":""Istanbul Acıbadem Hıper"",""index_time"":""18.09.2026 12:27""}]","{""mode"":""pinned-relative"",""previous_prices"":{""depot:carrefour-1012"":46.95},""previous_level"":46.97502665245203,""link_factor"":1.0}"
2026-09-19,bread_cereals,pasta_other,Diğer makarna,id:2166,id:2166,Pastavilla Dirsek Makarna 500 Gr,0.5,kg,41.08,82.16,81.316899,2,82.16,0.0,api-refined,Mantı Makarna ve Erişte,main_category,2,2,"[""depot:carrefour-1012"",""depot:migros-1991""]","[""carrefour"",""migros""]",pinned-relative,18.09.2026 12:27,0,1.1,2026-09-19T02:21:09.122288+03:00,"[{""price"":35.21,""api_unit_price"":70.42,""source_id"":""depot:migros-1991"",""market"":""migros"",""depot_name"":""Çiçekçi M Migros"",""index_time"":""18.09.2026 12:27""},{""price"":46.95,""api_unit_price"":93.9,""source_id"":""depot:carrefour-1012"",""market"":""carrefour"",""depot_name"":""Istanbul Acıbadem Hıper"",""index_time"":""18.09.2026 12:27""}]","{""mode"":""pinned-relative"",""previous_prices"":{""depot:carrefour-1012"":46.95,""depot:migros-1991"":35.21},""previous_level"":40.65844930638649,""link_factor"":1.0}"
2026-09-19,bread_cereals,pasta_other,Diğer makarna,id:1ZOT,id:20J5,Filiz İnce Uzun Makarna 500 Gr,0.5,kg,36.5,73.0,79.406471,3,73.0,0.0,api-refined,Mantı Makarna ve Erişte,main_category,4,3,"[""depot:bim-5712"",""depot:carrefour-5254"",""depot:sok-4707""]","[""bim"",""carrefour"",""sok""]",pinned-relative,18.09.2026 12:27,1,1.1,2026-09-19T02:21:09.122291+03:00,"[{""price"":22.95,""api_unit_price"":45.9,""source_id"":""depot:carrefour-5254"",""market"":""carrefour"",""depot_name"":""Istanbul Üsküdar Salacak Mını"",""index_time"":""18.09.2026 12:27""},{""price"":36.5,""api_unit_price"":73.0,""source_id"":""depot:sok-4707"",""market"":""sok"",""depot_name"":""Şok Minifevziçakmak"",""index_time"":""18.09.2026 12:27""},{""price"":36.5,""api_unit_price"":73.0,""source_id"":""depot:bim-5712"",""market"":""bim"",""depot_name"":""Çiçekçi  Üsküdar"",""index_time"":""18.09.2026 12:27""}]","{""mode"":""pinned-relative"",""previous_prices"":{""depot:bim-5712"":36.5,""depot:carrefour-5254"":22.95,""depot:sok-4707"":36.5},""previous_level"":30.866200125445804,""link_factor"":1.2863013698630137}"
2026-09-19,bread_cereals,pasta_other,Diğer makarna,id:1ON5,id:1Z1N,Filiz Burgu Makarna 500 Gr,0.5,kg,36.5,73.0,95.52,3,73.0,0.0,api-refined,Mantı Makarna ve Erişte,main_category,4,3,"[""depot:bim-5712"",""depot:carrefour-5254"",""depot:sok-4707""]","[""bim"",""carrefour"",""sok""]",pinned-relative,18.09.2026 12:27,1,1.1,2026-09-19T02:21:09.122293+03:00,"[{""price"":36.5,""api_unit_price"":73.0,""source_id"":""depot:sok-4707"",""market"":""sok"",""depot_name"":""Şok Minifevziçakmak"",""index_time"":""18.09.2026 12:27""},{""price"":36.5,""api_unit_price"":73.0,""source_id"":""depot:bim-5712"",""market"":""bim"",""depot_name"":""Çiçekçi  Üsküdar"",""index_time"":""18.09.2026 12:27""},{""price"":37.95,""api_unit_price"":75.9,""source_id"":""depot:carrefour-5254"",""market"":""carrefour"",""depot_name"":""Istanbul Üsküdar Salacak Mını"",""index_time"":""18.09.2026 12:27""}]","{""mode"":""pinned-relative"",""previous_prices"":{""depot:bim-5712"":36.5,""depot:carrefour-5254"":37.95,""depot:sok-4707"":36.5},""previous_level"":36.5,""link_factor"":1.3084931506849315}"
2026-09-19,bread_cereals,pasta_other,Diğer makarna,id:0B11,id:0B11,Piyale Burgu Makarna 500 Gr,0.5,kg,17.0,34.0,34.0,1,34.0,0.0,api-refined,Mantı Makarna ve Erişte,main_category,1,1,"[""depot:sok-4707""]","[""sok""]",pinned-relative,18.09.2026 12:23,0,1.1,2026-09-19T02:21:09.122295+03:00,"[{""price"":17.0,""api_unit_price"":34.0,""source_id"":""depot:sok-4707"",""market"":""sok"",""depot_name"":""Şok Minifevziçakmak"",""index_time"":""18.09.2026 12:23""}]","{""mode"":""pinned-relative"",""previous_prices"":{""depot:sok-4707"":17.0},""previous_level"":17.0,""link_factor"":1.0}"
2026-09-19,bread_cereals,pasta_other,Diğer makarna,id:083Q,id:083Q,Cardella Fiyonk Makarna 500 Gr,0.5,kg,15.0,30.0,30.0,1,30.0,0.0,api-refined,Mantı Makarna ve Erişte,main_category,1,1,"[""depot:bim-5712""]","[""bim""]",pinned-relative,18.09.2026 12:25,0,1.1,2026-09-19T02:21:09.122297+03:00,"[{""price"":15.0,""api_unit_price"":30.0,""source_id"":""depot:bim-5712"",""market"":""bim"",""depot_name"":""Çiçekçi  Üsküdar"",""index_time"":""18.09.2026 12:25""}]","{""mode"":""pinned-relative"",""previous_prices"":{""depot:bim-5712"":15.0},""previous_level"":15.0,""link_factor"":1.0}"
2026-09-19,bread_cereals,pasta_other,Diğer makarna,id:16L0,id:16L0,Tat Burgu Makarna 500 Gr,0.5,kg,17.0,34.0,34.0,1,34.0,0.0,api-refined,Mantı Makarna ve Erişte,main_category,1,1,"[""depot:hakmar-5521""]","[""hakmar""]",pinned-relative,18.09.2026 12:27,0,1.1,2026-09-19T02:21:09.122299+03:00,"[{""price"":17.0,""api_unit_price"":34.0,""source_id"":""depot:hakmar-5521"",""market"":""hakmar"",""depot_name"":""Ahmediye  Üsküdar"",""index_time"":""18.09.2026 12:27""}]","{""mode"":""pinned-relative"",""previous_prices"":{""depot:hakmar-5521"":17.0},""previous_level"":17.0,""link_factor"":1.0}"
2026-09-19,bread_cereals,pasta_other,Diğer makarna,id:16JS,id:16JS,Tat Fiyonk Makarna 500 Gr,0.5,kg,17.0,34.0,34.0,1,34.0,0.0,api-refined,Mantı Makarna ve Erişte,main_category,1,1,"[""depot:hakmar-5521""]","[""hakmar""]",pinned-relative,18.09.2026 12:27,0,1.1,2026-09-19T02:21:09.122301+03:00,"[{""price"":17.0,""api_unit_price"":34.0,""source_id"":""depot:hakmar-5521"",""market"":""hakmar"",""depot_name"":""Ahmediye  Üsküdar"",""index_time"":""18.09.2026 12:27""}]","{""mode"":""pinned-relative"",""previous_prices"":{""depot:hakmar-5521"":17.0},""previous_level"":17.0,""link_factor"":1.0}"
2026-09-19,bread_cereals,pasta_other,Diğer makarna,id:0LH1,id:0LH1,Migros Yüksük Makarna 500 Gr,0.5,kg,17.95,35.9,35.9,1,35.9,0.0,api-refined,Mantı Makarna ve Erişte,main_category,1,1,"[""depot:migros-1991""]","[""migros""]",pinned-relative,18.09.2026 12:24,0,1.1,2026-09-19T02:21:09.122303+03:00,"[{""price"":17.95,""api_unit_price"":35.9,""source_id"":""depot:migros-1991"",""market"":""migros"",""depot_name"":""Çiçekçi M Migros"",""index_time"":""18.09.2026 12:24""}]","{""mode"":""pinned-relative"",""previous_prices"":{""depot:migros-1991"":17.95},""previous_level"":17.95,""link_factor"":1.0}"
2026-09-19,bread_cereals,pasta_other,Diğer makarna,id:1S7V,id:1S7V,Filiz Kısa Kalem Makarna 500 Gr,0.5,kg,37.95,75.9,75.9,1,75.9,0.0,api-refined,Mantı Makarna ve Erişte,main_category,1,1,"[""depot:carrefour-5254""]","[""carrefour""]",pinned-relative,18.09.2026 12:26,0,1.1,2026-09-19T02:21:09.122305+03:00,"[{""price"":37.95,""api_unit_price"":75.9,""source_id"":""depot:carrefour-5254"",""market"":""carrefour"",""depot_name"":""Istanbul Üsküdar Salacak Mını"",""index_time"":""18.09.2026 12:26""}]","{""mode"":""pinned-relative"",""previous_prices"":{""depot:carrefour-5254"":37.95},""previous_level"":37.95,""link_factor"":1.0}"
2026-09-19,bread_cereals,pasta_other,Diğer makarna,id:1VTR,id:1VTR,Filiz Dirsek Makarna 500 Gr,0.5,kg,37.95,75.9,75.9,1,75.9,0.0,api-refined,Mantı Makarna ve Erişte,main_category,1,1,"[""depot:carrefour-1012""]","[""carrefour""]",pinned-relative,18.09.2026 12:27,0,1.1,2026-09-19T02:21:09.122307+03:00,"[{""price"":37.95,""api_unit_price"":75.9,""source_id"":""depot:carrefour-1012"",""market"":""carrefour"",""depot_name"":""Istanbul Acıbadem Hıper"",""index_time"":""18.09.2026 12:27""}]","{""mode"":""pinned-relative"",""previous_prices"":{""depot:carrefour-1012"":37.95},""previous_level"":37.95,""link_factor"":1.0}"
2026-09-19,bread_cereals,pasta_other,Diğer makarna,id:1Q9J,id:1Q9J,Veronelli Rigatoni Makarna 500 Gr,0.5,kg,49.95,99.9,99.9,1,99.9,0.0,api-refined,Mantı Makarna ve Erişte,main_category,1,1,"[""depot:carrefour-1012""]","[""carrefour""]",pinned-relative,18.09.2026 12:27,0,1.1,2026-09-19T02:21:09.122310+03:00,"[{""price"":49.95,""api_unit_price"":99.9,""source_id"":""depot:carrefour-1012"",""market"":""carrefour"",""depot_name"":""Istanbul Acıbadem Hıper"",""index_time"":""18.09.2026 12:27""}]","{""mode"":""pinned-relative"",""previous_prices"":{""depot:carrefour-1012"":49.95},""previous_level"":49.95,""link_factor"":1.0}"
2026-09-19,bread_cereals,vermicelli,Şehriye,id:20OS,id:20OS,Mutlu Tel Şehriye 500 Gr,0.5,kg,33.95,67.9,51.726211,1,67.9,0.0,api-refined,Şehriye,sub_category,2,1,"[""depot:carrefour-1012""]","[""carrefour""]",pinned-relative,18.09.2026 12:26,0,1.1,2026-09-19T02:21:11.575605+03:00,"[{""price"":33.95,""api_unit_price"":67.9,""source_id"":""depot:carrefour-1012"",""market"":""carrefour"",""depot_name"":""Istanbul Acıbadem Hıper"",""index_time"":""18.09.2026 12:26""}]","{""mode"":""pinned-relative"",""previous_prices"":{""depot:carrefour-1012"":33.95},""previous_level"":25.86310557774381,""link_factor"":1.0}"
2026-09-19,bread_cereals,vermicelli,Şehriye,id:1NLE,id:1NLE,Nuh'un Ankara Arpa Şehriye 500 Gr,0.5,kg,37.95,75.9,72.838264,1,75.9,0.0,api-refined,Şehriye,sub_category,2,1,"[""depot:carrefour-5254""]","[""carrefour""]",pinned-relative,18.09.2026 12:26,0,1.1,2026-09-19T02:21:11.575617+03:00,"[{""price"":37.95,""api_unit_price"":75.9,""source_id"":""depot:carrefour-5254"",""market"":""carrefour"",""depot_name"":""Istanbul Üsküdar Salacak Mını"",""index_time"":""18.09.2026 12:26""}]","{""mode"":""pinned-relative"",""previous_prices"":{""depot:carrefour-5254"":37.95},""previous_level"":36.41913205473661,""link_factor"":1.0}"
2026-09-19,bread_cereals,vermicelli,Şehriye,id:1RU2,id:1RU2,Nuh'un Ankara Tel Şehriye 500 Gr,0.5,kg,37.95,75.9,72.838264,1,75.9,0.0,api-refined,Şehriye,sub_category,2,1,"[""depot:carrefour-5254""]","[""carrefour""]",pinned-relative,18.09.2026 12:27,0,1.1,2026-09-19T02:21:11.575620+03:00,"[{""price"":37.95,""api_unit_price"":75.9,""source_id"":""depot:carrefour-5254"",""market"":""carrefour"",""depot_name"":""Istanbul Üsküdar Salacak Mını"",""index_time"":""18.09.2026 12:27""}]","{""mode"":""pinned-relative"",""previous_prices"":{""depot:carrefour-5254"":37.95},""previous_level"":36.41913205473661,""link_factor"":1.0}"
2026-09-19,bread_cereals,vermicelli,Şehriye,id:1K2A,id:1K2A,Filiz Tel Şehriye 500 Gr,0.5,kg,37.95,75.9,72.838264,2,75.9,0.0,api-refined,Şehriye,sub_category,2,2,"[""depot:carrefour-1012"",""depot:migros-1991""]","[""carrefour"",""migros""]",pinned-relative,18.09.2026 12:27,0,1.1,2026-09-19T02:21:11.575623+03:00,"[{""price"":37.95,""api_unit_price"":75.9,""source_id"":""depot:migros-1991"",""market"":""migros"",""depot_name"":""Çiçekçi M Migros"",""index_time"":""18.09.2026 12:27""},{""price"":37.95,""api_unit_price"":75.9,""source_id"":""depot:carrefour-1012"",""market"":""carrefour"",""depot_name"":""Istanbul Acıbadem Hıper"",""index_time"":""18.09.2026 12:27""}]","{""mode"":""pinned-relative"",""previous_prices"":{""depot:carrefour-1012"":37.95,""depot:migros-1991"":37.95},""previous_level"":36.41913205473661,""link_factor"":1.0}"
2026-09-19,bread_cereals,vermicelli,Şehriye,id:1Z7A,id:1Z7A,Filiz Yıldız Şehriye 500 Gr,0.5,kg,37.95,75.9,75.95437,1,75.9,0.0,api-refined,Şehriye,sub_category,2,1,"[""depot:carrefour-1012""]","[""carrefour""]",pinned-relative,18.09.2026 12:27,0,1.1,2026-09-19T02:21:11.575625+03:00,"[{""price"":37.95,""api_unit_price"":75.9,""source_id"":""depot:carrefour-1012"",""market"":""carrefour"",""depot_name"":""Istanbul Acıbadem Hıper"",""index_time"":""18.09.2026 12:27""}]","{""mode"":""pinned-relative"",""previous_prices"":{""depot:carrefour-1012"":37.95},""previous_level"":37.97718481375358,""link_factor"":1.0}"
2026-09-19,bread_cereals,vermicelli,Şehriye,id:20OR,id:20OR,Pastavilla Tel Şehriye 500 Gr,0.5,kg,41.08,82.16,81.316899,2,82.16,0.0,api-refined,Şehriye,sub_category,2,2,"[""depot:carrefour-1012"",""depot:migros-3296""]","[""carrefour"",""migros""]",pinned-relative,18.09.2026 12:27,0,1.1,2026-09-19T02:21:11.575627+03:00,"[{""price"":35.21,""api_unit_price"":70.42,""source_id"":""depot:migros-3296"",""market"":""migros"",""depot_name"":""Kadıköy Caferağa M Migros"",""index_time"":""18.09.2026 12:27""},{""price"":46.95,""api_unit_price"":93.9,""source_id"":""depot:carrefour-1012"",""market"":""carrefour"",""depot_name"":""Istanbul Acıbadem Hıper"",""index_time"":""18.09.2026 12:27""}]","{""mode"":""pinned-relative"",""previous_prices"":{""depot:carrefour-1012"":46.95,""depot:migros-3296"":35.21},""previous_level"":40.65844930638649,""link_factor"":1.0}"
2026-09-19,bread_cereals,vermicelli,Şehriye,id:20SD,id:20SD,Pastavilla İri Arpa Şehriye 500 Gr,0.5,kg,46.95,93.9,93.9,1,93.9,0.0,api-refined,Şehriye,sub_category,1,1,"[""depot:carrefour-1012""]","[""carrefour""]",pinned-relative,18.09.2026 12:26,0,1.1,2026-09-19T02:21:11.575629+03:00,"[{""price"":46.95,""api_unit_price"":93.9,""source_id"":""depot:carrefour-1012"",""market"":""carrefour"",""depot_name"":""Istanbul Acıbadem Hıper"",""index_time"":""18.09.2026 12:26""}]","{""mode"":""pinned-relative"",""previous_prices"":{""depot:carrefour-1012"":46.95},""previous_level"":46.95,""link_factor"":1.0}"
2026-09-19,bread_cereals,vermicelli,Şehriye,id:0F4O,id:0F4O,Carrefour Arpa Şehriye 500 Gr,0.5,kg,17.95,35.9,35.9,1,35.9,0.0,api-refined,Şehriye,sub_category,1,1,"[""depot:carrefour-5254""]","[""carrefour""]",pinned-relative,18.09.2026 12:27,0,1.1,2026-09-19T02:21:11.575631+03:00,"[{""price"":17.95,""api_unit_price"":35.9,""source_id"":""depot:carrefour-5254"",""market"":""carrefour"",""depot_name"":""Istanbul Üsküdar Salacak Mını"",""index_time"":""18.09.2026 12:27""}]","{""mode"":""pinned-relative"",""previous_prices"":{""depot:carrefour-5254"":17.95},""previous_level"":17.95,""link_factor"":1.0}"
2026-09-19,bread_cereals,vermicelli,Şehriye,id:107G,id:107G,Piyale Arpa Şehriye 500 Gr,0.5,kg,17.0,34.0,34.0,1,34.0,0.0,api-refined,Şehriye,sub_category,1,1,"[""depot:sok-4707""]","[""sok""]",pinned-relative,18.09.2026 12:22,0,1.1,2026-09-19T02:21:11.575633+03:00,"[{""price"":17.0,""api_unit_price"":34.0,""source_id"":""depot:sok-4707"",""market"":""sok"",""depot_name"":""Şok Minifevziçakmak"",""index_time"":""18.09.2026 12:22""}]","{""mode"":""pinned-relative"",""previous_prices"":{""depot:sok-4707"":17.0},""previous_level"":17.0,""link_factor"":1.0}"
2026-09-19,bread_cereals,vermicelli,Şehriye,id:0XHX,id:0XHX,Piyale Tel Şehriye 500 Gr,0.5,kg,17.0,34.0,34.0,1,34.0,0.0,api-refined,Şehriye,sub_category,1,1,"[""depot:sok-4707""]","[""sok""]",pinned-relative,18.09.2026 12:22,0,1.1,2026-09-19T02:21:11.575635+03:00,"[{""price"":17.0,""api_unit_price"":34.0,""source_id"":""depot:sok-4707"",""market"":""sok"",""depot_name"":""Şok Minifevziçakmak"",""index_time"":""18.09.2026 12:22""}]","{""mode"":""pinned-relative"",""previous_prices"":{""depot:sok-4707"":17.0},""previous_level"":17.0,""link_factor"":1.0}"
2026-09-19,bread_cereals,vermicelli,Şehriye,id:05LC,id:05LC,Cardella Arpa Şehriye 500 Gr,0.5,kg,15.0,30.0,30.0,1,30.0,0.0,api-refined,Şehriye,sub_category,1,1,"[""depot:bim-5712""]","[""bim""]",pinned-relative,18.09.2026 12:25,0,1.1,2026-09-19T02:21:11.575638+03:00,"[{""price"":15.0,""api_unit_price"":30.0,""source_id"":""depot:bim-5712"",""market"":""bim"",""depot_name"":""Çiçekçi  Üsküdar"",""index_time"":""18.09.2026 12:25""}]","{""mode"":""pinned-relative"",""previous_prices"":{""depot:bim-5712"":15.0},""previous_level"":15.0,""link_factor"":1.0}"
2026-09-19,bread_cereals,vermicelli,Şehriye,id:01Q1,id:01Q1,Cardella Tel Şehriye 500 Gr,0.5,kg,15.0,30.0,30.0,1,30.0,0.0,api-refined,Şehriye,sub_category,1,1,"[""depot:bim-5712""]","[""bim""]",pinned-relative,18.09.2026 12:25,0,1.1,2026-09-19T02:21:11.575640+03:00,"[{""price"":15.0,""api_unit_price"":30.0,""source_id"":""depot:bim-5712"",""market"":""bim"",""depot_name"":""Çiçekçi  Üsküdar"",""index_time"":""18.09.2026 12:25""}]","{""mode"":""pinned-relative"",""previous_prices"":{""depot:bim-5712"":15.0},""previous_level"":15.0,""link_factor"":1.0}"
2026-09-19,bread_cereals,vermicelli,Şehriye,id:0VH6,id:0VH6,Migros Arpa Şehriye 500 Gr,0.5,kg,17.95,35.9,35.9,1,35.9,0.0,api-refined,Şehriye,sub_category,1,1,"[""depot:migros-1991""]","[""migros""]",pinned-relative,18.09.2026 12:24,0,1.1,2026-09-19T02:21:11.575642+03:00,"[{""price"":17.95,""api_unit_price"":35.9,""source_id"":""depot:migros-1991"",""market"":""migros"",""depot_name"":""Çiçekçi M Migros"",""index_time"":""18.09.2026 12:24""}]","{""mode"":""pinned-relative"",""previous_prices"":{""depot:migros-1991"":17.95},""previous_level"":17.95,""link_factor"":1.0}"
2026-09-19,bread_cereals,vermicelli,Şehriye,id:2A1X,id:2A1X,Nuh'un Ankara Arpa Şehriye Makarna 500 Gr,0.5,kg,36.5,73.0,73.0,1,73.0,0.0,api-refined,Şehriye,sub_category,1,1,"[""depot:hakmar-5521""]","[""hakmar""]",pinned-relative,18.09.2026 12:26,0,1.1,2026-09-19T02:21:11.575644+03:00,"[{""price"":36.5,""api_unit_price"":73.0,""source_id"":""depot:hakmar-5521"",""market"":""hakmar"",""depot_name"":""Ahmediye  Üsküdar"",""index_time"":""18.09.2026 12:26""}]","{""mode"":""pinned-relative"",""previous_prices"":{""depot:hakmar-5521"":36.5},""previous_level"":36.5,""link_factor"":1.0}"
2026-09-19,bread_cereals,oats,Yulaf ezmesi,id:1YXF,id:1YXF,Eti Lifalif Yulaf Ezmesi 500 Gr,0.5,kg,99.5,199.0,199.0,4,199.0,0.0,api-refined,Yulaf Ezmesi,sub_category,5,4,"[""depot:carrefour-5254"",""depot:hakmar-5521"",""depot:migros-1991"",""depot:sok-4707""]","[""carrefour"",""hakmar"",""migros"",""sok""]",pinned-relative,18.09.2026 12:27,0,1.1,2026-09-19T02:21:12.827681+03:00,"[{""price"":79.95,""api_unit_price"":159.9,""source_id"":""depot:carrefour-5254"",""market"":""carrefour"",""depot_name"":""Istanbul Üsküdar Salacak Mını"",""index_time"":""18.09.2026 12:27""},{""price"":99.5,""api_unit_price"":199.0,""source_id"":""depot:sok-4707"",""market"":""sok"",""depot_name"":""Şok Minifevziçakmak"",""index_time"":""18.09.2026 12:27""},{""price"":99.5,""api_unit_price"":199.0,""source_id"":""depot:hakmar-5521"",""market"":""hakmar"",""depot_name"":""Ahmediye  Üsküdar"",""index_time"":""18.09.2026 12:27""},{""price"":105.95,""api_unit_price"":211.9,""source_id"":""depot:migros-1991"",""market"":""migros"",""depot_name"":""Çiçekçi M Migros"",""index_time"":""18.09.2026 12:27""}]","{""mode"":""pinned-relative"",""previous_prices"":{""depot:carrefour-5254"":79.95,""depot:hakmar-5521"":99.5,""depot:migros-1991"":105.95,""depot:sok-4707"":99.5},""previous_level"":99.5,""link_factor"":1.0}"
2026-09-19,bread_cereals,oats,Yulaf ezmesi,id:1WBM,id:1WBM,Eti Lifalif İnce Öğütülmüş Yulaf Ezmesi 350 Gr,0.35,kg,89.725,256.357143,256.357143,2,256.35715,0.0,api-refined,Yulaf Ezmesi,sub_category,4,2,"[""depot:carrefour-5254"",""depot:sok-4707""]","[""carrefour"",""sok""]",pinned-relative,18.09.2026 12:27,0,1.1,2026-09-19T02:21:12.827692+03:00,"[{""price"":79.95,""api_unit_price"":228.42856,""source_id"":""depot:carrefour-5254"",""market"":""carrefour"",""depot_name"":""Istanbul Üsküdar Salacak Mını"",""index_time"":""18.09.2026 12:27""},{""price"":99.5,""api_unit_price"":284.28574,""source_id"":""depot:sok-4707"",""market"":""sok"",""depot_name"":""Şok Minifevziçakmak"",""index_time"":""18.09.2026 12:27""}]","{""mode"":""pinned-relative"",""previous_prices"":{""depot:carrefour-5254"":79.95,""depot:sok-4707"":99.5},""previous_level"":89.725,""link_factor"":1.0}"
2026-09-19,bread_cereals,oats,Yulaf ezmesi,id:0Z26,id:0Z26,Eti Lifalif İnce Öğütülmüş Yulaf Ezmesi 665 Gr,0.665,kg,99.95,150.300752,154.097744,1,150.30074,0.0,api-refined,Yulaf Ezmesi,sub_category,1,1,"[""depot:carrefour-5254""]","[""carrefour""]",pinned-relative,18.09.2026 12:27,0,1.1,2026-09-19T02:21:12.827695+03:00,"[{""price"":99.95,""api_unit_price"":150.30074,""source_id"":""depot:carrefour-5254"",""market"":""carrefour"",""depot_name"":""Istanbul Üsküdar Salacak Mını"",""index_time"":""18.09.2026 12:27""}]","{""mode"":""pinned-relative"",""previous_prices"":{""depot:carrefour-5254"":99.95},""previous_level"":102.475,""link_factor"":1.0}"
2026-09-19,bread_cereals,oats,Yulaf ezmesi,id:20BN,id:20BN,Cf Organik Yulaf Ezmesi 500 Gr,0.5,kg,100.225,200.45,191.095935,2,200.45,0.0,api-refined,Yulaf Ezmesi,sub_category,2,2,"[""depot:carrefour-1012"",""depot:migros-1991""]","[""carrefour"",""migros""]",pinned-relative,18.09.2026 12:27,0,1.1,2026-09-19T02:21:12.827698+03:00,"[{""price"":69.95,""api_unit_price"":139.9,""source_id"":""depot:carrefour-1012"",""market"":""carrefour"",""depot_name"":""Istanbul Acıbadem Hıper"",""index_time"":""18.09.2026 12:27""},{""price"":130.5,""api_unit_price"":261.0,""source_id"":""depot:migros-1991"",""market"":""migros"",""depot_name"":""Çiçekçi M Migros"",""index_time"":""18.09.2026 12:27""}]","{""mode"":""pinned-relative"",""previous_prices"":{""depot:carrefour-1012"":69.95,""depot:migros-1991"":130.5},""previous_level"":95.54796727703192,""link_factor"":1.0}"
2026-09-19,bread_cereals,oats,Yulaf ezmesi,id:2ATD,id:2ATD,Eti Lifalif Yulaf Ezmesi 350 Gr,0.35,kg,99.5,284.285714,284.285714,1,284.28574,0.0,api-refined,Yulaf Ezmesi,sub_category,1,1,"[""depot:hakmar-5521""]","[""hakmar""]",pinned-relative,18.09.2026 12:25,0,1.1,2026-09-19T02:21:12.827700+03:00,"[{""price"":99.5,""api_unit_price"":284.28574,""source_id"":""depot:hakmar-5521"",""market"":""hakmar"",""depot_name"":""Ahmediye  Üsküdar"",""index_time"":""18.09.2026 12:25""}]","{""mode"":""pinned-relative"",""previous_prices"":{""depot:hakmar-5521"":99.5},""previous_level"":99.5,""link_factor"":1.0}"
2026-09-19,bread_cereals,oats,Yulaf ezmesi,id:1OUS,id:1OUS,Wefood Glutensiz Yulaf Ezmesi 300 Gr,0.3,kg,125.0,416.666667,416.666667,1,416.66666,0.0,api-refined,Yulaf Ezmesi,sub_category,1,1,"[""depot:sok-4707""]","[""sok""]",pinned-relative,18.09.2026 12:27,0,1.1,2026-09-19T02:21:12.827702+03:00,"[{""price"":125.0,""api_unit_price"":416.66666,""source_id"":""depot:sok-4707"",""market"":""sok"",""depot_name"":""Şok Minifevziçakmak"",""index_time"":""18.09.2026 12:27""}]","{""mode"":""pinned-relative"",""previous_prices"":{""depot:sok-4707"":125.0},""previous_level"":125.0,""link_factor"":1.0}"
2026-09-19,bread_cereals,oats,Yulaf ezmesi,id:0XRZ,id:0XRZ,Nustil Yulaf Ezmesi 250 Gr,0.25,kg,64.95,259.8,259.8,1,259.8,0.0,api-refined,Yulaf Ezmesi,sub_category,1,1,"[""depot:carrefour-1012""]","[""carrefour""]",pinned-relative,18.09.2026 12:27,0,1.1,2026-09-19T02:21:12.827704+03:00,"[{""price"":64.95,""api_unit_price"":259.8,""source_id"":""depot:carrefour-1012"",""market"":""carrefour"",""depot_name"":""Istanbul Acıbadem Hıper"",""index_time"":""18.09.2026 12:27""}]","{""mode"":""pinned-relative"",""previous_prices"":{""depot:carrefour-1012"":64.95},""previous_level"":64.95,""link_factor"":1.0}"
2026-09-19,bread_cereals,oats,Yulaf ezmesi,id:1U3E,id:1U3E,Wefood Glutensiz İnce Öğütülmüş Yulaf Ezmesi 300 Gr,0.3,kg,130.5,435.0,435.0,1,435.0,0.0,api-refined,Yulaf Ezmesi,sub_category,1,1,"[""depot:migros-4479""]","[""migros""]",pinned-relative,18.09.2026 12:27,0,1.1,2026-09-19T02:21:12.827707+03:00,"[{""price"":130.5,""api_unit_price"":435.0,""source_id"":""depot:migros-4479"",""market"":""migros"",""depot_name"":""Mjet Üsküdar Paşakapısı"",""index_time"":""18.09.2026 12:27""}]","{""mode"":""pinned-relative"",""previous_prices"":{""depot:migros-4479"":130.5},""previous_level"":130.5,""link_factor"":1.0}"
2026-09-19,bread_cereals,oats,Yulaf ezmesi,id:1V68,id:1V68,Nustil Organik Glutensiz Yulaf Ezmesi 250 Gr,0.25,kg,156.9,627.6,627.6,1,627.6,0.0,api-refined,Yulaf Ezmesi,sub_category,1,1,"[""depot:carrefour-1012""]","[""carrefour""]",pinned-relative,18.09.2026 12:26,0,1.1,2026-09-19T02:21:12.827709+03:00,"[{""price"":156.9,""api_unit_price"":627.6,""source_id"":""depot:carrefour-1012"",""market"":""carrefour"",""depot_name"":""Istanbul Acıbadem Hıper"",""index_time"":""18.09.2026 12:26""}]","{""mode"":""pinned-relative"",""previous_prices"":{""depot:carrefour-1012"":156.9},""previous_level"":156.9,""link_factor"":1.0}"
2026-09-19,bread_cereals,breakfast_cereal,Kahvaltılık gevrek,id:1TV1,id:212E,Nesfit Çikolatalı Gevrek 480 Gr,0.48,kg,154.9,322.708333,295.332034,1,322.7083,0.0,api-refined,Kahvaltılık Gevrek Bar ve Granola,main_category,1,1,"[""depot:migros-3296""]","[""migros""]",pinned-relative,18.09.2026 12:27,1,1.1,2026-09-19T02:21:16.579934+03:00,"[{""price"":154.9,""api_unit_price"":322.7083,""source_id"":""depot:migros-3296"",""market"":""migros"",""depot_name"":""Kadıköy Caferağa M Migros"",""index_time"":""18.09.2026 12:27""}]","{""mode"":""pinned-relative"",""previous_prices"":{""depot:migros-3296"":154.9},""previous_level"":154.9,""link_factor"":0.9151670512862924}"
2026-09-19,bread_cereals,breakfast_cereal,Kahvaltılık gevrek,id:1IL3,id:1IL3,Nestlé Gold Flakes Kahvaltılık Gevrek 225 Gr,0.225,kg,127.5,566.666667,566.666667,1,566.6667,0.0,api-refined,Kahvaltılık Gevrek Bar ve Granola,main_category,1,1,"[""depot:carrefour-5254""]","[""carrefour""]",pinned-relative,18.09.2026 12:27,0,1.1,2026-09-19T02:21:16.579946+03:00,"[{""price"":127.5,""api_unit_price"":566.6667,""source_id"":""depot:carrefour-5254"",""market"":""carrefour"",""depot_name"":""Istanbul Üsküdar Salacak Mını"",""index_time"":""18.09.2026 12:27""}]","{""mode"":""pinned-relative"",""previous_prices"":{""depot:carrefour-5254"":127.5},""previous_level"":127.49999999999999,""link_factor"":1.0}"
2026-09-19,bread_cereals,breakfast_cereal,Kahvaltılık gevrek,id:2167,id:2167,Humm Organic Tam Tahıllı Ballı Kahvaltılık Gevrek 80 Gr,0.08,kg,119.95,1499.375,1499.375,1,1499.375,0.0,api-refined,Kahvaltılık Gevrek Bar ve Granola,main_category,1,1,"[""depot:carrefour-1012""]","[""carrefour""]",pinned-relative,18.09.2026 12:26,0,1.1,2026-09-19T02:21:16.579950+03:00,"[{""price"":119.95,""api_unit_price"":1499.375,""source_id"":""depot:carrefour-1012"",""market"":""carrefour"",""depot_name"":""Istanbul Acıbadem Hıper"",""index_time"":""18.09.2026 12:26""}]","{""mode"":""pinned-relative"",""previous_prices"":{""depot:carrefour-1012"":119.95},""previous_level"":119.95,""link_factor"":1.0}"
2026-09-19,bread_cereals,breakfast_cereal,Kahvaltılık gevrek,id:1JMC,id:1JMC,Nestlé Corn Flakes Kahvaltılık Gevrek 200 Gr,0.2,kg,79.9,399.5,399.5,1,399.5,0.0,api-refined,Kahvaltılık Gevrek Bar ve Granola,main_category,1,1,"[""depot:carrefour-1012""]","[""carrefour""]",pinned-relative,18.09.2026 12:27,0,1.1,2026-09-19T02:21:16.579952+03:00,"[{""price"":79.9,""api_unit_price"":399.5,""source_id"":""depot:carrefour-1012"",""market"":""carrefour"",""depot_name"":""Istanbul Acıbadem Hıper"",""index_time"":""18.09.2026 12:27""}]","{""mode"":""pinned-relative"",""previous_prices"":{""depot:carrefour-1012"":79.9},""previous_level"":79.9,""link_factor"":1.0}"
2026-09-19,bread_cereals,breakfast_cereal,Kahvaltılık gevrek,id:2CGD,id:2CGD,Nestlé Corn Flakes Gevrek Mısır 400 Gr,0.4,kg,169.0,422.5,422.5,1,422.5,0.0,api-refined,Kahvaltılık Gevrek Bar ve Granola,main_category,1,1,"[""depot:hakmar-5521""]","[""hakmar""]",pinned-relative,18.09.2026 12:25,0,1.1,2026-09-19T02:21:16.579954+03:00,"[{""price"":169.0,""api_unit_price"":422.5,""source_id"":""depot:hakmar-5521"",""market"":""hakmar"",""depot_name"":""Ahmediye  Üsküdar"",""index_time"":""18.09.2026 12:25""}]","{""mode"":""pinned-relative"",""previous_prices"":{""depot:hakmar-5521"":169.0},""previous_level"":169.0,""link_factor"":1.0}"
2026-09-19,bread_cereals,breakfast_cereal,Kahvaltılık gevrek,id:00OV,id:00OV,Nesfit Kırmızı Meyveli Gevrek 400 Gr,0.4,kg,229.0,572.5,572.5,1,572.5,0.0,api-refined,Kahvaltılık Gevrek Bar ve Granola,main_category,1,1,"[""depot:hakmar-5521""]","[""hakmar""]",pinned-relative,18.09.2026 12:27,0,1.1,2026-09-19T02:21:16.579957+03:00,"[{""price"":229.0,""api_unit_price"":572.5,""source_id"":""depot:hakmar-5521"",""market"":""hakmar"",""depot_name"":""Ahmediye  Üsküdar"",""index_time"":""18.09.2026 12:27""}]","{""mode"":""pinned-relative"",""previous_prices"":{""depot:hakmar-5521"":229.0},""previous_level"":229.0,""link_factor"":1.0}"
2026-09-19,bread_cereals,breakfast_cereal,Kahvaltılık gevrek,id:1M8O,id:1M8O,Nesfit Ballı Bademli Gevrek 480 Gr,0.48,kg,154.9,322.708333,322.708333,1,322.7083,0.0,api-refined,Kahvaltılık Gevrek Bar ve Granola,main_category,1,1,"[""depot:migros-1991""]","[""migros""]",pinned-relative,18.09.2026 12:24,0,1.1,2026-09-19T02:21:16.579959+03:00,"[{""price"":154.9,""api_unit_price"":322.7083,""source_id"":""depot:migros-1991"",""market"":""migros"",""depot_name"":""Çiçekçi M Migros"",""index_time"":""18.09.2026 12:24""}]","{""mode"":""pinned-relative"",""previous_prices"":{""depot:migros-1991"":154.9},""previous_level"":154.9,""link_factor"":1.0}"
2026-09-19,bread_cereals,breakfast_cereal,Kahvaltılık gevrek,id:1ZXM,id:1ZXM,Nesfit Karışık Meyveli Gevrek 480 Gr,0.48,kg,237.95,495.729167,495.729167,1,495.72916,0.0,api-refined,Kahvaltılık Gevrek Bar ve Granola,main_category,1,1,"[""depot:migros-3296""]","[""migros""]",pinned-relative,18.09.2026 12:27,0,1.1,2026-09-19T02:21:16.579961+03:00,"[{""price"":237.95,""api_unit_price"":495.72916,""source_id"":""depot:migros-3296"",""market"":""migros"",""depot_name"":""Kadıköy Caferağa M Migros"",""index_time"":""18.09.2026 12:27""}]","{""mode"":""pinned-relative"",""previous_prices"":{""depot:migros-3296"":237.95},""previous_level"":237.95,""link_factor"":1.0}"
2026-09-19,bread_cereals,breakfast_cereal,Kahvaltılık gevrek,id:0X2N,id:0X2N,Nestlé Corn Flakes Kahvaltılık Gevrek 650 Gr,0.65,kg,169.95,261.461538,261.461538,1,261.46152,0.0,api-refined,Kahvaltılık Gevrek Bar ve Granola,main_category,1,1,"[""depot:carrefour-1012""]","[""carrefour""]",pinned-relative,18.09.2026 12:27,0,1.1,2026-09-19T02:21:16.579963+03:00,"[{""price"":169.95,""api_unit_price"":261.46152,""source_id"":""depot:carrefour-1012"",""market"":""carrefour"",""depot_name"":""Istanbul Acıbadem Hıper"",""index_time"":""18.09.2026 12:27""}]","{""mode"":""pinned-relative"",""previous_prices"":{""depot:carrefour-1012"":169.95},""previous_level"":169.95,""link_factor"":1.0}"
2026-09-19,bread_cereals,breakfast_cereal,Kahvaltılık gevrek,id:0NTX,id:0NTX,Nesfit Çikolata Kahvaltılık Gevrek 400 Gr,0.4,kg,239.95,599.875,599.875,1,599.875,0.0,api-refined,Kahvaltılık Gevrek Bar ve Granola,main_category,1,1,"[""depot:carrefour-1012""]","[""carrefour""]",pinned-relative,18.09.2026 12:26,0,1.1,2026-09-19T02:21:16.579966+03:00,"[{""price"":239.95,""api_unit_price"":599.875,""source_id"":""depot:carrefour-1012"",""market"":""carrefour"",""depot_name"":""Istanbul Acıbadem Hıper"",""index_time"":""18.09.2026 12:26""}]","{""mode"":""pinned-relative"",""previous_prices"":{""depot:carrefour-1012"":239.95},""previous_level"":239.95,""link_factor"":1.0}"
2026-09-19,bread_cereals,breakfast_cereal,Kahvaltılık gevrek,id:02UP,id:02UP,Weetabix Kepekli Gevrek 500 Gr,0.5,kg,219.95,439.9,439.9,1,439.9,0.0,api-refined,Kahvaltılık Gevrek Bar ve Granola,main_category,1,1,"[""depot:carrefour-1012""]","[""carrefour""]",pinned-relative,18.09.2026 12:27,0,1.1,2026-09-19T02:21:16.579968+03:00,"[{""price"":219.95,""api_unit_price"":439.9,""source_id"":""depot:carrefour-1012"",""market"":""carrefour"",""depot_name"":""Istanbul Acıbadem Hıper"",""index_time"":""18.09.2026 12:27""}]","{""mode"":""pinned-relative"",""previous_prices"":{""depot:carrefour-1012"":219.95},""previous_level"":219.95,""link_factor"":1.0}"
2026-09-19,bread_cereals,breakfast_cereal,Kahvaltılık gevrek,id:1QE9,id:1QE9,Nesquik Çokokare Mısır Gevreği 310 Gr,0.31,kg,138.975,448.306452,377.724431,2,448.306445,0.0,api-refined,Kahvaltılık Gevrek Bar ve Granola,main_category,2,2,"[""depot:bim-5712"",""depot:migros-1991""]","[""bim"",""migros""]",pinned-relative,18.09.2026 12:28,0,1.0,2026-09-19T02:21:16.579971+03:00,"[{""price"":130.0,""api_unit_price"":419.35483,""source_id"":""depot:bim-5712"",""market"":""bim"",""depot_name"":""Çiçekçi  Üsküdar"",""index_time"":""18.09.2026 12:28""},{""price"":147.95,""api_unit_price"":477.25806,""source_id"":""depot:migros-1991"",""market"":""migros"",""depot_name"":""Çiçekçi M Migros"",""index_time"":""18.09.2026 12:28""}]","{""mode"":""pinned-relative"",""previous_prices"":{""depot:bim-5712"":130.0,""depot:migros-1991"":147.95},""previous_level"":117.0945737390771,""link_factor"":1.0}"
2026-09-19,bread_cereals,breakfast_cereal,Kahvaltılık gevrek,id:1JNW,id:1JNW,Kellogg's Corn Flakes Mısır Gevreği 650 Gr,0.65,kg,186.95,287.615385,283.745158,2,287.615375,0.0,api-refined,Kahvaltılık Gevrek Bar ve Granola,main_category,2,2,"[""depot:carrefour-1012"",""depot:sok-4707""]","[""carrefour"",""sok""]",pinned-relative,18.09.2026 12:27,0,1.0,2026-09-19T02:21:16.579973+03:00,"[{""price"":154.9,""api_unit_price"":238.30768,""source_id"":""depot:carrefour-1012"",""market"":""carrefour"",""depot_name"":""Istanbul Acıbadem Hıper"",""index_time"":""18.09.2026 12:27""},{""price"":219.0,""api_unit_price"":336.92307,""source_id"":""depot:sok-4707"",""market"":""sok"",""depot_name"":""Şok Minifevziçakmak"",""index_time"":""18.09.2026 12:27""}]","{""mode"":""pinned-relative"",""previous_prices"":{""depot:carrefour-1012"":154.9,""depot:sok-4707"":219.0},""previous_level"":184.43435237546038,""link_factor"":1.0}"
2026-09-19,bread_cereals,breakfast_cereal,Kahvaltılık gevrek,id:00WE,id:00WE,Tarım Kredi Sade Mısır Gevreği 450 Gr,0.45,kg,59.9,133.111111,133.111111,1,133.11111,0.0,api-refined,Kahvaltılık Gevrek Bar ve Granola,main_category,1,1,"[""depot:tarim_kredi-7488""]","[""tarim_kredi""]",pinned-relative,18.09.2026 12:26,0,1.0,2026-09-19T02:21:16.579976+03:00,"[{""price"":59.9,""api_unit_price"":133.11111,""source_id"":""depot:tarim_kredi-7488"",""market"":""tarim_kredi"",""depot_name"":""Istanbul Kadıköy Kızıltoprak"",""index_time"":""18.09.2026 12:26""}]","{""mode"":""pinned-relative"",""previous_prices"":{""depot:tarim_kredi-7488"":59.9},""previous_level"":59.9,""link_factor"":1.0}"
2026-09-19,bread_cereals,breakfast_cereal,Kahvaltılık gevrek,id:06VC,id:06VC,Kelly's Mısır Gevreği 500 Gr,0.5,kg,69.5,139.0,139.0,1,139.0,0.0,api-refined,Kahvaltılık Gevrek Bar ve Granola,main_category,1,1,"[""depot:bim-5712""]","[""bim""]",pinned-relative,18.09.2026 12:25,0,1.0,2026-09-19T02:21:16.579978+03:00,"[{""price"":69.5,""api_unit_price"":139.0,""source_id"":""depot:bim-5712"",""market"":""bim"",""depot_name"":""Çiçekçi  Üsküdar"",""index_time"":""18.09.2026 12:25""}]","{""mode"":""pinned-relative"",""previous_prices"":{""depot:bim-5712"":69.5},""previous_level"":69.5,""link_factor"":1.0}"
2026-09-19,bread_cereals,breakfast_cereal,Kahvaltılık gevrek,id:0YDQ,id:0YDQ,Kranky Corn Flakes Mısır Gevreği 500 Gr,0.5,kg,79.5,159.0,159.0,1,159.0,0.0,api-refined,Kahvaltılık Gevrek Bar ve Granola,main_category,1,1,"[""depot:sok-4707""]","[""sok""]",pinned-relative,18.09.2026 12:22,0,1.0,2026-09-19T02:21:16.579980+03:00,"[{""price"":79.5,""api_unit_price"":159.0,""source_id"":""depot:sok-4707"",""market"":""sok"",""depot_name"":""Şok Minifevziçakmak"",""index_time"":""18.09.2026 12:22""}]","{""mode"":""pinned-relative"",""previous_prices"":{""depot:sok-4707"":79.5},""previous_level"":79.5,""link_factor"":1.0}"
2026-09-19,bread_cereals,breakfast_cereal,Kahvaltılık gevrek,id:1GID,id:1GID,Nestlé Nesquik Mısır Gevreği 450 Gr,0.45,kg,194.9,433.111111,433.111111,1,433.1111,0.0,api-refined,Kahvaltılık Gevrek Bar ve Granola,main_category,1,1,"[""depot:tarim_kredi-7488""]","[""tarim_kredi""]",pinned-relative,18.09.2026 12:27,0,1.0,2026-09-19T02:21:16.579982+03:00,"[{""price"":194.9,""api_unit_price"":433.1111,""source_id"":""depot:tarim_kredi-7488"",""market"":""tarim_kredi"",""depot_name"":""Istanbul Kadıköy Kızıltoprak"",""index_time"":""18.09.2026 12:27""}]","{""mode"":""pinned-relative"",""previous_prices"":{""depot:tarim_kredi-7488"":194.9},""previous_level"":194.9,""link_factor"":1.0}"
2026-09-19,bread_cereals,breakfast_cereal,Kahvaltılık gevrek,id:1ZK7,id:1ZK7,Crunch Tam Tahıl Ve Pirinç Gevreği 280 Gr,0.28,kg,139.95,499.821429,499.821429,1,499.8214,0.0,api-refined,Kahvaltılık Gevrek Bar ve Granola,main_category,1,1,"[""depot:migros-564""]","[""migros""]",pinned-relative,18.09.2026 12:27,0,1.0,2026-09-19T02:21:16.579984+03:00,"[{""price"":139.95,""api_unit_price"":499.8214,""source_id"":""depot:migros-564"",""market"":""migros"",""depot_name"":""Kadıköy Çarşı M Migros"",""index_time"":""18.09.2026 12:27""}]","{""mode"":""pinned-relative"",""previous_prices"":{""depot:migros-564"":139.95},""previous_level"":139.95,""link_factor"":1.0}"
2026-09-19,bread_cereals,semolina,İrmik,id:1JQ3,id:1JQ3,Nuh'un Ankara İrmik 500 Gr,0.5,kg,43.95,87.9,78.084697,1,87.9,0.0,api-refined,İrmik,sub_category,1,1,"[""depot:carrefour-1012""]","[""carrefour""]",pinned-relative,18.09.2026 12:27,0,1.1,2026-09-19T02:21:17.820353+03:00,"[{""price"":43.95,""api_unit_price"":87.9,""source_id"":""depot:carrefour-1012"",""market"":""carrefour"",""depot_name"":""Istanbul Acıbadem Hıper"",""index_time"":""18.09.2026 12:27""}]","{""mode"":""pinned-relative"",""previous_prices"":{""depot:carrefour-1012"":43.95},""previous_level"":39.042348320842784,""link_factor"":1.0}"
2026-09-19,bread_cereals,semolina,İrmik,id:0MTF,id:0MTF,Filiz İrmik 500 Gr,0.5,kg,42.95,85.9,85.85,1,85.9,0.0,api-refined,İrmik,sub_category,2,1,"[""depot:migros-1991""]","[""migros""]",pinned-relative,18.09.2026 12:28,0,1.1,2026-09-19T02:21:17.820365+03:00,"[{""price"":42.95,""api_unit_price"":85.9,""source_id"":""depot:migros-1991"",""market"":""migros"",""depot_name"":""Çiçekçi M Migros"",""index_time"":""18.09.2026 12:28""}]","{""mode"":""pinned-relative"",""previous_prices"":{""depot:migros-1991"":42.95},""previous_level"":42.925,""link_factor"":1.0}"
2026-09-19,bread_cereals,semolina,İrmik,id:0UW3,id:0UW3,Piyale İrmik 500 Gr,0.5,kg,19.5,39.0,39.0,1,39.0,0.0,api-refined,İrmik,sub_category,1,1,"[""depot:sok-4707""]","[""sok""]",pinned-relative,18.09.2026 12:22,0,1.1,2026-09-19T02:21:17.820368+03:00,"[{""price"":19.5,""api_unit_price"":39.0,""source_id"":""depot:sok-4707"",""market"":""sok"",""depot_name"":""Şok Minifevziçakmak"",""index_time"":""18.09.2026 12:22""}]","{""mode"":""pinned-relative"",""previous_prices"":{""depot:sok-4707"":19.5},""previous_level"":19.5,""link_factor"":1.0}"
2026-09-19,bread_cereals,semolina,İrmik,id:0765,id:0765,Yazgan İrmik 500 Gr,0.5,kg,19.5,39.0,39.0,1,39.0,0.0,api-refined,İrmik,sub_category,1,1,"[""depot:bim-5712""]","[""bim""]",pinned-relative,18.09.2026 12:25,0,1.1,2026-09-19T02:21:17.820371+03:00,"[{""price"":19.5,""api_unit_price"":39.0,""source_id"":""depot:bim-5712"",""market"":""bim"",""depot_name"":""Çiçekçi  Üsküdar"",""index_time"":""18.09.2026 12:25""}]","{""mode"":""pinned-relative"",""previous_prices"":{""depot:bim-5712"":19.5},""previous_level"":19.5,""link_factor"":1.0}"
2026-09-19,bread_cereals,semolina,İrmik,id:08V1,id:08V1,Carrefour İrmik 500 Gr,0.5,kg,20.5,41.0,41.0,1,41.0,0.0,api-refined,İrmik,sub_category,1,1,"[""depot:carrefour-5254""]","[""carrefour""]",pinned-relative,18.09.2026 12:26,0,1.1,2026-09-19T02:21:17.820373+03:00,"[{""price"":20.5,""api_unit_price"":41.0,""source_id"":""depot:carrefour-5254"",""market"":""carrefour"",""depot_name"":""Istanbul Üsküdar Salacak Mını"",""index_time"":""18.09.2026 12:26""}]","{""mode"":""pinned-relative"",""previous_prices"":{""depot:carrefour-5254"":20.5},""previous_level"":20.5,""link_factor"":1.0}"
2026-09-19,bread_cereals,semolina,İrmik,id:1CJS,id:1CJS,Tat İrmik 500 Gr,0.5,kg,19.5,39.0,39.0,1,39.0,0.0,api-refined,İrmik,sub_category,1,1,"[""depot:hakmar-5521""]","[""hakmar""]",pinned-relative,18.09.2026 12:27,0,1.1,2026-09-19T02:21:17.820375+03:00,"[{""price"":19.5,""api_unit_price"":39.0,""source_id"":""depot:hakmar-5521"",""market"":""hakmar"",""depot_name"":""Ahmediye  Üsküdar"",""index_time"":""18.09.2026 12:27""}]","{""mode"":""pinned-relative"",""previous_prices"":{""depot:hakmar-5521"":19.5},""previous_level"":19.5,""link_factor"":1.0}"
2026-09-19,bread_cereals,semolina,İrmik,id:04OZ,id:04OZ,Migros İrmik 500 Gr,0.5,kg,20.5,41.0,41.0,1,41.0,0.0,api-refined,İrmik,sub_category,1,1,"[""depot:migros-1991""]","[""migros""]",pinned-relative,18.09.2026 12:24,0,1.1,2026-09-19T02:21:17.820377+03:00,"[{""price"":20.5,""api_unit_price"":41.0,""source_id"":""depot:migros-1991"",""market"":""migros"",""depot_name"":""Çiçekçi M Migros"",""index_time"":""18.09.2026 12:24""}]","{""mode"":""pinned-relative"",""previous_prices"":{""depot:migros-1991"":20.5},""previous_level"":20.5,""link_factor"":1.0}"
2026-09-19,bread_cereals,semolina,İrmik,id:1SUC,id:1SUC,Mutlu İrmik 500 Gr,0.5,kg,34.9,69.8,69.8,1,69.8,0.0,api-refined,İrmik,sub_category,1,1,"[""depot:carrefour-5036""]","[""carrefour""]",pinned-relative,18.09.2026 12:27,0,1.1,2026-09-19T02:21:17.820379+03:00,"[{""price"":34.9,""api_unit_price"":69.8,""source_id"":""depot:carrefour-5036"",""market"":""carrefour"",""depot_name"":""Istanbul Moda Caddesı Mını"",""index_time"":""18.09.2026 12:27""}]","{""mode"":""pinned-relative"",""previous_prices"":{""depot:carrefour-5036"":34.9},""previous_level"":34.9,""link_factor"":1.0}"
2026-09-19,bread_cereals,semolina,İrmik,id:00KD,id:00KD,Pastavilla Vakumlu İrmik 500 Gr,0.5,kg,26.95,53.9,53.9,1,53.9,0.0,api-refined,İrmik,sub_category,1,1,"[""depot:carrefour-1012""]","[""carrefour""]",pinned-relative,18.09.2026 12:26,0,1.1,2026-09-19T02:21:17.820382+03:00,"[{""price"":26.95,""api_unit_price"":53.9,""source_id"":""depot:carrefour-1012"",""market"":""carrefour"",""depot_name"":""Istanbul Acıbadem Hıper"",""index_time"":""18.09.2026 12:26""}]","{""mode"":""pinned-relative"",""previous_prices"":{""depot:carrefour-1012"":26.95},""previous_level"":26.95,""link_factor"":1.0}"
2026-09-19,bread_cereals,semolina,İrmik,id:1YFK,id:1YFK,Sinangil İrmik 500 Gr,0.5,kg,47.9,95.8,95.8,1,95.8,0.0,api-refined,İrmik,sub_category,1,1,"[""depot:carrefour-1012""]","[""carrefour""]",pinned-relative,18.09.2026 12:27,0,1.1,2026-09-19T02:21:17.820384+03:00,"[{""price"":47.9,""api_unit_price"":95.8,""source_id"":""depot:carrefour-1012"",""market"":""carrefour"",""depot_name"":""Istanbul Acıbadem Hıper"",""index_time"":""18.09.2026 12:27""}]","{""mode"":""pinned-relative"",""previous_prices"":{""depot:carrefour-1012"":47.9},""previous_level"":47.9,""link_factor"":1.0}"
2026-09-19,bread_cereals,semolina,İrmik,id:09R8,id:09R8,City Farm Organik İrmik 500 Gr,0.5,kg,52.95,105.9,105.9,1,105.9,0.0,api-refined,İrmik,sub_category,1,1,"[""depot:carrefour-1012""]","[""carrefour""]",pinned-relative,18.09.2026 12:27,0,1.1,2026-09-19T02:21:17.820386+03:00,"[{""price"":52.95,""api_unit_price"":105.9,""source_id"":""depot:carrefour-1012"",""market"":""carrefour"",""depot_name"":""Istanbul Acıbadem Hıper"",""index_time"":""18.09.2026 12:27""}]","{""mode"":""pinned-relative"",""previous_prices"":{""depot:carrefour-1012"":52.95},""previous_level"":52.949999999999996,""link_factor"":1.0}"
2026-09-19,meat,beef_mince,Dana kıyma,id:0MQU,id:0MQU,Lezzetlim Dana Kıyma 400 Gr,0.4,kg,330.0,825.0,825.0,1,825.0,0.0,api-refined,Dana Kıyma,sub_category,1,1,"[""depot:sok-4707""]","[""sok""]",pinned-relative,18.09.2026 12:22,0,1.1,2026-09-19T02:21:19.087402+03:00,"[{""price"":330.0,""api_unit_price"":825.0,""source_id"":""depot:sok-4707"",""market"":""sok"",""depot_name"":""Şok Minifevziçakmak"",""index_time"":""18.09.2026 12:22""}]","{""mode"":""pinned-relative"",""previous_prices"":{""depot:sok-4707"":330.0},""previous_level"":330.0,""link_factor"":1.0}"
2026-09-19,meat,beef_mince,Dana kıyma,id:002E,id:002E,Emin %20 Yağlı Dana Kıyma 400 Gr,0.4,kg,279.0,697.5,697.5,1,697.5,0.0,api-refined,Dana Kıyma,sub_category,1,1,"[""depot:bim-5712""]","[""bim""]",pinned-relative,18.09.2026 12:24,0,1.1,2026-09-19T02:21:19.087414+03:00,"[{""price"":279.0,""api_unit_price"":697.5,""source_id"":""depot:bim-5712"",""market"":""bim"",""depot_name"":""Çiçekçi  Üsküdar"",""index_time"":""18.09.2026 12:24""}]","{""mode"":""pinned-relative"",""previous_prices"":{""depot:bim-5712"":279.0},""previous_level"":279.0,""link_factor"":1.0}"
2026-09-19,meat,beef_mince,Dana kıyma,id:0666,id:0FNW,Donuk Dana Kıyma 400 Gr,0.4,kg,230.0,575.0,860.0,1,575.0,0.0,api-refined,Dana Kıyma,sub_category,1,1,"[""depot:tarim_kredi-7488""]","[""tarim_kredi""]",pinned-relative,18.09.2026 12:26,1,1.1,2026-09-19T02:21:19.087417+03:00,"[{""price"":230.0,""api_unit_price"":575.0,""source_id"":""depot:tarim_kredi-7488"",""market"":""tarim_kredi"",""depot_name"":""Istanbul Kadıköy Kızıltoprak"",""index_time"":""18.09.2026 12:26""}]","{""mode"":""pinned-relative"",""previous_prices"":{""depot:tarim_kredi-7488"":230.0},""previous_level"":230.0,""link_factor"":1.4956521739130435}"
2026-09-19,meat,beef_mince,Dana kıyma,id:147T,id:147T,Dondurulmuş Dana Kıyma 1 Kg,1.0,kg,645.0,645.0,645.0,1,645.0,0.0,api-refined,Dana Kıyma,sub_category,1,1,"[""depot:bim-5712""]","[""bim""]",pinned-relative,18.09.2026 12:25,0,1.1,2026-09-19T02:21:19.087420+03:00,"[{""price"":645.0,""api_unit_price"":645.0,""source_id"":""depot:bim-5712"",""market"":""bim"",""depot_name"":""Çiçekçi  Üsküdar"",""index_time"":""18.09.2026 12:25""}]","{""mode"":""pinned-relative"",""previous_prices"":{""depot:bim-5712"":645.0},""previous_level"":645.0,""link_factor"":1.0}"
2026-09-19,meat,beef_cubes,Dana kuşbaşı / sote,id:0I1A,id:0994,Haket Yağsız Dana Kuşbaşı 300 Gr,0.3,kg,329.0,1096.666667,650.0,1,1096.6667,0.0,api-refined,Dana Kuşbaşı,sub_category,1,1,"[""depot:hakmar-5521""]","[""hakmar""]",pinned-relative,18.09.2026 12:25,1,1.05,2026-09-19T02:21:20.297663+03:00,"[{""price"":329.0,""api_unit_price"":1096.6667,""source_id"":""depot:hakmar-5521"",""market"":""hakmar"",""depot_name"":""Ahmediye  Üsküdar"",""index_time"":""18.09.2026 12:25""}]","{""mode"":""pinned-relative"",""previous_prices"":{""depot:hakmar-5521"":329.0},""previous_level"":329.0,""link_factor"":0.5927051669930987}"
2026-09-19,meat,beef_cubes,Dana kuşbaşı / sote,id:0Y5C,id:0Y5C,Uzman Kasap Dana Kuşbaşı 400 Gr,0.4,kg,280.0,700.0,700.0,1,700.0,0.0,api-refined,Dana Kuşbaşı,sub_category,1,1,"[""depot:migros-6679""]","[""migros""]",pinned-relative,18.09.2026 12:24,0,1.05,2026-09-19T02:21:20.297674+03:00,"[{""price"":280.0,""api_unit_price"":700.0,""source_id"":""depot:migros-6679"",""market"":""migros"",""depot_name"":""Mjet Kadıköy Rasımpaşa Istanbu"",""index_time"":""18.09.2026 12:24""}]","{""mode"":""pinned-relative"",""previous_prices"":{""depot:migros-6679"":280.0},""previous_level"":279.99999999999994,""link_factor"":1.0}"
2026-09-19,meat,beef_cubes,Dana kuşbaşı / sote,id:01RG,id:01RG,Emin Dana Kuşbaşı Et 400 Gr,0.4,kg,295.0,737.5,737.5,1,737.5,0.0,api-refined,Dana Kuşbaşı,sub_category,1,1,"[""depot:bim-5712""]","[""bim""]",pinned-relative,18.09.2026 12:24,0,1.05,2026-09-19T02:21:20.297678+03:00,"[{""price"":295.0,""api_unit_price"":737.5,""source_id"":""depot:bim-5712"",""market"":""bim"",""depot_name"":""Çiçekçi  Üsküdar"",""index_time"":""18.09.2026 12:24""}]","{""mode"":""pinned-relative"",""previous_prices"":{""depot:bim-5712"":295.0},""previous_level"":295.0,""link_factor"":1.0}"
2026-09-19,meat,beef_cubes,Dana kuşbaşı / sote,id:0395,id:0395,Emin Dana Sote 400 Gr,0.4,kg,305.0,762.5,762.5,1,762.5,0.0,api-refined,Dana Kuşbaşı,sub_category,1,1,"[""depot:bim-5712""]","[""bim""]",pinned-relative,18.09.2026 12:24,0,1.05,2026-09-19T02:21:20.297680+03:00,"[{""price"":305.0,""api_unit_price"":762.5,""source_id"":""depot:bim-5712"",""market"":""bim"",""depot_name"":""Çiçekçi  Üsküdar"",""index_time"":""18.09.2026 12:24""}]","{""mode"":""pinned-relative"",""previous_prices"":{""depot:bim-5712"":305.0},""previous_level"":305.0,""link_factor"":1.0}"
2026-09-19,meat,beef_cubes,Dana kuşbaşı / sote,id:0EEI,id:0EEI,Dana Kuşbaşı 500 Gr,0.5,kg,449.9,899.8,899.8,1,899.8,0.0,api-refined,Dana Kuşbaşı,sub_category,1,1,"[""depot:carrefour-5254""]","[""carrefour""]",pinned-relative,18.09.2026 12:26,0,1.05,2026-09-19T02:21:20.297683+03:00,"[{""price"":449.9,""api_unit_price"":899.8,""source_id"":""depot:carrefour-5254"",""market"":""carrefour"",""depot_name"":""Istanbul Üsküdar Salacak Mını"",""index_time"":""18.09.2026 12:26""}]","{""mode"":""pinned-relative"",""previous_prices"":{""depot:carrefour-5254"":449.9},""previous_level"":449.9,""link_factor"":1.0}"
2026-09-19,meat,beef_cubes,Dana kuşbaşı / sote,id:0WL0,id:0DVF,Dana Kuşbaşı Map Tabak 400 Gr,0.4,kg,350.0,875.0,997.5,1,875.0,0.0,api-refined,Dana Kuşbaşı,sub_category,1,1,"[""depot:tarim_kredi-7488""]","[""tarim_kredi""]",pinned-relative,18.09.2026 12:26,1,1.05,2026-09-19T02:21:20.297685+03:00,"[{""price"":350.0,""api_unit_price"":875.0,""source_id"":""depot:tarim_kredi-7488"",""market"":""tarim_kredi"",""depot_name"":""Istanbul Kadıköy Kızıltoprak"",""index_time"":""18.09.2026 12:26""}]","{""mode"":""pinned-relative"",""previous_prices"":{""depot:tarim_kredi-7488"":350.0},""previous_level"":350.0,""link_factor"":1.14}"
2026-09-19,meat,beef_cubes,Dana kuşbaşı / sote,id:2ACU,id:0I1A,Donuk Dana Kuşbaşı 400 Gr,0.4,kg,260.0,650.0,875.0,1,650.0,0.0,api-refined,Dana Kuşbaşı,sub_category,1,1,"[""depot:tarim_kredi-7488""]","[""tarim_kredi""]",pinned-relative,18.09.2026 12:26,1,1.05,2026-09-19T02:21:20.297687+03:00,"[{""price"":260.0,""api_unit_price"":650.0,""source_id"":""depot:tarim_kredi-7488"",""market"":""tarim_kredi"",""depot_name"":""Istanbul Kadıköy Kızıltoprak"",""index_time"":""18.09.2026 12:26""}]","{""mode"":""pinned-relative"",""previous_prices"":{""depot:tarim_kredi-7488"":260.0},""previous_level"":260.0,""link_factor"":1.3461538461538463}"
2026-09-19,meat,chicken_thigh,Tavuk but / baget,id:04XI,id:04XI,Şenpiliç Lezita Kemiksiz Tavuk But 1 Kg,1.0,kg,125.0,125.0,125.0,1,125.0,0.0,api-refined,Tavuk But,sub_category,1,1,"[""depot:hakmar-5521""]","[""hakmar""]",pinned-relative,18.09.2026 12:25,0,1.05,2026-09-19T02:21:24.061294+03:00,"[{""price"":125.0,""api_unit_price"":125.0,""source_id"":""depot:hakmar-5521"",""market"":""hakmar"",""depot_name"":""Ahmediye  Üsküdar"",""index_time"":""18.09.2026 12:25""}]","{""mode"":""pinned-relative"",""previous_prices"":{""depot:hakmar-5521"":125.0},""previous_level"":125.0,""link_factor"":1.0}"
2026-09-19,meat,chicken_thigh,Tavuk but / baget,id:0HRD,id:0HRD,Argentina Tavuk Baget 1 Kg,1.0,kg,499.9,499.9,499.9,1,499.9,0.0,api-refined,Tavuk But,sub_category,1,1,"[""depot:carrefour-1012""]","[""carrefour""]",pinned-relative,18.09.2026 12:26,0,1.05,2026-09-19T02:21:24.061306+03:00,"[{""price"":499.9,""api_unit_price"":499.9,""source_id"":""depot:carrefour-1012"",""market"":""carrefour"",""depot_name"":""Istanbul Acıbadem Hıper"",""index_time"":""18.09.2026 12:26""}]","{""mode"":""pinned-relative"",""previous_prices"":{""depot:carrefour-1012"":499.9},""previous_level"":499.9,""link_factor"":1.0}"
2026-09-19,meat,chicken_thigh,Tavuk but / baget,id:00S1,id:00S1,Şenpiliç Lezita Tavuk Baget 1 Kg,1.0,kg,145.0,145.0,145.0,1,145.0,0.0,api-refined,Tavuk But,sub_category,1,1,"[""depot:hakmar-5521""]","[""hakmar""]",pinned-relative,18.09.2026 12:25,0,1.05,2026-09-19T02:21:24.061309+03:00,"[{""price"":145.0,""api_unit_price"":145.0,""source_id"":""depot:hakmar-5521"",""market"":""hakmar"",""depot_name"":""Ahmediye  Üsküdar"",""index_time"":""18.09.2026 12:25""}]","{""mode"":""pinned-relative"",""previous_prices"":{""depot:hakmar-5521"":145.0},""previous_level"":145.0,""link_factor"":1.0}"
2026-09-19,meat,whole_chicken,Bütün piliç,id:145C,id:145C,Donuk Bütün Piliç 1 Kg,1.0,kg,59.9,59.9,59.9,1,59.9,0.0,api-refined,Bütün Piliç,sub_category,1,1,"[""depot:bim-5712""]","[""bim""]",pinned-relative,18.09.2026 12:25,0,1.05,2026-09-19T02:21:25.321125+03:00,"[{""price"":59.9,""api_unit_price"":59.9,""source_id"":""depot:bim-5712"",""market"":""bim"",""depot_name"":""Çiçekçi  Üsküdar"",""index_time"":""18.09.2026 12:25""}]","{""mode"":""pinned-relative"",""previous_prices"":{""depot:bim-5712"":59.9},""previous_level"":59.9,""link_factor"":1.0}"
2026-09-19,meat,whole_chicken,Bütün piliç,id:1FUK,id:1FUK,Erpiliç Donuk Bütün Piliç 1 Kg,1.0,kg,69.9,69.9,69.9,1,69.9,0.0,api-refined,Bütün Piliç,sub_category,1,1,"[""depot:bim-5712""]","[""bim""]",pinned-relative,18.09.2026 12:25,0,1.05,2026-09-19T02:21:25.321136+03:00,"[{""price"":69.9,""api_unit_price"":69.9,""source_id"":""depot:bim-5712"",""market"":""bim"",""depot_name"":""Çiçekçi  Üsküdar"",""index_time"":""18.09.2026 12:25""}]","{""mode"":""pinned-relative"",""previous_prices"":{""depot:bim-5712"":69.9},""previous_level"":69.9,""link_factor"":1.0}"
2026-09-19,meat,whole_chicken,Bütün piliç,id:0C6T,id:01IE,Köylüm Bütün Piliç 1 Kg,1.0,kg,195.0,195.0,119.9,1,195.0,0.0,api-refined,Bütün Piliç,sub_category,1,1,"[""depot:bim-5712""]","[""bim""]",pinned-relative,18.09.2026 12:24,1,1.05,2026-09-19T02:21:25.321140+03:00,"[{""price"":195.0,""api_unit_price"":195.0,""source_id"":""depot:bim-5712"",""market"":""bim"",""depot_name"":""Çiçekçi  Üsküdar"",""index_time"":""18.09.2026 12:24""}]","{""mode"":""pinned-relative"",""previous_prices"":{""depot:bim-5712"":195.0},""previous_level"":195.0,""link_factor"":0.6148717948717949}"
2026-09-19,meat,whole_chicken,Bütün piliç,id:0LNH,id:0LNH,Banvit Poşetli Bütün Piliç 1 Kg,1.0,kg,133.9,133.9,133.9,1,133.9,0.0,api-refined,Bütün Piliç,sub_category,1,1,"[""depot:carrefour-1012""]","[""carrefour""]",pinned-relative,18.09.2026 12:26,0,1.05,2026-09-19T02:21:25.321142+03:00,"[{""price"":133.9,""api_unit_price"":133.9,""source_id"":""depot:carrefour-1012"",""market"":""carrefour"",""depot_name"":""Istanbul Acıbadem Hıper"",""index_time"":""18.09.2026 12:26""}]","{""mode"":""pinned-relative"",""previous_prices"":{""depot:carrefour-1012"":133.9},""previous_level"":133.9,""link_factor"":1.0}"
2026-09-19,meat,whole_chicken,Bütün piliç,id:1YZV,id:1YZV,Keskinoğlu Bütün Piliç 1 Kg,1.0,kg,135.0,135.0,135.0,1,135.0,0.0,api-refined,Bütün Piliç,sub_category,1,1,"[""depot:sok-4707""]","[""sok""]",pinned-relative,18.09.2026 12:26,0,1.05,2026-09-19T02:21:25.321145+03:00,"[{""price"":135.0,""api_unit_price"":135.0,""source_id"":""depot:sok-4707"",""market"":""sok"",""depot_name"":""Şok Minifevziçakmak"",""index_time"":""18.09.2026 12:26""}]","{""mode"":""pinned-relative"",""previous_prices"":{""depot:sok-4707"":135.0},""previous_level"":135.0,""link_factor"":1.0}"
2026-09-19,meat,whole_chicken,Bütün piliç,id:056A,id:056A,Taze Bütün Poşet Piliç 1 Kg,1.0,kg,109.0,109.0,109.0,1,109.0,0.0,api-refined,Bütün Piliç,sub_category,1,1,"[""depot:bim-5712""]","[""bim""]",pinned-relative,18.09.2026 12:24,0,1.05,2026-09-19T02:21:25.321147+03:00,"[{""price"":109.0,""api_unit_price"":109.0,""source_id"":""depot:bim-5712"",""market"":""bim"",""depot_name"":""Çiçekçi  Üsküdar"",""index_time"":""18.09.2026 12:24""}]","{""mode"":""pinned-relative"",""previous_prices"":{""depot:bim-5712"":109.0},""previous_level"":109.00000000000001,""link_factor"":1.0}"
2026-09-19,meat,whole_chicken,Bütün piliç,id:1839,id:1839,Gedik Bütün Piliç 1 Kg,1.0,kg,135.0,135.0,135.0,1,135.0,0.0,api-refined,Bütün Piliç,sub_category,1,1,"[""depot:sok-1017""]","[""sok""]",pinned-relative,18.09.2026 12:23,0,1.05,2026-09-19T02:21:25.321149+03:00,"[{""price"":135.0,""api_unit_price"":135.0,""source_id"":""depot:sok-1017"",""market"":""sok"",""depot_name"":""Selimiye"",""index_time"":""18.09.2026 12:23""}]","{""mode"":""pinned-relative"",""previous_prices"":{""depot:sok-1017"":135.0},""previous_level"":135.0,""link_factor"":1.0}"
2026-09-19,meat,whole_chicken,Bütün piliç,id:0BT1,id:0C6T,Bakpiliç Donuk Poşetli Bütün Piliç 1 Kg,1.0,kg,89.9,89.9,93.723937,1,89.9,0.0,api-refined,Bütün Piliç,sub_category,1,1,"[""depot:tarim_kredi-7488""]","[""tarim_kredi""]",pinned-relative,18.09.2026 12:26,2,1.05,2026-09-19T02:21:25.321151+03:00,"[{""price"":89.9,""api_unit_price"":89.9,""source_id"":""depot:tarim_kredi-7488"",""market"":""tarim_kredi"",""depot_name"":""Istanbul Kadıköy Kızıltoprak"",""index_time"":""18.09.2026 12:26""}]","{""mode"":""pinned-relative"",""previous_prices"":{""depot:tarim_kredi-7488"":89.9},""previous_level"":89.9,""link_factor"":1.042535446205171}"
2026-09-19,meat,whole_chicken,Bütün piliç,id:0G6D,id:0G6D,Lezita Taze Poşetli Bütün Piliç 1 Kg,1.0,kg,107.9,107.9,107.9,1,107.9,0.0,api-refined,Bütün Piliç,sub_category,1,1,"[""depot:carrefour-1012""]","[""carrefour""]",pinned-relative,18.09.2026 12:26,0,1.05,2026-09-19T02:21:25.321153+03:00,"[{""price"":107.9,""api_unit_price"":107.9,""source_id"":""depot:carrefour-1012"",""market"":""carrefour"",""depot_name"":""Istanbul Acıbadem Hıper"",""index_time"":""18.09.2026 12:26""}]","{""mode"":""pinned-relative"",""previous_prices"":{""depot:carrefour-1012"":107.9},""previous_level"":107.9,""link_factor"":1.0}"
2026-09-19,meat,whole_chicken,Bütün piliç,id:10LF,id:1WP4,Banvit Tabaklı Bütün Piliç 1 Kg,1.0,kg,164.35,164.35,139.95,1,164.35,0.0,api-refined,Bütün Piliç,sub_category,1,1,"[""depot:carrefour-1012""]","[""carrefour""]",pinned-relative,18.09.2026 12:27,1,1.05,2026-09-19T02:21:25.321155+03:00,"[{""price"":164.35,""api_unit_price"":164.35,""source_id"":""depot:carrefour-1012"",""market"":""carrefour"",""depot_name"":""Istanbul Acıbadem Hıper"",""index_time"":""18.09.2026 12:27""}]","{""mode"":""pinned-relative"",""previous_prices"":{""depot:carrefour-1012"":164.35},""previous_level"":164.35,""link_factor"":0.851536355339215}"
2026-09-19,meat,whole_chicken,Bütün piliç,id:05P2,id:05P2,Fırınlık Piliç 1 Kg,1.0,kg,155.0,155.0,155.0,1,155.0,0.0,api-refined,Bütün Piliç,sub_category,1,1,"[""depot:bim-5712""]","[""bim""]",pinned-relative,18.09.2026 12:24,0,1.05,2026-09-19T02:21:25.321158+03:00,"[{""price"":155.0,""api_unit_price"":155.0,""source_id"":""depot:bim-5712"",""market"":""bim"",""depot_name"":""Çiçekçi  Üsküdar"",""index_time"":""18.09.2026 12:24""}]","{""mode"":""pinned-relative"",""previous_prices"":{""depot:bim-5712"":155.0},""previous_level"":155.0,""link_factor"":1.0}"
2026-09-19,meat,turkey,Hindi eti,id:0DI9,id:0DI9,Bolca Hindi Bütün Göğüs Fileto 1 Kg,1.0,kg,497.9,497.9,497.9,1,497.9,0.0,api-refined,Hindi Eti,sub_category,1,1,"[""depot:carrefour-1012""]","[""carrefour""]",pinned-relative,18.09.2026 12:26,0,1.1,2026-09-19T02:21:26.596963+03:00,"[{""price"":497.9,""api_unit_price"":497.9,""source_id"":""depot:carrefour-1012"",""market"":""carrefour"",""depot_name"":""Istanbul Acıbadem Hıper"",""index_time"":""18.09.2026 12:26""}]","{""mode"":""pinned-relative"",""previous_prices"":{""depot:carrefour-1012"":497.9},""previous_level"":497.9,""link_factor"":1.0}"
2026-09-19,meat,sucuk,Sucuk,id:20DZ,id:20DZ,Namet Kangal Sucuk 240 Gr,0.24,kg,519.0,2162.5,2162.5,2,2162.5,0.0,api-refined,Sucuk,sub_category,2,2,"[""depot:carrefour-1012"",""depot:migros-1991""]","[""carrefour"",""migros""]",pinned-relative,18.09.2026 12:27,0,1.1,2026-09-19T02:21:34.086515+03:00,"[{""price"":519.0,""api_unit_price"":2162.5,""source_id"":""depot:migros-1991"",""market"":""migros"",""depot_name"":""Çiçekçi M Migros"",""index_time"":""18.09.2026 12:27""},{""price"":519.0,""api_unit_price"":2162.5,""source_id"":""depot:carrefour-1012"",""market"":""carrefour"",""depot_name"":""Istanbul Acıbadem Hıper"",""index_time"":""18.09.2026 12:27""}]","{""mode"":""pinned-relative"",""previous_prices"":{""depot:carrefour-1012"":519.0,""depot:migros-1991"":519.0},""previous_level"":519.0,""link_factor"":1.0}"
2026-09-19,meat,sucuk,Sucuk,id:1ZQE,id:1ZQE,Polonez Sucuk 240 Gr,0.24,kg,585.0,2437.5,2437.5,1,2437.5,0.0,api-refined,Sucuk,sub_category,2,1,"[""depot:migros-1991""]","[""migros""]",pinned-relative,18.09.2026 12:26,0,1.1,2026-09-19T02:21:34.086527+03:00,"[{""price"":585.0,""api_unit_price"":2437.5,""source_id"":""depot:migros-1991"",""market"":""migros"",""depot_name"":""Çiçekçi M Migros"",""index_time"":""18.09.2026 12:26""}]","{""mode"":""pinned-relative"",""previous_prices"":{""depot:migros-1991"":585.0},""previous_level"":585.0,""link_factor"":1.0}"
2026-09-19,meat,sucuk,Sucuk,id:2AEI,id:2AEI,Beşler Hünkar Piliç Sucuk 400 Gr,0.4,kg,149.0,372.5,372.5,1,372.5,0.0,api-refined,Sucuk,sub_category,1,1,"[""depot:hakmar-5521""]","[""hakmar""]",pinned-relative,18.09.2026 12:25,0,1.1,2026-09-19T02:21:34.086531+03:00,"[{""price"":149.0,""api_unit_price"":372.5,""source_id"":""depot:hakmar-5521"",""market"":""hakmar"",""depot_name"":""Ahmediye  Üsküdar"",""index_time"":""18.09.2026 12:25""}]","{""mode"":""pinned-relative"",""previous_prices"":{""depot:hakmar-5521"":149.0},""previous_level"":149.0,""link_factor"":1.0}"
2026-09-19,meat,sucuk,Sucuk,id:0YVS,id:0YVS,Sultan Dilimli Dana Sucuk 250 Gr,0.25,kg,209.0,836.0,836.0,1,836.0,0.0,api-refined,Sucuk,sub_category,1,1,"[""depot:sok-7238""]","[""sok""]",pinned-relative,18.09.2026 12:22,0,1.1,2026-09-19T02:21:34.086534+03:00,"[{""price"":209.0,""api_unit_price"":836.0,""source_id"":""depot:sok-7238"",""market"":""sok"",""depot_name"":""Rıhtım Cdkadıköy"",""index_time"":""18.09.2026 12:22""}]","{""mode"":""pinned-relative"",""previous_prices"":{""depot:sok-7238"":209.0},""previous_level"":209.0,""link_factor"":1.0}"
2026-09-19,meat,sucuk,Sucuk,id:3WZT,id:3WZT,Namet Dana Evlik Sucuk 300 Gr,0.3,kg,299.0,996.666667,996.666667,1,996.6667,0.0,api-refined,Sucuk,sub_category,1,1,"[""depot:sok-4711""]","[""sok""]",pinned-relative,18.09.2026 12:22,0,1.1,2026-09-19T02:21:34.086536+03:00,"[{""price"":299.0,""api_unit_price"":996.6667,""source_id"":""depot:sok-4711"",""market"":""sok"",""depot_name"":""Şok Minitamer Yeni"",""index_time"":""18.09.2026 12:22""}]","{""mode"":""pinned-relative"",""previous_prices"":{""depot:sok-4711"":299.0},""previous_level"":299.0,""link_factor"":1.0}"
2026-09-19,meat,sucuk,Sucuk,id:1XQ8,id:1XQ8,Sultan Dana Evlik Sucuk 300 Gr,0.3,kg,299.0,996.666667,996.666667,1,996.6667,0.0,api-refined,Sucuk,sub_category,1,1,"[""depot:sok-7238""]","[""sok""]",pinned-relative,18.09.2026 12:22,0,1.1,2026-09-19T02:21:34.086538+03:00,"[{""price"":299.0,""api_unit_price"":996.6667,""source_id"":""depot:sok-7238"",""market"":""sok"",""depot_name"":""Rıhtım Cdkadıköy"",""index_time"":""18.09.2026 12:22""}]","{""mode"":""pinned-relative"",""previous_prices"":{""depot:sok-7238"":299.0},""previous_level"":299.0,""link_factor"":1.0}"
2026-09-19,meat,sucuk,Sucuk,id:0R29,id:0R29,Namet Kangal Sucuk 200 Gr,0.2,kg,199.95,999.75,999.75,1,999.74994,0.0,api-refined,Sucuk,sub_category,1,1,"[""depot:carrefour-5254""]","[""carrefour""]",pinned-relative,18.09.2026 12:26,0,1.1,2026-09-19T02:21:34.086540+03:00,"[{""price"":199.95,""api_unit_price"":999.74994,""source_id"":""depot:carrefour-5254"",""market"":""carrefour"",""depot_name"":""Istanbul Üsküdar Salacak Mını"",""index_time"":""18.09.2026 12:26""}]","{""mode"":""pinned-relative"",""previous_prices"":{""depot:carrefour-5254"":199.95},""previous_level"":199.95,""link_factor"":1.0}"
2026-09-19,meat,sucuk,Sucuk,id:0CWM,id:0CWM,Erşan Vakumlu Kangal Sucuk 200 Gr,0.2,kg,275.0,1375.0,1375.0,1,1375.0,0.0,api-refined,Sucuk,sub_category,1,1,"[""depot:carrefour-5254""]","[""carrefour""]",pinned-relative,18.09.2026 12:27,0,1.1,2026-09-19T02:21:34.086542+03:00,"[{""price"":275.0,""api_unit_price"":1375.0,""source_id"":""depot:carrefour-5254"",""market"":""carrefour"",""depot_name"":""Istanbul Üsküdar Salacak Mını"",""index_time"":""18.09.2026 12:27""}]","{""mode"":""pinned-relative"",""previous_prices"":{""depot:carrefour-5254"":275.0},""previous_level"":275.0,""link_factor"":1.0}"
2026-09-19,meat,sucuk,Sucuk,id:0N0H,id:0N0H,Çatal Sucuk İlikli Dana Kangal Sucuk 450 Gr,0.45,kg,379.0,842.222222,842.222222,1,842.2222,0.0,api-refined,Sucuk,sub_category,1,1,"[""depot:bim-5712""]","[""bim""]",pinned-relative,18.09.2026 12:24,0,1.1,2026-09-19T02:21:34.086544+03:00,"[{""price"":379.0,""api_unit_price"":842.2222,""source_id"":""depot:bim-5712"",""market"":""bim"",""depot_name"":""Çiçekçi  Üsküdar"",""index_time"":""18.09.2026 12:24""}]","{""mode"":""pinned-relative"",""previous_prices"":{""depot:bim-5712"":379.0},""previous_level"":379.0,""link_factor"":1.0}"
2026-09-19,meat,sucuk,Sucuk,id:1M20,id:1M20,Dana Fermente Mangal Sucuk 400 Gr,0.4,kg,379.0,947.5,947.5,1,947.5,0.0,api-refined,Sucuk,sub_category,1,1,"[""depot:bim-5712""]","[""bim""]",pinned-relative,18.09.2026 12:24,0,1.1,2026-09-19T02:21:34.086547+03:00,"[{""price"":379.0,""api_unit_price"":947.5,""source_id"":""depot:bim-5712"",""market"":""bim"",""depot_name"":""Çiçekçi  Üsküdar"",""index_time"":""18.09.2026 12:24""}]","{""mode"":""pinned-relative"",""previous_prices"":{""depot:bim-5712"":379.0},""previous_level"":379.0,""link_factor"":1.0}"
2026-09-19,meat,sucuk,Sucuk,id:1SJT,id:1SJT,Torku Vakumlu Sucuk 225 Gr,0.225,kg,425.0,1888.888889,1888.888889,1,1888.8888,0.0,api-refined,Sucuk,sub_category,1,1,"[""depot:migros-1991""]","[""migros""]",pinned-relative,18.09.2026 12:24,0,1.1,2026-09-19T02:21:34.086549+03:00,"[{""price"":425.0,""api_unit_price"":1888.8888,""source_id"":""depot:migros-1991"",""market"":""migros"",""depot_name"":""Çiçekçi M Migros"",""index_time"":""18.09.2026 12:24""}]","{""mode"":""pinned-relative"",""previous_prices"":{""depot:migros-1991"":425.0},""previous_level"":425.0,""link_factor"":1.0}"
2026-09-19,meat,sucuk,Sucuk,id:1BL1,id:1BL1,Başyazıcı Kangal Sucuk 200 Gr,0.2,kg,472.9,2364.5,2364.5,1,2364.5,0.0,api-refined,Sucuk,sub_category,1,1,"[""depot:carrefour-1012""]","[""carrefour""]",pinned-relative,18.09.2026 12:27,0,1.1,2026-09-19T02:21:34.086551+03:00,"[{""price"":472.9,""api_unit_price"":2364.5,""source_id"":""depot:carrefour-1012"",""market"":""carrefour"",""depot_name"":""Istanbul Acıbadem Hıper"",""index_time"":""18.09.2026 12:27""}]","{""mode"":""pinned-relative"",""previous_prices"":{""depot:carrefour-1012"":472.9},""previous_level"":472.9,""link_factor"":1.0}"
2026-09-19,meat,sucuk,Sucuk,id:0U7M,id:0U7M,Apikoğlu Yarım Kangal Sucuk 300 Gr,0.3,kg,829.0,2763.333333,2763.333333,1,2763.3333,0.0,api-refined,Sucuk,sub_category,1,1,"[""depot:migros-1991""]","[""migros""]",pinned-relative,18.09.2026 12:24,0,1.1,2026-09-19T02:21:34.086553+03:00,"[{""price"":829.0,""api_unit_price"":2763.3333,""source_id"":""depot:migros-1991"",""market"":""migros"",""depot_name"":""Çiçekçi M Migros"",""index_time"":""18.09.2026 12:24""}]","{""mode"":""pinned-relative"",""previous_prices"":{""depot:migros-1991"":829.0},""previous_level"":829.0,""link_factor"":1.0}"
2026-09-19,meat,sucuk,Sucuk,id:01T5,id:01T5,Coşkun Çatal Sucuk 1 Kg,1.0,kg,999.9,999.9,999.9,1,999.9,0.0,api-refined,Sucuk,sub_category,1,1,"[""depot:carrefour-1012""]","[""carrefour""]",pinned-relative,18.09.2026 12:26,0,1.1,2026-09-19T02:21:34.086555+03:00,"[{""price"":999.9,""api_unit_price"":999.9,""source_id"":""depot:carrefour-1012"",""market"":""carrefour"",""depot_name"":""Istanbul Acıbadem Hıper"",""index_time"":""18.09.2026 12:26""}]","{""mode"":""pinned-relative"",""previous_prices"":{""depot:carrefour-1012"":999.9},""previous_level"":999.9,""link_factor"":1.0}"
2026-09-19,meat,sucuk,Sucuk,id:02JE,id:02JE,Polonez Dana Fermente Kangal Sucuk 1 Kg,1.0,kg,2349.9,2349.9,2349.9,1,2349.9,0.0,api-refined,Sucuk,sub_category,1,1,"[""depot:carrefour-1012""]","[""carrefour""]",pinned-relative,18.09.2026 12:26,0,1.1,2026-09-19T02:21:34.086557+03:00,"[{""price"":2349.9,""api_unit_price"":2349.9,""source_id"":""depot:carrefour-1012"",""market"":""carrefour"",""depot_name"":""Istanbul Acıbadem Hıper"",""index_time"":""18.09.2026 12:26""}]","{""mode"":""pinned-relative"",""previous_prices"":{""depot:carrefour-1012"":2349.9},""previous_level"":2349.9,""link_factor"":1.0}"
2026-09-19,meat,sucuk,Sucuk,id:0A8S,id:0A8S,Namet Kangal Sucuk Acılı 1 Kg,1.0,kg,1879.9,1879.9,1879.9,1,1879.9,0.0,api-refined,Sucuk,sub_category,1,1,"[""depot:carrefour-1012""]","[""carrefour""]",pinned-relative,18.09.2026 12:26,0,1.1,2026-09-19T02:21:34.086559+03:00,"[{""price"":1879.9,""api_unit_price"":1879.9,""source_id"":""depot:carrefour-1012"",""market"":""carrefour"",""depot_name"":""Istanbul Acıbadem Hıper"",""index_time"":""18.09.2026 12:26""}]","{""mode"":""pinned-relative"",""previous_prices"":{""depot:carrefour-1012"":1879.9},""previous_level"":1879.9,""link_factor"":1.0}"
2026-09-19,meat,sucuk,Sucuk,id:03FY,id:03FY,Namet Parmak Sucuk 1 Kg,1.0,kg,1879.9,1879.9,1879.9,1,1879.9,0.0,api-refined,Sucuk,sub_category,1,1,"[""depot:carrefour-1012""]","[""carrefour""]",pinned-relative,18.09.2026 12:27,0,1.1,2026-09-19T02:21:34.086561+03:00,"[{""price"":1879.9,""api_unit_price"":1879.9,""source_id"":""depot:carrefour-1012"",""market"":""carrefour"",""depot_name"":""Istanbul Acıbadem Hıper"",""index_time"":""18.09.2026 12:27""}]","{""mode"":""pinned-relative"",""previous_prices"":{""depot:carrefour-1012"":1879.9},""previous_level"":1879.9,""link_factor"":1.0}"
2026-09-19,meat,sucuk,Sucuk,id:0FUM,id:0FUM,Namet Baton Sucuk 1 Kg,1.0,kg,2079.9,2079.9,2079.9,1,2079.9,0.0,api-refined,Sucuk,sub_category,1,1,"[""depot:carrefour-1012""]","[""carrefour""]",pinned-relative,18.09.2026 12:26,0,1.1,2026-09-19T02:21:34.086564+03:00,"[{""price"":2079.9,""api_unit_price"":2079.9,""source_id"":""depot:carrefour-1012"",""market"":""carrefour"",""depot_name"":""Istanbul Acıbadem Hıper"",""index_time"":""18.09.2026 12:26""}]","{""mode"":""pinned-relative"",""previous_prices"":{""depot:carrefour-1012"":2079.9},""previous_level"":2079.9,""link_factor"":1.0}"
2026-09-19,meat,sucuk,Sucuk,id:04FH,id:04FH,Cumhuriyet Kangal Sucuk 1 Kg,1.0,kg,2190.0,2190.0,2190.0,1,2190.0,0.0,api-refined,Sucuk,sub_category,1,1,"[""depot:carrefour-1012""]","[""carrefour""]",pinned-relative,18.09.2026 12:26,0,1.1,2026-09-19T02:21:34.086566+03:00,"[{""price"":2190.0,""api_unit_price"":2190.0,""source_id"":""depot:carrefour-1012"",""market"":""carrefour"",""depot_name"":""Istanbul Acıbadem Hıper"",""index_time"":""18.09.2026 12:26""}]","{""mode"":""pinned-relative"",""previous_prices"":{""depot:carrefour-1012"":2190.0},""previous_level"":2190.0,""link_factor"":1.0}"
2026-09-19,meat,salami,Salam,id:1OV5,id:1OV5,Banvit Piliç Büfe Salam 850 Gr,0.85,kg,109.0,128.235294,117.583524,3,128.23529,0.0,api-refined,Salam,sub_category,4,3,"[""depot:carrefour-1012"",""depot:hakmar-5521"",""depot:tarim_kredi-7488""]","[""carrefour"",""hakmar"",""tarim_kredi""]",pinned-relative,18.09.2026 12:27,0,1.1,2026-09-19T02:21:39.078829+03:00,"[{""price"":104.9,""api_unit_price"":123.411766,""source_id"":""depot:tarim_kredi-7488"",""market"":""tarim_kredi"",""depot_name"":""Istanbul Kadıköy Kızıltoprak"",""index_time"":""18.09.2026 12:27""},{""price"":109.0,""api_unit_price"":128.23529,""source_id"":""depot:hakmar-5521"",""market"":""hakmar"",""depot_name"":""Ahmediye  Üsküdar"",""index_time"":""18.09.2026 12:27""},{""price"":128.9,""api_unit_price"":151.64705,""source_id"":""depot:carrefour-1012"",""market"":""carrefour"",""depot_name"":""Istanbul Acıbadem Hıper"",""index_time"":""18.09.2026 12:27""}]","{""mode"":""pinned-relative"",""previous_prices"":{""depot:carrefour-1012"":128.9,""depot:hakmar-5521"":109.0,""depot:tarim_kredi-7488"":104.9},""previous_level"":99.9459952681969,""link_factor"":1.0}"
2026-09-19,meat,salami,Salam,id:1RPF,id:1RPF,Polonez Macar Salam 50 Gr,0.05,kg,99.9,1998.0,1998.0,1,1998.0,0.0,api-refined,Salam,sub_category,2,1,"[""depot:migros-4479""]","[""migros""]",pinned-relative,18.09.2026 12:26,0,1.1,2026-09-19T02:21:39.078841+03:00,"[{""price"":99.9,""api_unit_price"":1998.0,""source_id"":""depot:migros-4479"",""market"":""migros"",""depot_name"":""Mjet Üsküdar Paşakapısı"",""index_time"":""18.09.2026 12:26""}]","{""mode"":""pinned-relative"",""previous_prices"":{""depot:migros-4479"":99.9},""previous_level"":99.9,""link_factor"":1.0}"
2026-09-19,meat,salami,Salam,id:1SOX,id:1SOX,Polonez Fıstıklı Salam 90 Gr,0.09,kg,149.9,1665.555556,1916.63124,1,1665.5554,0.0,api-refined,Salam,sub_category,2,1,"[""depot:carrefour-1012""]","[""carrefour""]",pinned-relative,18.09.2026 12:26,0,1.1,2026-09-19T02:21:39.078844+03:00,"[{""price"":149.9,""api_unit_price"":1665.5554,""source_id"":""depot:carrefour-1012"",""market"":""carrefour"",""depot_name"":""Istanbul Acıbadem Hıper"",""index_time"":""18.09.2026 12:26""}]","{""mode"":""pinned-relative"",""previous_prices"":{""depot:carrefour-1012"":149.9},""previous_level"":172.49681156473588,""link_factor"":1.0}"
2026-09-19,meat,salami,Salam,id:147C,id:147C,Açık Büfe Hindi Salam 50 Gr,0.05,kg,14.5,290.0,290.0,1,290.0,0.0,api-refined,Salam,sub_category,1,1,"[""depot:bim-5712""]","[""bim""]",pinned-relative,18.09.2026 12:25,0,1.1,2026-09-19T02:21:39.078846+03:00,"[{""price"":14.5,""api_unit_price"":290.0,""source_id"":""depot:bim-5712"",""market"":""bim"",""depot_name"":""Çiçekçi  Üsküdar"",""index_time"":""18.09.2026 12:25""}]","{""mode"":""pinned-relative"",""previous_prices"":{""depot:bim-5712"":14.5},""previous_level"":14.5,""link_factor"":1.0}"
2026-09-19,meat,salami,Salam,id:0R2O,id:0R2O,Aytaç Şipşak Piliç Salam Dilimli 60 Gr,0.06,kg,24.0,400.0,400.0,1,400.0,0.0,api-refined,Salam,sub_category,1,1,"[""depot:sok-4707""]","[""sok""]",pinned-relative,18.09.2026 12:22,0,1.1,2026-09-19T02:21:39.078849+03:00,"[{""price"":24.0,""api_unit_price"":400.0,""source_id"":""depot:sok-4707"",""market"":""sok"",""depot_name"":""Şok Minifevziçakmak"",""index_time"":""18.09.2026 12:22""}]","{""mode"":""pinned-relative"",""previous_prices"":{""depot:sok-4707"":24.0},""previous_level"":24.0,""link_factor"":1.0}"
2026-09-19,meat,salami,Salam,id:1JZX,id:1JZX,Polonez Mini Lezzet Hindi Fıstıklı Salam 50 Gr,0.05,kg,27.5,550.0,550.0,1,550.0,0.0,api-refined,Salam,sub_category,1,1,"[""depot:sok-4707""]","[""sok""]",pinned-relative,18.09.2026 12:22,0,1.1,2026-09-19T02:21:39.078851+03:00,"[{""price"":27.5,""api_unit_price"":550.0,""source_id"":""depot:sok-4707"",""market"":""sok"",""depot_name"":""Şok Minifevziçakmak"",""index_time"":""18.09.2026 12:22""}]","{""mode"":""pinned-relative"",""previous_prices"":{""depot:sok-4707"":27.5},""previous_level"":27.5,""link_factor"":1.0}"
2026-09-19,meat,salami,Salam,id:1PSA,id:1PSA,Aytaç Şipşak Hindi Salam Fıstıklı 50 Gr,0.05,kg,27.5,550.0,550.0,1,550.0,0.0,api-refined,Salam,sub_category,1,1,"[""depot:sok-1017""]","[""sok""]",pinned-relative,18.09.2026 12:22,0,1.1,2026-09-19T02:21:39.078853+03:00,"[{""price"":27.5,""api_unit_price"":550.0,""source_id"":""depot:sok-1017"",""market"":""sok"",""depot_name"":""Selimiye"",""index_time"":""18.09.2026 12:22""}]","{""mode"":""pinned-relative"",""previous_prices"":{""depot:sok-1017"":27.5},""previous_level"":27.5,""link_factor"":1.0}"
2026-09-19,meat,salami,Salam,id:2AKD,id:2AKD,Danet Dilimli Hindi Füme Salam 60 Gr,0.06,kg,32.5,541.666667,541.666667,1,541.6667,0.0,api-refined,Salam,sub_category,1,1,"[""depot:hakmar-5521""]","[""hakmar""]",pinned-relative,18.09.2026 12:26,0,1.1,2026-09-19T02:21:39.078856+03:00,"[{""price"":32.5,""api_unit_price"":541.6667,""source_id"":""depot:hakmar-5521"",""market"":""hakmar"",""depot_name"":""Ahmediye  Üsküdar"",""index_time"":""18.09.2026 12:26""}]","{""mode"":""pinned-relative"",""previous_prices"":{""depot:hakmar-5521"":32.5},""previous_level"":32.5,""link_factor"":1.0}"
2026-09-19,meat,salami,Salam,id:2AYW,id:2AYW,Namet Piliç Füme Etli Dilimli Salam 60 Gr,0.06,kg,37.5,625.0,625.0,1,625.0,0.0,api-refined,Salam,sub_category,1,1,"[""depot:hakmar-5521""]","[""hakmar""]",pinned-relative,18.09.2026 12:25,0,1.1,2026-09-19T02:21:39.078858+03:00,"[{""price"":37.5,""api_unit_price"":625.0,""source_id"":""depot:hakmar-5521"",""market"":""hakmar"",""depot_name"":""Ahmediye  Üsküdar"",""index_time"":""18.09.2026 12:25""}]","{""mode"":""pinned-relative"",""previous_prices"":{""depot:hakmar-5521"":37.5},""previous_level"":37.5,""link_factor"":1.0}"
2026-09-19,meat,salami,Salam,id:1OAI,id:1OAI,Aytaç Macar Salam 60 Gr,0.06,kg,42.5,708.333333,708.333333,1,708.3333,0.0,api-refined,Salam,sub_category,2,1,"[""depot:sok-4707""]","[""sok""]",pinned-relative,18.09.2026 12:26,0,1.1,2026-09-19T02:21:39.078860+03:00,"[{""price"":42.5,""api_unit_price"":708.3333,""source_id"":""depot:sok-4707"",""market"":""sok"",""depot_name"":""Şok Minifevziçakmak"",""index_time"":""18.09.2026 12:26""}]","{""mode"":""pinned-relative"",""previous_prices"":{""depot:sok-4707"":42.5},""previous_level"":42.5,""link_factor"":1.0}"
2026-09-19,meat,salami,Salam,id:13JB,id:13JB,Dana Macar Salam 150 Gr,0.15,kg,89.0,593.333333,593.333333,1,593.3333,0.0,api-refined,Salam,sub_category,1,1,"[""depot:bim-5712""]","[""bim""]",pinned-relative,18.09.2026 12:25,0,1.1,2026-09-19T02:21:39.078862+03:00,"[{""price"":89.0,""api_unit_price"":593.3333,""source_id"":""depot:bim-5712"",""market"":""bim"",""depot_name"":""Çiçekçi  Üsküdar"",""index_time"":""18.09.2026 12:25""}]","{""mode"":""pinned-relative"",""previous_prices"":{""depot:bim-5712"":89.0},""previous_level"":89.0,""link_factor"":1.0}"
2026-09-19,meat,salami,Salam,id:0M1J,id:0M1J,Torku Dilimli Fıstıklı Salam 50 Gr,0.05,kg,89.95,1799.0,1799.0,1,1798.9999,0.0,api-refined,Salam,sub_category,1,1,"[""depot:migros-1991""]","[""migros""]",pinned-relative,18.09.2026 12:27,0,1.1,2026-09-19T02:21:39.078864+03:00,"[{""price"":89.95,""api_unit_price"":1798.9999,""source_id"":""depot:migros-1991"",""market"":""migros"",""depot_name"":""Çiçekçi M Migros"",""index_time"":""18.09.2026 12:27""}]","{""mode"":""pinned-relative"",""previous_prices"":{""depot:migros-1991"":89.95},""previous_level"":89.95,""link_factor"":1.0}"
2026-09-19,meat,salami,Salam,id:07G3,id:07G3,Piliç Salam 1 Kg,1.0,kg,119.0,119.0,119.0,1,119.0,0.0,api-refined,Salam,sub_category,1,1,"[""depot:bim-5712""]","[""bim""]",pinned-relative,18.09.2026 12:24,0,1.1,2026-09-19T02:21:39.078866+03:00,"[{""price"":119.0,""api_unit_price"":119.0,""source_id"":""depot:bim-5712"",""market"":""bim"",""depot_name"":""Çiçekçi  Üsküdar"",""index_time"":""18.09.2026 12:24""}]","{""mode"":""pinned-relative"",""previous_prices"":{""depot:bim-5712"":119.0},""previous_level"":119.0,""link_factor"":1.0}"
2026-09-19,meat,salami,Salam,id:0JGL,id:0JGL,Pınar Doyum Salam 700 Gr,0.7,kg,179.95,257.071429,257.071429,1,257.07144,0.0,api-refined,Salam,sub_category,1,1,"[""depot:carrefour-1012""]","[""carrefour""]",pinned-relative,18.09.2026 12:27,0,1.1,2026-09-19T02:21:39.078868+03:00,"[{""price"":179.95,""api_unit_price"":257.07144,""source_id"":""depot:carrefour-1012"",""market"":""carrefour"",""depot_name"":""Istanbul Acıbadem Hıper"",""index_time"":""18.09.2026 12:27""}]","{""mode"":""pinned-relative"",""previous_prices"":{""depot:carrefour-1012"":179.95},""previous_level"":179.95,""link_factor"":1.0}"
2026-09-19,meat,salami,Salam,id:0C57,id:0C57,Polonez Füme Etli Hindi Salam 1 Kg,1.0,kg,949.9,949.9,949.9,1,949.9,0.0,api-refined,Salam,sub_category,1,1,"[""depot:carrefour-1012""]","[""carrefour""]",pinned-relative,18.09.2026 12:26,0,1.1,2026-09-19T02:21:39.078871+03:00,"[{""price"":949.9,""api_unit_price"":949.9,""source_id"":""depot:carrefour-1012"",""market"":""carrefour"",""depot_name"":""Istanbul Acıbadem Hıper"",""index_time"":""18.09.2026 12:26""}]","{""mode"":""pinned-relative"",""previous_prices"":{""depot:carrefour-1012"":949.9},""previous_level"":949.9,""link_factor"":1.0}"
2026-09-19,meat,salami,Salam,id:0683,id:0683,Namet Macar Salam 1 Kg,1.0,kg,1659.9,1659.9,1659.9,1,1659.9,0.0,api-refined,Salam,sub_category,1,1,"[""depot:carrefour-1012""]","[""carrefour""]",pinned-relative,18.09.2026 12:27,0,1.1,2026-09-19T02:21:39.078873+03:00,"[{""price"":1659.9,""api_unit_price"":1659.9,""source_id"":""depot:carrefour-1012"",""market"":""carrefour"",""depot_name"":""Istanbul Acıbadem Hıper"",""index_time"":""18.09.2026 12:27""}]","{""mode"":""pinned-relative"",""previous_prices"":{""depot:carrefour-1012"":1659.9},""previous_level"":1659.9,""link_factor"":1.0}"
2026-09-19,meat,salami,Salam,id:08M8,id:08M8,Polonez Fıstıklı Macar Salam 1 Kg,1.0,kg,1699.9,1699.9,1699.9,1,1699.9,0.0,api-refined,Salam,sub_category,1,1,"[""depot:carrefour-1012""]","[""carrefour""]",pinned-relative,18.09.2026 12:26,0,1.1,2026-09-19T02:21:39.078875+03:00,"[{""price"":1699.9,""api_unit_price"":1699.9,""source_id"":""depot:carrefour-1012"",""market"":""carrefour"",""depot_name"":""Istanbul Acıbadem Hıper"",""index_time"":""18.09.2026 12:26""}]","{""mode"":""pinned-relative"",""previous_prices"":{""depot:carrefour-1012"":1699.9},""previous_level"":1699.9,""link_factor"":1.0}"
2026-09-19,meat,sausage,Sosis,id:1DN2,id:1DN2,Banvit Kokteyl Piliç Sosis 500 Gr,0.5,kg,94.9,189.8,199.94233,1,189.8,0.0,api-refined,Sosis,sub_category,2,1,"[""depot:tarim_kredi-7488""]","[""tarim_kredi""]",pinned-relative,18.09.2026 12:27,0,1.1,2026-09-19T02:21:41.578586+03:00,"[{""price"":94.9,""api_unit_price"":189.8,""source_id"":""depot:tarim_kredi-7488"",""market"":""tarim_kredi"",""depot_name"":""Istanbul Kadıköy Kızıltoprak"",""index_time"":""18.09.2026 12:27""}]","{""mode"":""pinned-relative"",""previous_prices"":{""depot:tarim_kredi-7488"":94.9},""previous_level"":99.97116502144087,""link_factor"":1.0}"
2026-09-19,meat,sausage,Sosis,id:1ZID,id:1ZID,Pınar Aç Bitir Kokteyl Sosis 180 Gr,0.18,kg,95.0,527.777778,527.777778,1,527.7778,0.0,api-refined,Sosis,sub_category,2,1,"[""depot:carrefour-5254""]","[""carrefour""]",pinned-relative,18.09.2026 12:27,0,1.1,2026-09-19T02:21:41.578598+03:00,"[{""price"":95.0,""api_unit_price"":527.7778,""source_id"":""depot:carrefour-5254"",""market"":""carrefour"",""depot_name"":""Istanbul Üsküdar Salacak Mını"",""index_time"":""18.09.2026 12:27""}]","{""mode"":""pinned-relative"",""previous_prices"":{""depot:carrefour-5254"":95.0},""previous_level"":95.0,""link_factor"":1.0}"
2026-09-19,meat,sausage,Sosis,id:20BC,id:20BC,Pınar Hindi Uzun Sosis 430 Gr,0.43,kg,235.0,546.511628,447.616279,1,546.51166,0.0,api-refined,Sosis,sub_category,2,1,"[""depot:migros-1991""]","[""migros""]",pinned-relative,18.09.2026 12:26,0,1.1,2026-09-19T02:21:41.578601+03:00,"[{""price"":235.0,""api_unit_price"":546.51166,""source_id"":""depot:migros-1991"",""market"":""migros"",""depot_name"":""Çiçekçi M Migros"",""index_time"":""18.09.2026 12:26""}]","{""mode"":""pinned-relative"",""previous_prices"":{""depot:migros-1991"":235.0},""previous_level"":192.475,""link_factor"":1.0}"
2026-09-19,meat,sausage,Sosis,id:1MUU,id:1MUU,Maret Hindi Sosis 130 Gr,0.13,kg,39.0,300.0,300.0,1,300.0,0.0,api-refined,Sosis,sub_category,1,1,"[""depot:sok-4707""]","[""sok""]",pinned-relative,18.09.2026 12:27,0,1.1,2026-09-19T02:21:41.578603+03:00,"[{""price"":39.0,""api_unit_price"":300.0,""source_id"":""depot:sok-4707"",""market"":""sok"",""depot_name"":""Şok Minifevziçakmak"",""index_time"":""18.09.2026 12:27""}]","{""mode"":""pinned-relative"",""previous_prices"":{""depot:sok-4707"":39.0},""previous_level"":39.0,""link_factor"":1.0}"
2026-09-19,meat,sausage,Sosis,id:1DG3,id:1DG3,Hindi Sosis 130 Gr,0.13,kg,39.0,300.0,300.0,1,300.0,0.0,api-refined,Sosis,sub_category,1,1,"[""depot:bim-5712""]","[""bim""]",pinned-relative,18.09.2026 12:24,0,1.1,2026-09-19T02:21:41.578606+03:00,"[{""price"":39.0,""api_unit_price"":300.0,""source_id"":""depot:bim-5712"",""market"":""bim"",""depot_name"":""Çiçekçi  Üsküdar"",""index_time"":""18.09.2026 12:24""}]","{""mode"":""pinned-relative"",""previous_prices"":{""depot:bim-5712"":39.0},""previous_level"":39.0,""link_factor"":1.0}"
2026-09-19,meat,sausage,Sosis,id:1DEC,id:1DEC,Piliç Sosis 250 Gr,0.25,kg,65.0,260.0,260.0,1,260.0,0.0,api-refined,Sosis,sub_category,1,1,"[""depot:bim-5712""]","[""bim""]",pinned-relative,18.09.2026 12:24,0,1.1,2026-09-19T02:21:41.578608+03:00,"[{""price"":65.0,""api_unit_price"":260.0,""source_id"":""depot:bim-5712"",""market"":""bim"",""depot_name"":""Çiçekçi  Üsküdar"",""index_time"":""18.09.2026 12:24""}]","{""mode"":""pinned-relative"",""previous_prices"":{""depot:bim-5712"":65.0},""previous_level"":65.0,""link_factor"":1.0}"
2026-09-19,meat,sausage,Sosis,id:2AFB,id:2AFB,Beşler Piliç Sosis 280 Gr,0.28,kg,79.0,282.142857,282.142857,1,282.14285,0.0,api-refined,Sosis,sub_category,1,1,"[""depot:hakmar-5521""]","[""hakmar""]",pinned-relative,18.09.2026 12:25,0,1.1,2026-09-19T02:21:41.578610+03:00,"[{""price"":79.0,""api_unit_price"":282.14285,""source_id"":""depot:hakmar-5521"",""market"":""hakmar"",""depot_name"":""Ahmediye  Üsküdar"",""index_time"":""18.09.2026 12:25""}]","{""mode"":""pinned-relative"",""previous_prices"":{""depot:hakmar-5521"":79.0},""previous_level"":79.0,""link_factor"":1.0}"
2026-09-19,meat,sausage,Sosis,id:1DCT,id:1DCT,Pınar Hindi Sosis 430 Gr,0.43,kg,95.0,220.930233,220.930233,1,220.93024,0.0,api-refined,Sosis,sub_category,1,1,"[""depot:bim-5712""]","[""bim""]",pinned-relative,18.09.2026 12:25,0,1.1,2026-09-19T02:21:41.578612+03:00,"[{""price"":95.0,""api_unit_price"":220.93024,""source_id"":""depot:bim-5712"",""market"":""bim"",""depot_name"":""Çiçekçi  Üsküdar"",""index_time"":""18.09.2026 12:25""}]","{""mode"":""pinned-relative"",""previous_prices"":{""depot:bim-5712"":95.0},""previous_level"":95.0,""link_factor"":1.0}"
2026-09-19,meat,sausage,Sosis,id:1ZIV,id:1ZIV,Beşler Piliç Kokteyl Sosis 220 Gr,0.22,kg,96.9,440.454545,440.454545,1,440.45453,0.0,api-refined,Sosis,sub_category,1,1,"[""depot:carrefour-5036""]","[""carrefour""]",pinned-relative,18.09.2026 12:26,0,1.1,2026-09-19T02:21:41.578615+03:00,"[{""price"":96.9,""api_unit_price"":440.45453,""source_id"":""depot:carrefour-5036"",""market"":""carrefour"",""depot_name"":""Istanbul Moda Caddesı Mını"",""index_time"":""18.09.2026 12:26""}]","{""mode"":""pinned-relative"",""previous_prices"":{""depot:carrefour-5036"":96.9},""previous_level"":96.9,""link_factor"":1.0}"
2026-09-19,meat,sausage,Sosis,id:1DD8,id:1DD8,Aytaç Piliç Jülyen Sosis 500 Gr,0.5,kg,99.0,198.0,198.0,1,198.0,0.0,api-refined,Sosis,sub_category,1,1,"[""depot:bim-5712""]","[""bim""]",pinned-relative,18.09.2026 12:25,0,1.1,2026-09-19T02:21:41.578617+03:00,"[{""price"":99.0,""api_unit_price"":198.0,""source_id"":""depot:bim-5712"",""market"":""bim"",""depot_name"":""Çiçekçi  Üsküdar"",""index_time"":""18.09.2026 12:25""}]","{""mode"":""pinned-relative"",""previous_prices"":{""depot:bim-5712"":99.0},""previous_level"":99.0,""link_factor"":1.0}"
2026-09-19,meat,sausage,Sosis,id:1D13,id:1D13,Doyfarm Piliç Sosis 1 Kg,1.0,kg,125.0,125.0,125.0,1,125.0,0.0,api-refined,Sosis,sub_category,1,1,"[""depot:hakmar-5521""]","[""hakmar""]",pinned-relative,18.09.2026 12:25,0,1.1,2026-09-19T02:21:41.578619+03:00,"[{""price"":125.0,""api_unit_price"":125.0,""source_id"":""depot:hakmar-5521"",""market"":""hakmar"",""depot_name"":""Ahmediye  Üsküdar"",""index_time"":""18.09.2026 12:25""}]","{""mode"":""pinned-relative"",""previous_prices"":{""depot:hakmar-5521"":125.0},""previous_level"":125.0,""link_factor"":1.0}"
2026-09-19,meat,sausage,Sosis,id:1N8K,id:1N8K,Aytaç Sosis 190 Gr,0.19,kg,135.0,710.526316,710.526316,1,710.5263,0.0,api-refined,Sosis,sub_category,1,1,"[""depot:sok-4707""]","[""sok""]",pinned-relative,18.09.2026 12:24,0,1.1,2026-09-19T02:21:41.578621+03:00,"[{""price"":135.0,""api_unit_price"":710.5263,""source_id"":""depot:sok-4707"",""market"":""sok"",""depot_name"":""Şok Minifevziçakmak"",""index_time"":""18.09.2026 12:24""}]","{""mode"":""pinned-relative"",""previous_prices"":{""depot:sok-4707"":135.0},""previous_level"":135.0,""link_factor"":1.0}"
2026-09-19,meat,sausage,Sosis,id:1Y25,id:1Y25,Sultan Dana Kokteyl Sosis 250 Gr,0.25,kg,154.0,616.0,616.0,1,616.0,0.0,api-refined,Sosis,sub_category,1,1,"[""depot:sok-7238""]","[""sok""]",pinned-relative,18.09.2026 12:23,0,1.1,2026-09-19T02:21:41.578623+03:00,"[{""price"":154.0,""api_unit_price"":616.0,""source_id"":""depot:sok-7238"",""market"":""sok"",""depot_name"":""Rıhtım Cdkadıköy"",""index_time"":""18.09.2026 12:23""}]","{""mode"":""pinned-relative"",""previous_prices"":{""depot:sok-7238"":154.0},""previous_level"":154.0,""link_factor"":1.0}"
2026-09-19,meat,sausage,Sosis,id:1D2S,id:1D2S,Beşler Piliç Kokteyl Sosis 400 Gr,0.4,kg,164.9,412.25,412.25,1,412.24997,0.0,api-refined,Sosis,sub_category,1,1,"[""depot:carrefour-5036""]","[""carrefour""]",pinned-relative,18.09.2026 12:27,0,1.1,2026-09-19T02:21:41.578625+03:00,"[{""price"":164.9,""api_unit_price"":412.24997,""source_id"":""depot:carrefour-5036"",""market"":""carrefour"",""depot_name"":""Istanbul Moda Caddesı Mını"",""index_time"":""18.09.2026 12:27""}]","{""mode"":""pinned-relative"",""previous_prices"":{""depot:carrefour-5036"":164.9},""previous_level"":164.9,""link_factor"":1.0}"
2026-09-19,meat,sausage,Sosis,id:1LA1,id:1LA1,Banvit Kokteyl Sosis 1 Kg,1.0,kg,249.9,249.9,249.9,1,249.9,0.0,api-refined,Sosis,sub_category,1,1,"[""depot:carrefour-1012""]","[""carrefour""]",pinned-relative,18.09.2026 12:26,0,1.1,2026-09-19T02:21:41.578628+03:00,"[{""price"":249.9,""api_unit_price"":249.9,""source_id"":""depot:carrefour-1012"",""market"":""carrefour"",""depot_name"":""Istanbul Acıbadem Hıper"",""index_time"":""18.09.2026 12:26""}]","{""mode"":""pinned-relative"",""previous_prices"":{""depot:carrefour-1012"":249.9},""previous_level"":249.89999999999998,""link_factor"":1.0}"
2026-09-19,meat,sausage,Sosis,id:1D6A,id:1D6A,Pınar Uzun Sosis 225 Gr,0.225,kg,330.0,1466.666667,1466.666667,1,1466.6667,0.0,api-refined,Sosis,sub_category,1,1,"[""depot:migros-1991""]","[""migros""]",pinned-relative,18.09.2026 12:24,0,1.1,2026-09-19T02:21:41.578630+03:00,"[{""price"":330.0,""api_unit_price"":1466.6667,""source_id"":""depot:migros-1991"",""market"":""migros"",""depot_name"":""Çiçekçi M Migros"",""index_time"":""18.09.2026 12:24""}]","{""mode"":""pinned-relative"",""previous_prices"":{""depot:migros-1991"":330.0},""previous_level"":330.0,""link_factor"":1.0}"
2026-09-19,meat,sausage,Sosis,id:1Z6D,id:1Z6D,Maret 5'li Sosis 240 Gr,0.24,kg,363.0,1512.5,1512.5,1,1512.5,0.0,api-refined,Sosis,sub_category,2,1,"[""depot:migros-1991""]","[""migros""]",pinned-relative,18.09.2026 12:27,0,1.1,2026-09-19T02:21:41.578632+03:00,"[{""price"":363.0,""api_unit_price"":1512.5,""source_id"":""depot:migros-1991"",""market"":""migros"",""depot_name"":""Çiçekçi M Migros"",""index_time"":""18.09.2026 12:27""}]","{""mode"":""pinned-relative"",""previous_prices"":{""depot:migros-1991"":363.0},""previous_level"":363.0,""link_factor"":1.0}"
2026-09-19,meat,sausage,Sosis,id:1QT6,id:1QT6,Pınar Ekonomik 10'lu Sosis 430 Gr,0.43,kg,489.0,1137.209302,1137.209302,1,1137.2094,0.0,api-refined,Sosis,sub_category,1,1,"[""depot:migros-1991""]","[""migros""]",pinned-relative,18.09.2026 12:24,0,1.1,2026-09-19T02:21:41.578634+03:00,"[{""price"":489.0,""api_unit_price"":1137.2094,""source_id"":""depot:migros-1991"",""market"":""migros"",""depot_name"":""Çiçekçi M Migros"",""index_time"":""18.09.2026 12:24""}]","{""mode"":""pinned-relative"",""previous_prices"":{""depot:migros-1991"":489.0},""previous_level"":489.0,""link_factor"":1.0}"
2026-09-19,meat,sausage,Sosis,id:1DHO,id:1DHO,Pınar Sosis 430 Gr,0.43,kg,599.0,1393.023256,1393.023256,1,1393.0232,0.0,api-refined,Sosis,sub_category,1,1,"[""depot:carrefour-5254""]","[""carrefour""]",pinned-relative,18.09.2026 12:27,0,1.1,2026-09-19T02:21:41.578636+03:00,"[{""price"":599.0,""api_unit_price"":1393.0232,""source_id"":""depot:carrefour-5254"",""market"":""carrefour"",""depot_name"":""Istanbul Üsküdar Salacak Mını"",""index_time"":""18.09.2026 12:27""}]","{""mode"":""pinned-relative"",""previous_prices"":{""depot:carrefour-5254"":599.0},""previous_level"":599.0,""link_factor"":1.0}"
2026-09-19,meat,meatballs,Köfte,id:0896,id:0896,Lezita Dondurulmuş Piliç Kasap Köfte 700 Gr,0.7,kg,159.75,228.214286,228.214286,1,228.21428,0.0,api-refined,Köfte ve Kebap,sub_category,1,1,"[""depot:hakmar-5521""]","[""hakmar""]",pinned-relative,18.09.2026 12:25,0,1.1,2026-09-19T02:21:42.879436+03:00,"[{""price"":159.75,""api_unit_price"":228.21428,""source_id"":""depot:hakmar-5521"",""market"":""hakmar"",""depot_name"":""Ahmediye  Üsküdar"",""index_time"":""18.09.2026 12:25""}]","{""mode"":""pinned-relative"",""previous_prices"":{""depot:hakmar-5521"":159.75},""previous_level"":159.75,""link_factor"":1.0}"
2026-09-19,meat,meatballs,Köfte,id:1J2Q,id:1J2Q,Dondurulmuş Piliç Kasap Köfte 1 Kg,1.0,kg,209.0,209.0,209.0,1,209.0,0.0,api-refined,Köfte ve Kebap,sub_category,1,1,"[""depot:bim-5712""]","[""bim""]",pinned-relative,18.09.2026 12:24,0,1.1,2026-09-19T02:21:42.879449+03:00,"[{""price"":209.0,""api_unit_price"":209.0,""source_id"":""depot:bim-5712"",""market"":""bim"",""depot_name"":""Çiçekçi  Üsküdar"",""index_time"":""18.09.2026 12:24""}]","{""mode"":""pinned-relative"",""previous_prices"":{""depot:bim-5712"":209.0},""previous_level"":209.0,""link_factor"":1.0}"
2026-09-19,meat,meatballs,Köfte,id:03FV,id:03FV,Emin Dondurulmuş Kaşarlı Kasap Köfte 500 Gr,0.5,kg,349.0,698.0,698.0,1,698.0,0.0,api-refined,Köfte ve Kebap,sub_category,1,1,"[""depot:bim-5712""]","[""bim""]",pinned-relative,18.09.2026 12:24,0,1.1,2026-09-19T02:21:42.879452+03:00,"[{""price"":349.0,""api_unit_price"":698.0,""source_id"":""depot:bim-5712"",""market"":""bim"",""depot_name"":""Çiçekçi  Üsküdar"",""index_time"":""18.09.2026 12:24""}]","{""mode"":""pinned-relative"",""previous_prices"":{""depot:bim-5712"":349.0},""previous_level"":349.0,""link_factor"":1.0}"
2026-09-19,meat,meatballs,Köfte,id:3X04,id:3X04,Aytaç Dondurulmuş Maydanozlu Dana Köfte 500 Gr,0.5,kg,399.0,798.0,798.0,1,798.0,0.0,api-refined,Köfte ve Kebap,sub_category,1,1,"[""depot:sok-4707""]","[""sok""]",pinned-relative,18.09.2026 12:22,0,1.1,2026-09-19T02:21:42.879454+03:00,"[{""price"":399.0,""api_unit_price"":798.0,""source_id"":""depot:sok-4707"",""market"":""sok"",""depot_name"":""Şok Minifevziçakmak"",""index_time"":""18.09.2026 12:22""}]","{""mode"":""pinned-relative"",""previous_prices"":{""depot:sok-4707"":399.0},""previous_level"":399.0,""link_factor"":1.0}"
2026-09-19,meat,meatballs,Köfte,id:1OAH,id:1OAH,Dondurulmuş Dana Köfte 500 Gr,0.5,kg,399.0,798.0,798.0,1,798.0,0.0,api-refined,Köfte ve Kebap,sub_category,1,1,"[""depot:bim-5712""]","[""bim""]",pinned-relative,18.09.2026 12:24,0,1.1,2026-09-19T02:21:42.879456+03:00,"[{""price"":399.0,""api_unit_price"":798.0,""source_id"":""depot:bim-5712"",""market"":""bim"",""depot_name"":""Çiçekçi  Üsküdar"",""index_time"":""18.09.2026 12:24""}]","{""mode"":""pinned-relative"",""previous_prices"":{""depot:bim-5712"":399.0},""previous_level"":399.0,""link_factor"":1.0}"
2026-09-19,meat,meatballs,Köfte,id:0O22,id:0O22,Uzman Kasap Dondurulmuş Mangal Köfte 500 Gr,0.5,kg,375.96,751.92,751.92,1,751.92,0.0,api-refined,Köfte ve Kebap,sub_category,1,1,"[""depot:migros-4479""]","[""migros""]",pinned-relative,18.09.2026 12:24,0,1.1,2026-09-19T02:21:42.879458+03:00,"[{""price"":375.96,""api_unit_price"":751.92,""source_id"":""depot:migros-4479"",""market"":""migros"",""depot_name"":""Mjet Üsküdar Paşakapısı"",""index_time"":""18.09.2026 12:24""}]","{""mode"":""pinned-relative"",""previous_prices"":{""depot:migros-4479"":375.96},""previous_level"":375.96,""link_factor"":1.0}"
2026-09-19,meat,meatballs,Köfte,id:05L8,id:05L8,Emin Dondurulmuş Hamburger Köftesi 225 Gr,0.225,kg,175.0,777.777778,777.777778,1,777.7778,0.0,api-refined,Köfte ve Kebap,sub_category,1,1,"[""depot:bim-5712""]","[""bim""]",pinned-relative,18.09.2026 12:24,0,1.0,2026-09-19T02:21:42.879461+03:00,"[{""price"":175.0,""api_unit_price"":777.7778,""source_id"":""depot:bim-5712"",""market"":""bim"",""depot_name"":""Çiçekçi  Üsküdar"",""index_time"":""18.09.2026 12:24""}]","{""mode"":""pinned-relative"",""previous_prices"":{""depot:bim-5712"":175.0},""previous_level"":175.0,""link_factor"":1.0}"
2026-09-19,fish,tuna,Ton balığı,id:1ZRQ,id:1ZRQ,Dardanel Zeytinyağlı Ton Balığı 2x140 Gr,0.28,kg,472.95,1689.107143,1380.089286,1,1689.1072,0.0,api-refined,Ton Balığı Konserveleri,sub_category,2,1,"[""depot:migros-1991""]","[""migros""]",pinned-relative,18.09.2026 12:27,0,1.1,2026-09-19T02:21:46.577431+03:00,"[{""price"":472.95,""api_unit_price"":1689.1072,""source_id"":""depot:migros-1991"",""market"":""migros"",""depot_name"":""Çiçekçi M Migros"",""index_time"":""18.09.2026 12:27""}]","{""mode"":""pinned-relative"",""previous_prices"":{""depot:migros-1991"":472.95},""previous_level"":386.425,""link_factor"":1.0}"
2026-09-19,fish,tuna,Ton balığı,id:1ZG5,id:1ZG5,Dardanel Ayçiçekyağlı Ton Balığı 2x140 Gr,0.28,kg,429.925,1535.446429,1551.369384,2,1535.4465,0.0,api-refined,Ton Balığı Konserveleri,sub_category,2,2,"[""depot:carrefour-1012"",""depot:migros-1991""]","[""carrefour"",""migros""]",pinned-relative,18.09.2026 12:27,0,1.1,2026-09-19T02:21:46.577443+03:00,"[{""price"":429.9,""api_unit_price"":1535.3572,""source_id"":""depot:carrefour-1012"",""market"":""carrefour"",""depot_name"":""Istanbul Acıbadem Hıper"",""index_time"":""18.09.2026 12:27""},{""price"":429.95,""api_unit_price"":1535.5358,""source_id"":""depot:migros-1991"",""market"":""migros"",""depot_name"":""Çiçekçi M Migros"",""index_time"":""18.09.2026 12:27""}]","{""mode"":""pinned-relative"",""previous_prices"":{""depot:carrefour-1012"":429.9,""depot:migros-1991"":429.95},""previous_level"":434.3834274492788,""link_factor"":1.0}"
2026-09-19,fish,tuna,Ton balığı,id:1TJE,id:1TJE,Dardanel Zeytinyağlı Ton Balığı 225 Gr,0.225,kg,439.95,1955.333333,1955.333336,2,1955.3334,0.0,api-refined,Ton Balığı Konserveleri,sub_category,2,2,"[""depot:carrefour-5254"",""depot:migros-1991""]","[""carrefour"",""migros""]",pinned-relative,18.09.2026 12:27,0,1.1,2026-09-19T02:21:46.577446+03:00,"[{""price"":439.95,""api_unit_price"":1955.3334,""source_id"":""depot:migros-1991"",""market"":""migros"",""depot_name"":""Çiçekçi M Migros"",""index_time"":""18.09.2026 12:27""},{""price"":439.95,""api_unit_price"":1955.3334,""source_id"":""depot:carrefour-5254"",""market"":""carrefour"",""depot_name"":""Istanbul Üsküdar Salacak Mını"",""index_time"":""18.09.2026 12:27""}]","{""mode"":""pinned-relative"",""previous_prices"":{""depot:carrefour-5254"":439.95,""depot:migros-1991"":439.95},""previous_level"":439.95000071038874,""link_factor"":1.0}"
2026-09-19,fish,tuna,Ton balığı,id:0ASX,id:0ASX,Carrefour Ton Balığı 160 Gr,0.16,kg,69.9,436.875,436.875,1,436.87503,0.0,api-refined,Ton Balığı Konserveleri,sub_category,1,1,"[""depot:carrefour-5254""]","[""carrefour""]",pinned-relative,18.09.2026 12:26,0,1.1,2026-09-19T02:21:46.577449+03:00,"[{""price"":69.9,""api_unit_price"":436.87503,""source_id"":""depot:carrefour-5254"",""market"":""carrefour"",""depot_name"":""Istanbul Üsküdar Salacak Mını"",""index_time"":""18.09.2026 12:26""}]","{""mode"":""pinned-relative"",""previous_prices"":{""depot:carrefour-5254"":69.9},""previous_level"":69.9,""link_factor"":1.0}"
2026-09-19,fish,tuna,Ton balığı,id:0ZDE,id:0ZDE,Bizim Vatan Ton Balığı 2x160 Gr,0.32,kg,121.0,378.125,378.125,1,378.125,0.0,api-refined,Ton Balığı Konserveleri,sub_category,1,1,"[""depot:sok-4707""]","[""sok""]",pinned-relative,18.09.2026 12:23,0,1.1,2026-09-19T02:21:46.577451+03:00,"[{""price"":121.0,""api_unit_price"":378.125,""source_id"":""depot:sok-4707"",""market"":""sok"",""depot_name"":""Şok Minifevziçakmak"",""index_time"":""18.09.2026 12:23""}]","{""mode"":""pinned-relative"",""previous_prices"":{""depot:sok-4707"":121.0},""previous_level"":121.0,""link_factor"":1.0}"
2026-09-19,fish,tuna,Ton balığı,id:05WT,id:05WT,Derya Ton Balığı 320 Gr,0.32,kg,121.0,378.125,378.125,1,378.125,0.0,api-refined,Ton Balığı Konserveleri,sub_category,1,1,"[""depot:bim-5712""]","[""bim""]",pinned-relative,18.09.2026 12:25,0,1.1,2026-09-19T02:21:46.577454+03:00,"[{""price"":121.0,""api_unit_price"":378.125,""source_id"":""depot:bim-5712"",""market"":""bim"",""depot_name"":""Çiçekçi  Üsküdar"",""index_time"":""18.09.2026 12:25""}]","{""mode"":""pinned-relative"",""previous_prices"":{""depot:bim-5712"":121.0},""previous_level"":121.0,""link_factor"":1.0}"
2026-09-19,fish,tuna,Ton balığı,id:0ATY,id:0ATY,Sasu Acılı Ton Balığı 2x160 Gr,0.32,kg,129.0,403.125,403.125,1,403.125,0.0,api-refined,Ton Balığı Konserveleri,sub_category,1,1,"[""depot:hakmar-5521""]","[""hakmar""]",pinned-relative,18.09.2026 12:25,0,1.1,2026-09-19T02:21:46.577456+03:00,"[{""price"":129.0,""api_unit_price"":403.125,""source_id"":""depot:hakmar-5521"",""market"":""hakmar"",""depot_name"":""Ahmediye  Üsküdar"",""index_time"":""18.09.2026 12:25""}]","{""mode"":""pinned-relative"",""previous_prices"":{""depot:hakmar-5521"":129.0},""previous_level"":129.0,""link_factor"":1.0}"
2026-09-19,fish,tuna,Ton balığı,id:0CNK,id:1KJ3,Superfresh Zeytinyağlı Ton Balığı 3x75 Gr,0.225,kg,367.455,1633.133333,378.125,2,1633.1334,0.0,api-refined,Ton Balığı Konserveleri,sub_category,2,2,"[""depot:carrefour-1012"",""depot:migros-1991""]","[""carrefour"",""migros""]",pinned-relative,18.09.2026 12:27,1,1.1,2026-09-19T02:21:46.577458+03:00,"[{""price"":314.96,""api_unit_price"":1399.8223,""source_id"":""depot:migros-1991"",""market"":""migros"",""depot_name"":""Çiçekçi M Migros"",""index_time"":""18.09.2026 12:27""},{""price"":419.95,""api_unit_price"":1866.4445,""source_id"":""depot:carrefour-1012"",""market"":""carrefour"",""depot_name"":""Istanbul Acıbadem Hıper"",""index_time"":""18.09.2026 12:27""}]","{""mode"":""pinned-relative"",""previous_prices"":{""depot:carrefour-1012"":419.95,""depot:migros-1991"":314.96},""previous_level"":367.455,""link_factor"":0.23153345312314436}"
2026-09-19,fish,tuna,Ton balığı,id:20PP,id:20S1,Superfresh Ayçiçek Yağlı Ton Balığı 280 Gr,0.28,kg,239.95,856.964286,1382.610164,1,856.9643,0.0,api-refined,Ton Balığı Konserveleri,sub_category,2,1,"[""depot:carrefour-1012""]","[""carrefour""]",pinned-relative,18.09.2026 12:27,1,1.1,2026-09-19T02:21:46.577460+03:00,"[{""price"":239.95,""api_unit_price"":856.9643,""source_id"":""depot:carrefour-1012"",""market"":""carrefour"",""depot_name"":""Istanbul Acıbadem Hıper"",""index_time"":""18.09.2026 12:27""}]","{""mode"":""pinned-relative"",""previous_prices"":{""depot:carrefour-1012"":239.95},""previous_level"":209.52745425713587,""link_factor"":1.8476378056555287}"
2026-09-19,fish,tuna,Ton balığı,id:04KZ,id:04KZ,Superfresh Klasik Ton Balığı 4x75 Gr,0.3,kg,199.0,663.333333,663.333333,1,663.3334,0.0,api-refined,Ton Balığı Konserveleri,sub_category,1,1,"[""depot:hakmar-5521""]","[""hakmar""]",pinned-relative,18.09.2026 12:25,0,1.1,2026-09-19T02:21:46.577462+03:00,"[{""price"":199.0,""api_unit_price"":663.3334,""source_id"":""depot:hakmar-5521"",""market"":""hakmar"",""depot_name"":""Ahmediye  Üsküdar"",""index_time"":""18.09.2026 12:25""}]","{""mode"":""pinned-relative"",""previous_prices"":{""depot:hakmar-5521"":199.0},""previous_level"":199.0,""link_factor"":1.0}"
2026-09-19,fish,tuna,Ton balığı,id:1IZ1,id:1ZAS,Dardanel Füme Ton Balığı 2x140 Gr,0.28,kg,431.975,1542.767857,473.809524,2,1542.7679,0.0,api-refined,Ton Balığı Konserveleri,sub_category,2,2,"[""depot:carrefour-5036"",""depot:migros-1991""]","[""carrefour"",""migros""]",pinned-relative,18.09.2026 12:26,1,1.1,2026-09-19T02:21:46.577464+03:00,"[{""price"":429.95,""api_unit_price"":1535.5358,""source_id"":""depot:migros-1991"",""market"":""migros"",""depot_name"":""Çiçekçi M Migros"",""index_time"":""18.09.2026 12:26""},{""price"":434.0,""api_unit_price"":1550.0,""source_id"":""depot:carrefour-5036"",""market"":""carrefour"",""depot_name"":""Istanbul Moda Caddesı Mını"",""index_time"":""18.09.2026 12:26""}]","{""mode"":""pinned-relative"",""previous_prices"":{""depot:carrefour-5036"":434.0,""depot:migros-1991"":429.95},""previous_level"":431.975,""link_factor"":0.30711653853182397}"
2026-09-19,fish,tuna,Ton balığı,id:1T7L,id:1T7L,Superfresh Klasik Ton Balığı 3x75 Gr,0.225,kg,382.95,1702.0,1702.0,1,1702.0,0.0,api-refined,Ton Balığı Konserveleri,sub_category,1,1,"[""depot:carrefour-5254""]","[""carrefour""]",pinned-relative,18.09.2026 12:26,0,1.1,2026-09-19T02:21:46.577466+03:00,"[{""price"":382.95,""api_unit_price"":1702.0,""source_id"":""depot:carrefour-5254"",""market"":""carrefour"",""depot_name"":""Istanbul Üsküdar Salacak Mını"",""index_time"":""18.09.2026 12:26""}]","{""mode"":""pinned-relative"",""previous_prices"":{""depot:carrefour-5254"":382.95},""previous_level"":382.95,""link_factor"":1.0}"
2026-09-19,fish,tuna,Ton balığı,id:0TLE,id:0TLE,Kalite Tonla Zeytinyağlı Ton Balığı 2x150 Gr,0.3,kg,269.95,899.833333,899.833333,1,899.8334,0.0,api-refined,Ton Balığı Konserveleri,sub_category,1,1,"[""depot:migros-564""]","[""migros""]",pinned-relative,18.09.2026 12:24,0,1.1,2026-09-19T02:21:46.577469+03:00,"[{""price"":269.95,""api_unit_price"":899.8334,""source_id"":""depot:migros-564"",""market"":""migros"",""depot_name"":""Kadıköy Çarşı M Migros"",""index_time"":""18.09.2026 12:24""}]","{""mode"":""pinned-relative"",""previous_prices"":{""depot:migros-564"":269.95},""previous_level"":269.95,""link_factor"":1.0}"
2026-09-19,fish,tuna,Ton balığı,id:1JE6,id:1U1A,Dardanel Kinoalı Ton Balığı Aç Ye 160 Gr,0.16,kg,186.95,1168.4375,1276.488889,2,1168.4375,0.0,api-refined,Ton Balığı Konserveleri,sub_category,2,2,"[""depot:carrefour-1012"",""depot:migros-564""]","[""carrefour"",""migros""]",pinned-relative,18.09.2026 12:27,1,1.1,2026-09-19T02:21:46.577471+03:00,"[{""price"":186.95,""api_unit_price"":1168.4375,""source_id"":""depot:migros-564"",""market"":""migros"",""depot_name"":""Kadıköy Çarşı M Migros"",""index_time"":""18.09.2026 12:27""},{""price"":186.95,""api_unit_price"":1168.4375,""source_id"":""depot:carrefour-1012"",""market"":""carrefour"",""depot_name"":""Istanbul Acıbadem Hıper"",""index_time"":""18.09.2026 12:27""}]","{""mode"":""pinned-relative"",""previous_prices"":{""depot:carrefour-1012"":186.95,""depot:migros-564"":186.95},""previous_level"":186.95,""link_factor"":1.0924751122760097}"
2026-09-19,fish,tuna,Ton balığı,id:17YO,id:17YO,Dardanel Ekonomik Ton Balığı 3x140 G,0.42,kg,289.0,688.095238,688.095238,1,688.0952,0.0,api-refined,Ton Balığı Konserveleri,sub_category,1,1,"[""depot:tarim_kredi-5022""]","[""tarim_kredi""]",pinned-relative,18.09.2026 12:27,0,1.1,2026-09-19T02:21:46.577473+03:00,"[{""price"":289.0,""api_unit_price"":688.0952,""source_id"":""depot:tarim_kredi-5022"",""market"":""tarim_kredi"",""depot_name"":""Istanbul Kadıköy Market"",""index_time"":""18.09.2026 12:27""}]","{""mode"":""pinned-relative"",""previous_prices"":{""depot:tarim_kredi-5022"":289.0},""previous_level"":289.0,""link_factor"":1.0}"
2026-09-19,fish,tuna,Ton balığı,id:0S63,id:0S63,Fide Acılı Ton Balığı 320 Gr,0.32,kg,301.95,943.59375,943.59375,1,943.5938,0.0,api-refined,Ton Balığı Konserveleri,sub_category,1,1,"[""depot:migros-564""]","[""migros""]",pinned-relative,18.09.2026 12:24,0,1.1,2026-09-19T02:21:46.577475+03:00,"[{""price"":301.95,""api_unit_price"":943.5938,""source_id"":""depot:migros-564"",""market"":""migros"",""depot_name"":""Kadıköy Çarşı M Migros"",""index_time"":""18.09.2026 12:24""}]","{""mode"":""pinned-relative"",""previous_prices"":{""depot:migros-564"":301.95},""previous_level"":301.95,""link_factor"":1.0}"
2026-09-19,fish,sardine,Konserve sardalya,id:0LBN,id:0LBN,Tada Sardalya Konservesi 125 Gr,0.125,kg,141.95,1135.6,1135.6,1,1135.6,0.0,api-refined,Deniz Ürünleri,main_category,1,1,"[""depot:migros-564""]","[""migros""]",pinned-relative,18.09.2026 12:24,0,1.1,2026-09-19T02:21:47.859012+03:00,"[{""price"":141.95,""api_unit_price"":1135.6,""source_id"":""depot:migros-564"",""market"":""migros"",""depot_name"":""Kadıköy Çarşı M Migros"",""index_time"":""18.09.2026 12:24""}]","{""mode"":""pinned-relative"",""previous_prices"":{""depot:migros-564"":141.95},""previous_level"":141.95,""link_factor"":1.0}"
2026-09-19,fish,smoked_salmon,Somon füme,id:1QHC,id:1QHC,Dardanel Soğutulmuş Somon Füme Balık 80 Gr,0.08,kg,289.9,3623.75,3623.75,1,3623.75,0.0,api-refined,Somon,sub_category,2,1,"[""depot:migros-564""]","[""migros""]",pinned-relative,18.09.2026 12:28,0,1.1,2026-09-19T02:21:49.064865+03:00,"[{""price"":289.9,""api_unit_price"":3623.75,""source_id"":""depot:migros-564"",""market"":""migros"",""depot_name"":""Kadıköy Çarşı M Migros"",""index_time"":""18.09.2026 12:28""}]","{""mode"":""pinned-relative"",""previous_prices"":{""depot:migros-564"":289.9},""previous_level"":289.9,""link_factor"":1.0}"
2026-09-19,fish,smoked_salmon,Somon füme,id:1MI7,id:1MI7,Kocaman Karadeniz Somon Füme 100 Gr,0.1,kg,214.0,2140.0,2140.0,1,2140.0,0.0,api-refined,Somon,sub_category,1,1,"[""depot:carrefour-1012""]","[""carrefour""]",pinned-relative,18.09.2026 12:27,0,1.1,2026-09-19T02:21:49.064876+03:00,"[{""price"":214.0,""api_unit_price"":2140.0,""source_id"":""depot:carrefour-1012"",""market"":""carrefour"",""depot_name"":""Istanbul Acıbadem Hıper"",""index_time"":""18.09.2026 12:27""}]","{""mode"":""pinned-relative"",""previous_prices"":{""depot:carrefour-1012"":214.0},""previous_level"":214.0,""link_factor"":1.0}"
2026-09-19,fish,smoked_salmon,Somon füme,id:0MB3,id:0FY4,Carrefour Somon Füme 100 Gr,0.1,kg,354.95,3549.5,3549.0,1,3549.5002,0.0,api-refined,Somon,sub_category,1,1,"[""depot:carrefour-1012""]","[""carrefour""]",pinned-relative,18.09.2026 12:26,1,1.1,2026-09-19T02:21:49.064880+03:00,"[{""price"":354.95,""api_unit_price"":3549.5002,""source_id"":""depot:carrefour-1012"",""market"":""carrefour"",""depot_name"":""Istanbul Acıbadem Hıper"",""index_time"":""18.09.2026 12:26""}]","{""mode"":""pinned-relative"",""previous_prices"":{""depot:carrefour-1012"":354.95},""previous_level"":354.95,""link_factor"":0.9998591350894492}"
2026-09-19,fish,smoked_salmon,Somon füme,id:0RPP,id:0AUA,Ant Bahar Baharatlı Somon Füme 100 Gr,0.1,kg,279.0,2790.0,2699.0,1,2790.0,0.0,api-refined,Somon,sub_category,1,1,"[""depot:carrefour-1012""]","[""carrefour""]",pinned-relative,18.09.2026 12:27,1,1.1,2026-09-19T02:21:49.064882+03:00,"[{""price"":279.0,""api_unit_price"":2790.0,""source_id"":""depot:carrefour-1012"",""market"":""carrefour"",""depot_name"":""Istanbul Acıbadem Hıper"",""index_time"":""18.09.2026 12:27""}]","{""mode"":""pinned-relative"",""previous_prices"":{""depot:carrefour-1012"":279.0},""previous_level"":279.0,""link_factor"":0.9673835125448028}"
2026-09-19,fish,salmon,Somon fileto,id:0H1E,id:0H1E,Somon Dilim Hazır 1 Kg,1.0,kg,999.0,999.0,999.0,1,999.0,0.0,api-refined,Somon,sub_category,1,1,"[""depot:carrefour-1012""]","[""carrefour""]",pinned-relative,18.09.2026 12:26,0,1.1,2026-09-19T02:21:50.277357+03:00,"[{""price"":999.0,""api_unit_price"":999.0,""source_id"":""depot:carrefour-1012"",""market"":""carrefour"",""depot_name"":""Istanbul Acıbadem Hıper"",""index_time"":""18.09.2026 12:26""}]","{""mode"":""pinned-relative"",""previous_prices"":{""depot:carrefour-1012"":999.0},""previous_level"":999.0,""link_factor"":1.0}"
2026-09-19,fish,salmon,Somon fileto,id:00FL,id:00FL,Somon Bütün 1 Kg,1.0,kg,799.0,799.0,799.0,1,799.0,0.0,api-refined,Somon,sub_category,1,1,"[""depot:carrefour-1012""]","[""carrefour""]",pinned-relative,18.09.2026 12:27,0,1.1,2026-09-19T02:21:50.277369+03:00,"[{""price"":799.0,""api_unit_price"":799.0,""source_id"":""depot:carrefour-1012"",""market"":""carrefour"",""depot_name"":""Istanbul Acıbadem Hıper"",""index_time"":""18.09.2026 12:27""}]","{""mode"":""pinned-relative"",""previous_prices"":{""depot:carrefour-1012"":799.0},""previous_level"":799.0,""link_factor"":1.0}"
2026-09-19,fish,salmon,Somon fileto,id:0H1V,id:0H1V,Türk Somonu Temizlenmemiş 1 Kg,1.0,kg,279.0,279.0,279.0,1,279.0,0.0,api-refined,Somon,sub_category,1,1,"[""depot:carrefour-1012""]","[""carrefour""]",pinned-relative,18.09.2026 12:27,0,1.0,2026-09-19T02:21:50.277372+03:00,"[{""price"":279.0,""api_unit_price"":279.0,""source_id"":""depot:carrefour-1012"",""market"":""carrefour"",""depot_name"":""Istanbul Acıbadem Hıper"",""index_time"":""18.09.2026 12:27""}]","{""mode"":""pinned-relative"",""previous_prices"":{""depot:carrefour-1012"":279.0},""previous_level"":279.0,""link_factor"":1.0}"
2026-09-19,fish,salmon,Somon fileto,id:0DMR,id:0DMR,Marines Karadeniz Somonu 500 Gr,0.5,kg,349.0,698.0,698.0,1,698.0,0.0,api-refined,Somon,sub_category,1,1,"[""depot:carrefour-1012""]","[""carrefour""]",pinned-relative,18.09.2026 12:27,0,1.0,2026-09-19T02:21:50.277375+03:00,"[{""price"":349.0,""api_unit_price"":698.0,""source_id"":""depot:carrefour-1012"",""market"":""carrefour"",""depot_name"":""Istanbul Acıbadem Hıper"",""index_time"":""18.09.2026 12:27""}]","{""mode"":""pinned-relative"",""previous_prices"":{""depot:carrefour-1012"":349.0},""previous_level"":349.0,""link_factor"":1.0}"
2026-09-19,fish,frozen_fish,Dondurulmuş balık,id:1NG9,id:1NG9,Balık Dünyası Uskumru Fileto 500 Gr,0.5,kg,179.0,358.0,358.0,2,358.0,0.0,api-refined,Dondurulmuş Balık,sub_category,2,2,"[""depot:carrefour-1012"",""depot:sok-7238""]","[""carrefour"",""sok""]",pinned-relative,18.09.2026 12:27,0,1.1,2026-09-19T02:21:51.603507+03:00,"[{""price"":129.0,""api_unit_price"":258.0,""source_id"":""depot:sok-7238"",""market"":""sok"",""depot_name"":""Rıhtım Cdkadıköy"",""index_time"":""18.09.2026 12:27""},{""price"":229.0,""api_unit_price"":458.0,""source_id"":""depot:carrefour-1012"",""market"":""carrefour"",""depot_name"":""Istanbul Acıbadem Hıper"",""index_time"":""18.09.2026 12:27""}]","{""mode"":""pinned-relative"",""previous_prices"":{""depot:carrefour-1012"":229.0,""depot:sok-7238"":129.0},""previous_level"":179.0,""link_factor"":1.0}"
2026-09-19,fish,frozen_fish,Dondurulmuş balık,id:1IL7,id:1IL7,Balık Dünyası Temizlenmiş Sardalya 500 Gr,0.5,kg,149.0,298.0,298.0,1,298.0,0.0,api-refined,Dondurulmuş Balık,sub_category,1,1,"[""depot:carrefour-1012""]","[""carrefour""]",pinned-relative,18.09.2026 12:27,0,1.1,2026-09-19T02:21:51.603519+03:00,"[{""price"":149.0,""api_unit_price"":298.0,""source_id"":""depot:carrefour-1012"",""market"":""carrefour"",""depot_name"":""Istanbul Acıbadem Hıper"",""index_time"":""18.09.2026 12:27""}]","{""mode"":""pinned-relative"",""previous_prices"":{""depot:carrefour-1012"":149.0},""previous_level"":149.0,""link_factor"":1.0}"
2026-09-19,fish,frozen_fish,Dondurulmuş balık,id:042I,id:0H65,Kuzey Balık Dondurulmuş Somon Steak Dilim 500 Gr,0.5,kg,299.0,598.0,484.375,1,598.0,0.0,api-refined,Dondurulmuş Balık,sub_category,1,1,"[""depot:tarim_kredi-7488""]","[""tarim_kredi""]",pinned-relative,18.09.2026 12:26,1,1.1,2026-09-19T02:21:51.603522+03:00,"[{""price"":299.0,""api_unit_price"":598.0,""source_id"":""depot:tarim_kredi-7488"",""market"":""tarim_kredi"",""depot_name"":""Istanbul Kadıköy Kızıltoprak"",""index_time"":""18.09.2026 12:26""}]","{""mode"":""pinned-relative"",""previous_prices"":{""depot:tarim_kredi-7488"":299.0},""previous_level"":299.0,""link_factor"":0.8099916387959866}"
2026-09-19,fish,frozen_fish,Dondurulmuş balık,id:1PS7,id:1PS7,Balık Dünyası Türk Somonu 440 Gr,0.44,kg,165.0,375.0,375.0,1,375.0,0.0,api-refined,Dondurulmuş Balık,sub_category,1,1,"[""depot:sok-1017""]","[""sok""]",pinned-relative,18.09.2026 12:21,0,1.1,2026-09-19T02:21:51.603524+03:00,"[{""price"":165.0,""api_unit_price"":375.0,""source_id"":""depot:sok-1017"",""market"":""sok"",""depot_name"":""Selimiye"",""index_time"":""18.09.2026 12:21""}]","{""mode"":""pinned-relative"",""previous_prices"":{""depot:sok-1017"":165.0},""previous_level"":165.0,""link_factor"":1.0}"
2026-09-19,fish,frozen_fish,Dondurulmuş balık,id:1LWQ,id:1LWQ,Balık Dünyası Dondurulmuş Hamsi 500 Gr,0.5,kg,199.0,398.0,398.0,1,398.0,0.0,api-refined,Dondurulmuş Balık,sub_category,1,1,"[""depot:carrefour-1012""]","[""carrefour""]",pinned-relative,18.09.2026 12:26,0,1.1,2026-09-19T02:21:51.603527+03:00,"[{""price"":199.0,""api_unit_price"":398.0,""source_id"":""depot:carrefour-1012"",""market"":""carrefour"",""depot_name"":""Istanbul Acıbadem Hıper"",""index_time"":""18.09.2026 12:26""}]","{""mode"":""pinned-relative"",""previous_prices"":{""depot:carrefour-1012"":199.0},""previous_level"":199.0,""link_factor"":1.0}"
2026-09-19,fish,frozen_fish,Dondurulmuş balık,id:05XO,id:042I,Kuzey Balık Dondurulmuş Temizlenmiş Alabalık 320 Gr,0.32,kg,155.0,484.375,570.0,1,484.375,0.0,api-refined,Dondurulmuş Balık,sub_category,1,1,"[""depot:tarim_kredi-7488""]","[""tarim_kredi""]",pinned-relative,18.09.2026 12:26,1,1.1,2026-09-19T02:21:51.603529+03:00,"[{""price"":155.0,""api_unit_price"":484.375,""source_id"":""depot:tarim_kredi-7488"",""market"":""tarim_kredi"",""depot_name"":""Istanbul Kadıköy Kızıltoprak"",""index_time"":""18.09.2026 12:26""}]","{""mode"":""pinned-relative"",""previous_prices"":{""depot:tarim_kredi-7488"":155.0},""previous_level"":155.0,""link_factor"":1.176774193548387}"
2026-09-19,fish,frozen_fish,Dondurulmuş balık,id:0H65,id:1LCU,Balık Dünyası Yerli Türk Somonu Dilim 500 Gr,0.5,kg,249.0,498.0,598.0,1,498.0,0.0,api-refined,Dondurulmuş Balık,sub_category,1,1,"[""depot:carrefour-1012""]","[""carrefour""]",pinned-relative,18.09.2026 12:27,1,1.1,2026-09-19T02:21:51.603531+03:00,"[{""price"":249.0,""api_unit_price"":498.0,""source_id"":""depot:carrefour-1012"",""market"":""carrefour"",""depot_name"":""Istanbul Acıbadem Hıper"",""index_time"":""18.09.2026 12:27""}]","{""mode"":""pinned-relative"",""previous_prices"":{""depot:carrefour-1012"":249.0},""previous_level"":249.0,""link_factor"":1.2008032128514057}"
2026-09-19,fish,frozen_fish,Dondurulmuş balık,id:1BB5,id:0IW5,Balık Dünyası Panga Fileto 1 Kg,1.0,kg,449.0,449.0,375.0,1,449.0,0.0,api-refined,Dondurulmuş Balık,sub_category,1,1,"[""depot:carrefour-1012""]","[""carrefour""]",pinned-relative,18.09.2026 12:26,1,1.1,2026-09-19T02:21:51.603533+03:00,"[{""price"":449.0,""api_unit_price"":449.0,""source_id"":""depot:carrefour-1012"",""market"":""carrefour"",""depot_name"":""Istanbul Acıbadem Hıper"",""index_time"":""18.09.2026 12:26""}]","{""mode"":""pinned-relative"",""previous_prices"":{""depot:carrefour-1012"":449.0},""previous_level"":449.0,""link_factor"":0.8351893095768375}"
2026-09-19,dairy_eggs,milk,İçme sütü,id:1CFQ,id:1QVF,İçim Fit Proteinli Kahveli Süt 400 Ml,0.4,l,74.9,187.25,64.575611,3,187.25,0.0,api-refined,Süt,main_category,3,3,"[""depot:bim-5712"",""depot:carrefour-5254"",""depot:migros-6679""]","[""bim"",""carrefour"",""migros""]",pinned-relative,18.09.2026 12:27,1,1.1,2026-09-19T02:22:02.945981+03:00,"[{""price"":59.0,""api_unit_price"":147.5,""source_id"":""depot:bim-5712"",""market"":""bim"",""depot_name"":""Çiçekçi  Üsküdar"",""index_time"":""18.09.2026 12:27""},{""price"":74.9,""api_unit_price"":187.25,""source_id"":""depot:migros-6679"",""market"":""migros"",""depot_name"":""Mjet Kadıköy Rasımpaşa Istanbu"",""index_time"":""18.09.2026 12:27""},{""price"":74.9,""api_unit_price"":187.25,""source_id"":""depot:carrefour-5254"",""market"":""carrefour"",""depot_name"":""Istanbul Üsküdar Salacak Mını"",""index_time"":""18.09.2026 12:27""}]","{""mode"":""pinned-relative"",""previous_prices"":{""depot:bim-5712"":59.0,""depot:carrefour-5254"":74.9,""depot:migros-6679"":74.9},""previous_level"":83.5544359103689,""link_factor"":0.30914270761014684}"
2026-09-19,dairy_eggs,milk,İçme sütü,id:1RT9,id:1RT9,Pınar Organik Süt 1 Lt,1.0,l,89.95,89.95,98.950294,1,89.95,0.0,api-refined,Süt,main_category,2,1,"[""depot:carrefour-5254""]","[""carrefour""]",pinned-relative,18.09.2026 12:27,0,1.1,2026-09-19T02:22:02.945994+03:00,"[{""price"":89.95,""api_unit_price"":89.95,""source_id"":""depot:carrefour-5254"",""market"":""carrefour"",""depot_name"":""Istanbul Üsküdar Salacak Mını"",""index_time"":""18.09.2026 12:27""}]","{""mode"":""pinned-relative"",""previous_prices"":{""depot:carrefour-5254"":89.95},""previous_level"":98.95029429075929,""link_factor"":1.0}"
2026-09-19,dairy_eggs,milk,İçme sütü,id:1H2F,id:1H2F,Dost %0.5 Yağlı Süt 1 Lt,1.0,l,32.5,32.5,32.5,1,32.5,0.0,api-refined,Süt,main_category,1,1,"[""depot:bim-5712""]","[""bim""]",pinned-relative,18.09.2026 12:25,0,1.1,2026-09-19T02:22:02.945997+03:00,"[{""price"":32.5,""api_unit_price"":32.5,""source_id"":""depot:bim-5712"",""market"":""bim"",""depot_name"":""Çiçekçi  Üsküdar"",""index_time"":""18.09.2026 12:25""}]","{""mode"":""pinned-relative"",""previous_prices"":{""depot:bim-5712"":32.5},""previous_level"":32.5,""link_factor"":1.0}"
2026-09-19,dairy_eggs,milk,İçme sütü,id:1FJ0,id:1FJ0,Aytaç %0.5 Yağlı Süt 1 Lt,1.0,l,35.0,35.0,35.0,1,35.0,0.0,api-refined,Süt,main_category,1,1,"[""depot:bim-5712""]","[""bim""]",pinned-relative,18.09.2026 12:25,0,1.1,2026-09-19T02:22:02.946000+03:00,"[{""price"":35.0,""api_unit_price"":35.0,""source_id"":""depot:bim-5712"",""market"":""bim"",""depot_name"":""Çiçekçi  Üsküdar"",""index_time"":""18.09.2026 12:25""}]","{""mode"":""pinned-relative"",""previous_prices"":{""depot:bim-5712"":35.0},""previous_level"":35.0,""link_factor"":1.0}"
2026-09-19,dairy_eggs,milk,İçme sütü,id:0OGK,id:0OGK,"Pınar %0,5 Yağlı Süt 1 Lt",1.0,l,42.5,42.5,42.5,1,42.5,0.0,api-refined,Süt,main_category,1,1,"[""depot:bim-5712""]","[""bim""]",pinned-relative,18.09.2026 12:27,0,1.1,2026-09-19T02:22:02.946003+03:00,"[{""price"":42.5,""api_unit_price"":42.5,""source_id"":""depot:bim-5712"",""market"":""bim"",""depot_name"":""Çiçekçi  Üsküdar"",""index_time"":""18.09.2026 12:27""}]","{""mode"":""pinned-relative"",""previous_prices"":{""depot:bim-5712"":42.5},""previous_level"":42.5,""link_factor"":1.0}"
2026-09-19,dairy_eggs,milk,İçme sütü,id:0PY7,id:0PY7,Mis Yarım Yağlı Uht Süt 1 Lt,1.0,l,43.5,43.5,43.5,1,43.5,0.0,api-refined,Süt,main_category,1,1,"[""depot:sok-4707""]","[""sok""]",pinned-relative,18.09.2026 12:23,0,1.1,2026-09-19T02:22:02.946005+03:00,"[{""price"":43.5,""api_unit_price"":43.5,""source_id"":""depot:sok-4707"",""market"":""sok"",""depot_name"":""Şok Minifevziçakmak"",""index_time"":""18.09.2026 12:23""}]","{""mode"":""pinned-relative"",""previous_prices"":{""depot:sok-4707"":43.5},""previous_level"":43.5,""link_factor"":1.0}"
2026-09-19,dairy_eggs,milk,İçme sütü,id:0VK4,id:0VK4,Teksüt %1.5 Yağlı Süt 1 Lt,1.0,l,44.5,44.5,44.5,1,44.5,0.0,api-refined,Süt,main_category,1,1,"[""depot:bim-5712""]","[""bim""]",pinned-relative,18.09.2026 12:25,0,1.1,2026-09-19T02:22:02.946007+03:00,"[{""price"":44.5,""api_unit_price"":44.5,""source_id"":""depot:bim-5712"",""market"":""bim"",""depot_name"":""Çiçekçi  Üsküdar"",""index_time"":""18.09.2026 12:25""}]","{""mode"":""pinned-relative"",""previous_prices"":{""depot:bim-5712"":44.5},""previous_level"":44.5,""link_factor"":1.0}"
2026-09-19,dairy_eggs,milk,İçme sütü,id:0OM4,id:0OM4,Dost %3.1 Yağlı Süt 1 Lt,1.0,l,52.5,52.5,52.5,1,52.5,0.0,api-refined,Süt,main_category,1,1,"[""depot:bim-5712""]","[""bim""]",pinned-relative,18.09.2026 12:24,0,1.1,2026-09-19T02:22:02.946010+03:00,"[{""price"":52.5,""api_unit_price"":52.5,""source_id"":""depot:bim-5712"",""market"":""bim"",""depot_name"":""Çiçekçi  Üsküdar"",""index_time"":""18.09.2026 12:24""}]","{""mode"":""pinned-relative"",""previous_prices"":{""depot:bim-5712"":52.5},""previous_level"":52.5,""link_factor"":1.0}"
2026-09-19,dairy_eggs,milk,İçme sütü,id:06EX,id:06EX,Göynük Doğal %3.1 Yağlı Süt 1 Lt,1.0,l,52.5,52.5,52.5,1,52.5,0.0,api-refined,Süt,main_category,1,1,"[""depot:hakmar-5521""]","[""hakmar""]",pinned-relative,18.09.2026 12:25,0,1.1,2026-09-19T02:22:02.946012+03:00,"[{""price"":52.5,""api_unit_price"":52.5,""source_id"":""depot:hakmar-5521"",""market"":""hakmar"",""depot_name"":""Ahmediye  Üsküdar"",""index_time"":""18.09.2026 12:25""}]","{""mode"":""pinned-relative"",""previous_prices"":{""depot:hakmar-5521"":52.5},""previous_level"":52.5,""link_factor"":1.0}"
2026-09-19,dairy_eggs,milk,İçme sütü,id:0G47,id:0G47,Carrefour Yağlı Süt 1 Lt,1.0,l,52.75,52.75,52.75,1,52.75,0.0,api-refined,Süt,main_category,1,1,"[""depot:carrefour-5254""]","[""carrefour""]",pinned-relative,18.09.2026 12:27,0,1.1,2026-09-19T02:22:02.946014+03:00,"[{""price"":52.75,""api_unit_price"":52.75,""source_id"":""depot:carrefour-5254"",""market"":""carrefour"",""depot_name"":""Istanbul Üsküdar Salacak Mını"",""index_time"":""18.09.2026 12:27""}]","{""mode"":""pinned-relative"",""previous_prices"":{""depot:carrefour-5254"":52.75},""previous_level"":52.75,""link_factor"":1.0}"
2026-09-19,dairy_eggs,milk,İçme sütü,id:1NNL,id:1NNL,Sek %1.5 Yağlı Süt 1 Lt,1.0,l,53.0,53.0,53.0,1,53.0,0.0,api-refined,Süt,main_category,1,1,"[""depot:bim-5712""]","[""bim""]",pinned-relative,18.09.2026 12:25,0,1.1,2026-09-19T02:22:02.946016+03:00,"[{""price"":53.0,""api_unit_price"":53.0,""source_id"":""depot:bim-5712"",""market"":""bim"",""depot_name"":""Çiçekçi  Üsküdar"",""index_time"":""18.09.2026 12:25""}]","{""mode"":""pinned-relative"",""previous_prices"":{""depot:bim-5712"":53.0},""previous_level"":53.0,""link_factor"":1.0}"
2026-09-19,dairy_eggs,milk,İçme sütü,id:00DR,id:00DR,Dost Günlük Pastörize Süt 1 Lt,1.0,l,59.0,59.0,59.0,1,59.0,0.0,api-refined,Süt,main_category,1,1,"[""depot:bim-5712""]","[""bim""]",pinned-relative,18.09.2026 12:24,0,1.1,2026-09-19T02:22:02.946018+03:00,"[{""price"":59.0,""api_unit_price"":59.0,""source_id"":""depot:bim-5712"",""market"":""bim"",""depot_name"":""Çiçekçi  Üsküdar"",""index_time"":""18.09.2026 12:24""}]","{""mode"":""pinned-relative"",""previous_prices"":{""depot:bim-5712"":59.0},""previous_level"":59.0,""link_factor"":1.0}"
2026-09-19,dairy_eggs,milk,İçme sütü,id:1WEL,id:1YKB,Pınar %1 Yağlı Süt 1 Lt,1.0,l,62.925,62.925,65.0,2,62.925,0.0,api-refined,Süt,main_category,2,2,"[""depot:migros-1991"",""depot:sok-4707""]","[""migros"",""sok""]",pinned-relative,18.09.2026 12:27,1,1.1,2026-09-19T02:22:02.946020+03:00,"[{""price"":59.9,""api_unit_price"":59.9,""source_id"":""depot:sok-4707"",""market"":""sok"",""depot_name"":""Şok Minifevziçakmak"",""index_time"":""18.09.2026 12:27""},{""price"":65.95,""api_unit_price"":65.95,""source_id"":""depot:migros-1991"",""market"":""migros"",""depot_name"":""Çiçekçi M Migros"",""index_time"":""18.09.2026 12:27""}]","{""mode"":""pinned-relative"",""previous_prices"":{""depot:migros-1991"":65.95,""depot:sok-4707"":59.9},""previous_level"":62.925,""link_factor"":1.0329757647993643}"
2026-09-19,dairy_eggs,milk,İçme sütü,id:1E1I,id:1E1I,Yörsan %3 Yağlı Uht Süt 1 Lt,1.0,l,66.95,66.95,66.95,1,66.95,0.0,api-refined,Süt,main_category,1,1,"[""depot:migros-564""]","[""migros""]",pinned-relative,18.09.2026 12:24,0,1.1,2026-09-19T02:22:02.946023+03:00,"[{""price"":66.95,""api_unit_price"":66.95,""source_id"":""depot:migros-564"",""market"":""migros"",""depot_name"":""Kadıköy Çarşı M Migros"",""index_time"":""18.09.2026 12:24""}]","{""mode"":""pinned-relative"",""previous_prices"":{""depot:migros-564"":66.95},""previous_level"":66.95,""link_factor"":1.0}"
2026-09-19,dairy_eggs,milk,İçme sütü,id:0APR,id:0APR,İçim Barista Süt 1 Lt,1.0,l,73.95,73.95,73.95,1,73.95,0.0,api-refined,Süt,main_category,1,1,"[""depot:carrefour-1012""]","[""carrefour""]",pinned-relative,18.09.2026 12:27,0,1.1,2026-09-19T02:22:02.946025+03:00,"[{""price"":73.95,""api_unit_price"":73.95,""source_id"":""depot:carrefour-1012"",""market"":""carrefour"",""depot_name"":""Istanbul Acıbadem Hıper"",""index_time"":""18.09.2026 12:27""}]","{""mode"":""pinned-relative"",""previous_prices"":{""depot:carrefour-1012"":73.95},""previous_level"":73.95,""link_factor"":1.0}"
2026-09-19,dairy_eggs,milk,İçme sütü,id:1HEV,id:1HEV,"Sütaş %3,5 Tam Yağlı Süt 1 Lt",1.0,l,85.95,85.95,85.95,1,85.95,0.0,api-refined,Süt,main_category,1,1,"[""depot:carrefour-1012""]","[""carrefour""]",pinned-relative,18.09.2026 12:27,0,1.1,2026-09-19T02:22:02.946027+03:00,"[{""price"":85.95,""api_unit_price"":85.95,""source_id"":""depot:carrefour-1012"",""market"":""carrefour"",""depot_name"":""Istanbul Acıbadem Hıper"",""index_time"":""18.09.2026 12:27""}]","{""mode"":""pinned-relative"",""previous_prices"":{""depot:carrefour-1012"":85.95},""previous_level"":85.95,""link_factor"":1.0}"
2026-09-19,dairy_eggs,milk,İçme sütü,id:1PDC,id:1ONU,İçim Yarım Yağlı Süt 1 Lt,1.0,l,59.75,59.75,111.14812,3,59.75,0.0,api-refined,Süt,main_category,3,3,"[""depot:carrefour-5254"",""depot:hakmar-5521"",""depot:migros-1991""]","[""carrefour"",""hakmar"",""migros""]",pinned-relative,18.09.2026 12:27,1,1.1,2026-09-19T02:22:02.946029+03:00,"[{""price"":57.5,""api_unit_price"":57.5,""source_id"":""depot:hakmar-5521"",""market"":""hakmar"",""depot_name"":""Ahmediye  Üsküdar"",""index_time"":""18.09.2026 12:27""},{""price"":59.75,""api_unit_price"":59.75,""source_id"":""depot:migros-1991"",""market"":""migros"",""depot_name"":""Çiçekçi M Migros"",""index_time"":""18.09.2026 12:27""},{""price"":62.95,""api_unit_price"":62.95,""source_id"":""depot:carrefour-5254"",""market"":""carrefour"",""depot_name"":""Istanbul Üsküdar Salacak Mını"",""index_time"":""18.09.2026 12:27""}]","{""mode"":""pinned-relative"",""previous_prices"":{""depot:carrefour-5254"":62.95,""depot:hakmar-5521"":57.5,""depot:migros-1991"":59.75},""previous_level"":62.10900788539341,""link_factor"":1.7895652173913044}"
2026-09-19,dairy_eggs,milk,İçme sütü,id:1PGU,id:0YUC,Pınar Süt 1 Lt,1.0,l,79.975,79.975,102.95,2,79.975,0.0,api-refined,Süt,main_category,2,2,"[""depot:carrefour-5254"",""depot:hakmar-5521""]","[""carrefour"",""hakmar""]",pinned-relative,18.09.2026 12:27,1,1.1,2026-09-19T02:22:02.946032+03:00,"[{""price"":79.95,""api_unit_price"":79.95,""source_id"":""depot:carrefour-5254"",""market"":""carrefour"",""depot_name"":""Istanbul Üsküdar Salacak Mını"",""index_time"":""18.09.2026 12:27""},{""price"":80.0,""api_unit_price"":80.0,""source_id"":""depot:hakmar-5521"",""market"":""hakmar"",""depot_name"":""Ahmediye  Üsküdar"",""index_time"":""18.09.2026 12:27""}]","{""mode"":""pinned-relative"",""previous_prices"":{""depot:carrefour-5254"":79.95,""depot:hakmar-5521"":80.0},""previous_level"":79.95,""link_factor"":1.2876797998749219}"
2026-09-19,dairy_eggs,milk_lactosefree,Laktozsuz süt,id:1YRI,id:1YRI,İçim Laktozsuz Süt 1 Lt,1.0,l,79.5,79.5,79.5,2,79.5,0.0,api-refined,Laktozsuz Süt,sub_category,3,2,"[""depot:carrefour-5254"",""depot:sok-4707""]","[""carrefour"",""sok""]",pinned-relative,18.09.2026 12:27,0,1.1,2026-09-19T02:22:04.092192+03:00,"[{""price"":79.5,""api_unit_price"":79.5,""source_id"":""depot:sok-4707"",""market"":""sok"",""depot_name"":""Şok Minifevziçakmak"",""index_time"":""18.09.2026 12:27""},{""price"":79.5,""api_unit_price"":79.5,""source_id"":""depot:carrefour-5254"",""market"":""carrefour"",""depot_name"":""Istanbul Üsküdar Salacak Mını"",""index_time"":""18.09.2026 12:27""}]","{""mode"":""pinned-relative"",""previous_prices"":{""depot:carrefour-5254"":79.5,""depot:sok-4707"":79.5},""previous_level"":79.5,""link_factor"":1.0}"
2026-09-19,dairy_eggs,milk_lactosefree,Laktozsuz süt,id:1NOV,id:1NOV,İçim Rahat Laktozsuz Süt 200 Ml,0.2,l,25.9,129.5,129.5,1,129.5,0.0,api-refined,Laktozsuz Süt,sub_category,2,1,"[""depot:migros-1991""]","[""migros""]",pinned-relative,18.09.2026 12:27,0,1.1,2026-09-19T02:22:04.092204+03:00,"[{""price"":25.9,""api_unit_price"":129.5,""source_id"":""depot:migros-1991"",""market"":""migros"",""depot_name"":""Çiçekçi M Migros"",""index_time"":""18.09.2026 12:27""}]","{""mode"":""pinned-relative"",""previous_prices"":{""depot:migros-1991"":25.9},""previous_level"":25.9,""link_factor"":1.0}"
2026-09-19,dairy_eggs,milk_lactosefree,Laktozsuz süt,id:1ZP4,id:1ZP4,Pınar Laktozsuz Süt 500 Ml,0.5,l,56.725,113.45,113.45,2,113.45,0.0,api-refined,Laktozsuz Süt,sub_category,2,2,"[""depot:carrefour-1012"",""depot:migros-1991""]","[""carrefour"",""migros""]",pinned-relative,18.09.2026 12:27,0,1.1,2026-09-19T02:22:04.092208+03:00,"[{""price"":56.45,""api_unit_price"":112.9,""source_id"":""depot:carrefour-1012"",""market"":""carrefour"",""depot_name"":""Istanbul Acıbadem Hıper"",""index_time"":""18.09.2026 12:27""},{""price"":57.0,""api_unit_price"":114.0,""source_id"":""depot:migros-1991"",""market"":""migros"",""depot_name"":""Çiçekçi M Migros"",""index_time"":""18.09.2026 12:27""}]","{""mode"":""pinned-relative"",""previous_prices"":{""depot:carrefour-1012"":56.45,""depot:migros-1991"":57.0},""previous_level"":56.725,""link_factor"":1.0}"
2026-09-19,dairy_eggs,milk_lactosefree,Laktozsuz süt,id:21MB,id:21MB,Pınar Laktozsuz Süt 1 Lt,1.0,l,57.0,57.0,56.042017,1,57.0,0.0,api-refined,Laktozsuz Süt,sub_category,1,1,"[""depot:bim-5712""]","[""bim""]",pinned-relative,18.09.2026 12:27,0,1.1,2026-09-19T02:22:04.092210+03:00,"[{""price"":57.0,""api_unit_price"":57.0,""source_id"":""depot:bim-5712"",""market"":""bim"",""depot_name"":""Çiçekçi  Üsküdar"",""index_time"":""18.09.2026 12:27""}]","{""mode"":""pinned-relative"",""previous_prices"":{""depot:bim-5712"":57.0},""previous_level"":56.04201680672269,""link_factor"":1.0}"
2026-09-19,dairy_eggs,milk_lactosefree,Laktozsuz süt,id:1WKK,id:1WKK,Pınar Denge Laktozsuz Süt 1 Lt,1.0,l,74.95,74.95,74.701821,1,74.95,0.0,api-refined,Laktozsuz Süt,sub_category,2,1,"[""depot:carrefour-5254""]","[""carrefour""]",pinned-relative,18.09.2026 12:27,0,1.1,2026-09-19T02:22:04.092213+03:00,"[{""price"":74.95,""api_unit_price"":74.95,""source_id"":""depot:carrefour-5254"",""market"":""carrefour"",""depot_name"":""Istanbul Üsküdar Salacak Mını"",""index_time"":""18.09.2026 12:27""}]","{""mode"":""pinned-relative"",""previous_prices"":{""depot:carrefour-5254"":74.95},""previous_level"":74.70182119205298,""link_factor"":1.0}"
2026-09-19,dairy_eggs,milk_lactosefree,Laktozsuz süt,id:0UOB,id:0UOB,Sütaş Yarım Yağlı Laktozsuz Süt 1 Lt,1.0,l,78.95,78.95,79.225,1,78.95,0.0,api-refined,Laktozsuz Süt,sub_category,1,1,"[""depot:carrefour-1012""]","[""carrefour""]",pinned-relative,18.09.2026 12:27,0,1.1,2026-09-19T02:22:04.092215+03:00,"[{""price"":78.95,""api_unit_price"":78.95,""source_id"":""depot:carrefour-1012"",""market"":""carrefour"",""depot_name"":""Istanbul Acıbadem Hıper"",""index_time"":""18.09.2026 12:27""}]","{""mode"":""pinned-relative"",""previous_prices"":{""depot:carrefour-1012"":78.95},""previous_level"":79.225,""link_factor"":1.0}"
2026-09-19,dairy_eggs,milk_lactosefree,Laktozsuz süt,id:1I9X,id:1I9X,İçim Laktozsuz Süt 500 Ml,0.5,l,49.95,99.9,99.9,1,99.9,0.0,api-refined,Laktozsuz Süt,sub_category,1,1,"[""depot:carrefour-1012""]","[""carrefour""]",pinned-relative,18.09.2026 12:27,0,1.1,2026-09-19T02:22:04.092218+03:00,"[{""price"":49.95,""api_unit_price"":99.9,""source_id"":""depot:carrefour-1012"",""market"":""carrefour"",""depot_name"":""Istanbul Acıbadem Hıper"",""index_time"":""18.09.2026 12:27""}]","{""mode"":""pinned-relative"",""previous_prices"":{""depot:carrefour-1012"":49.95},""previous_level"":49.95,""link_factor"":1.0}"
2026-09-19,dairy_eggs,milk_lactosefree,Laktozsuz süt,id:0GQO,id:0GQO,Mis Uht Süt Laktozsuz 1 Lt,1.0,l,62.5,62.5,62.5,1,62.5,0.0,api-refined,Laktozsuz Süt,sub_category,1,1,"[""depot:sok-4707""]","[""sok""]",pinned-relative,18.09.2026 12:22,0,1.1,2026-09-19T02:22:04.092220+03:00,"[{""price"":62.5,""api_unit_price"":62.5,""source_id"":""depot:sok-4707"",""market"":""sok"",""depot_name"":""Şok Minifevziçakmak"",""index_time"":""18.09.2026 12:22""}]","{""mode"":""pinned-relative"",""previous_prices"":{""depot:sok-4707"":62.5},""previous_level"":62.5,""link_factor"":1.0}"
2026-09-19,dairy_eggs,milk_lactosefree,Laktozsuz süt,id:18RL,id:18RL,Carrefour Laktozsuz Süt 1 Lt,1.0,l,62.9,62.9,62.9,1,62.899998,0.0,api-refined,Laktozsuz Süt,sub_category,1,1,"[""depot:carrefour-5254""]","[""carrefour""]",pinned-relative,18.09.2026 12:27,0,1.1,2026-09-19T02:22:04.092222+03:00,"[{""price"":62.9,""api_unit_price"":62.899998,""source_id"":""depot:carrefour-5254"",""market"":""carrefour"",""depot_name"":""Istanbul Üsküdar Salacak Mını"",""index_time"":""18.09.2026 12:27""}]","{""mode"":""pinned-relative"",""previous_prices"":{""depot:carrefour-5254"":62.9},""previous_level"":62.9,""link_factor"":1.0}"
2026-09-19,dairy_eggs,milk_lactosefree,Laktozsuz süt,id:26E5,id:26E5,İçim Laktozsuz Süt 1 Lt,1.0,l,74.5,74.5,74.5,1,74.5,0.0,api-refined,Laktozsuz Süt,sub_category,1,1,"[""depot:hakmar-5521""]","[""hakmar""]",pinned-relative,18.09.2026 12:27,0,1.1,2026-09-19T02:22:04.092224+03:00,"[{""price"":74.5,""api_unit_price"":74.5,""source_id"":""depot:hakmar-5521"",""market"":""hakmar"",""depot_name"":""Ahmediye  Üsküdar"",""index_time"":""18.09.2026 12:27""}]","{""mode"":""pinned-relative"",""previous_prices"":{""depot:hakmar-5521"":74.5},""previous_level"":74.5,""link_factor"":1.0}"
2026-09-19,dairy_eggs,milk_lactosefree,Laktozsuz süt,id:1QT2,id:1QT2,Sek Laktozsuz Pastörize Süt 1 Lt,1.0,l,99.95,99.95,99.95,1,99.95,0.0,api-refined,Laktozsuz Süt,sub_category,2,1,"[""depot:carrefour-5036""]","[""carrefour""]",pinned-relative,18.09.2026 12:27,0,1.1,2026-09-19T02:22:04.092227+03:00,"[{""price"":99.95,""api_unit_price"":99.95,""source_id"":""depot:carrefour-5036"",""market"":""carrefour"",""depot_name"":""Istanbul Moda Caddesı Mını"",""index_time"":""18.09.2026 12:27""}]","{""mode"":""pinned-relative"",""previous_prices"":{""depot:carrefour-5036"":99.95},""previous_level"":99.95,""link_factor"":1.0}"
2026-09-19,dairy_eggs,yogurt,Yoğurt,id:1P6X,id:1VH5,Danone Activia Sade Yoğurt 4x100 Gr,0.4,kg,114.5,286.25,160.300879,1,286.25,0.0,api-refined,Yoğurt,main_category,3,1,"[""depot:carrefour-1012""]","[""carrefour""]",pinned-relative,18.09.2026 12:26,1,1.1,2026-09-19T02:22:14.129868+03:00,"[{""price"":114.5,""api_unit_price"":286.25,""source_id"":""depot:carrefour-1012"",""market"":""carrefour"",""depot_name"":""Istanbul Acıbadem Hıper"",""index_time"":""18.09.2026 12:26""}]","{""mode"":""pinned-relative"",""previous_prices"":{""depot:carrefour-1012"":114.5},""previous_level"":114.5,""link_factor"":0.5600030707423581}"
2026-09-19,dairy_eggs,yogurt,Yoğurt,id:1W7E,id:1W7E,Danone Hüpper Çilek Aromalı Yoğurt 67 Gr,0.067,kg,39.0,582.089552,582.089552,2,582.08954,0.0,api-refined,Yoğurt,main_category,3,2,"[""depot:migros-1991"",""depot:sok-4707""]","[""migros"",""sok""]",pinned-relative,18.09.2026 12:27,0,1.1,2026-09-19T02:22:14.129880+03:00,"[{""price"":39.0,""api_unit_price"":582.08954,""source_id"":""depot:sok-4707"",""market"":""sok"",""depot_name"":""Şok Minifevziçakmak"",""index_time"":""18.09.2026 12:27""},{""price"":39.0,""api_unit_price"":582.08954,""source_id"":""depot:migros-1991"",""market"":""migros"",""depot_name"":""Çiçekçi M Migros"",""index_time"":""18.09.2026 12:27""}]","{""mode"":""pinned-relative"",""previous_prices"":{""depot:migros-1991"":39.0,""depot:sok-4707"":39.0},""previous_level"":39.0,""link_factor"":1.0}"
2026-09-19,dairy_eggs,yogurt,Yoğurt,id:1Z3F,id:1Z3F,İçim Laktozsuz Yoğurt 750 Gr,0.75,kg,88.95,118.6,105.803933,1,118.6,0.0,api-refined,Yoğurt,main_category,2,1,"[""depot:carrefour-1012""]","[""carrefour""]",pinned-relative,18.09.2026 12:27,0,1.1,2026-09-19T02:22:14.129884+03:00,"[{""price"":88.95,""api_unit_price"":118.6,""source_id"":""depot:carrefour-1012"",""market"":""carrefour"",""depot_name"":""Istanbul Acıbadem Hıper"",""index_time"":""18.09.2026 12:27""}]","{""mode"":""pinned-relative"",""previous_prices"":{""depot:carrefour-1012"":88.95},""previous_level"":79.3529498194463,""link_factor"":1.0}"
2026-09-19,dairy_eggs,yogurt,Yoğurt,id:216L,id:216L,Eker Çilekli Yoğurt 65 Gr,0.065,kg,35.0,538.461538,534.615385,1,538.46155,0.0,api-refined,Yoğurt,main_category,2,1,"[""depot:carrefour-1012""]","[""carrefour""]",pinned-relative,18.09.2026 12:27,0,1.1,2026-09-19T02:22:14.129886+03:00,"[{""price"":35.0,""api_unit_price"":538.46155,""source_id"":""depot:carrefour-1012"",""market"":""carrefour"",""depot_name"":""Istanbul Acıbadem Hıper"",""index_time"":""18.09.2026 12:27""}]","{""mode"":""pinned-relative"",""previous_prices"":{""depot:carrefour-1012"":35.0},""previous_level"":34.75,""link_factor"":1.0}"
2026-09-19,dairy_eggs,yogurt,Yoğurt,id:20XX,id:20XX,Activia Probiyotik Laktozsuz Sade Yoğurt 400 Gr,0.4,kg,114.5,286.25,286.25,2,286.25,0.0,api-refined,Yoğurt,main_category,2,2,"[""depot:carrefour-1012"",""depot:migros-1991""]","[""carrefour"",""migros""]",pinned-relative,18.09.2026 12:27,0,1.1,2026-09-19T02:22:14.129888+03:00,"[{""price"":114.5,""api_unit_price"":286.25,""source_id"":""depot:migros-1991"",""market"":""migros"",""depot_name"":""Çiçekçi M Migros"",""index_time"":""18.09.2026 12:27""},{""price"":114.5,""api_unit_price"":286.25,""source_id"":""depot:carrefour-1012"",""market"":""carrefour"",""depot_name"":""Istanbul Acıbadem Hıper"",""index_time"":""18.09.2026 12:27""}]","{""mode"":""pinned-relative"",""previous_prices"":{""depot:carrefour-1012"":114.5,""depot:migros-1991"":114.5},""previous_level"":114.5,""link_factor"":1.0}"
2026-09-19,dairy_eggs,yogurt,Yoğurt,id:1XHC,id:1OXM,Danone Mix Çilek Aromalı Yoğurt 2x90 Gr,0.18,kg,59.0,327.777778,449.0,1,327.77777,0.0,api-refined,Yoğurt,main_category,3,1,"[""depot:sok-4707""]","[""sok""]",pinned-relative,18.09.2026 12:26,1,1.1,2026-09-19T02:22:14.129891+03:00,"[{""price"":59.0,""api_unit_price"":327.77777,""source_id"":""depot:sok-4707"",""market"":""sok"",""depot_name"":""Şok Minifevziçakmak"",""index_time"":""18.09.2026 12:26""}]","{""mode"":""pinned-relative"",""previous_prices"":{""depot:sok-4707"":59.0},""previous_level"":59.0,""link_factor"":1.3698305075458777}"
2026-09-19,dairy_eggs,yogurt,Yoğurt,id:1PJR,id:1PJR,Danone Süprix Çilek Aromalı Yoğurt 90 Gr,0.09,kg,57.5,638.888889,638.888889,1,638.8889,0.0,api-refined,Yoğurt,main_category,1,1,"[""depot:sok-4707""]","[""sok""]",pinned-relative,18.09.2026 12:22,0,1.1,2026-09-19T02:22:14.129893+03:00,"[{""price"":57.5,""api_unit_price"":638.8889,""source_id"":""depot:sok-4707"",""market"":""sok"",""depot_name"":""Şok Minifevziçakmak"",""index_time"":""18.09.2026 12:22""}]","{""mode"":""pinned-relative"",""previous_prices"":{""depot:sok-4707"":57.5},""previous_level"":57.5,""link_factor"":1.0}"
2026-09-19,dairy_eggs,yogurt,Yoğurt,id:16PM,id:16PM,Mis Tam Yağlı Homojenize Yoğurt 750 Gr,0.75,kg,57.9,77.2,77.2,1,77.200005,0.0,api-refined,Yoğurt,main_category,1,1,"[""depot:sok-4707""]","[""sok""]",pinned-relative,18.09.2026 12:22,0,1.1,2026-09-19T02:22:14.129895+03:00,"[{""price"":57.9,""api_unit_price"":77.200005,""source_id"":""depot:sok-4707"",""market"":""sok"",""depot_name"":""Şok Minifevziçakmak"",""index_time"":""18.09.2026 12:22""}]","{""mode"":""pinned-relative"",""previous_prices"":{""depot:sok-4707"":57.9},""previous_level"":57.9,""link_factor"":1.0}"
2026-09-19,dairy_eggs,yogurt,Yoğurt,id:2CL9,id:2CL9,Sek Meyveli Yoğurt Kayısı & Kinoa 140 Gr,0.14,kg,59.5,425.0,425.0,1,425.0,0.0,api-refined,Yoğurt,main_category,1,1,"[""depot:hakmar-5521""]","[""hakmar""]",pinned-relative,18.09.2026 12:26,0,1.1,2026-09-19T02:22:14.129897+03:00,"[{""price"":59.5,""api_unit_price"":425.0,""source_id"":""depot:hakmar-5521"",""market"":""hakmar"",""depot_name"":""Ahmediye  Üsküdar"",""index_time"":""18.09.2026 12:26""}]","{""mode"":""pinned-relative"",""previous_prices"":{""depot:hakmar-5521"":59.5},""previous_level"":59.5,""link_factor"":1.0}"
2026-09-19,dairy_eggs,yogurt,Yoğurt,id:1QER,id:1YK5,Danone Activia Kayısılı Yoğurt 400 Gr,0.4,kg,114.5,286.25,109.333333,2,286.25,0.0,api-refined,Yoğurt,main_category,3,2,"[""depot:carrefour-1012"",""depot:sok-4707""]","[""carrefour"",""sok""]",pinned-relative,18.09.2026 12:27,1,1.1,2026-09-19T02:22:14.129900+03:00,"[{""price"":114.5,""api_unit_price"":286.25,""source_id"":""depot:sok-4707"",""market"":""sok"",""depot_name"":""Şok Minifevziçakmak"",""index_time"":""18.09.2026 12:27""},{""price"":114.5,""api_unit_price"":286.25,""source_id"":""depot:carrefour-1012"",""market"":""carrefour"",""depot_name"":""Istanbul Acıbadem Hıper"",""index_time"":""18.09.2026 12:27""}]","{""mode"":""pinned-relative"",""previous_prices"":{""depot:carrefour-1012"":114.5,""depot:sok-4707"":114.5},""previous_level"":114.5,""link_factor"":0.3819505082969432}"
2026-09-19,dairy_eggs,yogurt,Yoğurt,id:0R20,id:1YDP,Danone Activia Çilekli Yoğurt 400 Gr,0.4,kg,114.5,286.25,65.208639,2,286.25,0.0,api-refined,Yoğurt,main_category,3,2,"[""depot:carrefour-1012"",""depot:sok-4707""]","[""carrefour"",""sok""]",pinned-relative,18.09.2026 12:26,1,1.1,2026-09-19T02:22:14.129902+03:00,"[{""price"":114.5,""api_unit_price"":286.25,""source_id"":""depot:sok-4707"",""market"":""sok"",""depot_name"":""Şok Minifevziçakmak"",""index_time"":""18.09.2026 12:26""},{""price"":114.5,""api_unit_price"":286.25,""source_id"":""depot:carrefour-1012"",""market"":""carrefour"",""depot_name"":""Istanbul Acıbadem Hıper"",""index_time"":""18.09.2026 12:26""}]","{""mode"":""pinned-relative"",""previous_prices"":{""depot:carrefour-1012"":114.5,""depot:sok-4707"":114.5},""previous_level"":109.26423213150296,""link_factor"":0.2387190672489083}"
2026-09-19,dairy_eggs,yogurt,Yoğurt,id:13MO,id:13MO,Dost %0.6 Az Yağlı Yoğurt 3 Kg,3.0,kg,129.0,43.0,43.0,1,43.0,0.0,api-refined,Yoğurt,main_category,1,1,"[""depot:bim-5712""]","[""bim""]",pinned-relative,18.09.2026 12:25,0,1.1,2026-09-19T02:22:14.129904+03:00,"[{""price"":129.0,""api_unit_price"":43.0,""source_id"":""depot:bim-5712"",""market"":""bim"",""depot_name"":""Çiçekçi  Üsküdar"",""index_time"":""18.09.2026 12:25""}]","{""mode"":""pinned-relative"",""previous_prices"":{""depot:bim-5712"":129.0},""previous_level"":129.0,""link_factor"":1.0}"
2026-09-19,dairy_eggs,yogurt,Yoğurt,id:0CXV,id:0CXV,Yörüksüt Çömlek Yoğurt 700 Gr,0.7,kg,171.95,245.642857,245.642857,1,245.64285,0.0,api-refined,Yoğurt,main_category,1,1,"[""depot:carrefour-1012""]","[""carrefour""]",pinned-relative,18.09.2026 12:27,0,1.1,2026-09-19T02:22:14.129906+03:00,"[{""price"":171.95,""api_unit_price"":245.64285,""source_id"":""depot:carrefour-1012"",""market"":""carrefour"",""depot_name"":""Istanbul Acıbadem Hıper"",""index_time"":""18.09.2026 12:27""}]","{""mode"":""pinned-relative"",""previous_prices"":{""depot:carrefour-1012"":171.95},""previous_level"":171.95,""link_factor"":1.0}"
2026-09-19,dairy_eggs,yogurt,Yoğurt,id:02SD,id:02SD,Göynük Tam Yağlı Yoğurt 3 Kg,3.0,kg,192.0,64.0,64.0,1,64.0,0.0,api-refined,Yoğurt,main_category,1,1,"[""depot:hakmar-5521""]","[""hakmar""]",pinned-relative,18.09.2026 12:25,0,1.1,2026-09-19T02:22:14.129909+03:00,"[{""price"":192.0,""api_unit_price"":64.0,""source_id"":""depot:hakmar-5521"",""market"":""hakmar"",""depot_name"":""Ahmediye  Üsküdar"",""index_time"":""18.09.2026 12:25""}]","{""mode"":""pinned-relative"",""previous_prices"":{""depot:hakmar-5521"":192.0},""previous_level"":192.0,""link_factor"":1.0}"
2026-09-19,dairy_eggs,yogurt,Yoğurt,id:0OJZ,id:1V16,Sütaş Kaymaksız Yoğurt 1 Kg,1.0,kg,95.0,95.0,182.20786,4,95.0,0.0,api-refined,Yoğurt,main_category,4,4,"[""depot:carrefour-1012"",""depot:hakmar-5521"",""depot:sok-4707"",""depot:tarim_kredi-7488""]","[""carrefour"",""hakmar"",""sok"",""tarim_kredi""]",pinned-relative,18.09.2026 12:27,1,1.1,2026-09-19T02:22:14.129911+03:00,"[{""price"":89.9,""api_unit_price"":89.9,""source_id"":""depot:sok-4707"",""market"":""sok"",""depot_name"":""Şok Minifevziçakmak"",""index_time"":""18.09.2026 12:27""},{""price"":95.0,""api_unit_price"":95.0,""source_id"":""depot:hakmar-5521"",""market"":""hakmar"",""depot_name"":""Ahmediye  Üsküdar"",""index_time"":""18.09.2026 12:27""},{""price"":95.0,""api_unit_price"":95.0,""source_id"":""depot:tarim_kredi-7488"",""market"":""tarim_kredi"",""depot_name"":""Istanbul Kadıköy Kızıltoprak"",""index_time"":""18.09.2026 12:27""},{""price"":110.9,""api_unit_price"":110.9,""source_id"":""depot:carrefour-1012"",""market"":""carrefour"",""depot_name"":""Istanbul Acıbadem Hıper"",""index_time"":""18.09.2026 12:27""}]","{""mode"":""pinned-relative"",""previous_prices"":{""depot:carrefour-1012"":110.9,""depot:hakmar-5521"":95.0,""depot:sok-4707"":89.9,""depot:tarim_kredi-7488"":95.0},""previous_level"":94.37040167346643,""link_factor"":1.930773391022174}"
2026-09-19,dairy_eggs,strained_yogurt,Süzme yoğurt,id:1W0J,id:1W0J,Sütaş Süzme Yoğurt 750 Gr,0.75,kg,173.5,231.333333,207.766215,1,231.33333,0.0,api-refined,Süzme Yoğurt,sub_category,3,1,"[""depot:carrefour-1012""]","[""carrefour""]",pinned-relative,18.09.2026 12:27,0,1.1,2026-09-19T02:22:15.333498+03:00,"[{""price"":173.5,""api_unit_price"":231.33333,""source_id"":""depot:carrefour-1012"",""market"":""carrefour"",""depot_name"":""Istanbul Acıbadem Hıper"",""index_time"":""18.09.2026 12:27""}]","{""mode"":""pinned-relative"",""previous_prices"":{""depot:carrefour-1012"":173.5},""previous_level"":155.82466107776392,""link_factor"":1.0}"
2026-09-19,dairy_eggs,strained_yogurt,Süzme yoğurt,id:20YU,id:20YU,Sek Süzme Yoğurt 400 Gr,0.4,kg,99.95,249.875,249.875,2,249.875,0.0,api-refined,Süzme Yoğurt,sub_category,2,2,"[""depot:carrefour-1012"",""depot:migros-1991""]","[""carrefour"",""migros""]",pinned-relative,18.09.2026 12:27,0,1.1,2026-09-19T02:22:15.333509+03:00,"[{""price"":99.95,""api_unit_price"":249.875,""source_id"":""depot:migros-1991"",""market"":""migros"",""depot_name"":""Çiçekçi M Migros"",""index_time"":""18.09.2026 12:27""},{""price"":99.95,""api_unit_price"":249.875,""source_id"":""depot:carrefour-1012"",""market"":""carrefour"",""depot_name"":""Istanbul Acıbadem Hıper"",""index_time"":""18.09.2026 12:27""}]","{""mode"":""pinned-relative"",""previous_prices"":{""depot:carrefour-1012"":99.95,""depot:migros-1991"":99.95},""previous_level"":99.95,""link_factor"":1.0}"
2026-09-19,dairy_eggs,strained_yogurt,Süzme yoğurt,id:1RL3,id:1RL3,Eker Süzme Yoğurt 500 Gr,0.5,kg,135.5,271.0,274.45,1,271.0,0.0,api-refined,Süzme Yoğurt,sub_category,2,1,"[""depot:carrefour-1012""]","[""carrefour""]",pinned-relative,18.09.2026 12:27,0,1.1,2026-09-19T02:22:15.333512+03:00,"[{""price"":135.5,""api_unit_price"":271.0,""source_id"":""depot:carrefour-1012"",""market"":""carrefour"",""depot_name"":""Istanbul Acıbadem Hıper"",""index_time"":""18.09.2026 12:27""}]","{""mode"":""pinned-relative"",""previous_prices"":{""depot:carrefour-1012"":135.5},""previous_level"":137.225,""link_factor"":1.0}"
2026-09-19,dairy_eggs,strained_yogurt,Süzme yoğurt,id:216M,id:216M,Eker Süzme Yoğurt 900 Gr,0.9,kg,194.475,216.083333,214.358717,2,216.083335,0.0,api-refined,Süzme Yoğurt,sub_category,2,2,"[""depot:carrefour-1012"",""depot:migros-564""]","[""carrefour"",""migros""]",pinned-relative,18.09.2026 12:27,0,1.1,2026-09-19T02:22:15.333515+03:00,"[{""price"":169.95,""api_unit_price"":188.83333,""source_id"":""depot:carrefour-1012"",""market"":""carrefour"",""depot_name"":""Istanbul Acıbadem Hıper"",""index_time"":""18.09.2026 12:27""},{""price"":219.0,""api_unit_price"":243.33334,""source_id"":""depot:migros-564"",""market"":""migros"",""depot_name"":""Kadıköy Çarşı M Migros"",""index_time"":""18.09.2026 12:27""}]","{""mode"":""pinned-relative"",""previous_prices"":{""depot:carrefour-1012"":169.95,""depot:migros-564"":219.0},""previous_level"":192.92284554954625,""link_factor"":1.0}"
2026-09-19,dairy_eggs,strained_yogurt,Süzme yoğurt,id:2AWC,id:2AWC,Eker Süzme Yoğurt Kase 500 Gr,0.5,kg,109.0,218.0,218.0,1,218.0,0.0,api-refined,Süzme Yoğurt,sub_category,1,1,"[""depot:hakmar-5521""]","[""hakmar""]",pinned-relative,18.09.2026 12:25,0,1.1,2026-09-19T02:22:15.333517+03:00,"[{""price"":109.0,""api_unit_price"":218.0,""source_id"":""depot:hakmar-5521"",""market"":""hakmar"",""depot_name"":""Ahmediye  Üsküdar"",""index_time"":""18.09.2026 12:25""}]","{""mode"":""pinned-relative"",""previous_prices"":{""depot:hakmar-5521"":109.0},""previous_level"":109.0,""link_factor"":1.0}"
2026-09-19,dairy_eggs,strained_yogurt,Süzme yoğurt,id:1WO5,id:1WO5,İçim Süzme Yoğurt 500 Gr,0.5,kg,114.95,229.9,229.9,1,229.9,0.0,api-refined,Süzme Yoğurt,sub_category,1,1,"[""depot:carrefour-1012""]","[""carrefour""]",pinned-relative,18.09.2026 12:27,0,1.1,2026-09-19T02:22:15.333519+03:00,"[{""price"":114.95,""api_unit_price"":229.9,""source_id"":""depot:carrefour-1012"",""market"":""carrefour"",""depot_name"":""Istanbul Acıbadem Hıper"",""index_time"":""18.09.2026 12:27""}]","{""mode"":""pinned-relative"",""previous_prices"":{""depot:carrefour-1012"":114.95},""previous_level"":114.95,""link_factor"":1.0}"
2026-09-19,dairy_eggs,strained_yogurt,Süzme yoğurt,id:0HP7,id:0HP7,Tarım Kredi Süzme Yoğurt 900 Gr,0.9,kg,135.0,150.0,150.0,1,150.0,0.0,api-refined,Süzme Yoğurt,sub_category,1,1,"[""depot:tarim_kredi-7488""]","[""tarim_kredi""]",pinned-relative,18.09.2026 12:26,0,1.1,2026-09-19T02:22:15.333522+03:00,"[{""price"":135.0,""api_unit_price"":150.0,""source_id"":""depot:tarim_kredi-7488"",""market"":""tarim_kredi"",""depot_name"":""Istanbul Kadıköy Kızıltoprak"",""index_time"":""18.09.2026 12:26""}]","{""mode"":""pinned-relative"",""previous_prices"":{""depot:tarim_kredi-7488"":135.0},""previous_level"":135.0,""link_factor"":1.0}"
2026-09-19,dairy_eggs,strained_yogurt,Süzme yoğurt,id:0051,id:0051,Dost Kova Süzme Yoğurt 900 Gr,0.9,kg,142.0,157.777778,157.777778,1,157.77777,0.0,api-refined,Süzme Yoğurt,sub_category,1,1,"[""depot:bim-5712""]","[""bim""]",pinned-relative,18.09.2026 12:24,0,1.1,2026-09-19T02:22:15.333524+03:00,"[{""price"":142.0,""api_unit_price"":157.77777,""source_id"":""depot:bim-5712"",""market"":""bim"",""depot_name"":""Çiçekçi  Üsküdar"",""index_time"":""18.09.2026 12:24""}]","{""mode"":""pinned-relative"",""previous_prices"":{""depot:bim-5712"":142.0},""previous_level"":142.0,""link_factor"":1.0}"
2026-09-19,dairy_eggs,strained_yogurt,Süzme yoğurt,id:023F,id:023F,Carrefour Süzme Yoğurt 900 Gr,0.9,kg,142.9,158.777778,158.777778,1,158.77777,0.0,api-refined,Süzme Yoğurt,sub_category,1,1,"[""depot:carrefour-5254""]","[""carrefour""]",pinned-relative,18.09.2026 12:27,0,1.1,2026-09-19T02:22:15.333526+03:00,"[{""price"":142.9,""api_unit_price"":158.77777,""source_id"":""depot:carrefour-5254"",""market"":""carrefour"",""depot_name"":""Istanbul Üsküdar Salacak Mını"",""index_time"":""18.09.2026 12:27""}]","{""mode"":""pinned-relative"",""previous_prices"":{""depot:carrefour-5254"":142.9},""previous_level"":142.9,""link_factor"":1.0}"
2026-09-19,dairy_eggs,ayran,Ayran,id:1Q7H,id:1Q7H,Sütaş Ayran 300 Ml,0.3,l,23.375,77.916667,73.333333,2,77.916665,0.0,api-refined,Ayran,sub_category,2,2,"[""depot:carrefour-1012"",""depot:migros-1991""]","[""carrefour"",""migros""]",pinned-relative,18.09.2026 12:28,0,1.1,2026-09-19T02:22:19.080477+03:00,"[{""price"":22.0,""api_unit_price"":73.33333,""source_id"":""depot:migros-1991"",""market"":""migros"",""depot_name"":""Çiçekçi M Migros"",""index_time"":""18.09.2026 12:28""},{""price"":24.75,""api_unit_price"":82.5,""source_id"":""depot:carrefour-1012"",""market"":""carrefour"",""depot_name"":""Istanbul Acıbadem Hıper"",""index_time"":""18.09.2026 12:28""}]","{""mode"":""pinned-relative"",""previous_prices"":{""depot:carrefour-1012"":24.75,""depot:migros-1991"":22.0},""previous_level"":22.0,""link_factor"":1.0}"
2026-09-19,dairy_eggs,ayran,Ayran,id:2026,id:2026,Sütaş Ayran 200 Ml,0.2,l,16.95,84.75,80.5,1,84.75001,0.0,api-refined,Ayran,sub_category,2,1,"[""depot:carrefour-1012""]","[""carrefour""]",pinned-relative,18.09.2026 12:27,0,1.1,2026-09-19T02:22:19.080489+03:00,"[{""price"":16.95,""api_unit_price"":84.75001,""source_id"":""depot:carrefour-1012"",""market"":""carrefour"",""depot_name"":""Istanbul Acıbadem Hıper"",""index_time"":""18.09.2026 12:27""}]","{""mode"":""pinned-relative"",""previous_prices"":{""depot:carrefour-1012"":16.95},""previous_level"":16.1,""link_factor"":1.0}"
2026-09-19,dairy_eggs,ayran,Ayran,id:1UJR,id:1UJR,Eker Tombul Ayran 195 Ml,0.195,l,24.0,123.076923,101.153846,2,123.076925,0.0,api-refined,Ayran,sub_category,2,2,"[""depot:carrefour-1012"",""depot:migros-1991""]","[""carrefour"",""migros""]",pinned-relative,18.09.2026 12:26,0,1.1,2026-09-19T02:22:19.080492+03:00,"[{""price"":23.5,""api_unit_price"":120.51282,""source_id"":""depot:migros-1991"",""market"":""migros"",""depot_name"":""Çiçekçi M Migros"",""index_time"":""18.09.2026 12:26""},{""price"":24.5,""api_unit_price"":125.64103,""source_id"":""depot:carrefour-1012"",""market"":""carrefour"",""depot_name"":""Istanbul Acıbadem Hıper"",""index_time"":""18.09.2026 12:26""}]","{""mode"":""pinned-relative"",""previous_prices"":{""depot:carrefour-1012"":24.5,""depot:migros-1991"":23.5},""previous_level"":19.725,""link_factor"":1.0}"
2026-09-19,dairy_eggs,ayran,Ayran,id:17ZE,id:17ZE,Torku Ayran 1 Lt,1.0,l,47.5,47.5,53.413189,1,47.5,0.0,api-refined,Ayran,sub_category,1,1,"[""depot:bim-5712""]","[""bim""]",pinned-relative,18.09.2026 12:27,0,1.1,2026-09-19T02:22:19.080494+03:00,"[{""price"":47.5,""api_unit_price"":47.5,""source_id"":""depot:bim-5712"",""market"":""bim"",""depot_name"":""Çiçekçi  Üsküdar"",""index_time"":""18.09.2026 12:27""}]","{""mode"":""pinned-relative"",""previous_prices"":{""depot:bim-5712"":47.5},""previous_level"":53.41318891434961,""link_factor"":1.0}"
2026-09-19,dairy_eggs,ayran,Ayran,id:1OC9,id:1OC9,Eker Ayran 1 Lt,1.0,l,69.5,69.5,65.432364,1,69.5,0.0,api-refined,Ayran,sub_category,2,1,"[""depot:migros-564""]","[""migros""]",pinned-relative,18.09.2026 12:27,0,1.1,2026-09-19T02:22:19.080497+03:00,"[{""price"":69.5,""api_unit_price"":69.5,""source_id"":""depot:migros-564"",""market"":""migros"",""depot_name"":""Kadıköy Çarşı M Migros"",""index_time"":""18.09.2026 12:27""}]","{""mode"":""pinned-relative"",""previous_prices"":{""depot:migros-564"":69.5},""previous_level"":65.43236434108526,""link_factor"":1.0}"
2026-09-19,dairy_eggs,ayran,Ayran,id:1P2K,id:1P2K,Eker Tombul Ayran 6x195 Ml,1.17,l,99.95,85.42735,75.948479,1,85.42735,0.0,api-refined,Ayran,sub_category,2,1,"[""depot:carrefour-1012""]","[""carrefour""]",pinned-relative,18.09.2026 12:27,0,1.1,2026-09-19T02:22:19.080499+03:00,"[{""price"":99.95,""api_unit_price"":85.42735,""source_id"":""depot:carrefour-1012"",""market"":""carrefour"",""depot_name"":""Istanbul Acıbadem Hıper"",""index_time"":""18.09.2026 12:27""}]","{""mode"":""pinned-relative"",""previous_prices"":{""depot:carrefour-1012"":99.95},""previous_level"":88.85972090885724,""link_factor"":1.0}"
2026-09-19,dairy_eggs,ayran,Ayran,id:06FT,id:06FT,Dost Bardak Ayran 200 Ml,0.2,l,10.0,50.0,50.0,1,50.0,0.0,api-refined,Ayran,sub_category,1,1,"[""depot:bim-5712""]","[""bim""]",pinned-relative,18.09.2026 12:24,0,1.1,2026-09-19T02:22:19.080501+03:00,"[{""price"":10.0,""api_unit_price"":50.0,""source_id"":""depot:bim-5712"",""market"":""bim"",""depot_name"":""Çiçekçi  Üsküdar"",""index_time"":""18.09.2026 12:24""}]","{""mode"":""pinned-relative"",""previous_prices"":{""depot:bim-5712"":10.0},""previous_level"":10.0,""link_factor"":1.0}"
2026-09-19,dairy_eggs,ayran,Ayran,id:06WA,id:06WA,Göynük Tam Yağlı Ayran 200 Ml,0.2,l,10.0,50.0,50.0,1,50.0,0.0,api-refined,Ayran,sub_category,1,1,"[""depot:hakmar-5521""]","[""hakmar""]",pinned-relative,18.09.2026 12:25,0,1.1,2026-09-19T02:22:19.080503+03:00,"[{""price"":10.0,""api_unit_price"":50.0,""source_id"":""depot:hakmar-5521"",""market"":""hakmar"",""depot_name"":""Ahmediye  Üsküdar"",""index_time"":""18.09.2026 12:25""}]","{""mode"":""pinned-relative"",""previous_prices"":{""depot:hakmar-5521"":10.0},""previous_level"":10.0,""link_factor"":1.0}"
2026-09-19,dairy_eggs,ayran,Ayran,id:07LY,id:07LY,Tarım Kredi Ayran 285 Ml,0.285,l,13.5,47.368421,47.368421,1,47.368423,0.0,api-refined,Ayran,sub_category,1,1,"[""depot:tarim_kredi-7488""]","[""tarim_kredi""]",pinned-relative,18.09.2026 12:26,0,1.1,2026-09-19T02:22:19.080505+03:00,"[{""price"":13.5,""api_unit_price"":47.368423,""source_id"":""depot:tarim_kredi-7488"",""market"":""tarim_kredi"",""depot_name"":""Istanbul Kadıköy Kızıltoprak"",""index_time"":""18.09.2026 12:26""}]","{""mode"":""pinned-relative"",""previous_prices"":{""depot:tarim_kredi-7488"":13.5},""previous_level"":13.5,""link_factor"":1.0}"
2026-09-19,dairy_eggs,ayran,Ayran,id:0DHE,id:0DHE,Yörüksüt Ayran 275 Ml,0.275,l,17.0,61.818182,61.818182,1,61.818184,0.0,api-refined,Ayran,sub_category,1,1,"[""depot:carrefour-1012""]","[""carrefour""]",pinned-relative,18.09.2026 12:27,0,1.1,2026-09-19T02:22:19.080507+03:00,"[{""price"":17.0,""api_unit_price"":61.818184,""source_id"":""depot:carrefour-1012"",""market"":""carrefour"",""depot_name"":""Istanbul Acıbadem Hıper"",""index_time"":""18.09.2026 12:27""}]","{""mode"":""pinned-relative"",""previous_prices"":{""depot:carrefour-1012"":17.0},""previous_level"":17.0,""link_factor"":1.0}"
2026-09-19,dairy_eggs,ayran,Ayran,id:039F,id:039F,İçim Ayran 285 Ml,0.285,l,23.95,84.035088,84.035088,1,84.03509,0.0,api-refined,Ayran,sub_category,1,1,"[""depot:carrefour-1012""]","[""carrefour""]",pinned-relative,18.09.2026 12:26,0,1.1,2026-09-19T02:22:19.080509+03:00,"[{""price"":23.95,""api_unit_price"":84.03509,""source_id"":""depot:carrefour-1012"",""market"":""carrefour"",""depot_name"":""Istanbul Acıbadem Hıper"",""index_time"":""18.09.2026 12:26""}]","{""mode"":""pinned-relative"",""previous_prices"":{""depot:carrefour-1012"":23.95},""previous_level"":23.95,""link_factor"":1.0}"
2026-09-19,dairy_eggs,ayran,Ayran,id:1K5Q,id:1K5Q,Eker Bardak Ayran 300 Ml,0.3,l,27.95,93.166667,93.166667,1,93.16667,0.0,api-refined,Ayran,sub_category,1,1,"[""depot:carrefour-1012""]","[""carrefour""]",pinned-relative,18.09.2026 12:26,0,1.1,2026-09-19T02:22:19.080511+03:00,"[{""price"":27.95,""api_unit_price"":93.16667,""source_id"":""depot:carrefour-1012"",""market"":""carrefour"",""depot_name"":""Istanbul Acıbadem Hıper"",""index_time"":""18.09.2026 12:26""}]","{""mode"":""pinned-relative"",""previous_prices"":{""depot:carrefour-1012"":27.95},""previous_level"":27.95,""link_factor"":1.0}"
2026-09-19,dairy_eggs,ayran,Ayran,id:0E2Y,id:0E2Y,İçim Ayran 1 Lt,1.0,l,57.95,57.95,57.95,1,57.95,0.0,api-refined,Ayran,sub_category,1,1,"[""depot:carrefour-1012""]","[""carrefour""]",pinned-relative,18.09.2026 12:26,0,1.1,2026-09-19T02:22:19.080514+03:00,"[{""price"":57.95,""api_unit_price"":57.95,""source_id"":""depot:carrefour-1012"",""market"":""carrefour"",""depot_name"":""Istanbul Acıbadem Hıper"",""index_time"":""18.09.2026 12:26""}]","{""mode"":""pinned-relative"",""previous_prices"":{""depot:carrefour-1012"":57.95},""previous_level"":57.95,""link_factor"":1.0}"
2026-09-19,dairy_eggs,ayran,Ayran,id:1GJZ,id:1GJZ,Binvezir Şişe Ayran 1.5 Lt,1.5,l,62.0,41.333333,41.333333,1,41.333332,0.0,api-refined,Ayran,sub_category,1,1,"[""depot:bim-5712""]","[""bim""]",pinned-relative,18.09.2026 12:25,0,1.1,2026-09-19T02:22:19.080516+03:00,"[{""price"":62.0,""api_unit_price"":41.333332,""source_id"":""depot:bim-5712"",""market"":""bim"",""depot_name"":""Çiçekçi  Üsküdar"",""index_time"":""18.09.2026 12:25""}]","{""mode"":""pinned-relative"",""previous_prices"":{""depot:bim-5712"":62.0},""previous_level"":62.0,""link_factor"":1.0}"
2026-09-19,dairy_eggs,ayran,Ayran,id:02GF,id:02GF,Dost Şişe Ayran 1.5 Lt,1.5,l,62.0,41.333333,41.333333,1,41.333332,0.0,api-refined,Ayran,sub_category,1,1,"[""depot:bim-5712""]","[""bim""]",pinned-relative,18.09.2026 12:24,0,1.1,2026-09-19T02:22:19.080518+03:00,"[{""price"":62.0,""api_unit_price"":41.333332,""source_id"":""depot:bim-5712"",""market"":""bim"",""depot_name"":""Çiçekçi  Üsküdar"",""index_time"":""18.09.2026 12:24""}]","{""mode"":""pinned-relative"",""previous_prices"":{""depot:bim-5712"":62.0},""previous_level"":62.0,""link_factor"":1.0}"
2026-09-19,dairy_eggs,ayran,Ayran,id:1KGX,id:1KGX,Sütaş Ayran 1 Lt,1.0,l,69.75,69.75,69.75,1,69.75,0.0,api-refined,Ayran,sub_category,1,1,"[""depot:carrefour-1012""]","[""carrefour""]",pinned-relative,18.09.2026 12:27,0,1.1,2026-09-19T02:22:19.080520+03:00,"[{""price"":69.75,""api_unit_price"":69.75,""source_id"":""depot:carrefour-1012"",""market"":""carrefour"",""depot_name"":""Istanbul Acıbadem Hıper"",""index_time"":""18.09.2026 12:27""}]","{""mode"":""pinned-relative"",""previous_prices"":{""depot:carrefour-1012"":69.75},""previous_level"":69.75,""link_factor"":1.0}"
2026-09-19,dairy_eggs,ayran,Ayran,id:1RJL,id:1RJL,Yörsan Susurluk Ayran 1 Lt,1.0,l,67.95,67.95,67.95,1,67.95,0.0,api-refined,Ayran,sub_category,1,1,"[""depot:migros-564""]","[""migros""]",pinned-relative,18.09.2026 12:27,0,1.1,2026-09-19T02:22:19.080522+03:00,"[{""price"":67.95,""api_unit_price"":67.95,""source_id"":""depot:migros-564"",""market"":""migros"",""depot_name"":""Kadıköy Çarşı M Migros"",""index_time"":""18.09.2026 12:27""}]","{""mode"":""pinned-relative"",""previous_prices"":{""depot:migros-564"":67.95},""previous_level"":67.95,""link_factor"":1.0}"
2026-09-19,dairy_eggs,ayran,Ayran,id:1X2R,id:1X2R,Yörükoğlu %1.8 Yağlı Ayran 2 Lt,2.0,l,95.0,47.5,47.5,1,47.5,0.0,api-refined,Ayran,sub_category,1,1,"[""depot:bim-5712""]","[""bim""]",pinned-relative,18.09.2026 12:27,0,1.1,2026-09-19T02:22:19.080524+03:00,"[{""price"":95.0,""api_unit_price"":47.5,""source_id"":""depot:bim-5712"",""market"":""bim"",""depot_name"":""Çiçekçi  Üsküdar"",""index_time"":""18.09.2026 12:27""}]","{""mode"":""pinned-relative"",""previous_prices"":{""depot:bim-5712"":95.0},""previous_level"":95.0,""link_factor"":1.0}"
2026-09-19,dairy_eggs,ayran,Ayran,id:2AAC,id:2AAC,Sütaş Tam Yağlı Ayran 2 Lt,2.0,l,99.5,49.75,49.75,1,49.75,0.0,api-refined,Ayran,sub_category,1,1,"[""depot:hakmar-5521""]","[""hakmar""]",pinned-relative,18.09.2026 12:25,0,1.1,2026-09-19T02:22:19.080526+03:00,"[{""price"":99.5,""api_unit_price"":49.75,""source_id"":""depot:hakmar-5521"",""market"":""hakmar"",""depot_name"":""Ahmediye  Üsküdar"",""index_time"":""18.09.2026 12:25""}]","{""mode"":""pinned-relative"",""previous_prices"":{""depot:hakmar-5521"":99.5},""previous_level"":99.5,""link_factor"":1.0}"
2026-09-19,dairy_eggs,ayran,Ayran,id:0YAY,id:0YAY,İçim Tam Yağlı Ayran 2 Lt,2.0,l,114.5,57.25,57.25,1,57.25,0.0,api-refined,Ayran,sub_category,2,1,"[""depot:carrefour-1012""]","[""carrefour""]",pinned-relative,18.09.2026 12:27,0,1.1,2026-09-19T02:22:19.080528+03:00,"[{""price"":114.5,""api_unit_price"":57.25,""source_id"":""depot:carrefour-1012"",""market"":""carrefour"",""depot_name"":""Istanbul Acıbadem Hıper"",""index_time"":""18.09.2026 12:27""}]","{""mode"":""pinned-relative"",""previous_prices"":{""depot:carrefour-1012"":114.5},""previous_level"":114.5,""link_factor"":1.0}"
2026-09-19,dairy_eggs,kefir,Kefir,id:20EJ,id:20EJ,Altınkılıç Sade Kefir 1 Lt,1.0,l,115.0,115.0,115.0,4,115.0,0.0,api-refined,Ayran ve Kefir,main_category,5,4,"[""depot:bim-5712"",""depot:carrefour-1012"",""depot:hakmar-5521"",""depot:sok-1017""]","[""bim"",""carrefour"",""hakmar"",""sok""]",pinned-relative,18.09.2026 12:27,0,1.1,2026-09-19T02:22:26.578372+03:00,"[{""price"":115.0,""api_unit_price"":115.0,""source_id"":""depot:bim-5712"",""market"":""bim"",""depot_name"":""Çiçekçi  Üsküdar"",""index_time"":""18.09.2026 12:27""},{""price"":115.0,""api_unit_price"":115.0,""source_id"":""depot:sok-1017"",""market"":""sok"",""depot_name"":""Selimiye"",""index_time"":""18.09.2026 12:27""},{""price"":115.0,""api_unit_price"":115.0,""source_id"":""depot:hakmar-5521"",""market"":""hakmar"",""depot_name"":""Ahmediye  Üsküdar"",""index_time"":""18.09.2026 12:27""},{""price"":125.9,""api_unit_price"":125.9,""source_id"":""depot:carrefour-1012"",""market"":""carrefour"",""depot_name"":""Istanbul Acıbadem Hıper"",""index_time"":""18.09.2026 12:27""}]","{""mode"":""pinned-relative"",""previous_prices"":{""depot:bim-5712"":115.0,""depot:carrefour-1012"":125.9,""depot:hakmar-5521"":115.0,""depot:sok-1017"":115.0},""previous_level"":115.0,""link_factor"":1.0}"
2026-09-19,dairy_eggs,kefir,Kefir,id:1YTE,id:1YTE,İçim Orman Meyveli Kefir 1 Lt,1.0,l,99.0,99.0,109.9,3,99.0,0.0,api-refined,Ayran ve Kefir,main_category,5,3,"[""depot:bim-5712"",""depot:carrefour-1012"",""depot:hakmar-5521""]","[""bim"",""carrefour"",""hakmar""]",pinned-relative,18.09.2026 12:27,0,1.1,2026-09-19T02:22:26.578385+03:00,"[{""price"":95.0,""api_unit_price"":95.0,""source_id"":""depot:hakmar-5521"",""market"":""hakmar"",""depot_name"":""Ahmediye  Üsküdar"",""index_time"":""18.09.2026 12:27""},{""price"":99.0,""api_unit_price"":99.0,""source_id"":""depot:bim-5712"",""market"":""bim"",""depot_name"":""Çiçekçi  Üsküdar"",""index_time"":""18.09.2026 12:27""},{""price"":115.0,""api_unit_price"":115.0,""source_id"":""depot:carrefour-1012"",""market"":""carrefour"",""depot_name"":""Istanbul Acıbadem Hıper"",""index_time"":""18.09.2026 12:27""}]","{""mode"":""pinned-relative"",""previous_prices"":{""depot:bim-5712"":99.0,""depot:carrefour-1012"":115.0,""depot:hakmar-5521"":95.0},""previous_level"":109.9,""link_factor"":1.0}"
2026-09-19,dairy_eggs,kefir,Kefir,id:1WGR,id:1WGR,Altınkılıç Laktozsuz Kefir 1 Lt,1.0,l,125.475,125.475,121.622327,4,125.475,0.0,api-refined,Ayran ve Kefir,main_category,4,4,"[""depot:bim-5712"",""depot:carrefour-1012"",""depot:migros-1991"",""depot:sok-4707""]","[""bim"",""carrefour"",""migros"",""sok""]",pinned-relative,18.09.2026 12:27,0,1.1,2026-09-19T02:22:26.578388+03:00,"[{""price"":109.5,""api_unit_price"":109.5,""source_id"":""depot:bim-5712"",""market"":""bim"",""depot_name"":""Çiçekçi  Üsküdar"",""index_time"":""18.09.2026 12:27""},{""price"":125.0,""api_unit_price"":125.0,""source_id"":""depot:sok-4707"",""market"":""sok"",""depot_name"":""Şok Minifevziçakmak"",""index_time"":""18.09.2026 12:27""},{""price"":125.95,""api_unit_price"":125.95,""source_id"":""depot:migros-1991"",""market"":""migros"",""depot_name"":""Çiçekçi M Migros"",""index_time"":""18.09.2026 12:27""},{""price"":131.95,""api_unit_price"":131.95,""source_id"":""depot:carrefour-1012"",""market"":""carrefour"",""depot_name"":""Istanbul Acıbadem Hıper"",""index_time"":""18.09.2026 12:27""}]","{""mode"":""pinned-relative"",""previous_prices"":{""depot:bim-5712"":109.5,""depot:carrefour-1012"":131.95,""depot:migros-1991"":125.95,""depot:sok-4707"":125.0},""previous_level"":121.6223274150391,""link_factor"":1.0}"
2026-09-19,dairy_eggs,kefir,Kefir,id:1Y2I,id:1Y2I,Altınkılıç Sade Kefir 250 Ml,0.25,l,53.45,213.8,199.8,2,213.8,0.0,api-refined,Ayran ve Kefir,main_category,2,2,"[""depot:carrefour-1012"",""depot:migros-1991""]","[""carrefour"",""migros""]",pinned-relative,18.09.2026 12:27,0,1.1,2026-09-19T02:22:26.578390+03:00,"[{""price"":49.95,""api_unit_price"":199.8,""source_id"":""depot:migros-1991"",""market"":""migros"",""depot_name"":""Çiçekçi M Migros"",""index_time"":""18.09.2026 12:27""},{""price"":56.95,""api_unit_price"":227.8,""source_id"":""depot:carrefour-1012"",""market"":""carrefour"",""depot_name"":""Istanbul Acıbadem Hıper"",""index_time"":""18.09.2026 12:27""}]","{""mode"":""pinned-relative"",""previous_prices"":{""depot:carrefour-1012"":56.95,""depot:migros-1991"":49.95},""previous_level"":49.95,""link_factor"":1.0}"
2026-09-19,dairy_eggs,kefir,Kefir,id:1I9Y,id:1I9Y,İçim Sade Kefir 1 Lt,1.0,l,98.95,98.95,99.835734,1,98.95,0.0,api-refined,Ayran ve Kefir,main_category,3,1,"[""depot:carrefour-1012""]","[""carrefour""]",pinned-relative,18.09.2026 12:26,0,1.1,2026-09-19T02:22:26.578393+03:00,"[{""price"":98.95,""api_unit_price"":98.95,""source_id"":""depot:carrefour-1012"",""market"":""carrefour"",""depot_name"":""Istanbul Acıbadem Hıper"",""index_time"":""18.09.2026 12:26""}]","{""mode"":""pinned-relative"",""previous_prices"":{""depot:carrefour-1012"":98.95},""previous_level"":99.83573362901302,""link_factor"":1.0}"
2026-09-19,dairy_eggs,kefir,Kefir,id:1ZLM,id:1ZLM,İçim Rahat Laktozsuz Kefir 1 Lt,1.0,l,98.475,98.475,95.306558,2,98.475,0.0,api-refined,Ayran ve Kefir,main_category,3,2,"[""depot:bim-5712"",""depot:carrefour-1012""]","[""bim"",""carrefour""]",pinned-relative,18.09.2026 12:27,0,1.1,2026-09-19T02:22:26.578395+03:00,"[{""price"":89.0,""api_unit_price"":89.0,""source_id"":""depot:bim-5712"",""market"":""bim"",""depot_name"":""Çiçekçi  Üsküdar"",""index_time"":""18.09.2026 12:27""},{""price"":107.95,""api_unit_price"":107.95,""source_id"":""depot:carrefour-1012"",""market"":""carrefour"",""depot_name"":""Istanbul Acıbadem Hıper"",""index_time"":""18.09.2026 12:27""}]","{""mode"":""pinned-relative"",""previous_prices"":{""depot:bim-5712"":89.0,""depot:carrefour-1012"":107.95},""previous_level"":95.30655801150307,""link_factor"":1.0}"
2026-09-19,dairy_eggs,kefir,Kefir,id:1WGM,id:1WGM,Eker Sade Kefir 1 Lt,1.0,l,106.95,106.95,106.95,3,106.95,0.0,api-refined,Ayran ve Kefir,main_category,3,3,"[""depot:carrefour-1012"",""depot:migros-1991"",""depot:sok-4711""]","[""carrefour"",""migros"",""sok""]",pinned-relative,18.09.2026 12:27,0,1.1,2026-09-19T02:22:26.578397+03:00,"[{""price"":99.0,""api_unit_price"":99.0,""source_id"":""depot:sok-4711"",""market"":""sok"",""depot_name"":""Şok Minitamer Yeni"",""index_time"":""18.09.2026 12:27""},{""price"":106.95,""api_unit_price"":106.95,""source_id"":""depot:carrefour-1012"",""market"":""carrefour"",""depot_name"":""Istanbul Acıbadem Hıper"",""index_time"":""18.09.2026 12:27""},{""price"":107.95,""api_unit_price"":107.95,""source_id"":""depot:migros-1991"",""market"":""migros"",""depot_name"":""Çiçekçi M Migros"",""index_time"":""18.09.2026 12:27""}]","{""mode"":""pinned-relative"",""previous_prices"":{""depot:carrefour-1012"":106.95,""depot:migros-1991"":107.95,""depot:sok-4711"":99.0},""previous_level"":106.95,""link_factor"":1.0}"
2026-09-19,dairy_eggs,kefir,Kefir,id:20A9,id:20A9,Altınkılıç Laktozsuz Kefir 250 Ml,0.25,l,55.975,223.9,223.9,2,223.9,0.0,api-refined,Ayran ve Kefir,main_category,2,2,"[""depot:carrefour-1012"",""depot:migros-1991""]","[""carrefour"",""migros""]",pinned-relative,18.09.2026 12:27,0,1.1,2026-09-19T02:22:26.578399+03:00,"[{""price"":55.0,""api_unit_price"":220.0,""source_id"":""depot:migros-1991"",""market"":""migros"",""depot_name"":""Çiçekçi M Migros"",""index_time"":""18.09.2026 12:27""},{""price"":56.95,""api_unit_price"":227.8,""source_id"":""depot:carrefour-1012"",""market"":""carrefour"",""depot_name"":""Istanbul Acıbadem Hıper"",""index_time"":""18.09.2026 12:27""}]","{""mode"":""pinned-relative"",""previous_prices"":{""depot:carrefour-1012"":56.95,""depot:migros-1991"":55.0},""previous_level"":55.975,""link_factor"":1.0}"
2026-09-19,dairy_eggs,kefir,Kefir,id:1PY9,id:1PY9,Eker Orman Meyveli Kefir 1 Lt,1.0,l,120.5,120.5,107.917466,2,120.5,0.0,api-refined,Ayran ve Kefir,main_category,2,2,"[""depot:carrefour-1012"",""depot:migros-1991""]","[""carrefour"",""migros""]",pinned-relative,18.09.2026 12:26,0,1.1,2026-09-19T02:22:26.578401+03:00,"[{""price"":109.5,""api_unit_price"":109.5,""source_id"":""depot:carrefour-1012"",""market"":""carrefour"",""depot_name"":""Istanbul Acıbadem Hıper"",""index_time"":""18.09.2026 12:26""},{""price"":131.5,""api_unit_price"":131.5,""source_id"":""depot:migros-1991"",""market"":""migros"",""depot_name"":""Çiçekçi M Migros"",""index_time"":""18.09.2026 12:26""}]","{""mode"":""pinned-relative"",""previous_prices"":{""depot:carrefour-1012"":109.5,""depot:migros-1991"":131.5},""previous_level"":107.91746612472785,""link_factor"":1.0}"
2026-09-19,dairy_eggs,kefir,Kefir,id:1ZST,id:1ZST,İçim Çilekli Kefir 1 Lt,1.0,l,115.0,115.0,116.566548,1,115.0,0.0,api-refined,Ayran ve Kefir,main_category,2,1,"[""depot:carrefour-1012""]","[""carrefour""]",pinned-relative,18.09.2026 12:27,0,1.1,2026-09-19T02:22:26.578403+03:00,"[{""price"":115.0,""api_unit_price"":115.0,""source_id"":""depot:carrefour-1012"",""market"":""carrefour"",""depot_name"":""Istanbul Acıbadem Hıper"",""index_time"":""18.09.2026 12:27""}]","{""mode"":""pinned-relative"",""previous_prices"":{""depot:carrefour-1012"":115.0},""previous_level"":116.56654756587761,""link_factor"":1.0}"
2026-09-19,dairy_eggs,kefir,Kefir,id:26DB,id:26DB,Altınkılıç Yaban Mersinli Kefir 250 Ml,0.25,l,42.5,170.0,170.0,1,170.0,0.0,api-refined,Ayran ve Kefir,main_category,1,1,"[""depot:bim-5712""]","[""bim""]",pinned-relative,18.09.2026 12:25,0,1.1,2026-09-19T02:22:26.578405+03:00,"[{""price"":42.5,""api_unit_price"":170.0,""source_id"":""depot:bim-5712"",""market"":""bim"",""depot_name"":""Çiçekçi  Üsküdar"",""index_time"":""18.09.2026 12:25""}]","{""mode"":""pinned-relative"",""previous_prices"":{""depot:bim-5712"":42.5},""previous_level"":42.5,""link_factor"":1.0}"
2026-09-19,dairy_eggs,kefir,Kefir,id:1VRO,id:1VRO,İçim Mango Portakal Kefir 250 Ml,0.25,l,45.5,182.0,182.0,1,182.0,0.0,api-refined,Ayran ve Kefir,main_category,1,1,"[""depot:carrefour-5254""]","[""carrefour""]",pinned-relative,18.09.2026 12:26,0,1.1,2026-09-19T02:22:26.578407+03:00,"[{""price"":45.5,""api_unit_price"":182.0,""source_id"":""depot:carrefour-5254"",""market"":""carrefour"",""depot_name"":""Istanbul Üsküdar Salacak Mını"",""index_time"":""18.09.2026 12:26""}]","{""mode"":""pinned-relative"",""previous_prices"":{""depot:carrefour-5254"":45.5},""previous_level"":45.5,""link_factor"":1.0}"
2026-09-19,dairy_eggs,kefir,Kefir,id:1ZOM,id:1ZOM,Altınkılıç Kefirix Yaban Mersini Kefir 250 Ml,0.25,l,56.95,227.8,227.8,1,227.8,0.0,api-refined,Ayran ve Kefir,main_category,1,1,"[""depot:carrefour-1012""]","[""carrefour""]",pinned-relative,18.09.2026 12:26,0,1.1,2026-09-19T02:22:26.578410+03:00,"[{""price"":56.95,""api_unit_price"":227.8,""source_id"":""depot:carrefour-1012"",""market"":""carrefour"",""depot_name"":""Istanbul Acıbadem Hıper"",""index_time"":""18.09.2026 12:26""}]","{""mode"":""pinned-relative"",""previous_prices"":{""depot:carrefour-1012"":56.95},""previous_level"":56.95,""link_factor"":1.0}"
2026-09-19,dairy_eggs,kefir,Kefir,id:0YTU,id:0YTU,Mis Kefir Orman Meyveli 1 Lt,1.0,l,79.5,79.5,79.5,1,79.5,0.0,api-refined,Ayran ve Kefir,main_category,1,1,"[""depot:sok-4707""]","[""sok""]",pinned-relative,18.09.2026 12:23,0,1.1,2026-09-19T02:22:26.578412+03:00,"[{""price"":79.5,""api_unit_price"":79.5,""source_id"":""depot:sok-4707"",""market"":""sok"",""depot_name"":""Şok Minifevziçakmak"",""index_time"":""18.09.2026 12:23""}]","{""mode"":""pinned-relative"",""previous_prices"":{""depot:sok-4707"":79.5},""previous_level"":79.5,""link_factor"":1.0}"
2026-09-19,dairy_eggs,kefir,Kefir,id:182H,id:182H,Pınar Kefir 1 Lt,1.0,l,79.5,79.5,79.5,1,79.5,0.0,api-refined,Ayran ve Kefir,main_category,1,1,"[""depot:bim-5712""]","[""bim""]",pinned-relative,18.09.2026 12:25,0,1.1,2026-09-19T02:22:26.578414+03:00,"[{""price"":79.5,""api_unit_price"":79.5,""source_id"":""depot:bim-5712"",""market"":""bim"",""depot_name"":""Çiçekçi  Üsküdar"",""index_time"":""18.09.2026 12:25""}]","{""mode"":""pinned-relative"",""previous_prices"":{""depot:bim-5712"":79.5},""previous_level"":79.5,""link_factor"":1.0}"
2026-09-19,dairy_eggs,kefir,Kefir,id:15Z1,id:15Z1,İçim Mangolu Portakallı Kefir 1 Lt,1.0,l,94.0,94.0,94.0,1,94.0,0.0,api-refined,Ayran ve Kefir,main_category,1,1,"[""depot:bim-5712""]","[""bim""]",pinned-relative,18.09.2026 12:25,0,1.1,2026-09-19T02:22:26.578416+03:00,"[{""price"":94.0,""api_unit_price"":94.0,""source_id"":""depot:bim-5712"",""market"":""bim"",""depot_name"":""Çiçekçi  Üsküdar"",""index_time"":""18.09.2026 12:25""}]","{""mode"":""pinned-relative"",""previous_prices"":{""depot:bim-5712"":94.0},""previous_level"":94.0,""link_factor"":1.0}"
2026-09-19,dairy_eggs,white_cheese,Beyaz peynir,id:1UAA,id:1UAA,Ekici Beyaz Peynir 500 Gr,0.5,kg,202.0,404.0,432.037681,2,404.0,0.0,api-refined,Beyaz Peynir,sub_category,3,2,"[""depot:hakmar-5521"",""depot:migros-4479""]","[""hakmar"",""migros""]",pinned-relative,18.09.2026 12:27,0,1.1,2026-09-19T02:22:36.612920+03:00,"[{""price"":199.0,""api_unit_price"":398.0,""source_id"":""depot:hakmar-5521"",""market"":""hakmar"",""depot_name"":""Ahmediye  Üsküdar"",""index_time"":""18.09.2026 12:27""},{""price"":205.0,""api_unit_price"":410.0,""source_id"":""depot:migros-4479"",""market"":""migros"",""depot_name"":""Mjet Üsküdar Paşakapısı"",""index_time"":""18.09.2026 12:27""}]","{""mode"":""pinned-relative"",""previous_prices"":{""depot:hakmar-5521"":199.0,""depot:migros-4479"":205.0},""previous_level"":216.0188404997003,""link_factor"":1.0}"
2026-09-19,dairy_eggs,white_cheese,Beyaz peynir,id:1KKA,id:0YLR,Bahçıvan Dilimli Beyaz Peynir 420 Gr,0.42,kg,189.9,452.142857,1307.105647,1,452.14282,0.0,api-refined,Beyaz Peynir,sub_category,1,1,"[""depot:migros-1991""]","[""migros""]",pinned-relative,18.09.2026 12:27,1,1.1,2026-09-19T02:22:36.612932+03:00,"[{""price"":189.9,""api_unit_price"":452.14282,""source_id"":""depot:migros-1991"",""market"":""migros"",""depot_name"":""Çiçekçi M Migros"",""index_time"":""18.09.2026 12:27""}]","{""mode"":""pinned-relative"",""previous_prices"":{""depot:migros-1991"":189.9},""previous_level"":234.9,""link_factor"":2.337098218818441}"
2026-09-19,dairy_eggs,white_cheese,Beyaz peynir,id:0Z0N,id:0Z0N,Mis Yarım Yağlı Süzme Beyaz Peynir 500 Gr,0.5,kg,105.0,210.0,210.0,1,210.0,0.0,api-refined,Beyaz Peynir,sub_category,1,1,"[""depot:sok-4707""]","[""sok""]",pinned-relative,18.09.2026 12:22,0,1.1,2026-09-19T02:22:36.612936+03:00,"[{""price"":105.0,""api_unit_price"":210.0,""source_id"":""depot:sok-4707"",""market"":""sok"",""depot_name"":""Şok Minifevziçakmak"",""index_time"":""18.09.2026 12:22""}]","{""mode"":""pinned-relative"",""previous_prices"":{""depot:sok-4707"":105.0},""previous_level"":105.0,""link_factor"":1.0}"
2026-09-19,dairy_eggs,white_cheese,Beyaz peynir,id:087J,id:087J,Torku Beyaz Peynir 500 Gr,0.5,kg,185.0,370.0,370.0,1,370.0,0.0,api-refined,Beyaz Peynir,sub_category,1,1,"[""depot:bim-5712""]","[""bim""]",pinned-relative,18.09.2026 12:27,0,1.1,2026-09-19T02:22:36.612938+03:00,"[{""price"":185.0,""api_unit_price"":370.0,""source_id"":""depot:bim-5712"",""market"":""bim"",""depot_name"":""Çiçekçi  Üsküdar"",""index_time"":""18.09.2026 12:27""}]","{""mode"":""pinned-relative"",""previous_prices"":{""depot:bim-5712"":185.0},""previous_level"":185.0,""link_factor"":1.0}"
2026-09-19,dairy_eggs,white_cheese,Beyaz peynir,id:1IS2,id:1IS2,İçim Tam Yağlı Beyaz Peynir 500 Gr,0.5,kg,197.95,395.9,395.9,1,395.9,0.0,api-refined,Beyaz Peynir,sub_category,1,1,"[""depot:migros-1991""]","[""migros""]",pinned-relative,18.09.2026 12:27,0,1.1,2026-09-19T02:22:36.612941+03:00,"[{""price"":197.95,""api_unit_price"":395.9,""source_id"":""depot:migros-1991"",""market"":""migros"",""depot_name"":""Çiçekçi M Migros"",""index_time"":""18.09.2026 12:27""}]","{""mode"":""pinned-relative"",""previous_prices"":{""depot:migros-1991"":197.95},""previous_level"":197.95,""link_factor"":1.0}"
2026-09-19,dairy_eggs,white_cheese,Beyaz peynir,id:105R,id:105R,Mis Keçi Sütlü Beyaz Peynir 350 Gr,0.35,kg,219.0,625.714286,625.714286,1,625.7143,0.0,api-refined,Beyaz Peynir,sub_category,1,1,"[""depot:sok-4707""]","[""sok""]",pinned-relative,18.09.2026 12:22,0,1.1,2026-09-19T02:22:36.612943+03:00,"[{""price"":219.0,""api_unit_price"":625.7143,""source_id"":""depot:sok-4707"",""market"":""sok"",""depot_name"":""Şok Minifevziçakmak"",""index_time"":""18.09.2026 12:22""}]","{""mode"":""pinned-relative"",""previous_prices"":{""depot:sok-4707"":219.0},""previous_level"":219.0,""link_factor"":1.0}"
2026-09-19,dairy_eggs,white_cheese,Beyaz peynir,id:141G,id:141G,Aknaz Az Yağlı Beyaz Peynir 1 Kg,1.0,kg,179.0,179.0,179.0,1,179.0,0.0,api-refined,Beyaz Peynir,sub_category,1,1,"[""depot:bim-5712""]","[""bim""]",pinned-relative,18.09.2026 12:25,0,1.1,2026-09-19T02:22:36.612945+03:00,"[{""price"":179.0,""api_unit_price"":179.0,""source_id"":""depot:bim-5712"",""market"":""bim"",""depot_name"":""Çiçekçi  Üsküdar"",""index_time"":""18.09.2026 12:25""}]","{""mode"":""pinned-relative"",""previous_prices"":{""depot:bim-5712"":179.0},""previous_level"":179.0,""link_factor"":1.0}"
2026-09-19,dairy_eggs,white_cheese,Beyaz peynir,id:0E2B,id:0E2B,Carrefour Otlu Beyaz Peynir 250 Gr,0.25,kg,199.5,798.0,798.0,1,798.0,0.0,api-refined,Beyaz Peynir,sub_category,1,1,"[""depot:carrefour-5254""]","[""carrefour""]",pinned-relative,18.09.2026 12:26,0,1.1,2026-09-19T02:22:36.612947+03:00,"[{""price"":199.5,""api_unit_price"":798.0,""source_id"":""depot:carrefour-5254"",""market"":""carrefour"",""depot_name"":""Istanbul Üsküdar Salacak Mını"",""index_time"":""18.09.2026 12:26""}]","{""mode"":""pinned-relative"",""previous_prices"":{""depot:carrefour-5254"":199.5},""previous_level"":199.5,""link_factor"":1.0}"
2026-09-19,dairy_eggs,white_cheese,Beyaz peynir,id:0CAL,id:0CAL,Mis Tam Yağlı Beyaz Peynir 750 Gr,0.75,kg,205.0,273.333333,273.333333,1,273.33334,0.0,api-refined,Beyaz Peynir,sub_category,1,1,"[""depot:sok-4707""]","[""sok""]",pinned-relative,18.09.2026 12:22,0,1.1,2026-09-19T02:22:36.612949+03:00,"[{""price"":205.0,""api_unit_price"":273.33334,""source_id"":""depot:sok-4707"",""market"":""sok"",""depot_name"":""Şok Minifevziçakmak"",""index_time"":""18.09.2026 12:22""}]","{""mode"":""pinned-relative"",""previous_prices"":{""depot:sok-4707"":205.0},""previous_level"":205.0,""link_factor"":1.0}"
2026-09-19,dairy_eggs,white_cheese,Beyaz peynir,id:01OX,id:01OX,Aknaz Beyaz Peynir Kutu 750 Gr,0.75,kg,205.0,273.333333,273.333333,1,273.33334,0.0,api-refined,Beyaz Peynir,sub_category,1,1,"[""depot:bim-5712""]","[""bim""]",pinned-relative,18.09.2026 12:24,0,1.1,2026-09-19T02:22:36.612951+03:00,"[{""price"":205.0,""api_unit_price"":273.33334,""source_id"":""depot:bim-5712"",""market"":""bim"",""depot_name"":""Çiçekçi  Üsküdar"",""index_time"":""18.09.2026 12:24""}]","{""mode"":""pinned-relative"",""previous_prices"":{""depot:bim-5712"":205.0},""previous_level"":205.0,""link_factor"":1.0}"
2026-09-19,dairy_eggs,white_cheese,Beyaz peynir,id:1ZSS,id:1ZSS,İçim Beyaz Peynir 900 Gr,0.9,kg,307.95,342.166667,342.166667,1,342.1667,0.0,api-refined,Beyaz Peynir,sub_category,1,1,"[""depot:carrefour-1012""]","[""carrefour""]",pinned-relative,18.09.2026 12:27,0,1.1,2026-09-19T02:22:36.612953+03:00,"[{""price"":307.95,""api_unit_price"":342.1667,""source_id"":""depot:carrefour-1012"",""market"":""carrefour"",""depot_name"":""Istanbul Acıbadem Hıper"",""index_time"":""18.09.2026 12:27""}]","{""mode"":""pinned-relative"",""previous_prices"":{""depot:carrefour-1012"":307.95},""previous_level"":307.95,""link_factor"":1.0}"
2026-09-19,dairy_eggs,white_cheese,Beyaz peynir,id:0WAL,id:0WAL,Migros Beyaz Peynir 1 Kg,1.0,kg,265.9,265.9,265.9,1,265.9,0.0,api-refined,Beyaz Peynir,sub_category,1,1,"[""depot:migros-4479""]","[""migros""]",pinned-relative,18.09.2026 12:27,0,1.1,2026-09-19T02:22:36.612955+03:00,"[{""price"":265.9,""api_unit_price"":265.9,""source_id"":""depot:migros-4479"",""market"":""migros"",""depot_name"":""Mjet Üsküdar Paşakapısı"",""index_time"":""18.09.2026 12:27""}]","{""mode"":""pinned-relative"",""previous_prices"":{""depot:migros-4479"":265.9},""previous_level"":265.9,""link_factor"":1.0}"
2026-09-19,dairy_eggs,white_cheese,Beyaz peynir,id:01RZ,id:01RZ,Aknaz Naturel Beyaz Peynir 600 Gr,0.6,kg,269.0,448.333333,448.333333,1,448.3333,0.0,api-refined,Beyaz Peynir,sub_category,1,1,"[""depot:bim-5712""]","[""bim""]",pinned-relative,18.09.2026 12:24,0,1.1,2026-09-19T02:22:36.612958+03:00,"[{""price"":269.0,""api_unit_price"":448.3333,""source_id"":""depot:bim-5712"",""market"":""bim"",""depot_name"":""Çiçekçi  Üsküdar"",""index_time"":""18.09.2026 12:24""}]","{""mode"":""pinned-relative"",""previous_prices"":{""depot:bim-5712"":269.0},""previous_level"":269.0,""link_factor"":1.0}"
2026-09-19,dairy_eggs,white_cheese,Beyaz peynir,id:12JJ,id:12JJ,Carrefour Olgunlaştırılmış Beyaz Peynir 600 Gr,0.6,kg,299.9,499.833333,499.833333,1,499.8333,0.0,api-refined,Beyaz Peynir,sub_category,1,1,"[""depot:carrefour-5254""]","[""carrefour""]",pinned-relative,18.09.2026 12:27,0,1.1,2026-09-19T02:22:36.612960+03:00,"[{""price"":299.9,""api_unit_price"":499.8333,""source_id"":""depot:carrefour-5254"",""market"":""carrefour"",""depot_name"":""Istanbul Üsküdar Salacak Mını"",""index_time"":""18.09.2026 12:27""}]","{""mode"":""pinned-relative"",""previous_prices"":{""depot:carrefour-5254"":299.9},""previous_level"":299.9,""link_factor"":1.0}"
2026-09-19,dairy_eggs,white_cheese,Beyaz peynir,id:1JUL,id:1JUL,Sütaş Beyaz Peynir 900 Gr,0.9,kg,363.5,403.888889,403.888889,1,403.8889,0.0,api-refined,Beyaz Peynir,sub_category,1,1,"[""depot:carrefour-1012""]","[""carrefour""]",pinned-relative,18.09.2026 12:26,0,1.1,2026-09-19T02:22:36.612962+03:00,"[{""price"":363.5,""api_unit_price"":403.8889,""source_id"":""depot:carrefour-1012"",""market"":""carrefour"",""depot_name"":""Istanbul Acıbadem Hıper"",""index_time"":""18.09.2026 12:26""}]","{""mode"":""pinned-relative"",""previous_prices"":{""depot:carrefour-1012"":363.5},""previous_level"":363.5,""link_factor"":1.0}"
2026-09-19,dairy_eggs,white_cheese,Beyaz peynir,id:1ITH,id:1ITH,Lokum Kıvamında Beyaz Peynir 1 Kg,1.0,kg,339.0,339.0,339.0,1,339.0,0.0,api-refined,Beyaz Peynir,sub_category,1,1,"[""depot:bim-5712""]","[""bim""]",pinned-relative,18.09.2026 12:24,0,1.1,2026-09-19T02:22:36.612964+03:00,"[{""price"":339.0,""api_unit_price"":339.0,""source_id"":""depot:bim-5712"",""market"":""bim"",""depot_name"":""Çiçekçi  Üsküdar"",""index_time"":""18.09.2026 12:24""}]","{""mode"":""pinned-relative"",""previous_prices"":{""depot:bim-5712"":339.0},""previous_level"":339.0,""link_factor"":1.0}"
2026-09-19,dairy_eggs,white_cheese,Beyaz peynir,id:0XUN,id:0XUN,Tahsildaroğlu Klasik İnek Beyaz Peynir 1 Kg,1.0,kg,649.9,649.9,649.9,1,649.9,0.0,api-refined,Beyaz Peynir,sub_category,1,1,"[""depot:migros-1991""]","[""migros""]",pinned-relative,18.09.2026 12:24,0,1.1,2026-09-19T02:22:36.612966+03:00,"[{""price"":649.9,""api_unit_price"":649.9,""source_id"":""depot:migros-1991"",""market"":""migros"",""depot_name"":""Çiçekçi M Migros"",""index_time"":""18.09.2026 12:24""}]","{""mode"":""pinned-relative"",""previous_prices"":{""depot:migros-1991"":649.9},""previous_level"":649.9,""link_factor"":1.0}"
2026-09-19,dairy_eggs,white_cheese,Beyaz peynir,id:0T0H,id:0T0H,Klasik Beyaz Peynir 1 Kg,1.0,kg,659.9,659.9,659.9,1,659.9,0.0,api-refined,Beyaz Peynir,sub_category,1,1,"[""depot:migros-564""]","[""migros""]",pinned-relative,18.09.2026 12:24,0,1.1,2026-09-19T02:22:36.612968+03:00,"[{""price"":659.9,""api_unit_price"":659.9,""source_id"":""depot:migros-564"",""market"":""migros"",""depot_name"":""Kadıköy Çarşı M Migros"",""index_time"":""18.09.2026 12:24""}]","{""mode"":""pinned-relative"",""previous_prices"":{""depot:migros-564"":659.9},""previous_level"":659.9,""link_factor"":1.0}"
2026-09-19,dairy_eggs,white_cheese,Beyaz peynir,id:0DYE,id:0DYE,Antre Gourmet Ezine Beyaz Peynir 1 Kg,1.0,kg,1489.0,1489.0,1489.0,1,1489.0,0.0,api-refined,Beyaz Peynir,sub_category,1,1,"[""depot:carrefour-1012""]","[""carrefour""]",pinned-relative,18.09.2026 12:26,0,1.1,2026-09-19T02:22:36.612970+03:00,"[{""price"":1489.0,""api_unit_price"":1489.0,""source_id"":""depot:carrefour-1012"",""market"":""carrefour"",""depot_name"":""Istanbul Acıbadem Hıper"",""index_time"":""18.09.2026 12:26""}]","{""mode"":""pinned-relative"",""previous_prices"":{""depot:carrefour-1012"":1489.0},""previous_level"":1489.0,""link_factor"":1.0}"
2026-09-19,dairy_eggs,kasar,Kaşar peyniri,id:1N24,id:1N24,Sütaş Kaşar Peyniri 500 Gr,0.5,kg,299.0,598.0,598.0,1,598.0,0.0,api-refined,Kaşar Peyniri,sub_category,1,1,"[""depot:sok-4711""]","[""sok""]",pinned-relative,18.09.2026 12:27,0,1.1,2026-09-19T02:22:41.590469+03:00,"[{""price"":299.0,""api_unit_price"":598.0,""source_id"":""depot:sok-4711"",""market"":""sok"",""depot_name"":""Şok Minitamer Yeni"",""index_time"":""18.09.2026 12:27""}]","{""mode"":""pinned-relative"",""previous_prices"":{""depot:sok-4711"":299.0},""previous_level"":299.0,""link_factor"":1.0}"
2026-09-19,dairy_eggs,kasar,Kaşar peyniri,id:1PBL,id:1PBL,Tahsildaroğlu Taze Kaşar Peyniri 400 Gr,0.4,kg,249.925,624.8125,615.564683,2,624.812455,0.0,api-refined,Kaşar Peyniri,sub_category,2,2,"[""depot:carrefour-1012"",""depot:migros-1991""]","[""carrefour"",""migros""]",pinned-relative,18.09.2026 12:26,0,1.1,2026-09-19T02:22:41.590481+03:00,"[{""price"":199.95,""api_unit_price"":499.87497,""source_id"":""depot:carrefour-1012"",""market"":""carrefour"",""depot_name"":""Istanbul Acıbadem Hıper"",""index_time"":""18.09.2026 12:26""},{""price"":299.9,""api_unit_price"":749.74994,""source_id"":""depot:migros-1991"",""market"":""migros"",""depot_name"":""Çiçekçi M Migros"",""index_time"":""18.09.2026 12:26""}]","{""mode"":""pinned-relative"",""previous_prices"":{""depot:carrefour-1012"":199.95,""depot:migros-1991"":299.9},""previous_level"":246.2258731084058,""link_factor"":1.0}"
2026-09-19,dairy_eggs,kasar,Kaşar peyniri,id:0ZWO,id:0ZWO,Muratbey Kaşar Peyniri 500 Gr,0.5,kg,349.0,698.0,798.0,1,698.0,0.0,api-refined,Kaşar Peyniri,sub_category,1,1,"[""depot:hakmar-5521""]","[""hakmar""]",pinned-relative,18.09.2026 12:27,0,1.1,2026-09-19T02:22:41.590484+03:00,"[{""price"":349.0,""api_unit_price"":698.0,""source_id"":""depot:hakmar-5521"",""market"":""hakmar"",""depot_name"":""Ahmediye  Üsküdar"",""index_time"":""18.09.2026 12:27""}]","{""mode"":""pinned-relative"",""previous_prices"":{""depot:hakmar-5521"":349.0},""previous_level"":399.0,""link_factor"":1.0}"
2026-09-19,dairy_eggs,kasar,Kaşar peyniri,id:09AF,id:09AF,Haktat Kaşar Peyniri 400 Gr,0.4,kg,179.0,447.5,447.5,1,447.5,0.0,api-refined,Kaşar Peyniri,sub_category,1,1,"[""depot:hakmar-5521""]","[""hakmar""]",pinned-relative,18.09.2026 12:25,0,1.1,2026-09-19T02:22:41.590487+03:00,"[{""price"":179.0,""api_unit_price"":447.5,""source_id"":""depot:hakmar-5521"",""market"":""hakmar"",""depot_name"":""Ahmediye  Üsküdar"",""index_time"":""18.09.2026 12:25""}]","{""mode"":""pinned-relative"",""previous_prices"":{""depot:hakmar-5521"":179.0},""previous_level"":179.0,""link_factor"":1.0}"
2026-09-19,dairy_eggs,kasar,Kaşar peyniri,id:0GD5,id:0GD5,Carrefour Kaşar Peyniri 500 Gr,0.5,kg,279.9,559.8,559.8,1,559.8,0.0,api-refined,Kaşar Peyniri,sub_category,1,1,"[""depot:carrefour-5254""]","[""carrefour""]",pinned-relative,18.09.2026 12:26,0,1.1,2026-09-19T02:22:41.590489+03:00,"[{""price"":279.9,""api_unit_price"":559.8,""source_id"":""depot:carrefour-5254"",""market"":""carrefour"",""depot_name"":""Istanbul Üsküdar Salacak Mını"",""index_time"":""18.09.2026 12:26""}]","{""mode"":""pinned-relative"",""previous_prices"":{""depot:carrefour-5254"":279.9},""previous_level"":279.9,""link_factor"":1.0}"
2026-09-19,dairy_eggs,kasar,Kaşar peyniri,id:2CSP,id:2CSP,Erünsal Kaşar Peyniri 400 Gr,0.4,kg,259.0,647.5,647.5,1,647.5,0.0,api-refined,Kaşar Peyniri,sub_category,1,1,"[""depot:hakmar-5521""]","[""hakmar""]",pinned-relative,18.09.2026 12:26,0,1.1,2026-09-19T02:22:41.590491+03:00,"[{""price"":259.0,""api_unit_price"":647.5,""source_id"":""depot:hakmar-5521"",""market"":""hakmar"",""depot_name"":""Ahmediye  Üsküdar"",""index_time"":""18.09.2026 12:26""}]","{""mode"":""pinned-relative"",""previous_prices"":{""depot:hakmar-5521"":259.0},""previous_level"":259.0,""link_factor"":1.0}"
2026-09-19,dairy_eggs,kasar,Kaşar peyniri,id:069Q,id:069Q,Haktat Kaşar Peyniri 700 Gr,0.7,kg,309.0,441.428571,441.428571,1,441.42856,0.0,api-refined,Kaşar Peyniri,sub_category,1,1,"[""depot:hakmar-5521""]","[""hakmar""]",pinned-relative,18.09.2026 12:25,0,1.1,2026-09-19T02:22:41.590493+03:00,"[{""price"":309.0,""api_unit_price"":441.42856,""source_id"":""depot:hakmar-5521"",""market"":""hakmar"",""depot_name"":""Ahmediye  Üsküdar"",""index_time"":""18.09.2026 12:25""}]","{""mode"":""pinned-relative"",""previous_prices"":{""depot:hakmar-5521"":309.0},""previous_level"":309.0,""link_factor"":1.0}"
2026-09-19,dairy_eggs,kasar,Kaşar peyniri,id:04HG,id:04HG,Muratbey Laktozsuz Kaşar Peyniri 500 Gr,0.5,kg,349.0,698.0,698.0,1,698.0,0.0,api-refined,Kaşar Peyniri,sub_category,1,1,"[""depot:hakmar-5521""]","[""hakmar""]",pinned-relative,18.09.2026 12:25,0,1.1,2026-09-19T02:22:41.590495+03:00,"[{""price"":349.0,""api_unit_price"":698.0,""source_id"":""depot:hakmar-5521"",""market"":""hakmar"",""depot_name"":""Ahmediye  Üsküdar"",""index_time"":""18.09.2026 12:25""}]","{""mode"":""pinned-relative"",""previous_prices"":{""depot:hakmar-5521"":349.0},""previous_level"":349.0,""link_factor"":1.0}"
2026-09-19,dairy_eggs,kasar,Kaşar peyniri,id:17MR,id:17MR,Sütaş Kaşar Peyniri 700 Gr,0.7,kg,365.0,521.428571,521.428571,1,521.4286,0.0,api-refined,Kaşar Peyniri,sub_category,1,1,"[""depot:hakmar-5521""]","[""hakmar""]",pinned-relative,18.09.2026 12:25,0,1.1,2026-09-19T02:22:41.590497+03:00,"[{""price"":365.0,""api_unit_price"":521.4286,""source_id"":""depot:hakmar-5521"",""market"":""hakmar"",""depot_name"":""Ahmediye  Üsküdar"",""index_time"":""18.09.2026 12:25""}]","{""mode"":""pinned-relative"",""previous_prices"":{""depot:hakmar-5521"":365.0},""previous_level"":365.0,""link_factor"":1.0}"
2026-09-19,dairy_eggs,kasar,Kaşar peyniri,id:20IX,id:20IX,Sütaş Kaşar Peyniri 600 Gr,0.6,kg,386.5,644.166667,644.166667,1,644.1666,0.0,api-refined,Kaşar Peyniri,sub_category,1,1,"[""depot:carrefour-1012""]","[""carrefour""]",pinned-relative,18.09.2026 12:26,0,1.1,2026-09-19T02:22:41.590499+03:00,"[{""price"":386.5,""api_unit_price"":644.1666,""source_id"":""depot:carrefour-1012"",""market"":""carrefour"",""depot_name"":""Istanbul Acıbadem Hıper"",""index_time"":""18.09.2026 12:26""}]","{""mode"":""pinned-relative"",""previous_prices"":{""depot:carrefour-1012"":386.5},""previous_level"":386.5,""link_factor"":1.0}"
2026-09-19,dairy_eggs,kasar,Kaşar peyniri,id:1OOH,id:1OOH,İçim Kaşar Peyniri 700 Gr,0.7,kg,399.0,570.0,570.0,1,570.0,0.0,api-refined,Kaşar Peyniri,sub_category,1,1,"[""depot:sok-4707""]","[""sok""]",pinned-relative,18.09.2026 12:22,0,1.1,2026-09-19T02:22:41.590501+03:00,"[{""price"":399.0,""api_unit_price"":570.0,""source_id"":""depot:sok-4707"",""market"":""sok"",""depot_name"":""Şok Minifevziçakmak"",""index_time"":""18.09.2026 12:22""}]","{""mode"":""pinned-relative"",""previous_prices"":{""depot:sok-4707"":399.0},""previous_level"":399.0,""link_factor"":1.0}"
2026-09-19,dairy_eggs,kasar,Kaşar peyniri,id:02Q8,id:02Q8,Haktat Kaşar Peyniri 1 Kg,1.0,kg,429.0,429.0,429.0,1,429.0,0.0,api-refined,Kaşar Peyniri,sub_category,1,1,"[""depot:hakmar-5521""]","[""hakmar""]",pinned-relative,18.09.2026 12:25,0,1.1,2026-09-19T02:22:41.590503+03:00,"[{""price"":429.0,""api_unit_price"":429.0,""source_id"":""depot:hakmar-5521"",""market"":""hakmar"",""depot_name"":""Ahmediye  Üsküdar"",""index_time"":""18.09.2026 12:25""}]","{""mode"":""pinned-relative"",""previous_prices"":{""depot:hakmar-5521"":429.0},""previous_level"":429.0,""link_factor"":1.0}"
2026-09-19,dairy_eggs,kasar,Kaşar peyniri,id:2CS4,id:2CS4,Muratbey Dilimli Kaşar Peyniri 1 Kg,1.0,kg,549.0,549.0,549.0,1,549.0,0.0,api-refined,Kaşar Peyniri,sub_category,1,1,"[""depot:hakmar-5521""]","[""hakmar""]",pinned-relative,18.09.2026 12:25,0,1.1,2026-09-19T02:22:41.590505+03:00,"[{""price"":549.0,""api_unit_price"":549.0,""source_id"":""depot:hakmar-5521"",""market"":""hakmar"",""depot_name"":""Ahmediye  Üsküdar"",""index_time"":""18.09.2026 12:25""}]","{""mode"":""pinned-relative"",""previous_prices"":{""depot:hakmar-5521"":549.0},""previous_level"":549.0,""link_factor"":1.0}"
2026-09-19,dairy_eggs,kasar,Kaşar peyniri,id:08JM,id:08JM,Baltalı Keçi Kaşar Peyniri 300 Gr,0.3,kg,673.9,2246.333333,2246.333333,1,2246.3333,0.0,api-refined,Kaşar Peyniri,sub_category,1,1,"[""depot:carrefour-1012""]","[""carrefour""]",pinned-relative,18.09.2026 12:27,0,1.1,2026-09-19T02:22:41.590508+03:00,"[{""price"":673.9,""api_unit_price"":2246.3333,""source_id"":""depot:carrefour-1012"",""market"":""carrefour"",""depot_name"":""Istanbul Acıbadem Hıper"",""index_time"":""18.09.2026 12:27""}]","{""mode"":""pinned-relative"",""previous_prices"":{""depot:carrefour-1012"":673.9},""previous_level"":673.9,""link_factor"":1.0}"
2026-09-19,dairy_eggs,kasar,Kaşar peyniri,id:0GEZ,id:0GEZ,Koçulu Kars Eski Kaşar Peyniri 1 Kg,1.0,kg,902.0,902.0,902.0,1,902.0,0.0,api-refined,Kaşar Peyniri,sub_category,1,1,"[""depot:carrefour-1012""]","[""carrefour""]",pinned-relative,18.09.2026 12:26,0,1.1,2026-09-19T02:22:41.590510+03:00,"[{""price"":902.0,""api_unit_price"":902.0,""source_id"":""depot:carrefour-1012"",""market"":""carrefour"",""depot_name"":""Istanbul Acıbadem Hıper"",""index_time"":""18.09.2026 12:26""}]","{""mode"":""pinned-relative"",""previous_prices"":{""depot:carrefour-1012"":902.0},""previous_level"":902.0,""link_factor"":1.0}"
2026-09-19,dairy_eggs,kasar,Kaşar peyniri,id:08ZP,id:08ZP,Koçulu Trakya Eski Kaşar Peyniri 1 Kg,1.0,kg,1282.0,1282.0,1282.0,1,1282.0,0.0,api-refined,Kaşar Peyniri,sub_category,1,1,"[""depot:carrefour-1012""]","[""carrefour""]",pinned-relative,18.09.2026 12:26,0,1.1,2026-09-19T02:22:41.590512+03:00,"[{""price"":1282.0,""api_unit_price"":1282.0,""source_id"":""depot:carrefour-1012"",""market"":""carrefour"",""depot_name"":""Istanbul Acıbadem Hıper"",""index_time"":""18.09.2026 12:26""}]","{""mode"":""pinned-relative"",""previous_prices"":{""depot:carrefour-1012"":1282.0},""previous_level"":1282.0,""link_factor"":1.0}"
2026-09-19,dairy_eggs,labneh,Labne,id:1YV3,id:1YV3,İçim Labne 180 Gr,0.18,kg,79.9,443.888889,449.7379,3,443.88892,0.0,api-refined,Labne,sub_category,3,3,"[""depot:carrefour-1012"",""depot:migros-1991"",""depot:sok-4707""]","[""carrefour"",""migros"",""sok""]",pinned-relative,18.09.2026 12:27,0,1.1,2026-09-19T02:22:44.068169+03:00,"[{""price"":77.9,""api_unit_price"":432.7778,""source_id"":""depot:sok-4707"",""market"":""sok"",""depot_name"":""Şok Minifevziçakmak"",""index_time"":""18.09.2026 12:27""},{""price"":79.9,""api_unit_price"":443.88892,""source_id"":""depot:migros-1991"",""market"":""migros"",""depot_name"":""Çiçekçi M Migros"",""index_time"":""18.09.2026 12:27""},{""price"":79.95,""api_unit_price"":444.16666,""source_id"":""depot:carrefour-1012"",""market"":""carrefour"",""depot_name"":""Istanbul Acıbadem Hıper"",""index_time"":""18.09.2026 12:27""}]","{""mode"":""pinned-relative"",""previous_prices"":{""depot:carrefour-1012"":79.95,""depot:migros-1991"":79.9,""depot:sok-4707"":77.9},""previous_level"":80.95282197426253,""link_factor"":1.0}"
2026-09-19,dairy_eggs,labneh,Labne,id:1Y1Y,id:1Y1Y,İçim Labne 400 Gr,0.4,kg,149.0,372.5,381.470326,3,372.5,0.0,api-refined,Labne,sub_category,3,3,"[""depot:bim-5712"",""depot:carrefour-1012"",""depot:sok-4707""]","[""bim"",""carrefour"",""sok""]",pinned-relative,18.09.2026 12:26,0,1.1,2026-09-19T02:22:44.068182+03:00,"[{""price"":149.0,""api_unit_price"":372.5,""source_id"":""depot:sok-4707"",""market"":""sok"",""depot_name"":""Şok Minifevziçakmak"",""index_time"":""18.09.2026 12:26""},{""price"":149.0,""api_unit_price"":372.5,""source_id"":""depot:bim-5712"",""market"":""bim"",""depot_name"":""Çiçekçi  Üsküdar"",""index_time"":""18.09.2026 12:26""},{""price"":156.75,""api_unit_price"":391.875,""source_id"":""depot:carrefour-1012"",""market"":""carrefour"",""depot_name"":""Istanbul Acıbadem Hıper"",""index_time"":""18.09.2026 12:26""}]","{""mode"":""pinned-relative"",""previous_prices"":{""depot:bim-5712"":149.0,""depot:carrefour-1012"":156.75,""depot:sok-4707"":149.0},""previous_level"":152.58813039425678,""link_factor"":1.0}"
2026-09-19,dairy_eggs,labneh,Labne,id:1RRI,id:1RRI,Pınar Labne 8x20 Gr,0.16,kg,109.75,685.9375,699.0625,1,685.9375,0.0,api-refined,Labne,sub_category,2,1,"[""depot:carrefour-1012""]","[""carrefour""]",pinned-relative,18.09.2026 12:26,0,1.1,2026-09-19T02:22:44.068185+03:00,"[{""price"":109.75,""api_unit_price"":685.9375,""source_id"":""depot:carrefour-1012"",""market"":""carrefour"",""depot_name"":""Istanbul Acıbadem Hıper"",""index_time"":""18.09.2026 12:26""}]","{""mode"":""pinned-relative"",""previous_prices"":{""depot:carrefour-1012"":109.75},""previous_level"":111.85,""link_factor"":1.0}"
2026-09-19,dairy_eggs,labneh,Labne,id:1NE8,id:1NE8,Pınar Organik Labne 180 Gr,0.18,kg,115.45,641.388889,641.388889,2,641.38887,0.0,api-refined,Labne,sub_category,2,2,"[""depot:carrefour-1012"",""depot:migros-1991""]","[""carrefour"",""migros""]",pinned-relative,18.09.2026 12:26,0,1.1,2026-09-19T02:22:44.068187+03:00,"[{""price"":113.95,""api_unit_price"":633.05554,""source_id"":""depot:migros-1991"",""market"":""migros"",""depot_name"":""Çiçekçi M Migros"",""index_time"":""18.09.2026 12:26""},{""price"":116.95,""api_unit_price"":649.7222,""source_id"":""depot:carrefour-1012"",""market"":""carrefour"",""depot_name"":""Istanbul Acıbadem Hıper"",""index_time"":""18.09.2026 12:26""}]","{""mode"":""pinned-relative"",""previous_prices"":{""depot:carrefour-1012"":116.95,""depot:migros-1991"":113.95},""previous_level"":115.45,""link_factor"":1.0}"
2026-09-19,dairy_eggs,labneh,Labne,id:19KX,id:19KX,Kiri Labne 450 Gr,0.45,kg,167.0,371.111111,381.177058,2,371.1111,0.0,api-refined,Labne,sub_category,2,2,"[""depot:bim-5712"",""depot:carrefour-1012""]","[""bim"",""carrefour""]",pinned-relative,18.09.2026 12:26,0,1.1,2026-09-19T02:22:44.068190+03:00,"[{""price"":149.0,""api_unit_price"":331.1111,""source_id"":""depot:bim-5712"",""market"":""bim"",""depot_name"":""Çiçekçi  Üsküdar"",""index_time"":""18.09.2026 12:26""},{""price"":185.0,""api_unit_price"":411.1111,""source_id"":""depot:carrefour-1012"",""market"":""carrefour"",""depot_name"":""Istanbul Acıbadem Hıper"",""index_time"":""18.09.2026 12:26""}]","{""mode"":""pinned-relative"",""previous_prices"":{""depot:bim-5712"":149.0,""depot:carrefour-1012"":185.0},""previous_level"":171.52967591316525,""link_factor"":1.0}"
2026-09-19,dairy_eggs,labneh,Labne,id:1T1K,id:1T1K,Kiri Labne Tam Yağlı Taze Peynir 300 Gr,0.3,kg,141.975,473.25,469.835077,2,473.25,0.0,api-refined,Labne,sub_category,2,2,"[""depot:carrefour-1012"",""depot:migros-1991""]","[""carrefour"",""migros""]",pinned-relative,18.09.2026 12:26,0,1.1,2026-09-19T02:22:44.068192+03:00,"[{""price"":124.95,""api_unit_price"":416.5,""source_id"":""depot:carrefour-1012"",""market"":""carrefour"",""depot_name"":""Istanbul Acıbadem Hıper"",""index_time"":""18.09.2026 12:26""},{""price"":159.0,""api_unit_price"":530.0,""source_id"":""depot:migros-1991"",""market"":""migros"",""depot_name"":""Çiçekçi M Migros"",""index_time"":""18.09.2026 12:26""}]","{""mode"":""pinned-relative"",""previous_prices"":{""depot:carrefour-1012"":124.95,""depot:migros-1991"":159.0},""previous_level"":140.95052323421862,""link_factor"":1.0}"
2026-09-19,dairy_eggs,labneh,Labne,id:20JZ,id:20JZ,Pınar Labne Peyniri 400 Gr,0.4,kg,165.9,414.75,414.75,2,414.74997,0.0,api-refined,Labne,sub_category,2,2,"[""depot:carrefour-5254"",""depot:migros-1991""]","[""carrefour"",""migros""]",pinned-relative,18.09.2026 12:26,0,1.1,2026-09-19T02:22:44.068194+03:00,"[{""price"":165.9,""api_unit_price"":414.74997,""source_id"":""depot:migros-1991"",""market"":""migros"",""depot_name"":""Çiçekçi M Migros"",""index_time"":""18.09.2026 12:26""},{""price"":165.9,""api_unit_price"":414.74997,""source_id"":""depot:carrefour-5254"",""market"":""carrefour"",""depot_name"":""Istanbul Üsküdar Salacak Mını"",""index_time"":""18.09.2026 12:26""}]","{""mode"":""pinned-relative"",""previous_prices"":{""depot:carrefour-5254"":165.9,""depot:migros-1991"":165.9},""previous_level"":165.9,""link_factor"":1.0}"
2026-09-19,dairy_eggs,labneh,Labne,id:1WX7,id:1WX7,İçim Labne 3x180 Gr,0.54,kg,229.95,425.833333,420.231481,1,425.8333,0.0,api-refined,Labne,sub_category,2,1,"[""depot:carrefour-1012""]","[""carrefour""]",pinned-relative,18.09.2026 12:27,0,1.1,2026-09-19T02:22:44.068196+03:00,"[{""price"":229.95,""api_unit_price"":425.8333,""source_id"":""depot:carrefour-1012"",""market"":""carrefour"",""depot_name"":""Istanbul Acıbadem Hıper"",""index_time"":""18.09.2026 12:27""}]","{""mode"":""pinned-relative"",""previous_prices"":{""depot:carrefour-1012"":229.95},""previous_level"":226.925,""link_factor"":1.0}"
2026-09-19,dairy_eggs,labneh,Labne,id:0L0B,id:0L0B,Mis Labne 200 Gr,0.2,kg,57.9,289.5,289.5,1,289.5,0.0,api-refined,Labne,sub_category,1,1,"[""depot:sok-4707""]","[""sok""]",pinned-relative,18.09.2026 12:22,0,1.1,2026-09-19T02:22:44.068198+03:00,"[{""price"":57.9,""api_unit_price"":289.5,""source_id"":""depot:sok-4707"",""market"":""sok"",""depot_name"":""Şok Minifevziçakmak"",""index_time"":""18.09.2026 12:22""}]","{""mode"":""pinned-relative"",""previous_prices"":{""depot:sok-4707"":57.9},""previous_level"":57.9,""link_factor"":1.0}"
2026-09-19,dairy_eggs,labneh,Labne,id:0ZLI,id:0ZLI,Sek Labne 180 Gr,0.18,kg,77.9,432.777778,432.777778,1,432.7778,0.0,api-refined,Labne,sub_category,1,1,"[""depot:sok-4711""]","[""sok""]",pinned-relative,18.09.2026 12:22,0,1.1,2026-09-19T02:22:44.068200+03:00,"[{""price"":77.9,""api_unit_price"":432.7778,""source_id"":""depot:sok-4711"",""market"":""sok"",""depot_name"":""Şok Minitamer Yeni"",""index_time"":""18.09.2026 12:22""}]","{""mode"":""pinned-relative"",""previous_prices"":{""depot:sok-4711"":77.9},""previous_level"":77.9,""link_factor"":1.0}"
2026-09-19,dairy_eggs,labneh,Labne,id:215Z,id:215Z,İçim Rahat Laktozsuz Labne 180 Gr,0.18,kg,79.95,444.166667,444.166667,1,444.16666,0.0,api-refined,Labne,sub_category,2,1,"[""depot:carrefour-1012""]","[""carrefour""]",pinned-relative,18.09.2026 12:26,0,1.1,2026-09-19T02:22:44.068202+03:00,"[{""price"":79.95,""api_unit_price"":444.16666,""source_id"":""depot:carrefour-1012"",""market"":""carrefour"",""depot_name"":""Istanbul Acıbadem Hıper"",""index_time"":""18.09.2026 12:26""}]","{""mode"":""pinned-relative"",""previous_prices"":{""depot:carrefour-1012"":79.95},""previous_level"":79.95,""link_factor"":1.0}"
2026-09-19,dairy_eggs,labneh,Labne,id:04E1,id:04E1,Carrefour Labne Peyniri 300 Gr,0.3,kg,84.95,283.166667,283.166667,1,283.16666,0.0,api-refined,Labne,sub_category,1,1,"[""depot:carrefour-5254""]","[""carrefour""]",pinned-relative,18.09.2026 12:26,0,1.1,2026-09-19T02:22:44.068205+03:00,"[{""price"":84.95,""api_unit_price"":283.16666,""source_id"":""depot:carrefour-5254"",""market"":""carrefour"",""depot_name"":""Istanbul Üsküdar Salacak Mını"",""index_time"":""18.09.2026 12:26""}]","{""mode"":""pinned-relative"",""previous_prices"":{""depot:carrefour-5254"":84.95},""previous_level"":84.95,""link_factor"":1.0}"
2026-09-19,dairy_eggs,labneh,Labne,id:002P,id:002P,Kerem Labne 300 Gr,0.3,kg,69.0,230.0,230.0,1,230.0,0.0,api-refined,Labne,sub_category,1,1,"[""depot:bim-5712""]","[""bim""]",pinned-relative,18.09.2026 12:24,0,1.1,2026-09-19T02:22:44.068207+03:00,"[{""price"":69.0,""api_unit_price"":230.0,""source_id"":""depot:bim-5712"",""market"":""bim"",""depot_name"":""Çiçekçi  Üsküdar"",""index_time"":""18.09.2026 12:24""}]","{""mode"":""pinned-relative"",""previous_prices"":{""depot:bim-5712"":69.0},""previous_level"":69.0,""link_factor"":1.0}"
2026-09-19,dairy_eggs,labneh,Labne,id:1Z1Z,id:1Z1Z,Sütaş Labne 200 Gr,0.2,kg,87.5,437.5,437.5,1,437.5,0.0,api-refined,Labne,sub_category,1,1,"[""depot:carrefour-1012""]","[""carrefour""]",pinned-relative,18.09.2026 12:27,0,1.1,2026-09-19T02:22:44.068209+03:00,"[{""price"":87.5,""api_unit_price"":437.5,""source_id"":""depot:carrefour-1012"",""market"":""carrefour"",""depot_name"":""Istanbul Acıbadem Hıper"",""index_time"":""18.09.2026 12:27""}]","{""mode"":""pinned-relative"",""previous_prices"":{""depot:carrefour-1012"":87.5},""previous_level"":87.5,""link_factor"":1.0}"
2026-09-19,dairy_eggs,labneh,Labne,id:0L31,id:0L31,Mis Labne 400 Gr,0.4,kg,112.0,280.0,280.0,1,280.0,0.0,api-refined,Labne,sub_category,1,1,"[""depot:sok-4707""]","[""sok""]",pinned-relative,18.09.2026 12:22,0,1.1,2026-09-19T02:22:44.068211+03:00,"[{""price"":112.0,""api_unit_price"":280.0,""source_id"":""depot:sok-4707"",""market"":""sok"",""depot_name"":""Şok Minifevziçakmak"",""index_time"":""18.09.2026 12:22""}]","{""mode"":""pinned-relative"",""previous_prices"":{""depot:sok-4707"":112.0},""previous_level"":112.0,""link_factor"":1.0}"
2026-09-19,dairy_eggs,labneh,Labne,id:1ZJW,id:1ZJW,Torku Labne 400 Gr,0.4,kg,154.95,387.375,387.375,1,387.375,0.0,api-refined,Labne,sub_category,1,1,"[""depot:migros-1991""]","[""migros""]",pinned-relative,18.09.2026 12:26,0,1.1,2026-09-19T02:22:44.068213+03:00,"[{""price"":154.95,""api_unit_price"":387.375,""source_id"":""depot:migros-1991"",""market"":""migros"",""depot_name"":""Çiçekçi M Migros"",""index_time"":""18.09.2026 12:26""}]","{""mode"":""pinned-relative"",""previous_prices"":{""depot:migros-1991"":154.95},""previous_level"":154.95,""link_factor"":1.0}"
2026-09-19,dairy_eggs,labneh,Labne,id:1KSH,id:1KSH,Pınar Labne 540 Gr,0.54,kg,257.5,476.851852,476.851852,1,476.85184,0.0,api-refined,Labne,sub_category,1,1,"[""depot:carrefour-1012""]","[""carrefour""]",pinned-relative,18.09.2026 12:27,0,1.1,2026-09-19T02:22:44.068215+03:00,"[{""price"":257.5,""api_unit_price"":476.85184,""source_id"":""depot:carrefour-1012"",""market"":""carrefour"",""depot_name"":""Istanbul Acıbadem Hıper"",""index_time"":""18.09.2026 12:27""}]","{""mode"":""pinned-relative"",""previous_prices"":{""depot:carrefour-1012"":257.5},""previous_level"":257.5,""link_factor"":1.0}"
2026-09-19,dairy_eggs,labneh,Labne,id:050Z,id:050Z,Pınar Labne 2x400 Gr,0.8,kg,316.45,395.5625,395.5625,1,395.56253,0.0,api-refined,Labne,sub_category,1,1,"[""depot:carrefour-1012""]","[""carrefour""]",pinned-relative,18.09.2026 12:26,0,1.1,2026-09-19T02:22:44.068217+03:00,"[{""price"":316.45,""api_unit_price"":395.56253,""source_id"":""depot:carrefour-1012"",""market"":""carrefour"",""depot_name"":""Istanbul Acıbadem Hıper"",""index_time"":""18.09.2026 12:26""}]","{""mode"":""pinned-relative"",""previous_prices"":{""depot:carrefour-1012"":316.45},""previous_level"":316.45,""link_factor"":1.0}"
2026-09-19,dairy_eggs,cream_cheese,Krem peynir,id:1S61,id:1S61,La Vache Qui Rit Krem Peynir 270 Gr,0.27,kg,119.0,440.740741,389.417908,1,440.74072,0.0,api-refined,Krem Peynir,sub_category,2,1,"[""depot:migros-1991""]","[""migros""]",pinned-relative,18.09.2026 12:27,0,1.1,2026-09-19T02:22:46.592204+03:00,"[{""price"":119.0,""api_unit_price"":440.74072,""source_id"":""depot:migros-1991"",""market"":""migros"",""depot_name"":""Çiçekçi M Migros"",""index_time"":""18.09.2026 12:27""}]","{""mode"":""pinned-relative"",""previous_prices"":{""depot:migros-1991"":119.0},""previous_level"":105.1428352255293,""link_factor"":1.0}"
2026-09-19,dairy_eggs,cream_cheese,Krem peynir,id:0NGP,id:0NGP,İçim Krem Peynir 300 Gr,0.3,kg,129.95,433.166667,430.75,1,433.16666,0.0,api-refined,Krem Peynir,sub_category,1,1,"[""depot:carrefour-1012""]","[""carrefour""]",pinned-relative,18.09.2026 12:28,0,1.1,2026-09-19T02:22:46.592216+03:00,"[{""price"":129.95,""api_unit_price"":433.16666,""source_id"":""depot:carrefour-1012"",""market"":""carrefour"",""depot_name"":""Istanbul Acıbadem Hıper"",""index_time"":""18.09.2026 12:28""}]","{""mode"":""pinned-relative"",""previous_prices"":{""depot:carrefour-1012"":129.95},""previous_level"":129.225,""link_factor"":1.0}"
2026-09-19,dairy_eggs,cream_cheese,Krem peynir,id:0ZWG,id:0ZWG,La Vache Qui Rit Krem Peynir 140 Gr,0.14,kg,65.0,464.285714,464.285714,1,464.2857,0.0,api-refined,Krem Peynir,sub_category,1,1,"[""depot:carrefour-1012""]","[""carrefour""]",pinned-relative,18.09.2026 12:27,0,1.1,2026-09-19T02:22:46.592220+03:00,"[{""price"":65.0,""api_unit_price"":464.2857,""source_id"":""depot:carrefour-1012"",""market"":""carrefour"",""depot_name"":""Istanbul Acıbadem Hıper"",""index_time"":""18.09.2026 12:27""}]","{""mode"":""pinned-relative"",""previous_prices"":{""depot:carrefour-1012"":65.0},""previous_level"":65.0,""link_factor"":1.0}"
2026-09-19,dairy_eggs,cream_cheese,Krem peynir,id:1HEP,id:1HEP,Sütaş Krem Peynir 160 Gr,0.16,kg,68.75,429.6875,429.6875,1,429.6875,0.0,api-refined,Krem Peynir,sub_category,1,1,"[""depot:carrefour-1012""]","[""carrefour""]",pinned-relative,18.09.2026 12:27,0,1.1,2026-09-19T02:22:46.592223+03:00,"[{""price"":68.75,""api_unit_price"":429.6875,""source_id"":""depot:carrefour-1012"",""market"":""carrefour"",""depot_name"":""Istanbul Acıbadem Hıper"",""index_time"":""18.09.2026 12:27""}]","{""mode"":""pinned-relative"",""previous_prices"":{""depot:carrefour-1012"":68.75},""previous_level"":68.75,""link_factor"":1.0}"
2026-09-19,dairy_eggs,cream_cheese,Krem peynir,id:1F9N,id:1F9N,Peysan Krem Peynir 300 Gr,0.3,kg,72.5,241.666667,241.666667,1,241.66666,0.0,api-refined,Krem Peynir,sub_category,1,1,"[""depot:bim-5712""]","[""bim""]",pinned-relative,18.09.2026 12:27,0,1.1,2026-09-19T02:22:46.592225+03:00,"[{""price"":72.5,""api_unit_price"":241.66666,""source_id"":""depot:bim-5712"",""market"":""bim"",""depot_name"":""Çiçekçi  Üsküdar"",""index_time"":""18.09.2026 12:27""}]","{""mode"":""pinned-relative"",""previous_prices"":{""depot:bim-5712"":72.5},""previous_level"":72.5,""link_factor"":1.0}"
2026-09-19,dairy_eggs,cream_cheese,Krem peynir,id:2ARC,id:2ARC,Teksüt Krem Peynir 270 Gr,0.27,kg,95.0,351.851852,351.851852,1,351.85184,0.0,api-refined,Krem Peynir,sub_category,1,1,"[""depot:hakmar-5521""]","[""hakmar""]",pinned-relative,18.09.2026 12:26,0,1.1,2026-09-19T02:22:46.592227+03:00,"[{""price"":95.0,""api_unit_price"":351.85184,""source_id"":""depot:hakmar-5521"",""market"":""hakmar"",""depot_name"":""Ahmediye  Üsküdar"",""index_time"":""18.09.2026 12:26""}]","{""mode"":""pinned-relative"",""previous_prices"":{""depot:hakmar-5521"":95.0},""previous_level"":95.0,""link_factor"":1.0}"
2026-09-19,dairy_eggs,cream_cheese,Krem peynir,id:00KP,id:00KP,Aknaz Krem Peynir 500 Gr,0.5,kg,115.0,230.0,230.0,1,230.0,0.0,api-refined,Krem Peynir,sub_category,1,1,"[""depot:bim-5712""]","[""bim""]",pinned-relative,18.09.2026 12:24,0,1.1,2026-09-19T02:22:46.592229+03:00,"[{""price"":115.0,""api_unit_price"":230.0,""source_id"":""depot:bim-5712"",""market"":""bim"",""depot_name"":""Çiçekçi  Üsküdar"",""index_time"":""18.09.2026 12:24""}]","{""mode"":""pinned-relative"",""previous_prices"":{""depot:bim-5712"":115.0},""previous_level"":115.0,""link_factor"":1.0}"
2026-09-19,dairy_eggs,cream_cheese,Krem peynir,id:01VK,id:01VK,Aktek Krem Peynir 500 Gr,0.5,kg,115.0,230.0,230.0,1,230.0,0.0,api-refined,Krem Peynir,sub_category,1,1,"[""depot:hakmar-5521""]","[""hakmar""]",pinned-relative,18.09.2026 12:25,0,1.1,2026-09-19T02:22:46.592231+03:00,"[{""price"":115.0,""api_unit_price"":230.0,""source_id"":""depot:hakmar-5521"",""market"":""hakmar"",""depot_name"":""Ahmediye  Üsküdar"",""index_time"":""18.09.2026 12:25""}]","{""mode"":""pinned-relative"",""previous_prices"":{""depot:hakmar-5521"":115.0},""previous_level"":115.0,""link_factor"":1.0}"
2026-09-19,dairy_eggs,cream_cheese,Krem peynir,id:0Y7K,id:0Y7K,Sütaş Krem Peynir 300 Gr,0.3,kg,132.95,443.166667,443.166667,1,443.16666,0.0,api-refined,Krem Peynir,sub_category,1,1,"[""depot:carrefour-1012""]","[""carrefour""]",pinned-relative,18.09.2026 12:27,0,1.1,2026-09-19T02:22:46.592233+03:00,"[{""price"":132.95,""api_unit_price"":443.16666,""source_id"":""depot:carrefour-1012"",""market"":""carrefour"",""depot_name"":""Istanbul Acıbadem Hıper"",""index_time"":""18.09.2026 12:27""}]","{""mode"":""pinned-relative"",""previous_prices"":{""depot:carrefour-1012"":132.95},""previous_level"":132.95,""link_factor"":1.0}"
2026-09-19,dairy_eggs,cream_cheese,Krem peynir,id:1L22,id:1L22,Pınar Krem Peynir 300 Gr,0.3,kg,142.5,475.0,475.0,1,475.0,0.0,api-refined,Krem Peynir,sub_category,1,1,"[""depot:carrefour-1012""]","[""carrefour""]",pinned-relative,18.09.2026 12:26,0,1.1,2026-09-19T02:22:46.592235+03:00,"[{""price"":142.5,""api_unit_price"":475.0,""source_id"":""depot:carrefour-1012"",""market"":""carrefour"",""depot_name"":""Istanbul Acıbadem Hıper"",""index_time"":""18.09.2026 12:26""}]","{""mode"":""pinned-relative"",""previous_prices"":{""depot:carrefour-1012"":142.5},""previous_level"":142.5,""link_factor"":1.0}"
2026-09-19,dairy_eggs,cream_cheese,Krem peynir,id:1Z93,id:1Z93,Ekici Krem Peynir 400 Gr,0.4,kg,235.0,587.5,587.5,1,587.5,0.0,api-refined,Krem Peynir,sub_category,1,1,"[""depot:carrefour-1012""]","[""carrefour""]",pinned-relative,18.09.2026 12:27,0,1.1,2026-09-19T02:22:46.592237+03:00,"[{""price"":235.0,""api_unit_price"":587.5,""source_id"":""depot:carrefour-1012"",""market"":""carrefour"",""depot_name"":""Istanbul Acıbadem Hıper"",""index_time"":""18.09.2026 12:27""}]","{""mode"":""pinned-relative"",""previous_prices"":{""depot:carrefour-1012"":235.0},""previous_level"":235.0,""link_factor"":1.0}"
2026-09-19,dairy_eggs,mozzarella,Mozzarella,id:1YHK,id:1YHK,President Rende Mozzarella Peyniri 200 Gr,0.2,kg,174.925,874.625,874.625,2,874.62497,0.0,api-refined,Peynir,main_category,2,2,"[""depot:carrefour-1012"",""depot:migros-1991""]","[""carrefour"",""migros""]",pinned-relative,18.09.2026 12:27,0,1.1,2026-09-19T02:22:47.801022+03:00,"[{""price"":174.9,""api_unit_price"":874.5,""source_id"":""depot:migros-1991"",""market"":""migros"",""depot_name"":""Çiçekçi M Migros"",""index_time"":""18.09.2026 12:27""},{""price"":174.95,""api_unit_price"":874.74994,""source_id"":""depot:carrefour-1012"",""market"":""carrefour"",""depot_name"":""Istanbul Acıbadem Hıper"",""index_time"":""18.09.2026 12:27""}]","{""mode"":""pinned-relative"",""previous_prices"":{""depot:carrefour-1012"":174.95,""depot:migros-1991"":174.9},""previous_level"":174.925,""link_factor"":1.0}"
2026-09-19,dairy_eggs,mozzarella,Mozzarella,id:1ZDG,id:1ZDG,Bahçıvan Rende Mozzarella Peyniri 200 Gr,0.2,kg,259.9,1299.5,1224.625,1,1299.5,0.0,api-refined,Peynir,main_category,2,1,"[""depot:carrefour-1012""]","[""carrefour""]",pinned-relative,18.09.2026 12:27,0,1.1,2026-09-19T02:22:47.801034+03:00,"[{""price"":259.9,""api_unit_price"":1299.5,""source_id"":""depot:carrefour-1012"",""market"":""carrefour"",""depot_name"":""Istanbul Acıbadem Hıper"",""index_time"":""18.09.2026 12:27""}]","{""mode"":""pinned-relative"",""previous_prices"":{""depot:carrefour-1012"":259.9},""previous_level"":244.925,""link_factor"":1.0}"
2026-09-19,dairy_eggs,mozzarella,Mozzarella,id:1ZE1,id:1ZE1,President Mozzarella Peyniri 600 Gr,0.6,kg,351.5,585.833333,591.666667,1,585.8333,0.0,api-refined,Peynir,main_category,1,1,"[""depot:carrefour-1012""]","[""carrefour""]",pinned-relative,18.09.2026 12:26,0,1.1,2026-09-19T02:22:47.801037+03:00,"[{""price"":351.5,""api_unit_price"":585.8333,""source_id"":""depot:carrefour-1012"",""market"":""carrefour"",""depot_name"":""Istanbul Acıbadem Hıper"",""index_time"":""18.09.2026 12:26""}]","{""mode"":""pinned-relative"",""previous_prices"":{""depot:carrefour-1012"":351.5},""previous_level"":355.0,""link_factor"":1.0}"
2026-09-19,dairy_eggs,mozzarella,Mozzarella,id:0ZHO,id:0ZHO,Mis Rende Mozzarella Peyniri 150 Gr,0.15,kg,99.0,660.0,660.0,1,660.0,0.0,api-refined,Peynir,main_category,1,1,"[""depot:sok-4707""]","[""sok""]",pinned-relative,18.09.2026 12:22,0,1.1,2026-09-19T02:22:47.801040+03:00,"[{""price"":99.0,""api_unit_price"":660.0,""source_id"":""depot:sok-4707"",""market"":""sok"",""depot_name"":""Şok Minifevziçakmak"",""index_time"":""18.09.2026 12:22""}]","{""mode"":""pinned-relative"",""previous_prices"":{""depot:sok-4707"":99.0},""previous_level"":99.0,""link_factor"":1.0}"
2026-09-19,dairy_eggs,mozzarella,Mozzarella,id:1LUQ,id:1LUQ,Bahçıvan Suda Mozzarella 125 Gr,0.125,kg,156.9,1255.2,1255.2,1,1255.2,0.0,api-refined,Peynir,main_category,1,1,"[""depot:carrefour-1012""]","[""carrefour""]",pinned-relative,18.09.2026 12:27,0,1.1,2026-09-19T02:22:47.801042+03:00,"[{""price"":156.9,""api_unit_price"":1255.2,""source_id"":""depot:carrefour-1012"",""market"":""carrefour"",""depot_name"":""Istanbul Acıbadem Hıper"",""index_time"":""18.09.2026 12:27""}]","{""mode"":""pinned-relative"",""previous_prices"":{""depot:carrefour-1012"":156.9},""previous_level"":156.9,""link_factor"":1.0}"
2026-09-19,dairy_eggs,eggs,Yumurta,id:20VP,id:20VP,Raya Organik Yumurta M Boy 53-62 Gr 8 Adet,8.0,count,124.425,15.553125,15.553125,2,15.553125,0.0,title,Yumurta,main_category,2,2,"[""depot:carrefour-1012"",""depot:migros-1991""]","[""carrefour"",""migros""]",pinned-relative,18.09.2026 12:27,0,1.1,2026-09-19T02:22:51.557806+03:00,"[{""price"":122.95,""api_unit_price"":15.36875,""source_id"":""depot:migros-1991"",""market"":""migros"",""depot_name"":""Çiçekçi M Migros"",""index_time"":""18.09.2026 12:27""},{""price"":125.9,""api_unit_price"":15.7375,""source_id"":""depot:carrefour-1012"",""market"":""carrefour"",""depot_name"":""Istanbul Acıbadem Hıper"",""index_time"":""18.09.2026 12:27""}]","{""mode"":""pinned-relative"",""previous_prices"":{""depot:carrefour-1012"":125.9,""depot:migros-1991"":122.95},""previous_level"":124.425,""link_factor"":1.0}"
2026-09-19,dairy_eggs,eggs,Yumurta,id:0SJS,id:0SJS,Güzide Hanım Organik Yumurta 6 Adet,6.0,count,65.0,10.833333,10.833333,1,10.833333,0.0,title,Yumurta,main_category,1,1,"[""depot:sok-4707""]","[""sok""]",pinned-relative,18.09.2026 12:22,0,1.1,2026-09-19T02:22:51.557820+03:00,"[{""price"":65.0,""api_unit_price"":10.833333,""source_id"":""depot:sok-4707"",""market"":""sok"",""depot_name"":""Şok Minifevziçakmak"",""index_time"":""18.09.2026 12:22""}]","{""mode"":""pinned-relative"",""previous_prices"":{""depot:sok-4707"":65.0},""previous_level"":65.0,""link_factor"":1.0}"
2026-09-19,dairy_eggs,eggs,Yumurta,id:0QE9,id:0QE9,Organik Yumurta 6 Adet,6.0,count,65.0,10.833333,10.833333,1,10.833333,0.0,title,Yumurta,main_category,1,1,"[""depot:bim-5712""]","[""bim""]",pinned-relative,18.09.2026 12:24,0,1.1,2026-09-19T02:22:51.557823+03:00,"[{""price"":65.0,""api_unit_price"":10.833333,""source_id"":""depot:bim-5712"",""market"":""bim"",""depot_name"":""Çiçekçi  Üsküdar"",""index_time"":""18.09.2026 12:24""}]","{""mode"":""pinned-relative"",""previous_prices"":{""depot:bim-5712"":65.0},""previous_level"":65.0,""link_factor"":1.0}"
2026-09-19,dairy_eggs,eggs,Yumurta,id:182O,id:182O,Kahverengi Yumurta 10 Adet,10.0,count,87.5,8.75,8.75,1,8.75,0.0,title,Yumurta,main_category,1,1,"[""depot:bim-5712""]","[""bim""]",pinned-relative,18.09.2026 12:24,0,1.1,2026-09-19T02:22:51.557826+03:00,"[{""price"":87.5,""api_unit_price"":8.75,""source_id"":""depot:bim-5712"",""market"":""bim"",""depot_name"":""Çiçekçi  Üsküdar"",""index_time"":""18.09.2026 12:24""}]","{""mode"":""pinned-relative"",""previous_prices"":{""depot:bim-5712"":87.5},""previous_level"":87.5,""link_factor"":1.0}"
2026-09-19,dairy_eggs,eggs,Yumurta,id:0GWI,id:0GWI,Carrefour Bio Organik Yumurta 6 Adet,6.0,count,78.97,13.161667,13.161667,1,13.161667,0.0,title,Yumurta,main_category,1,1,"[""depot:carrefour-5254""]","[""carrefour""]",pinned-relative,18.09.2026 12:27,0,1.1,2026-09-19T02:22:51.557828+03:00,"[{""price"":78.97,""api_unit_price"":13.161667,""source_id"":""depot:carrefour-5254"",""market"":""carrefour"",""depot_name"":""Istanbul Üsküdar Salacak Mını"",""index_time"":""18.09.2026 12:27""}]","{""mode"":""pinned-relative"",""previous_prices"":{""depot:carrefour-5254"":78.97},""previous_level"":78.97,""link_factor"":1.0}"
2026-09-19,dairy_eggs,eggs,Yumurta,id:01PV,id:01PV,Bili Bili Yumurta 15 Adet,15.0,count,95.0,6.333333,6.333333,1,6.333334,0.0,title,Yumurta,main_category,1,1,"[""depot:bim-5712""]","[""bim""]",pinned-relative,18.09.2026 12:27,0,1.1,2026-09-19T02:22:51.557830+03:00,"[{""price"":95.0,""api_unit_price"":6.3333335,""source_id"":""depot:bim-5712"",""market"":""bim"",""depot_name"":""Çiçekçi  Üsküdar"",""index_time"":""18.09.2026 12:27""}]","{""mode"":""pinned-relative"",""previous_prices"":{""depot:bim-5712"":95.0},""previous_level"":95.0,""link_factor"":1.0}"
2026-09-19,dairy_eggs,eggs,Yumurta,id:0CI6,id:0CI6,Carrefour Yumurta L Boy 15 Adet,15.0,count,95.0,6.333333,6.333333,1,6.333334,0.0,title,Yumurta,main_category,1,1,"[""depot:carrefour-5254""]","[""carrefour""]",pinned-relative,18.09.2026 12:27,0,1.1,2026-09-19T02:22:51.557832+03:00,"[{""price"":95.0,""api_unit_price"":6.3333335,""source_id"":""depot:carrefour-5254"",""market"":""carrefour"",""depot_name"":""Istanbul Üsküdar Salacak Mını"",""index_time"":""18.09.2026 12:27""}]","{""mode"":""pinned-relative"",""previous_prices"":{""depot:carrefour-5254"":95.0},""previous_level"":95.0,""link_factor"":1.0}"
2026-09-19,dairy_eggs,eggs,Yumurta,id:3X19,id:0BGE,Cityfarm Organik Yumurta 10 Adet,10.0,count,198.5,19.85,10.8,1,19.85,0.0,title,Yumurta,main_category,1,1,"[""depot:carrefour-1012""]","[""carrefour""]",pinned-relative,18.09.2026 12:27,1,1.1,2026-09-19T02:22:51.557835+03:00,"[{""price"":198.5,""api_unit_price"":19.85,""source_id"":""depot:carrefour-1012"",""market"":""carrefour"",""depot_name"":""Istanbul Acıbadem Hıper"",""index_time"":""18.09.2026 12:27""}]","{""mode"":""pinned-relative"",""previous_prices"":{""depot:carrefour-1012"":198.5},""previous_level"":198.5,""link_factor"":0.5440806045340051}"
2026-09-19,dairy_eggs,eggs,Yumurta,id:0K3T,id:0JRD,Aybar Gezen Yumurta 10 Adet,10.0,count,95.0,9.5,10.8,1,9.5,0.0,title,Yumurta,main_category,1,1,"[""depot:tarim_kredi-7488""]","[""tarim_kredi""]",pinned-relative,18.09.2026 12:26,1,1.1,2026-09-19T02:22:51.557837+03:00,"[{""price"":95.0,""api_unit_price"":9.5,""source_id"":""depot:tarim_kredi-7488"",""market"":""tarim_kredi"",""depot_name"":""Istanbul Kadıköy Kızıltoprak"",""index_time"":""18.09.2026 12:26""}]","{""mode"":""pinned-relative"",""previous_prices"":{""depot:tarim_kredi-7488"":95.0},""previous_level"":95.0,""link_factor"":1.1368421052631579}"
2026-09-19,dairy_eggs,eggs,Yumurta,id:02J6,id:02J6,Carrefour Gezen Tavuk Yumurta 10 Adet,10.0,count,100.26,10.026,10.026,1,10.026,0.0,title,Yumurta,main_category,1,1,"[""depot:carrefour-5254""]","[""carrefour""]",pinned-relative,18.09.2026 12:26,0,1.1,2026-09-19T02:22:51.557839+03:00,"[{""price"":100.26,""api_unit_price"":10.026,""source_id"":""depot:carrefour-5254"",""market"":""carrefour"",""depot_name"":""Istanbul Üsküdar Salacak Mını"",""index_time"":""18.09.2026 12:26""}]","{""mode"":""pinned-relative"",""previous_prices"":{""depot:carrefour-5254"":100.26},""previous_level"":100.26,""link_factor"":1.0}"
2026-09-19,dairy_eggs,eggs,Yumurta,id:1Q2F,id:0QQ6,Anadolu Çiftliği Yumurta 63-72 Gr 15 Adet,15.0,count,95.0,6.333333,8.33,1,6.333334,0.0,title,Yumurta,main_category,1,1,"[""depot:sok-4707""]","[""sok""]",pinned-relative,18.09.2026 12:22,1,1.1,2026-09-19T02:22:51.557841+03:00,"[{""price"":95.0,""api_unit_price"":6.3333335,""source_id"":""depot:sok-4707"",""market"":""sok"",""depot_name"":""Şok Minifevziçakmak"",""index_time"":""18.09.2026 12:22""}]","{""mode"":""pinned-relative"",""previous_prices"":{""depot:sok-4707"":95.0},""previous_level"":95.0,""link_factor"":1.3152632271191174}"
2026-09-19,dairy_eggs,eggs,Yumurta,id:0IPM,id:0IPM,Carrefour Bio Organik Yumurta 10 Adet,10.0,count,99.95,9.995,9.995,1,9.995,0.0,title,Yumurta,main_category,1,1,"[""depot:carrefour-5254""]","[""carrefour""]",pinned-relative,18.09.2026 12:26,0,1.1,2026-09-19T02:22:51.557843+03:00,"[{""price"":99.95,""api_unit_price"":9.995,""source_id"":""depot:carrefour-5254"",""market"":""carrefour"",""depot_name"":""Istanbul Üsküdar Salacak Mını"",""index_time"":""18.09.2026 12:26""}]","{""mode"":""pinned-relative"",""previous_prices"":{""depot:carrefour-5254"":99.95},""previous_level"":99.95,""link_factor"":1.0}"
2026-09-19,dairy_eggs,eggs,Yumurta,id:09XA,id:1PBU,Keskinoğlu Keskinoglu Boy Yumurta 63-72 Gr 10 Adet,10.0,count,84.5,8.45,9.5,1,8.45,0.0,title,Yumurta,main_category,1,1,"[""depot:migros-6679""]","[""migros""]",pinned-relative,18.09.2026 12:24,1,1.1,2026-09-19T02:22:51.557845+03:00,"[{""price"":84.5,""api_unit_price"":8.45,""source_id"":""depot:migros-6679"",""market"":""migros"",""depot_name"":""Mjet Kadıköy Rasımpaşa Istanbu"",""index_time"":""18.09.2026 12:24""}]","{""mode"":""pinned-relative"",""previous_prices"":{""depot:migros-6679"":84.5},""previous_level"":84.5,""link_factor"":1.124260355029586}"
2026-09-19,dairy_eggs,eggs,Yumurta,id:0T9G,id:2CRW,Yumtat Yumurta Beyaz L Boy 63-72 Gr 15 Adet,15.0,count,79.0,5.266667,9.926915,1,5.266667,0.0,title,Yumurta,main_category,1,1,"[""depot:hakmar-5521""]","[""hakmar""]",pinned-relative,18.09.2026 12:25,1,1.1,2026-09-19T02:22:51.557847+03:00,"[{""price"":79.0,""api_unit_price"":5.266667,""source_id"":""depot:hakmar-5521"",""market"":""hakmar"",""depot_name"":""Ahmediye  Üsküdar"",""index_time"":""18.09.2026 12:25""}]","{""mode"":""pinned-relative"",""previous_prices"":{""depot:hakmar-5521"":79.0},""previous_level"":79.0,""link_factor"":1.8848572505632715}"
2026-09-19,dairy_eggs,eggs,Yumurta,id:1YPS,id:0RWI,Keskinoğlu Yumurta 53-62 Gr 6 Adet,6.0,count,56.5,9.416667,9.993333,1,9.416667,0.0,title,Yumurta,main_category,1,1,"[""depot:migros-3296""]","[""migros""]",pinned-relative,18.09.2026 12:24,1,1.1,2026-09-19T02:22:51.557849+03:00,"[{""price"":56.5,""api_unit_price"":9.416667,""source_id"":""depot:migros-3296"",""market"":""migros"",""depot_name"":""Kadıköy Caferağa M Migros"",""index_time"":""18.09.2026 12:24""}]","{""mode"":""pinned-relative"",""previous_prices"":{""depot:migros-3296"":56.5},""previous_level"":56.5,""link_factor"":1.0612388650888898}"
2026-09-19,dairy_eggs,eggs,Yumurta,id:1T4C,id:1T4C,Flotty Organik Yumurta 53-62 Gr 10 Adet,10.0,count,152.95,15.295,15.295,1,15.295,0.0,title,Yumurta,main_category,1,1,"[""depot:migros-1991""]","[""migros""]",pinned-relative,18.09.2026 12:26,0,1.1,2026-09-19T02:22:51.557851+03:00,"[{""price"":152.95,""api_unit_price"":15.295,""source_id"":""depot:migros-1991"",""market"":""migros"",""depot_name"":""Çiçekçi M Migros"",""index_time"":""18.09.2026 12:26""}]","{""mode"":""pinned-relative"",""previous_prices"":{""depot:migros-1991"":152.95},""previous_level"":152.95,""link_factor"":1.0}"
2026-09-19,dairy_eggs,eggs,Yumurta,id:1LZF,id:1LZF,Keskinoğlu Yumurta M Boy 30 Adet,30.0,count,169.0,5.633333,5.633333,1,5.633333,0.0,title,Yumurta,main_category,1,1,"[""depot:tarim_kredi-7488""]","[""tarim_kredi""]",pinned-relative,18.09.2026 12:26,0,1.1,2026-09-19T02:22:51.557853+03:00,"[{""price"":169.0,""api_unit_price"":5.633333,""source_id"":""depot:tarim_kredi-7488"",""market"":""tarim_kredi"",""depot_name"":""Istanbul Kadıköy Kızıltoprak"",""index_time"":""18.09.2026 12:26""}]","{""mode"":""pinned-relative"",""previous_prices"":{""depot:tarim_kredi-7488"":169.0},""previous_level"":169.00000000000006,""link_factor"":1.0}"
2026-09-19,dairy_eggs,eggs,Yumurta,id:070D,id:070D,Carrefour Gezen Tavuk Yumurta 15 Adet,15.0,count,169.9,11.326667,11.326667,1,11.326666,0.0,title,Yumurta,main_category,1,1,"[""depot:carrefour-1012""]","[""carrefour""]",pinned-relative,18.09.2026 12:27,0,1.1,2026-09-19T02:22:51.557856+03:00,"[{""price"":169.9,""api_unit_price"":11.326666,""source_id"":""depot:carrefour-1012"",""market"":""carrefour"",""depot_name"":""Istanbul Acıbadem Hıper"",""index_time"":""18.09.2026 12:27""}]","{""mode"":""pinned-relative"",""previous_prices"":{""depot:carrefour-1012"":169.9},""previous_level"":169.9,""link_factor"":1.0}"
2026-09-19,dairy_eggs,eggs,Yumurta,id:0627,id:0OCL,Anadolu Çiftliği Omega 3 Yumurta M Boy 53-62 Gr 10 Adet,10.0,count,70.0,7.0,11.666667,1,7.0,0.0,title,Yumurta,main_category,1,1,"[""depot:sok-4707""]","[""sok""]",pinned-relative,18.09.2026 12:22,1,1.1,2026-09-19T02:22:51.557858+03:00,"[{""price"":70.0,""api_unit_price"":7.0,""source_id"":""depot:sok-4707"",""market"":""sok"",""depot_name"":""Şok Minifevziçakmak"",""index_time"":""18.09.2026 12:22""}]","{""mode"":""pinned-relative"",""previous_prices"":{""depot:sok-4707"":70.0},""previous_level"":70.0,""link_factor"":1.6666667142857143}"
2026-09-19,dairy_eggs,cream,Krema,id:1R4W,id:1R4W,Danone Bitkisel Krema 200 Ml,0.2,l,33.5,167.5,150.0,2,167.5,0.0,api-refined,Krema,sub_category,2,2,"[""depot:hakmar-5521"",""depot:migros-1991""]","[""hakmar"",""migros""]",pinned-relative,18.09.2026 12:27,0,1.1,2026-09-19T02:22:54.062557+03:00,"[{""price"":32.5,""api_unit_price"":162.5,""source_id"":""depot:hakmar-5521"",""market"":""hakmar"",""depot_name"":""Ahmediye  Üsküdar"",""index_time"":""18.09.2026 12:27""},{""price"":34.5,""api_unit_price"":172.5,""source_id"":""depot:migros-1991"",""market"":""migros"",""depot_name"":""Çiçekçi M Migros"",""index_time"":""18.09.2026 12:27""}]","{""mode"":""pinned-relative"",""previous_prices"":{""depot:hakmar-5521"":32.5,""depot:migros-1991"":34.5},""previous_level"":30.0,""link_factor"":1.0}"
2026-09-19,dairy_eggs,cream,Krema,id:1OPU,id:1OPU,Tikveşli %18 Yağlı Krema 200 Ml,0.2,l,48.38,241.9,362.85,1,241.90001,0.0,api-refined,Krema,sub_category,2,1,"[""depot:carrefour-1012""]","[""carrefour""]",pinned-relative,18.09.2026 12:26,0,1.1,2026-09-19T02:22:54.062568+03:00,"[{""price"":48.38,""api_unit_price"":241.90001,""source_id"":""depot:carrefour-1012"",""market"":""carrefour"",""depot_name"":""Istanbul Acıbadem Hıper"",""index_time"":""18.09.2026 12:26""}]","{""mode"":""pinned-relative"",""previous_prices"":{""depot:carrefour-1012"":48.38},""previous_level"":72.57000000000001,""link_factor"":1.0}"
2026-09-19,dairy_eggs,cream,Krema,id:1QVH,id:1QVH,İçim Şef %18 Yağlı Krema 200 Ml,0.2,l,62.425,312.125,313.512723,2,312.125,0.0,api-refined,Krema,sub_category,2,2,"[""depot:carrefour-1012"",""depot:migros-1991""]","[""carrefour"",""migros""]",pinned-relative,18.09.2026 12:26,0,1.1,2026-09-19T02:22:54.062572+03:00,"[{""price"":59.9,""api_unit_price"":299.50003,""source_id"":""depot:migros-1991"",""market"":""migros"",""depot_name"":""Çiçekçi M Migros"",""index_time"":""18.09.2026 12:26""},{""price"":64.95,""api_unit_price"":324.74997,""source_id"":""depot:carrefour-1012"",""market"":""carrefour"",""depot_name"":""Istanbul Acıbadem Hıper"",""index_time"":""18.09.2026 12:26""}]","{""mode"":""pinned-relative"",""previous_prices"":{""depot:carrefour-1012"":64.95,""depot:migros-1991"":59.9},""previous_level"":62.70254468799265,""link_factor"":1.0}"
2026-09-19,dairy_eggs,cream,Krema,id:1NKE,id:1NKE,Sütaş Krema %30 Yağlı 200 Ml,0.2,l,101.75,508.75,441.875,1,508.75003,0.0,api-refined,Krema,sub_category,2,1,"[""depot:carrefour-1012""]","[""carrefour""]",pinned-relative,18.09.2026 12:27,0,1.1,2026-09-19T02:22:54.062574+03:00,"[{""price"":101.75,""api_unit_price"":508.75003,""source_id"":""depot:carrefour-1012"",""market"":""carrefour"",""depot_name"":""Istanbul Acıbadem Hıper"",""index_time"":""18.09.2026 12:27""}]","{""mode"":""pinned-relative"",""previous_prices"":{""depot:carrefour-1012"":101.75},""previous_level"":88.375,""link_factor"":1.0}"
2026-09-19,dairy_eggs,cream,Krema,id:1T0H,id:1T0H,İçim Şef %35 Yağlı Krema 200 Ml,0.2,l,91.425,457.125,457.125,2,457.125,0.0,api-refined,Krema,sub_category,2,2,"[""depot:carrefour-1012"",""depot:migros-1991""]","[""carrefour"",""migros""]",pinned-relative,18.09.2026 12:26,0,1.1,2026-09-19T02:22:54.062576+03:00,"[{""price"":89.9,""api_unit_price"":449.5,""source_id"":""depot:migros-1991"",""market"":""migros"",""depot_name"":""Çiçekçi M Migros"",""index_time"":""18.09.2026 12:26""},{""price"":92.95,""api_unit_price"":464.75,""source_id"":""depot:carrefour-1012"",""market"":""carrefour"",""depot_name"":""Istanbul Acıbadem Hıper"",""index_time"":""18.09.2026 12:26""}]","{""mode"":""pinned-relative"",""previous_prices"":{""depot:carrefour-1012"":92.95,""depot:migros-1991"":89.9},""previous_level"":91.425,""link_factor"":1.0}"
2026-09-19,dairy_eggs,cream,Krema,id:1ZO1,id:1ZO1,President %35 Yağlı Krema 200 Ml,0.2,l,95.95,479.75,464.625,1,479.74997,0.0,api-refined,Krema,sub_category,2,1,"[""depot:carrefour-1012""]","[""carrefour""]",pinned-relative,18.09.2026 12:27,0,1.1,2026-09-19T02:22:54.062579+03:00,"[{""price"":95.95,""api_unit_price"":479.74997,""source_id"":""depot:carrefour-1012"",""market"":""carrefour"",""depot_name"":""Istanbul Acıbadem Hıper"",""index_time"":""18.09.2026 12:27""}]","{""mode"":""pinned-relative"",""previous_prices"":{""depot:carrefour-1012"":95.95},""previous_level"":92.925,""link_factor"":1.0}"
2026-09-19,dairy_eggs,cream,Krema,id:149F,id:149F,Dost %20 Yağlı Bitkisel Krema 200 Ml,0.2,l,15.5,77.5,77.5,1,77.5,0.0,api-refined,Krema,sub_category,1,1,"[""depot:bim-5712""]","[""bim""]",pinned-relative,18.09.2026 12:25,0,1.1,2026-09-19T02:22:54.062581+03:00,"[{""price"":15.5,""api_unit_price"":77.5,""source_id"":""depot:bim-5712"",""market"":""bim"",""depot_name"":""Çiçekçi  Üsküdar"",""index_time"":""18.09.2026 12:25""}]","{""mode"":""pinned-relative"",""previous_prices"":{""depot:bim-5712"":15.5},""previous_level"":15.5,""link_factor"":1.0}"
2026-09-19,dairy_eggs,cream,Krema,id:0Y7E,id:0Y7E,Mis Bitkisel Yağlı Krema %20 Yağlı 200 Ml,0.2,l,21.9,109.5,109.5,1,109.5,0.0,api-refined,Krema,sub_category,1,1,"[""depot:sok-4707""]","[""sok""]",pinned-relative,18.09.2026 12:22,0,1.1,2026-09-19T02:22:54.062583+03:00,"[{""price"":21.9,""api_unit_price"":109.5,""source_id"":""depot:sok-4707"",""market"":""sok"",""depot_name"":""Şok Minifevziçakmak"",""index_time"":""18.09.2026 12:22""}]","{""mode"":""pinned-relative"",""previous_prices"":{""depot:sok-4707"":21.9},""previous_level"":21.9,""link_factor"":1.0}"
2026-09-19,dairy_eggs,cream,Krema,id:1QT3,id:1QT3,Sana Bitkisel Krema 200 Ml,0.2,l,39.5,197.5,197.5,1,197.5,0.0,api-refined,Krema,sub_category,1,1,"[""depot:migros-4479""]","[""migros""]",pinned-relative,18.09.2026 12:27,0,1.1,2026-09-19T02:22:54.062586+03:00,"[{""price"":39.5,""api_unit_price"":197.5,""source_id"":""depot:migros-4479"",""market"":""migros"",""depot_name"":""Mjet Üsküdar Paşakapısı"",""index_time"":""18.09.2026 12:27""}]","{""mode"":""pinned-relative"",""previous_prices"":{""depot:migros-4479"":39.5},""previous_level"":39.5,""link_factor"":1.0}"
2026-09-19,dairy_eggs,cream,Krema,id:1VKH,id:1VKH,Danone Bitkisel Krema 500 Ml,0.5,l,32.5,65.0,65.0,1,65.0,0.0,api-refined,Krema,sub_category,1,1,"[""depot:bim-5712""]","[""bim""]",pinned-relative,18.09.2026 12:25,0,1.1,2026-09-19T02:22:54.062588+03:00,"[{""price"":32.5,""api_unit_price"":65.0,""source_id"":""depot:bim-5712"",""market"":""bim"",""depot_name"":""Çiçekçi  Üsküdar"",""index_time"":""18.09.2026 12:25""}]","{""mode"":""pinned-relative"",""previous_prices"":{""depot:bim-5712"":32.5},""previous_level"":32.5,""link_factor"":1.0}"
2026-09-19,dairy_eggs,cream,Krema,id:2650,id:2650,İçim %18 Yağlı Krema 200 Ml,0.2,l,47.5,237.5,237.5,1,237.5,0.0,api-refined,Krema,sub_category,1,1,"[""depot:bim-5712""]","[""bim""]",pinned-relative,18.09.2026 12:25,0,1.1,2026-09-19T02:22:54.062590+03:00,"[{""price"":47.5,""api_unit_price"":237.5,""source_id"":""depot:bim-5712"",""market"":""bim"",""depot_name"":""Çiçekçi  Üsküdar"",""index_time"":""18.09.2026 12:25""}]","{""mode"":""pinned-relative"",""previous_prices"":{""depot:bim-5712"":47.5},""previous_level"":47.5,""link_factor"":1.0}"
2026-09-19,dairy_eggs,cream,Krema,id:0F9H,id:0F9H,Mis Uht Krema %18 Yağlı 200 Ml,0.2,l,53.0,265.0,265.0,1,265.0,0.0,api-refined,Krema,sub_category,1,1,"[""depot:sok-4707""]","[""sok""]",pinned-relative,18.09.2026 12:22,0,1.1,2026-09-19T02:22:54.062592+03:00,"[{""price"":53.0,""api_unit_price"":265.0,""source_id"":""depot:sok-4707"",""market"":""sok"",""depot_name"":""Şok Minifevziçakmak"",""index_time"":""18.09.2026 12:22""}]","{""mode"":""pinned-relative"",""previous_prices"":{""depot:sok-4707"":53.0},""previous_level"":53.0,""link_factor"":1.0}"
2026-09-19,dairy_eggs,cream,Krema,id:01RL,id:01RL,Dost %18 Yağlı Krema 200 Ml,0.2,l,53.0,265.0,265.0,1,265.0,0.0,api-refined,Krema,sub_category,1,1,"[""depot:bim-5712""]","[""bim""]",pinned-relative,18.09.2026 12:25,0,1.1,2026-09-19T02:22:54.062594+03:00,"[{""price"":53.0,""api_unit_price"":265.0,""source_id"":""depot:bim-5712"",""market"":""bim"",""depot_name"":""Çiçekçi  Üsküdar"",""index_time"":""18.09.2026 12:25""}]","{""mode"":""pinned-relative"",""previous_prices"":{""depot:bim-5712"":53.0},""previous_level"":53.0,""link_factor"":1.0}"
2026-09-19,dairy_eggs,cream,Krema,id:0FHZ,id:0FHZ,Carrefour Krema %18 Yağlı 200 Ml,0.2,l,53.5,267.5,267.5,1,267.5,0.0,api-refined,Krema,sub_category,1,1,"[""depot:carrefour-5254""]","[""carrefour""]",pinned-relative,18.09.2026 12:26,0,1.1,2026-09-19T02:22:54.062596+03:00,"[{""price"":53.5,""api_unit_price"":267.5,""source_id"":""depot:carrefour-5254"",""market"":""carrefour"",""depot_name"":""Istanbul Üsküdar Salacak Mını"",""index_time"":""18.09.2026 12:26""}]","{""mode"":""pinned-relative"",""previous_prices"":{""depot:carrefour-5254"":53.5},""previous_level"":53.5,""link_factor"":1.0}"
2026-09-19,dairy_eggs,cream,Krema,id:05RH,id:05RH,Dost Krema 200 Ml,0.2,l,69.5,347.5,347.5,1,347.5,0.0,api-refined,Krema,sub_category,1,1,"[""depot:bim-5712""]","[""bim""]",pinned-relative,18.09.2026 12:24,0,1.1,2026-09-19T02:22:54.062598+03:00,"[{""price"":69.5,""api_unit_price"":347.5,""source_id"":""depot:bim-5712"",""market"":""bim"",""depot_name"":""Çiçekçi  Üsküdar"",""index_time"":""18.09.2026 12:24""}]","{""mode"":""pinned-relative"",""previous_prices"":{""depot:bim-5712"":69.5},""previous_level"":69.5,""link_factor"":1.0}"
2026-09-19,oils_fats,sunflower_oil,Ayçiçek yağı,id:1QYG,id:1QYG,Komili Ayçiçek Yağı 2 Lt,2.0,l,349.95,174.975,174.94172,1,174.975,0.0,api-refined,Ayçiçek Yağı,sub_category,1,1,"[""depot:migros-1991""]","[""migros""]",pinned-relative,18.09.2026 12:27,0,1.1,2026-09-19T02:22:56.574539+03:00,"[{""price"":349.95,""api_unit_price"":174.975,""source_id"":""depot:migros-1991"",""market"":""migros"",""depot_name"":""Çiçekçi M Migros"",""index_time"":""18.09.2026 12:27""}]","{""mode"":""pinned-relative"",""previous_prices"":{""depot:migros-1991"":349.95},""previous_level"":349.8834400792526,""link_factor"":1.0}"
2026-09-19,oils_fats,sunflower_oil,Ayçiçek yağı,id:0IGY,id:0IGY,Yudum Ayçiçek Yağı 4 Lt,4.0,l,499.95,124.9875,124.98125,1,124.9875,0.0,api-refined,Ayçiçek Yağı,sub_category,2,1,"[""depot:migros-1991""]","[""migros""]",pinned-relative,18.09.2026 12:27,0,1.1,2026-09-19T02:22:56.574551+03:00,"[{""price"":499.95,""api_unit_price"":124.9875,""source_id"":""depot:migros-1991"",""market"":""migros"",""depot_name"":""Çiçekçi M Migros"",""index_time"":""18.09.2026 12:27""}]","{""mode"":""pinned-relative"",""previous_prices"":{""depot:migros-1991"":499.95},""previous_level"":499.925,""link_factor"":1.0}"
2026-09-19,oils_fats,sunflower_oil,Ayçiçek yağı,id:0UBH,id:0UBH,Evin Ayçiçek Yağı 1 Lt,1.0,l,125.0,125.0,125.0,1,125.0,0.0,api-refined,Ayçiçek Yağı,sub_category,1,1,"[""depot:sok-4707""]","[""sok""]",pinned-relative,18.09.2026 12:22,0,1.1,2026-09-19T02:22:56.574555+03:00,"[{""price"":125.0,""api_unit_price"":125.0,""source_id"":""depot:sok-4707"",""market"":""sok"",""depot_name"":""Şok Minifevziçakmak"",""index_time"":""18.09.2026 12:22""}]","{""mode"":""pinned-relative"",""previous_prices"":{""depot:sok-4707"":125.0},""previous_level"":125.0,""link_factor"":1.0}"
2026-09-19,oils_fats,sunflower_oil,Ayçiçek yağı,id:00C5,id:00C5,Yurda Ayçiçek Yağı 1 Lt,1.0,l,125.0,125.0,125.0,1,125.0,0.0,api-refined,Ayçiçek Yağı,sub_category,1,1,"[""depot:hakmar-5521""]","[""hakmar""]",pinned-relative,18.09.2026 12:25,0,1.1,2026-09-19T02:22:56.574557+03:00,"[{""price"":125.0,""api_unit_price"":125.0,""source_id"":""depot:hakmar-5521"",""market"":""hakmar"",""depot_name"":""Ahmediye  Üsküdar"",""index_time"":""18.09.2026 12:25""}]","{""mode"":""pinned-relative"",""previous_prices"":{""depot:hakmar-5521"":125.0},""previous_level"":125.0,""link_factor"":1.0}"
2026-09-19,oils_fats,sunflower_oil,Ayçiçek yağı,id:16E9,id:16E9,Biryağ Ayçiçek Yağı 1 Lt,1.0,l,139.0,139.0,139.0,1,139.0,0.0,api-refined,Ayçiçek Yağı,sub_category,2,1,"[""depot:hakmar-5521""]","[""hakmar""]",pinned-relative,18.09.2026 12:27,0,1.1,2026-09-19T02:22:56.574559+03:00,"[{""price"":139.0,""api_unit_price"":139.0,""source_id"":""depot:hakmar-5521"",""market"":""hakmar"",""depot_name"":""Ahmediye  Üsküdar"",""index_time"":""18.09.2026 12:27""}]","{""mode"":""pinned-relative"",""previous_prices"":{""depot:hakmar-5521"":139.0},""previous_level"":139.00000000000003,""link_factor"":1.0}"
2026-09-19,oils_fats,sunflower_oil,Ayçiçek yağı,id:1XSB,id:1XSB,Yudum Şef Gibi Ayçiçek Yağı 750 Ml,0.75,l,189.9,253.2,253.2,1,253.2,0.0,api-refined,Ayçiçek Yağı,sub_category,1,1,"[""depot:carrefour-1012""]","[""carrefour""]",pinned-relative,18.09.2026 12:27,0,1.1,2026-09-19T02:22:56.574562+03:00,"[{""price"":189.9,""api_unit_price"":253.2,""source_id"":""depot:carrefour-1012"",""market"":""carrefour"",""depot_name"":""Istanbul Acıbadem Hıper"",""index_time"":""18.09.2026 12:27""}]","{""mode"":""pinned-relative"",""previous_prices"":{""depot:carrefour-1012"":189.9},""previous_level"":189.9,""link_factor"":1.0}"
2026-09-19,oils_fats,sunflower_oil,Ayçiçek yağı,id:0PFE,id:0PFE,Biryağ Ayçiçek Yağı 2 Lt,2.0,l,214.95,107.475,107.475,1,107.475,0.0,api-refined,Ayçiçek Yağı,sub_category,1,1,"[""depot:carrefour-1012""]","[""carrefour""]",pinned-relative,18.09.2026 12:27,0,1.1,2026-09-19T02:22:56.574564+03:00,"[{""price"":214.95,""api_unit_price"":107.475,""source_id"":""depot:carrefour-1012"",""market"":""carrefour"",""depot_name"":""Istanbul Acıbadem Hıper"",""index_time"":""18.09.2026 12:27""}]","{""mode"":""pinned-relative"",""previous_prices"":{""depot:carrefour-1012"":214.95},""previous_level"":214.95,""link_factor"":1.0}"
2026-09-19,oils_fats,sunflower_oil,Ayçiçek yağı,id:0Q0P,id:0Q0P,Komili Ayçiçek Yağı 1 Lt,1.0,l,214.95,214.95,214.95,1,214.95,0.0,api-refined,Ayçiçek Yağı,sub_category,1,1,"[""depot:migros-1991""]","[""migros""]",pinned-relative,18.09.2026 12:27,0,1.1,2026-09-19T02:22:56.574566+03:00,"[{""price"":214.95,""api_unit_price"":214.95,""source_id"":""depot:migros-1991"",""market"":""migros"",""depot_name"":""Çiçekçi M Migros"",""index_time"":""18.09.2026 12:27""}]","{""mode"":""pinned-relative"",""previous_prices"":{""depot:migros-1991"":214.95},""previous_level"":214.95,""link_factor"":1.0}"
2026-09-19,oils_fats,sunflower_oil,Ayçiçek yağı,id:03MX,id:03MX,Sole Ayçiçek Yağı 2 Lt,2.0,l,219.0,109.5,109.5,1,109.5,0.0,api-refined,Ayçiçek Yağı,sub_category,1,1,"[""depot:bim-5712""]","[""bim""]",pinned-relative,18.09.2026 12:25,0,1.1,2026-09-19T02:22:56.574568+03:00,"[{""price"":219.0,""api_unit_price"":109.5,""source_id"":""depot:bim-5712"",""market"":""bim"",""depot_name"":""Çiçekçi  Üsküdar"",""index_time"":""18.09.2026 12:25""}]","{""mode"":""pinned-relative"",""previous_prices"":{""depot:bim-5712"":219.0},""previous_level"":219.0,""link_factor"":1.0}"
2026-09-19,oils_fats,sunflower_oil,Ayçiçek yağı,id:09AO,id:09AO,Yurda Ayçiçek Yağı 2 Lt,2.0,l,235.0,117.5,117.5,1,117.5,0.0,api-refined,Ayçiçek Yağı,sub_category,1,1,"[""depot:hakmar-5521""]","[""hakmar""]",pinned-relative,18.09.2026 12:25,0,1.1,2026-09-19T02:22:56.574570+03:00,"[{""price"":235.0,""api_unit_price"":117.5,""source_id"":""depot:hakmar-5521"",""market"":""hakmar"",""depot_name"":""Ahmediye  Üsküdar"",""index_time"":""18.09.2026 12:25""}]","{""mode"":""pinned-relative"",""previous_prices"":{""depot:hakmar-5521"":235.0},""previous_level"":235.0,""link_factor"":1.0}"
2026-09-19,oils_fats,sunflower_oil,Ayçiçek yağı,id:088G,id:088G,Komili Ayçiçek Yağı 4 Lt,4.0,l,474.95,118.7375,118.7375,1,118.7375,0.0,api-refined,Ayçiçek Yağı,sub_category,1,1,"[""depot:carrefour-5254""]","[""carrefour""]",pinned-relative,18.09.2026 12:27,0,1.1,2026-09-19T02:22:56.574573+03:00,"[{""price"":474.95,""api_unit_price"":118.7375,""source_id"":""depot:carrefour-5254"",""market"":""carrefour"",""depot_name"":""Istanbul Üsküdar Salacak Mını"",""index_time"":""18.09.2026 12:27""}]","{""mode"":""pinned-relative"",""previous_prices"":{""depot:carrefour-5254"":474.95},""previous_level"":474.95000000000005,""link_factor"":1.0}"
2026-09-19,oils_fats,sunflower_oil,Ayçiçek yağı,id:1F5L,id:1F5L,Turna Ayçiçek Yağı 5 Lt,5.0,l,475.0,95.0,95.0,1,95.0,0.0,api-refined,Ayçiçek Yağı,sub_category,1,1,"[""depot:bim-5712""]","[""bim""]",pinned-relative,18.09.2026 12:25,0,1.1,2026-09-19T02:22:56.574575+03:00,"[{""price"":475.0,""api_unit_price"":95.0,""source_id"":""depot:bim-5712"",""market"":""bim"",""depot_name"":""Çiçekçi  Üsküdar"",""index_time"":""18.09.2026 12:25""}]","{""mode"":""pinned-relative"",""previous_prices"":{""depot:bim-5712"":475.0},""previous_level"":474.99999999999994,""link_factor"":1.0}"
2026-09-19,oils_fats,sunflower_oil,Ayçiçek yağı,id:0S9X,id:0S9X,Evin Ayçiçek Yağı 5 Lt,5.0,l,479.0,95.8,95.8,1,95.799995,0.0,api-refined,Ayçiçek Yağı,sub_category,1,1,"[""depot:sok-4707""]","[""sok""]",pinned-relative,18.09.2026 12:22,0,1.1,2026-09-19T02:22:56.574577+03:00,"[{""price"":479.0,""api_unit_price"":95.799995,""source_id"":""depot:sok-4707"",""market"":""sok"",""depot_name"":""Şok Minifevziçakmak"",""index_time"":""18.09.2026 12:22""}]","{""mode"":""pinned-relative"",""previous_prices"":{""depot:sok-4707"":479.0},""previous_level"":479.0,""link_factor"":1.0}"
2026-09-19,oils_fats,sunflower_oil,Ayçiçek yağı,id:00F9,id:00F9,Yurda Ayçiçek Yağı 5 Lt,5.0,l,479.0,95.8,95.8,1,95.799995,0.0,api-refined,Ayçiçek Yağı,sub_category,1,1,"[""depot:hakmar-5521""]","[""hakmar""]",pinned-relative,18.09.2026 12:25,0,1.1,2026-09-19T02:22:56.574579+03:00,"[{""price"":479.0,""api_unit_price"":95.799995,""source_id"":""depot:hakmar-5521"",""market"":""hakmar"",""depot_name"":""Ahmediye  Üsküdar"",""index_time"":""18.09.2026 12:25""}]","{""mode"":""pinned-relative"",""previous_prices"":{""depot:hakmar-5521"":479.0},""previous_level"":479.0,""link_factor"":1.0}"
2026-09-19,oils_fats,sunflower_oil,Ayçiçek yağı,id:03OP,id:03OP,Kırlangıç Ayçiçek Yağı 5 Lt,5.0,l,515.0,103.0,103.0,1,103.0,0.0,api-refined,Ayçiçek Yağı,sub_category,1,1,"[""depot:hakmar-5521""]","[""hakmar""]",pinned-relative,18.09.2026 12:27,0,1.1,2026-09-19T02:22:56.574581+03:00,"[{""price"":515.0,""api_unit_price"":103.0,""source_id"":""depot:hakmar-5521"",""market"":""hakmar"",""depot_name"":""Ahmediye  Üsküdar"",""index_time"":""18.09.2026 12:27""}]","{""mode"":""pinned-relative"",""previous_prices"":{""depot:hakmar-5521"":515.0},""previous_level"":515.0,""link_factor"":1.0}"
2026-09-19,oils_fats,olive_oil,Zeytinyağı,id:0YR4,id:0YR4,Yudum Egemden Riviera Zeytinyağı 1 Lt,1.0,l,229.0,229.0,250.29224,1,229.0,0.0,api-refined,Zeytinyağı,sub_category,2,1,"[""depot:bim-5712""]","[""bim""]",pinned-relative,18.09.2026 12:27,0,1.1,2026-09-19T02:23:01.569336+03:00,"[{""price"":229.0,""api_unit_price"":229.0,""source_id"":""depot:bim-5712"",""market"":""bim"",""depot_name"":""Çiçekçi  Üsküdar"",""index_time"":""18.09.2026 12:27""}]","{""mode"":""pinned-relative"",""previous_prices"":{""depot:bim-5712"":229.0},""previous_level"":250.29223958432314,""link_factor"":1.0}"
2026-09-19,oils_fats,olive_oil,Zeytinyağı,id:1K9O,id:1K9O,Tariş Kuzey Ege Sızma Zeytinyağı 1 Lt,1.0,l,639.95,639.95,639.95,1,639.95,0.0,api-refined,Zeytinyağı,sub_category,1,1,"[""depot:migros-3296""]","[""migros""]",pinned-relative,18.09.2026 12:26,0,1.1,2026-09-19T02:23:01.569348+03:00,"[{""price"":639.95,""api_unit_price"":639.95,""source_id"":""depot:migros-3296"",""market"":""migros"",""depot_name"":""Kadıköy Caferağa M Migros"",""index_time"":""18.09.2026 12:26""}]","{""mode"":""pinned-relative"",""previous_prices"":{""depot:migros-3296"":639.95},""previous_level"":639.95,""link_factor"":1.0}"
2026-09-19,oils_fats,olive_oil,Zeytinyağı,id:1T5W,id:1T5W,Tariş Riviera Zeytinyağı 2 Lt,2.0,l,869.95,434.975,434.975,1,434.975,0.0,api-refined,Zeytinyağı,sub_category,2,1,"[""depot:carrefour-1012""]","[""carrefour""]",pinned-relative,18.09.2026 12:27,0,1.1,2026-09-19T02:23:01.569351+03:00,"[{""price"":869.95,""api_unit_price"":434.975,""source_id"":""depot:carrefour-1012"",""market"":""carrefour"",""depot_name"":""Istanbul Acıbadem Hıper"",""index_time"":""18.09.2026 12:27""}]","{""mode"":""pinned-relative"",""previous_prices"":{""depot:carrefour-1012"":869.95},""previous_level"":869.95,""link_factor"":1.0}"
2026-09-19,oils_fats,olive_oil,Zeytinyağı,id:1IB0,id:1IB0,Komili Riviera Zeytinyağı 500 Ml,0.5,l,149.95,299.9,299.9,1,299.9,0.0,api-refined,Zeytinyağı,sub_category,1,1,"[""depot:carrefour-5254""]","[""carrefour""]",pinned-relative,18.09.2026 12:27,0,1.1,2026-09-19T02:23:01.569353+03:00,"[{""price"":149.95,""api_unit_price"":299.9,""source_id"":""depot:carrefour-5254"",""market"":""carrefour"",""depot_name"":""Istanbul Üsküdar Salacak Mını"",""index_time"":""18.09.2026 12:27""}]","{""mode"":""pinned-relative"",""previous_prices"":{""depot:carrefour-5254"":149.95},""previous_level"":149.95,""link_factor"":1.0}"
2026-09-19,oils_fats,olive_oil,Zeytinyağı,id:2003,id:2003,Yudum Egemden Sprey Riviera Zeytinyağı 250 Ml,0.25,l,219.9,879.6,879.6,1,879.6,0.0,api-refined,Zeytinyağı,sub_category,1,1,"[""depot:carrefour-1012""]","[""carrefour""]",pinned-relative,18.09.2026 12:26,0,1.1,2026-09-19T02:23:01.569355+03:00,"[{""price"":219.9,""api_unit_price"":879.6,""source_id"":""depot:carrefour-1012"",""market"":""carrefour"",""depot_name"":""Istanbul Acıbadem Hıper"",""index_time"":""18.09.2026 12:26""}]","{""mode"":""pinned-relative"",""previous_prices"":{""depot:carrefour-1012"":219.9},""previous_level"":219.9,""link_factor"":1.0}"
2026-09-19,oils_fats,olive_oil,Zeytinyağı,id:033E,id:033E,Komili Natürel Sızma Zeytinyağı 1 Lt,1.0,l,359.0,359.0,359.0,1,359.0,0.0,api-refined,Zeytinyağı,sub_category,1,1,"[""depot:bim-5712""]","[""bim""]",pinned-relative,18.09.2026 12:25,0,1.1,2026-09-19T02:23:01.569358+03:00,"[{""price"":359.0,""api_unit_price"":359.0,""source_id"":""depot:bim-5712"",""market"":""bim"",""depot_name"":""Çiçekçi  Üsküdar"",""index_time"":""18.09.2026 12:25""}]","{""mode"":""pinned-relative"",""previous_prices"":{""depot:bim-5712"":359.0},""previous_level"":359.0,""link_factor"":1.0}"
2026-09-19,oils_fats,olive_oil,Zeytinyağı,id:1EV7,id:1EV7,Kristal Ayvalık Sızma Zeytinyağı 500 Ml,0.5,l,382.95,765.9,765.9,1,765.9,0.0,api-refined,Zeytinyağı,sub_category,1,1,"[""depot:carrefour-1012""]","[""carrefour""]",pinned-relative,18.09.2026 12:26,0,1.1,2026-09-19T02:23:01.569360+03:00,"[{""price"":382.95,""api_unit_price"":765.9,""source_id"":""depot:carrefour-1012"",""market"":""carrefour"",""depot_name"":""Istanbul Acıbadem Hıper"",""index_time"":""18.09.2026 12:26""}]","{""mode"":""pinned-relative"",""previous_prices"":{""depot:carrefour-1012"":382.95},""previous_level"":382.95,""link_factor"":1.0}"
2026-09-19,oils_fats,olive_oil,Zeytinyağı,id:1Y3O,id:1Y3O,Komili Riviera Zeytinyağı 1 Lt,1.0,l,409.95,409.95,409.95,1,409.95,0.0,api-refined,Zeytinyağı,sub_category,1,1,"[""depot:carrefour-1012""]","[""carrefour""]",pinned-relative,18.09.2026 12:27,0,1.1,2026-09-19T02:23:01.569362+03:00,"[{""price"":409.95,""api_unit_price"":409.95,""source_id"":""depot:carrefour-1012"",""market"":""carrefour"",""depot_name"":""Istanbul Acıbadem Hıper"",""index_time"":""18.09.2026 12:27""}]","{""mode"":""pinned-relative"",""previous_prices"":{""depot:carrefour-1012"":409.95},""previous_level"":409.94999999999993,""link_factor"":1.0}"
2026-09-19,oils_fats,olive_oil,Zeytinyağı,id:0PFF,id:0PFF,Tariş Naturel Sızma Zeytinyağı 750 Ml,0.75,l,455.9,607.866667,607.866667,1,607.86664,0.0,api-refined,Zeytinyağı,sub_category,1,1,"[""depot:carrefour-1012""]","[""carrefour""]",pinned-relative,18.09.2026 12:27,0,1.1,2026-09-19T02:23:01.569364+03:00,"[{""price"":455.9,""api_unit_price"":607.86664,""source_id"":""depot:carrefour-1012"",""market"":""carrefour"",""depot_name"":""Istanbul Acıbadem Hıper"",""index_time"":""18.09.2026 12:27""}]","{""mode"":""pinned-relative"",""previous_prices"":{""depot:carrefour-1012"":455.9},""previous_level"":455.9,""link_factor"":1.0}"
2026-09-19,oils_fats,olive_oil,Zeytinyağı,id:0KJX,id:0KJX,Tariş Kuzey Ege Sızma Zeytinyağı 750 Ml,0.75,l,466.9,622.533333,622.533333,1,622.5333,0.0,api-refined,Zeytinyağı,sub_category,1,1,"[""depot:carrefour-1012""]","[""carrefour""]",pinned-relative,18.09.2026 12:27,0,1.1,2026-09-19T02:23:01.569366+03:00,"[{""price"":466.9,""api_unit_price"":622.5333,""source_id"":""depot:carrefour-1012"",""market"":""carrefour"",""depot_name"":""Istanbul Acıbadem Hıper"",""index_time"":""18.09.2026 12:27""}]","{""mode"":""pinned-relative"",""previous_prices"":{""depot:carrefour-1012"":466.9},""previous_level"":466.9,""link_factor"":1.0}"
2026-09-19,oils_fats,olive_oil,Zeytinyağı,id:1IVO,id:1IVO,Kristal Sızma Zeytinyağı Lezzet 1 Lt,1.0,l,499.95,499.95,499.95,1,499.95,0.0,api-refined,Zeytinyağı,sub_category,1,1,"[""depot:migros-1991""]","[""migros""]",pinned-relative,18.09.2026 12:24,0,1.1,2026-09-19T02:23:01.569368+03:00,"[{""price"":499.95,""api_unit_price"":499.95,""source_id"":""depot:migros-1991"",""market"":""migros"",""depot_name"":""Çiçekçi M Migros"",""index_time"":""18.09.2026 12:24""}]","{""mode"":""pinned-relative"",""previous_prices"":{""depot:migros-1991"":499.95},""previous_level"":499.95,""link_factor"":1.0}"
2026-09-19,oils_fats,olive_oil,Zeytinyağı,id:02BI,id:02BI,Tarım Kredi Anadolu Riviera Zeytinyağı 2 Lt,2.0,l,505.0,252.5,252.5,1,252.5,0.0,api-refined,Zeytinyağı,sub_category,1,1,"[""depot:tarim_kredi-7488""]","[""tarim_kredi""]",pinned-relative,18.09.2026 12:26,0,1.1,2026-09-19T02:23:01.569370+03:00,"[{""price"":505.0,""api_unit_price"":252.5,""source_id"":""depot:tarim_kredi-7488"",""market"":""tarim_kredi"",""depot_name"":""Istanbul Kadıköy Kızıltoprak"",""index_time"":""18.09.2026 12:26""}]","{""mode"":""pinned-relative"",""previous_prices"":{""depot:tarim_kredi-7488"":505.0},""previous_level"":505.0,""link_factor"":1.0}"
2026-09-19,oils_fats,olive_oil,Zeytinyağı,id:217Y,id:217Y,Tariş Naturel Sızma Zeytinyağı 1 Lt,1.0,l,569.95,569.95,569.95,1,569.95,0.0,api-refined,Zeytinyağı,sub_category,1,1,"[""depot:migros-1991""]","[""migros""]",pinned-relative,18.09.2026 12:26,0,1.1,2026-09-19T02:23:01.569372+03:00,"[{""price"":569.95,""api_unit_price"":569.95,""source_id"":""depot:migros-1991"",""market"":""migros"",""depot_name"":""Çiçekçi M Migros"",""index_time"":""18.09.2026 12:26""}]","{""mode"":""pinned-relative"",""previous_prices"":{""depot:migros-1991"":569.95},""previous_level"":569.95,""link_factor"":1.0}"
2026-09-19,oils_fats,olive_oil,Zeytinyağı,id:06ZY,id:06ZY,Monini Sarımsaklı Ve Acı Biberli Zeytinyağı 250 Ml,0.25,l,364.95,1459.8,1459.8,1,1459.8,0.0,api-refined,Zeytinyağı,sub_category,1,1,"[""depot:carrefour-1012""]","[""carrefour""]",pinned-relative,18.09.2026 12:27,0,1.1,2026-09-19T02:23:01.569374+03:00,"[{""price"":364.95,""api_unit_price"":1459.8,""source_id"":""depot:carrefour-1012"",""market"":""carrefour"",""depot_name"":""Istanbul Acıbadem Hıper"",""index_time"":""18.09.2026 12:27""}]","{""mode"":""pinned-relative"",""previous_prices"":{""depot:carrefour-1012"":364.95},""previous_level"":364.95,""link_factor"":1.0}"
2026-09-19,oils_fats,olive_oil,Zeytinyağı,id:1L3Q,id:1L3Q,Komili Riviera Zeytinyağı 2 Lt,2.0,l,767.95,383.975,383.975,1,383.975,0.0,api-refined,Zeytinyağı,sub_category,1,1,"[""depot:carrefour-1012""]","[""carrefour""]",pinned-relative,18.09.2026 12:27,0,1.1,2026-09-19T02:23:01.569376+03:00,"[{""price"":767.95,""api_unit_price"":383.975,""source_id"":""depot:carrefour-1012"",""market"":""carrefour"",""depot_name"":""Istanbul Acıbadem Hıper"",""index_time"":""18.09.2026 12:27""}]","{""mode"":""pinned-relative"",""previous_prices"":{""depot:carrefour-1012"":767.95},""previous_level"":767.95,""link_factor"":1.0}"
2026-09-19,oils_fats,olive_oil,Zeytinyağı,id:1ZC5,id:1ZC5,Yudum Egemden Riviera Zeytinyağı 2 Lt,2.0,l,789.95,394.975,394.975,1,394.975,0.0,api-refined,Zeytinyağı,sub_category,2,1,"[""depot:migros-1991""]","[""migros""]",pinned-relative,18.09.2026 12:26,0,1.1,2026-09-19T02:23:01.569378+03:00,"[{""price"":789.95,""api_unit_price"":394.975,""source_id"":""depot:migros-1991"",""market"":""migros"",""depot_name"":""Çiçekçi M Migros"",""index_time"":""18.09.2026 12:26""}]","{""mode"":""pinned-relative"",""previous_prices"":{""depot:migros-1991"":789.95},""previous_level"":789.95,""link_factor"":1.0}"
2026-09-19,oils_fats,olive_oil,Zeytinyağı,id:3WUQ,id:3WUQ,Kristal Natural Sızma Zeytinyağı 4 Lt,4.0,l,1299.0,324.75,324.75,1,324.75,0.0,api-refined,Zeytinyağı,sub_category,1,1,"[""depot:hakmar-5521""]","[""hakmar""]",pinned-relative,18.09.2026 12:25,0,1.1,2026-09-19T02:23:01.569380+03:00,"[{""price"":1299.0,""api_unit_price"":324.75,""source_id"":""depot:hakmar-5521"",""market"":""hakmar"",""depot_name"":""Ahmediye  Üsküdar"",""index_time"":""18.09.2026 12:25""}]","{""mode"":""pinned-relative"",""previous_prices"":{""depot:hakmar-5521"":1299.0},""previous_level"":1299.0,""link_factor"":1.0}"
2026-09-19,oils_fats,butter,Tereyağı,id:1WSJ,id:1WSJ,Sek Tereyağı 100 Gr,0.1,kg,99.95,999.5,999.5,2,999.5,0.0,api-refined,Kahvaltılık Tereyağı,sub_category,2,2,"[""depot:carrefour-1012"",""depot:migros-1991""]","[""carrefour"",""migros""]",pinned-relative,18.09.2026 12:26,0,1.1,2026-09-19T02:23:05.313103+03:00,"[{""price"":99.95,""api_unit_price"":999.5,""source_id"":""depot:migros-1991"",""market"":""migros"",""depot_name"":""Çiçekçi M Migros"",""index_time"":""18.09.2026 12:26""},{""price"":99.95,""api_unit_price"":999.5,""source_id"":""depot:carrefour-1012"",""market"":""carrefour"",""depot_name"":""Istanbul Acıbadem Hıper"",""index_time"":""18.09.2026 12:26""}]","{""mode"":""pinned-relative"",""previous_prices"":{""depot:carrefour-1012"":99.95,""depot:migros-1991"":99.95},""previous_level"":99.95,""link_factor"":1.0}"
2026-09-19,oils_fats,butter,Tereyağı,id:1ZW9,id:1ZW9,Sek Tereyağı 200 Gr,0.2,kg,191.95,959.75,959.75,2,959.75,0.0,api-refined,Kahvaltılık Tereyağı,sub_category,2,2,"[""depot:carrefour-1012"",""depot:migros-1991""]","[""carrefour"",""migros""]",pinned-relative,18.09.2026 12:26,0,1.1,2026-09-19T02:23:05.313116+03:00,"[{""price"":189.95,""api_unit_price"":949.75,""source_id"":""depot:carrefour-1012"",""market"":""carrefour"",""depot_name"":""Istanbul Acıbadem Hıper"",""index_time"":""18.09.2026 12:26""},{""price"":193.95,""api_unit_price"":969.75,""source_id"":""depot:migros-1991"",""market"":""migros"",""depot_name"":""Çiçekçi M Migros"",""index_time"":""18.09.2026 12:26""}]","{""mode"":""pinned-relative"",""previous_prices"":{""depot:carrefour-1012"":189.95,""depot:migros-1991"":193.95},""previous_level"":191.95,""link_factor"":1.0}"
2026-09-19,oils_fats,butter,Tereyağı,id:035D,id:035D,Mis Tereyağı 250 Gr,0.25,kg,155.0,620.0,620.0,1,620.0,0.0,api-refined,Kahvaltılık Tereyağı,sub_category,1,1,"[""depot:sok-4707""]","[""sok""]",pinned-relative,18.09.2026 12:22,0,1.1,2026-09-19T02:23:05.313119+03:00,"[{""price"":155.0,""api_unit_price"":620.0,""source_id"":""depot:sok-4707"",""market"":""sok"",""depot_name"":""Şok Minifevziçakmak"",""index_time"":""18.09.2026 12:22""}]","{""mode"":""pinned-relative"",""previous_prices"":{""depot:sok-4707"":155.0},""previous_level"":155.0,""link_factor"":1.0}"
2026-09-19,oils_fats,butter,Tereyağı,id:0NE7,id:0NE7,Sek Tereyağı 225 Gr,0.225,kg,224.95,999.777778,999.777778,1,999.7778,0.0,api-refined,Kahvaltılık Tereyağı,sub_category,1,1,"[""depot:migros-1991""]","[""migros""]",pinned-relative,18.09.2026 12:24,0,1.1,2026-09-19T02:23:05.313121+03:00,"[{""price"":224.95,""api_unit_price"":999.7778,""source_id"":""depot:migros-1991"",""market"":""migros"",""depot_name"":""Çiçekçi M Migros"",""index_time"":""18.09.2026 12:24""}]","{""mode"":""pinned-relative"",""previous_prices"":{""depot:migros-1991"":224.95},""previous_level"":224.95,""link_factor"":1.0}"
2026-09-19,oils_fats,butter,Tereyağı,id:10QB,id:10QB,Mis Tereyağı 500 Gr,0.5,kg,239.0,478.0,478.0,1,478.0,0.0,api-refined,Kahvaltılık Tereyağı,sub_category,1,1,"[""depot:sok-4707""]","[""sok""]",pinned-relative,18.09.2026 12:22,0,1.1,2026-09-19T02:23:05.313124+03:00,"[{""price"":239.0,""api_unit_price"":478.0,""source_id"":""depot:sok-4707"",""market"":""sok"",""depot_name"":""Şok Minifevziçakmak"",""index_time"":""18.09.2026 12:22""}]","{""mode"":""pinned-relative"",""previous_prices"":{""depot:sok-4707"":239.0},""previous_level"":239.0,""link_factor"":1.0}"
2026-09-19,oils_fats,butter,Tereyağı,id:0WEU,id:0WEU,Mis Tuzlu Tereyağı 500 Gr,0.5,kg,295.0,590.0,590.0,1,590.0,0.0,api-refined,Kahvaltılık Tereyağı,sub_category,1,1,"[""depot:sok-4707""]","[""sok""]",pinned-relative,18.09.2026 12:22,0,1.1,2026-09-19T02:23:05.313126+03:00,"[{""price"":295.0,""api_unit_price"":590.0,""source_id"":""depot:sok-4707"",""market"":""sok"",""depot_name"":""Şok Minifevziçakmak"",""index_time"":""18.09.2026 12:22""}]","{""mode"":""pinned-relative"",""previous_prices"":{""depot:sok-4707"":295.0},""previous_level"":295.0,""link_factor"":1.0}"
2026-09-19,oils_fats,butter,Tereyağı,id:0FN3,id:0FN3,Carrefour Tereyağı 500 Gr,0.5,kg,309.9,619.8,619.8,1,619.8,0.0,api-refined,Kahvaltılık Tereyağı,sub_category,1,1,"[""depot:carrefour-5254""]","[""carrefour""]",pinned-relative,18.09.2026 12:27,0,1.1,2026-09-19T02:23:05.313129+03:00,"[{""price"":309.9,""api_unit_price"":619.8,""source_id"":""depot:carrefour-5254"",""market"":""carrefour"",""depot_name"":""Istanbul Üsküdar Salacak Mını"",""index_time"":""18.09.2026 12:27""}]","{""mode"":""pinned-relative"",""previous_prices"":{""depot:carrefour-5254"":309.9},""previous_level"":309.9,""link_factor"":1.0}"
2026-09-19,oils_fats,butter,Tereyağı,id:1CJ6,id:1CJ6,Milgo Tuzlu Tereyağı 250 Gr,0.25,kg,347.95,1391.8,1391.8,1,1391.8,0.0,api-refined,Kahvaltılık Tereyağı,sub_category,1,1,"[""depot:carrefour-1012""]","[""carrefour""]",pinned-relative,18.09.2026 12:27,0,1.1,2026-09-19T02:23:05.313131+03:00,"[{""price"":347.95,""api_unit_price"":1391.8,""source_id"":""depot:carrefour-1012"",""market"":""carrefour"",""depot_name"":""Istanbul Acıbadem Hıper"",""index_time"":""18.09.2026 12:27""}]","{""mode"":""pinned-relative"",""previous_prices"":{""depot:carrefour-1012"":347.95},""previous_level"":347.95,""link_factor"":1.0}"
2026-09-19,oils_fats,butter,Tereyağı,id:1667,id:1667,Carrefour Tereyağı 1 Kg,1.0,kg,479.0,479.0,479.0,1,479.0,0.0,api-refined,Kahvaltılık Tereyağı,sub_category,1,1,"[""depot:carrefour-5254""]","[""carrefour""]",pinned-relative,18.09.2026 12:27,0,1.1,2026-09-19T02:23:05.313133+03:00,"[{""price"":479.0,""api_unit_price"":479.0,""source_id"":""depot:carrefour-5254"",""market"":""carrefour"",""depot_name"":""Istanbul Üsküdar Salacak Mını"",""index_time"":""18.09.2026 12:27""}]","{""mode"":""pinned-relative"",""previous_prices"":{""depot:carrefour-5254"":479.0},""previous_level"":479.0,""link_factor"":1.0}"
2026-09-19,oils_fats,butter,Tereyağı,id:09MW,id:09MW,Göynük Tereyağı 1 Kg,1.0,kg,499.0,499.0,499.0,1,499.0,0.0,api-refined,Kahvaltılık Tereyağı,sub_category,1,1,"[""depot:hakmar-5521""]","[""hakmar""]",pinned-relative,18.09.2026 12:26,0,1.1,2026-09-19T02:23:05.313135+03:00,"[{""price"":499.0,""api_unit_price"":499.0,""source_id"":""depot:hakmar-5521"",""market"":""hakmar"",""depot_name"":""Ahmediye  Üsküdar"",""index_time"":""18.09.2026 12:26""}]","{""mode"":""pinned-relative"",""previous_prices"":{""depot:hakmar-5521"":499.0},""previous_level"":499.0,""link_factor"":1.0}"
2026-09-19,oils_fats,butter,Tereyağı,id:011E,id:011E,Vtr Tereyağı 500 Gr,0.5,kg,619.75,1239.5,1239.5,1,1239.5,0.0,api-refined,Kahvaltılık Tereyağı,sub_category,1,1,"[""depot:carrefour-1012""]","[""carrefour""]",pinned-relative,18.09.2026 12:26,0,1.1,2026-09-19T02:23:05.313138+03:00,"[{""price"":619.75,""api_unit_price"":1239.5,""source_id"":""depot:carrefour-1012"",""market"":""carrefour"",""depot_name"":""Istanbul Acıbadem Hıper"",""index_time"":""18.09.2026 12:26""}]","{""mode"":""pinned-relative"",""previous_prices"":{""depot:carrefour-1012"":619.75},""previous_level"":619.75,""link_factor"":1.0}"
2026-09-19,oils_fats,butter,Tereyağı,id:1YYS,id:1YYS,Yörüksüt Tereyağı 1 Kg,1.0,kg,695.95,695.95,695.95,1,695.95,0.0,api-refined,Kahvaltılık Tereyağı,sub_category,1,1,"[""depot:carrefour-1012""]","[""carrefour""]",pinned-relative,18.09.2026 12:27,0,1.1,2026-09-19T02:23:05.313140+03:00,"[{""price"":695.95,""api_unit_price"":695.95,""source_id"":""depot:carrefour-1012"",""market"":""carrefour"",""depot_name"":""Istanbul Acıbadem Hıper"",""index_time"":""18.09.2026 12:27""}]","{""mode"":""pinned-relative"",""previous_prices"":{""depot:carrefour-1012"":695.95},""previous_level"":695.95,""link_factor"":1.0}"
2026-09-19,oils_fats,butter,Tereyağı,id:1S72,id:1S72,Pınar Tereyağı 1 Kg,1.0,kg,845.0,845.0,845.0,1,845.0,0.0,api-refined,Kahvaltılık Tereyağı,sub_category,1,1,"[""depot:migros-1991""]","[""migros""]",pinned-relative,18.09.2026 12:24,0,1.1,2026-09-19T02:23:05.313142+03:00,"[{""price"":845.0,""api_unit_price"":845.0,""source_id"":""depot:migros-1991"",""market"":""migros"",""depot_name"":""Çiçekçi M Migros"",""index_time"":""18.09.2026 12:24""}]","{""mode"":""pinned-relative"",""previous_prices"":{""depot:migros-1991"":845.0},""previous_level"":845.0,""link_factor"":1.0}"
2026-09-19,oils_fats,butter,Tereyağı,id:1PGX,id:1PGX,İçim Tereyağı 1 Kg,1.0,kg,947.9,947.9,947.9,1,947.9,0.0,api-refined,Kahvaltılık Tereyağı,sub_category,1,1,"[""depot:carrefour-1012""]","[""carrefour""]",pinned-relative,18.09.2026 12:27,0,1.1,2026-09-19T02:23:05.313144+03:00,"[{""price"":947.9,""api_unit_price"":947.9,""source_id"":""depot:carrefour-1012"",""market"":""carrefour"",""depot_name"":""Istanbul Acıbadem Hıper"",""index_time"":""18.09.2026 12:27""}]","{""mode"":""pinned-relative"",""previous_prices"":{""depot:carrefour-1012"":947.9},""previous_level"":947.9,""link_factor"":1.0}"
2026-09-19,oils_fats,butter,Tereyağı,id:0QVB,id:0QVB,Sütaş Dilimli Tereyağı 1 Kg,1.0,kg,949.95,949.95,949.95,1,949.95,0.0,api-refined,Kahvaltılık Tereyağı,sub_category,1,1,"[""depot:migros-1991""]","[""migros""]",pinned-relative,18.09.2026 12:27,0,1.1,2026-09-19T02:23:05.313146+03:00,"[{""price"":949.95,""api_unit_price"":949.95,""source_id"":""depot:migros-1991"",""market"":""migros"",""depot_name"":""Çiçekçi M Migros"",""index_time"":""18.09.2026 12:27""}]","{""mode"":""pinned-relative"",""previous_prices"":{""depot:migros-1991"":949.95},""previous_level"":949.95,""link_factor"":1.0}"
2026-09-19,oils_fats,butter,Tereyağı,id:03CA,id:1IQ9,Kebir Tereyağı 500 Gr,0.5,kg,445.0,890.0,627.142857,3,890.0,0.0,api-refined,Kahvaltılık Tereyağı,sub_category,3,3,"[""depot:bim-5712"",""depot:hakmar-5521"",""depot:sok-4707""]","[""bim"",""hakmar"",""sok""]",pinned-relative,18.09.2026 12:27,1,1.1,2026-09-19T02:23:05.313149+03:00,"[{""price"":399.0,""api_unit_price"":798.0,""source_id"":""depot:bim-5712"",""market"":""bim"",""depot_name"":""Çiçekçi  Üsküdar"",""index_time"":""18.09.2026 12:27""},{""price"":445.0,""api_unit_price"":890.0,""source_id"":""depot:sok-4707"",""market"":""sok"",""depot_name"":""Şok Minifevziçakmak"",""index_time"":""18.09.2026 12:27""},{""price"":445.0,""api_unit_price"":890.0,""source_id"":""depot:hakmar-5521"",""market"":""hakmar"",""depot_name"":""Ahmediye  Üsküdar"",""index_time"":""18.09.2026 12:27""}]","{""mode"":""pinned-relative"",""previous_prices"":{""depot:bim-5712"":399.0,""depot:hakmar-5521"":445.0,""depot:sok-4707"":445.0},""previous_level"":445.0,""link_factor"":0.704654895505618}"
2026-09-19,oils_fats,butter,Tereyağı,id:0V55,id:1WDQ,Sütaş Tereyağı 125 Gr,0.125,kg,122.225,977.8,1264.5,2,977.8,0.0,api-refined,Kahvaltılık Tereyağı,sub_category,2,2,"[""depot:carrefour-1012"",""depot:migros-1991""]","[""carrefour"",""migros""]",pinned-relative,18.09.2026 12:27,1,1.1,2026-09-19T02:23:05.313151+03:00,"[{""price"":119.95,""api_unit_price"":959.6,""source_id"":""depot:migros-1991"",""market"":""migros"",""depot_name"":""Çiçekçi M Migros"",""index_time"":""18.09.2026 12:27""},{""price"":124.5,""api_unit_price"":996.0,""source_id"":""depot:carrefour-1012"",""market"":""carrefour"",""depot_name"":""Istanbul Acıbadem Hıper"",""index_time"":""18.09.2026 12:27""}]","{""mode"":""pinned-relative"",""previous_prices"":{""depot:carrefour-1012"":124.5,""depot:migros-1991"":119.95},""previous_level"":122.225,""link_factor"":1.2932092452444264}"
2026-09-19,oils_fats,butter,Tereyağı,id:1X7Z,id:1TFP,Pınar Tereyağı 125 Gr,0.125,kg,130.225,1041.8,499.95,2,1041.8,0.0,api-refined,Kahvaltılık Tereyağı,sub_category,2,2,"[""depot:carrefour-5036"",""depot:migros-6679""]","[""carrefour"",""migros""]",pinned-relative,18.09.2026 12:27,1,1.1,2026-09-19T02:23:05.313153+03:00,"[{""price"":129.5,""api_unit_price"":1036.0,""source_id"":""depot:carrefour-5036"",""market"":""carrefour"",""depot_name"":""Istanbul Moda Caddesı Mını"",""index_time"":""18.09.2026 12:27""},{""price"":130.95,""api_unit_price"":1047.6,""source_id"":""depot:migros-6679"",""market"":""migros"",""depot_name"":""Mjet Kadıköy Rasımpaşa Istanbu"",""index_time"":""18.09.2026 12:27""}]","{""mode"":""pinned-relative"",""previous_prices"":{""depot:carrefour-5036"":129.5,""depot:migros-6679"":130.95},""previous_level"":130.225,""link_factor"":0.4798905740065272}"
2026-09-19,oils_fats,butter,Tereyağı,id:1B3U,id:1IA2,Pınar Folyo Tereyağı 200 Gr,0.2,kg,195.0,975.0,710.0,2,975.0,0.0,api-refined,Kahvaltılık Tereyağı,sub_category,2,2,"[""depot:carrefour-1012"",""depot:migros-1991""]","[""carrefour"",""migros""]",pinned-relative,18.09.2026 12:27,1,1.1,2026-09-19T02:23:05.313155+03:00,"[{""price"":195.0,""api_unit_price"":975.0,""source_id"":""depot:migros-1991"",""market"":""migros"",""depot_name"":""Çiçekçi M Migros"",""index_time"":""18.09.2026 12:27""},{""price"":195.0,""api_unit_price"":975.0,""source_id"":""depot:carrefour-1012"",""market"":""carrefour"",""depot_name"":""Istanbul Acıbadem Hıper"",""index_time"":""18.09.2026 12:27""}]","{""mode"":""pinned-relative"",""previous_prices"":{""depot:carrefour-1012"":195.0,""depot:migros-1991"":195.0},""previous_level"":195.0,""link_factor"":0.7282051282051282}"
2026-09-19,oils_fats,butter,Tereyağı,id:061Z,id:1OO1,İçim Tereyağı 225 Gr,0.225,kg,195.0,866.666667,518.0,1,866.6667,0.0,api-refined,Kahvaltılık Tereyağı,sub_category,1,1,"[""depot:migros-1991""]","[""migros""]",pinned-relative,18.09.2026 12:24,1,1.1,2026-09-19T02:23:05.313158+03:00,"[{""price"":195.0,""api_unit_price"":866.6667,""source_id"":""depot:migros-1991"",""market"":""migros"",""depot_name"":""Çiçekçi M Migros"",""index_time"":""18.09.2026 12:24""}]","{""mode"":""pinned-relative"",""previous_prices"":{""depot:migros-1991"":195.0},""previous_level"":195.0,""link_factor"":0.5976923074624261}"
2026-09-19,oils_fats,margarine,Margarin,id:1VZY,id:1VZY,Bizim Paket Margarin 250 Gr,0.25,kg,59.0,236.0,221.746707,5,236.0,0.0,api-refined,Margarin,sub_category,6,5,"[""depot:bim-5712"",""depot:carrefour-5254"",""depot:hakmar-5521"",""depot:migros-1991"",""depot:sok-4707""]","[""bim"",""carrefour"",""hakmar"",""migros"",""sok""]",pinned-relative,18.09.2026 12:27,0,1.1,2026-09-19T02:23:07.832860+03:00,"[{""price"":44.5,""api_unit_price"":178.0,""source_id"":""depot:migros-1991"",""market"":""migros"",""depot_name"":""Çiçekçi M Migros"",""index_time"":""18.09.2026 12:27""},{""price"":59.0,""api_unit_price"":236.0,""source_id"":""depot:sok-4707"",""market"":""sok"",""depot_name"":""Şok Minifevziçakmak"",""index_time"":""18.09.2026 12:27""},{""price"":59.0,""api_unit_price"":236.0,""source_id"":""depot:bim-5712"",""market"":""bim"",""depot_name"":""Çiçekçi  Üsküdar"",""index_time"":""18.09.2026 12:27""},{""price"":59.0,""api_unit_price"":236.0,""source_id"":""depot:hakmar-5521"",""market"":""hakmar"",""depot_name"":""Ahmediye  Üsküdar"",""index_time"":""18.09.2026 12:27""},{""price"":60.0,""api_unit_price"":240.0,""source_id"":""depot:carrefour-5254"",""market"":""carrefour"",""depot_name"":""Istanbul Üsküdar Salacak Mını"",""index_time"":""18.09.2026 12:27""}]","{""mode"":""pinned-relative"",""previous_prices"":{""depot:bim-5712"":59.0,""depot:carrefour-5254"":60.0,""depot:hakmar-5521"":59.0,""depot:migros-1991"":44.5,""depot:sok-4707"":59.0},""previous_level"":55.436676667038384,""link_factor"":1.0}"
2026-09-19,oils_fats,margarine,Margarin,id:1YL0,id:1YL0,Ülker Teremyağ Paket Margarin 250 Gr,0.25,kg,71.0,284.0,280.854362,4,284.0,0.0,api-refined,Margarin,sub_category,6,4,"[""depot:bim-5712"",""depot:carrefour-5254"",""depot:migros-1991"",""depot:sok-4707""]","[""bim"",""carrefour"",""migros"",""sok""]",pinned-relative,18.09.2026 12:27,0,1.1,2026-09-19T02:23:07.832872+03:00,"[{""price"":53.5,""api_unit_price"":214.0,""source_id"":""depot:migros-1991"",""market"":""migros"",""depot_name"":""Çiçekçi M Migros"",""index_time"":""18.09.2026 12:27""},{""price"":71.0,""api_unit_price"":284.0,""source_id"":""depot:sok-4707"",""market"":""sok"",""depot_name"":""Şok Minifevziçakmak"",""index_time"":""18.09.2026 12:27""},{""price"":71.0,""api_unit_price"":284.0,""source_id"":""depot:bim-5712"",""market"":""bim"",""depot_name"":""Çiçekçi  Üsküdar"",""index_time"":""18.09.2026 12:27""},{""price"":73.5,""api_unit_price"":294.0,""source_id"":""depot:carrefour-5254"",""market"":""carrefour"",""depot_name"":""Istanbul Üsküdar Salacak Mını"",""index_time"":""18.09.2026 12:27""}]","{""mode"":""pinned-relative"",""previous_prices"":{""depot:bim-5712"":71.0,""depot:carrefour-5254"":73.5,""depot:migros-1991"":53.5,""depot:sok-4707"":71.0},""previous_level"":70.21359044623716,""link_factor"":1.0}"
2026-09-19,oils_fats,margarine,Margarin,id:1S4F,id:1S4F,Teremyağ Kase Margarin 250 Gr,0.25,kg,90.0,360.0,298.823529,1,360.0,0.0,api-refined,Kase Margarin,sub_category,4,1,"[""depot:sok-4707""]","[""sok""]",pinned-relative,18.09.2026 12:27,0,1.1,2026-09-19T02:23:07.832875+03:00,"[{""price"":90.0,""api_unit_price"":360.0,""source_id"":""depot:sok-4707"",""market"":""sok"",""depot_name"":""Şok Minifevziçakmak"",""index_time"":""18.09.2026 12:27""}]","{""mode"":""pinned-relative"",""previous_prices"":{""depot:sok-4707"":90.0},""previous_level"":74.70588235294117,""link_factor"":1.0}"
2026-09-19,oils_fats,margarine,Margarin,id:1MU6,id:1MU6,Teremyağ Kase Margarin 500 Gr,0.5,kg,175.975,351.95,380.492079,2,351.95,0.0,api-refined,Kase Margarin,sub_category,3,2,"[""depot:carrefour-1012"",""depot:migros-1991""]","[""carrefour"",""migros""]",pinned-relative,18.09.2026 12:27,0,1.1,2026-09-19T02:23:07.832878+03:00,"[{""price"":175.0,""api_unit_price"":350.0,""source_id"":""depot:migros-1991"",""market"":""migros"",""depot_name"":""Çiçekçi M Migros"",""index_time"":""18.09.2026 12:27""},{""price"":176.95,""api_unit_price"":353.9,""source_id"":""depot:carrefour-1012"",""market"":""carrefour"",""depot_name"":""Istanbul Acıbadem Hıper"",""index_time"":""18.09.2026 12:27""}]","{""mode"":""pinned-relative"",""previous_prices"":{""depot:carrefour-1012"":176.95,""depot:migros-1991"":175.0},""previous_level"":190.24603946609128,""link_factor"":1.0}"
2026-09-19,oils_fats,margarine,Margarin,id:1GXJ,id:1GXJ,Bizim Paket Margarin 6x250 Gr,1.5,kg,319.95,213.3,177.606248,1,213.3,0.0,api-refined,Margarin,sub_category,2,1,"[""depot:migros-564""]","[""migros""]",pinned-relative,18.09.2026 12:27,0,1.1,2026-09-19T02:23:07.832880+03:00,"[{""price"":319.95,""api_unit_price"":213.3,""source_id"":""depot:migros-564"",""market"":""migros"",""depot_name"":""Kadıköy Çarşı M Migros"",""index_time"":""18.09.2026 12:27""}]","{""mode"":""pinned-relative"",""previous_prices"":{""depot:migros-564"":319.95},""previous_level"":266.40937166226195,""link_factor"":1.0}"
2026-09-19,oils_fats,margarine,Margarin,id:1W72,id:1W72,Becel Zeytinyağlı Kase Margarin 250 Gr,0.25,kg,99.375,397.5,397.49717,2,397.5,0.0,api-refined,Kase Margarin,sub_category,2,2,"[""depot:migros-3296"",""depot:sok-4707""]","[""migros"",""sok""]",pinned-relative,18.09.2026 12:27,0,1.1,2026-09-19T02:23:07.832882+03:00,"[{""price"":99.0,""api_unit_price"":396.0,""source_id"":""depot:sok-4707"",""market"":""sok"",""depot_name"":""Şok Minifevziçakmak"",""index_time"":""18.09.2026 12:27""},{""price"":99.75,""api_unit_price"":399.0,""source_id"":""depot:migros-3296"",""market"":""migros"",""depot_name"":""Kadıköy Caferağa M Migros"",""index_time"":""18.09.2026 12:27""}]","{""mode"":""pinned-relative"",""previous_prices"":{""depot:migros-3296"":99.75,""depot:sok-4707"":99.0},""previous_level"":99.37429245031134,""link_factor"":1.0}"
2026-09-19,oils_fats,margarine,Margarin,id:1NNM,id:1NNM,Becel Tereyağı Keyfi Kase Margarin 500 Gr,0.5,kg,104.95,209.9,159.106544,1,209.9,0.0,api-refined,Kase Margarin,sub_category,2,1,"[""depot:carrefour-1012""]","[""carrefour""]",pinned-relative,18.09.2026 12:26,0,1.1,2026-09-19T02:23:07.832884+03:00,"[{""price"":104.95,""api_unit_price"":209.9,""source_id"":""depot:carrefour-1012"",""market"":""carrefour"",""depot_name"":""Istanbul Acıbadem Hıper"",""index_time"":""18.09.2026 12:26""}]","{""mode"":""pinned-relative"",""previous_prices"":{""depot:carrefour-1012"":104.95},""previous_level"":79.55327187498597,""link_factor"":1.0}"
2026-09-19,oils_fats,margarine,Margarin,id:0IQ3,id:0IQ3,Becel Zeytinyağlı Kase Margarin 500 Gr,0.5,kg,149.725,299.45,290.994257,2,299.45,0.0,api-refined,Kase Margarin,sub_category,2,2,"[""depot:carrefour-1012"",""depot:migros-1991""]","[""carrefour"",""migros""]",pinned-relative,18.09.2026 12:27,0,1.1,2026-09-19T02:23:07.832886+03:00,"[{""price"":109.95,""api_unit_price"":219.9,""source_id"":""depot:carrefour-1012"",""market"":""carrefour"",""depot_name"":""Istanbul Acıbadem Hıper"",""index_time"":""18.09.2026 12:27""},{""price"":189.5,""api_unit_price"":379.0,""source_id"":""depot:migros-1991"",""market"":""migros"",""depot_name"":""Çiçekçi M Migros"",""index_time"":""18.09.2026 12:27""}]","{""mode"":""pinned-relative"",""previous_prices"":{""depot:carrefour-1012"":109.95,""depot:migros-1991"":189.5},""previous_level"":145.4971285754767,""link_factor"":1.0}"
2026-09-19,oils_fats,margarine,Margarin,id:21SH,id:21SH,Evin Margarin 250 Gr,0.25,kg,26.0,104.0,104.0,1,104.0,0.0,api-refined,Margarin,sub_category,1,1,"[""depot:sok-4707""]","[""sok""]",pinned-relative,18.09.2026 12:22,0,1.1,2026-09-19T02:23:07.832889+03:00,"[{""price"":26.0,""api_unit_price"":104.0,""source_id"":""depot:sok-4707"",""market"":""sok"",""depot_name"":""Şok Minifevziçakmak"",""index_time"":""18.09.2026 12:22""}]","{""mode"":""pinned-relative"",""previous_prices"":{""depot:sok-4707"":26.0},""previous_level"":26.0,""link_factor"":1.0}"
2026-09-19,oils_fats,margarine,Margarin,id:1A3Q,id:1A3Q,Yurda Paket Margarin 250 Gr,0.25,kg,26.0,104.0,104.0,1,104.0,0.0,api-refined,Kase Margarin,sub_category,1,1,"[""depot:hakmar-5521""]","[""hakmar""]",pinned-relative,18.09.2026 12:25,0,1.1,2026-09-19T02:23:07.832891+03:00,"[{""price"":26.0,""api_unit_price"":104.0,""source_id"":""depot:hakmar-5521"",""market"":""hakmar"",""depot_name"":""Ahmediye  Üsküdar"",""index_time"":""18.09.2026 12:25""}]","{""mode"":""pinned-relative"",""previous_prices"":{""depot:hakmar-5521"":26.0},""previous_level"":26.0,""link_factor"":1.0}"
2026-09-19,oils_fats,margarine,Margarin,id:0398,id:0398,Birma Paket Margarin 250 Gr,0.25,kg,35.0,140.0,140.0,1,140.0,0.0,api-refined,Kase Margarin,sub_category,1,1,"[""depot:hakmar-5521""]","[""hakmar""]",pinned-relative,18.09.2026 12:25,0,1.1,2026-09-19T02:23:07.832893+03:00,"[{""price"":35.0,""api_unit_price"":140.0,""source_id"":""depot:hakmar-5521"",""market"":""hakmar"",""depot_name"":""Ahmediye  Üsküdar"",""index_time"":""18.09.2026 12:25""}]","{""mode"":""pinned-relative"",""previous_prices"":{""depot:hakmar-5521"":35.0},""previous_level"":35.0,""link_factor"":1.0}"
2026-09-19,oils_fats,margarine,Margarin,id:1LQL,id:1LQL,Hesaplı Sabah Paket Margarin 250 Gr,0.25,kg,50.0,200.0,200.0,1,200.0,0.0,api-refined,Margarin,sub_category,1,1,"[""depot:carrefour-1012""]","[""carrefour""]",pinned-relative,18.09.2026 12:27,0,1.1,2026-09-19T02:23:07.832895+03:00,"[{""price"":50.0,""api_unit_price"":200.0,""source_id"":""depot:carrefour-1012"",""market"":""carrefour"",""depot_name"":""Istanbul Acıbadem Hıper"",""index_time"":""18.09.2026 12:27""}]","{""mode"":""pinned-relative"",""previous_prices"":{""depot:carrefour-1012"":50.0},""previous_level"":50.0,""link_factor"":1.0}"
2026-09-19,oils_fats,margarine,Margarin,id:29X7,id:29X7,Terem Kase Margarin 250 Gr,0.25,kg,90.0,360.0,360.0,1,360.0,0.0,api-refined,Kase Margarin,sub_category,1,1,"[""depot:hakmar-5521""]","[""hakmar""]",pinned-relative,18.09.2026 12:25,0,1.1,2026-09-19T02:23:07.832897+03:00,"[{""price"":90.0,""api_unit_price"":360.0,""source_id"":""depot:hakmar-5521"",""market"":""hakmar"",""depot_name"":""Ahmediye  Üsküdar"",""index_time"":""18.09.2026 12:25""}]","{""mode"":""pinned-relative"",""previous_prices"":{""depot:hakmar-5521"":90.0},""previous_level"":90.0,""link_factor"":1.0}"
2026-09-19,oils_fats,margarine,Margarin,id:2MYW,id:2MYW,Ülker Terem Paket Margarin 3x250 Gr,0.75,kg,119.0,158.666667,158.666667,1,158.66667,0.0,api-refined,Margarin,sub_category,1,1,"[""depot:sok-7017""]","[""sok""]",pinned-relative,18.09.2026 12:22,0,1.1,2026-09-19T02:23:07.832899+03:00,"[{""price"":119.0,""api_unit_price"":158.66667,""source_id"":""depot:sok-7017"",""market"":""sok"",""depot_name"":""Iskele Cdüsküdar"",""index_time"":""18.09.2026 12:22""}]","{""mode"":""pinned-relative"",""previous_prices"":{""depot:sok-7017"":119.0},""previous_level"":119.0,""link_factor"":1.0}"
2026-09-19,oils_fats,margarine,Margarin,id:0QQ1,id:0QQ1,Bizim Margarin Paket 1 Kg,1.0,kg,145.0,145.0,145.0,1,145.0,0.0,api-refined,Kase Margarin,sub_category,1,1,"[""depot:bim-5712""]","[""bim""]",pinned-relative,18.09.2026 12:25,0,1.1,2026-09-19T02:23:07.832901+03:00,"[{""price"":145.0,""api_unit_price"":145.0,""source_id"":""depot:bim-5712"",""market"":""bim"",""depot_name"":""Çiçekçi  Üsküdar"",""index_time"":""18.09.2026 12:25""}]","{""mode"":""pinned-relative"",""previous_prices"":{""depot:bim-5712"":145.0},""previous_level"":145.0,""link_factor"":1.0}"
2026-09-19,oils_fats,margarine,Margarin,id:01EP,id:01EP,Ülker Gurme Kaymaklı Tereyağlı Kase Margarin 500 Gr,0.5,kg,180.0,360.0,360.0,1,360.0,0.0,api-refined,Kase Margarin,sub_category,1,1,"[""depot:bim-5712""]","[""bim""]",pinned-relative,18.09.2026 12:25,0,1.1,2026-09-19T02:23:07.832903+03:00,"[{""price"":180.0,""api_unit_price"":360.0,""source_id"":""depot:bim-5712"",""market"":""bim"",""depot_name"":""Çiçekçi  Üsküdar"",""index_time"":""18.09.2026 12:25""}]","{""mode"":""pinned-relative"",""previous_prices"":{""depot:bim-5712"":180.0},""previous_level"":180.0,""link_factor"":1.0}"
2026-09-19,fruit,banana,Muz,id:1Y3Q,id:1Y3Q,Yerli Muz 1 Kg,1.0,kg,104.0,104.0,106.929614,3,104.0,0.0,api-refined,Muz,sub_category,4,3,"[""depot:bim-5712"",""depot:carrefour-5254"",""depot:sok-1017""]","[""bim"",""carrefour"",""sok""]",pinned-relative,18.09.2026 12:27,0,1.1,2026-09-19T02:23:10.350002+03:00,"[{""price"":89.0,""api_unit_price"":89.0,""source_id"":""depot:bim-5712"",""market"":""bim"",""depot_name"":""Çiçekçi  Üsküdar"",""index_time"":""18.09.2026 12:27""},{""price"":104.0,""api_unit_price"":104.0,""source_id"":""depot:sok-1017"",""market"":""sok"",""depot_name"":""Selimiye"",""index_time"":""18.09.2026 12:27""},{""price"":109.9,""api_unit_price"":109.9,""source_id"":""depot:carrefour-5254"",""market"":""carrefour"",""depot_name"":""Istanbul Üsküdar Salacak Mını"",""index_time"":""18.09.2026 12:27""}]","{""mode"":""pinned-relative"",""previous_prices"":{""depot:bim-5712"":89.0,""depot:carrefour-5254"":109.9,""depot:sok-1017"":104.0},""previous_level"":106.92961384862349,""link_factor"":1.0}"
2026-09-19,fruit,banana,Muz,id:1PJY,id:1PJY,İthal Muz 1 Kg,1.0,kg,104.0,104.0,106.037571,2,104.0,0.0,api-refined,Muz,sub_category,2,2,"[""depot:bim-5712"",""depot:carrefour-5254""]","[""bim"",""carrefour""]",pinned-relative,18.09.2026 12:27,0,1.1,2026-09-19T02:23:10.350015+03:00,"[{""price"":99.0,""api_unit_price"":99.0,""source_id"":""depot:bim-5712"",""market"":""bim"",""depot_name"":""Çiçekçi  Üsküdar"",""index_time"":""18.09.2026 12:27""},{""price"":109.0,""api_unit_price"":109.0,""source_id"":""depot:carrefour-5254"",""market"":""carrefour"",""depot_name"":""Istanbul Üsküdar Salacak Mını"",""index_time"":""18.09.2026 12:27""}]","{""mode"":""pinned-relative"",""previous_prices"":{""depot:bim-5712"":99.0,""depot:carrefour-5254"":109.0},""previous_level"":106.03757125083173,""link_factor"":1.0}"
2026-09-19,fruit,apple,Elma,id:01QX,id:01QX,Gala Elma 1 Kg,1.0,kg,49.9,49.9,65.131093,1,49.9,0.0,api-refined,Elma,sub_category,4,1,"[""depot:carrefour-5254""]","[""carrefour""]",pinned-relative,18.09.2026 12:27,0,1.1,2026-09-19T02:23:11.622536+03:00,"[{""price"":49.9,""api_unit_price"":49.9,""source_id"":""depot:carrefour-5254"",""market"":""carrefour"",""depot_name"":""Istanbul Üsküdar Salacak Mını"",""index_time"":""18.09.2026 12:27""}]","{""mode"":""pinned-relative"",""previous_prices"":{""depot:carrefour-5254"":49.9},""previous_level"":65.1310925648491,""link_factor"":1.0}"
2026-09-19,fruit,apple,Elma,id:120I,id:120I,Granny Smith Elma 1 Kg,1.0,kg,104.45,104.45,104.45,2,104.45,0.0,api-refined,Elma,sub_category,2,2,"[""depot:bim-5712"",""depot:carrefour-5254""]","[""bim"",""carrefour""]",pinned-relative,18.09.2026 12:27,0,1.1,2026-09-19T02:23:11.622547+03:00,"[{""price"":79.0,""api_unit_price"":79.0,""source_id"":""depot:bim-5712"",""market"":""bim"",""depot_name"":""Çiçekçi  Üsküdar"",""index_time"":""18.09.2026 12:27""},{""price"":129.9,""api_unit_price"":129.9,""source_id"":""depot:carrefour-5254"",""market"":""carrefour"",""depot_name"":""Istanbul Üsküdar Salacak Mını"",""index_time"":""18.09.2026 12:27""}]","{""mode"":""pinned-relative"",""previous_prices"":{""depot:bim-5712"":79.0,""depot:carrefour-5254"":129.9},""previous_level"":104.45,""link_factor"":1.0}"
2026-09-19,fruit,apple,Elma,id:01MZ,id:01MZ,Ekonomik Elma 1 Kg,1.0,kg,55.0,55.0,55.0,1,55.0,0.0,api-refined,Elma,sub_category,1,1,"[""depot:bim-5712""]","[""bim""]",pinned-relative,18.09.2026 12:25,0,1.1,2026-09-19T02:23:11.622550+03:00,"[{""price"":55.0,""api_unit_price"":55.0,""source_id"":""depot:bim-5712"",""market"":""bim"",""depot_name"":""Çiçekçi  Üsküdar"",""index_time"":""18.09.2026 12:25""}]","{""mode"":""pinned-relative"",""previous_prices"":{""depot:bim-5712"":55.0},""previous_level"":55.0,""link_factor"":1.0}"
2026-09-19,fruit,apple,Elma,id:1YPV,id:1YPV,Golden Elma 1 Kg,1.0,kg,59.0,59.0,59.0,1,59.0,0.0,api-refined,Elma,sub_category,2,1,"[""depot:bim-5712""]","[""bim""]",pinned-relative,18.09.2026 12:27,0,1.1,2026-09-19T02:23:11.622553+03:00,"[{""price"":59.0,""api_unit_price"":59.0,""source_id"":""depot:bim-5712"",""market"":""bim"",""depot_name"":""Çiçekçi  Üsküdar"",""index_time"":""18.09.2026 12:27""}]","{""mode"":""pinned-relative"",""previous_prices"":{""depot:bim-5712"":59.0},""previous_level"":59.0,""link_factor"":1.0}"
2026-09-19,fruit,apple,Elma,id:1PV7,id:1PV7,Starking Elma 1 Kg,1.0,kg,89.0,89.0,89.0,1,89.0,0.0,api-refined,Elma,sub_category,1,1,"[""depot:bim-5712""]","[""bim""]",pinned-relative,18.09.2026 12:28,0,1.1,2026-09-19T02:23:11.622555+03:00,"[{""price"":89.0,""api_unit_price"":89.0,""source_id"":""depot:bim-5712"",""market"":""bim"",""depot_name"":""Çiçekçi  Üsküdar"",""index_time"":""18.09.2026 12:28""}]","{""mode"":""pinned-relative"",""previous_prices"":{""depot:bim-5712"":89.0},""previous_level"":89.0,""link_factor"":1.0}"
2026-09-19,fruit,orange,Portakal,id:0I4Y,id:0I4Y,Portakal Valencia 1 Kg,1.0,kg,59.9,59.9,59.9,1,59.9,0.0,api-refined,Narenciye,sub_category,1,1,"[""depot:carrefour-5254""]","[""carrefour""]",pinned-relative,18.09.2026 12:26,0,1.1,2026-09-19T02:23:12.810520+03:00,"[{""price"":59.9,""api_unit_price"":59.9,""source_id"":""depot:carrefour-5254"",""market"":""carrefour"",""depot_name"":""Istanbul Üsküdar Salacak Mını"",""index_time"":""18.09.2026 12:26""}]","{""mode"":""pinned-relative"",""previous_prices"":{""depot:carrefour-5254"":59.9},""previous_level"":59.9,""link_factor"":1.0}"
2026-09-19,fruit,orange,Portakal,id:05AX,id:05AX,Valensiya Portakal 1 Kg,1.0,kg,59.95,59.95,59.95,1,59.95,0.0,api-refined,Narenciye,sub_category,1,1,"[""depot:hakmar-5521""]","[""hakmar""]",pinned-relative,18.09.2026 12:25,0,1.1,2026-09-19T02:23:12.810532+03:00,"[{""price"":59.95,""api_unit_price"":59.95,""source_id"":""depot:hakmar-5521"",""market"":""hakmar"",""depot_name"":""Ahmediye  Üsküdar"",""index_time"":""18.09.2026 12:25""}]","{""mode"":""pinned-relative"",""previous_prices"":{""depot:hakmar-5521"":59.95},""previous_level"":59.95,""link_factor"":1.0}"
2026-09-19,fruit,lemon,Limon,id:1X2U,id:1X2U,Limon 1 Kg,1.0,kg,49.45,49.45,49.256427,2,49.45,0.0,api-refined,Narenciye,sub_category,3,2,"[""depot:bim-5712"",""depot:sok-1017""]","[""bim"",""sok""]",pinned-relative,18.09.2026 12:27,0,1.1,2026-09-19T02:23:15.327000+03:00,"[{""price"":49.0,""api_unit_price"":49.0,""source_id"":""depot:bim-5712"",""market"":""bim"",""depot_name"":""Çiçekçi  Üsküdar"",""index_time"":""18.09.2026 12:27""},{""price"":49.9,""api_unit_price"":49.9,""source_id"":""depot:sok-1017"",""market"":""sok"",""depot_name"":""Selimiye"",""index_time"":""18.09.2026 12:27""}]","{""mode"":""pinned-relative"",""previous_prices"":{""depot:bim-5712"":49.0,""depot:sok-1017"":49.9},""previous_level"":49.25642716985683,""link_factor"":1.0}"
2026-09-19,fruit,lemon,Limon,id:02JP,id:02JP,Limon Taze 1 Kg,1.0,kg,49.95,49.95,49.95,1,49.95,0.0,api-refined,Narenciye,sub_category,1,1,"[""depot:hakmar-5521""]","[""hakmar""]",pinned-relative,18.09.2026 12:25,0,1.1,2026-09-19T02:23:15.327012+03:00,"[{""price"":49.95,""api_unit_price"":49.95,""source_id"":""depot:hakmar-5521"",""market"":""hakmar"",""depot_name"":""Ahmediye  Üsküdar"",""index_time"":""18.09.2026 12:25""}]","{""mode"":""pinned-relative"",""previous_prices"":{""depot:hakmar-5521"":49.95},""previous_level"":49.949999999999996,""link_factor"":1.0}"
2026-09-19,fruit,lemon,Limon,id:07O0,id:07O0,Limon Lamas 1 Kg,1.0,kg,79.9,79.9,79.9,1,79.9,0.0,api-refined,Narenciye,sub_category,1,1,"[""depot:carrefour-5254""]","[""carrefour""]",pinned-relative,18.09.2026 12:27,0,1.1,2026-09-19T02:23:15.327015+03:00,"[{""price"":79.9,""api_unit_price"":79.9,""source_id"":""depot:carrefour-5254"",""market"":""carrefour"",""depot_name"":""Istanbul Üsküdar Salacak Mını"",""index_time"":""18.09.2026 12:27""}]","{""mode"":""pinned-relative"",""previous_prices"":{""depot:carrefour-5254"":79.9},""previous_level"":79.9,""link_factor"":1.0}"
2026-09-19,fruit,pear,Armut,id:1YPF,id:1YPF,Santa Maria Armut 1 Kg,1.0,kg,89.925,89.925,84.316447,4,89.925,0.0,api-refined,Armut,sub_category,5,4,"[""depot:bim-5712"",""depot:carrefour-5254"",""depot:hakmar-5521"",""depot:sok-1017""]","[""bim"",""carrefour"",""hakmar"",""sok""]",pinned-relative,18.09.2026 12:27,0,1.1,2026-09-19T02:23:16.593650+03:00,"[{""price"":65.0,""api_unit_price"":65.0,""source_id"":""depot:bim-5712"",""market"":""bim"",""depot_name"":""Çiçekçi  Üsküdar"",""index_time"":""18.09.2026 12:27""},{""price"":79.9,""api_unit_price"":79.9,""source_id"":""depot:sok-1017"",""market"":""sok"",""depot_name"":""Selimiye"",""index_time"":""18.09.2026 12:27""},{""price"":99.95,""api_unit_price"":99.95,""source_id"":""depot:hakmar-5521"",""market"":""hakmar"",""depot_name"":""Ahmediye  Üsküdar"",""index_time"":""18.09.2026 12:27""},{""price"":129.9,""api_unit_price"":129.9,""source_id"":""depot:carrefour-5254"",""market"":""carrefour"",""depot_name"":""Istanbul Üsküdar Salacak Mını"",""index_time"":""18.09.2026 12:27""}]","{""mode"":""pinned-relative"",""previous_prices"":{""depot:bim-5712"":65.0,""depot:carrefour-5254"":129.9,""depot:hakmar-5521"":99.95,""depot:sok-1017"":79.9},""previous_level"":84.31644728164935,""link_factor"":1.0}"
2026-09-19,fruit,pear,Armut,id:1X3S,id:1X3S,Deveci Armut 1 Kg,1.0,kg,79.0,79.0,79.0,1,79.0,0.0,api-refined,Armut,sub_category,1,1,"[""depot:bim-5712""]","[""bim""]",pinned-relative,18.09.2026 12:27,0,1.1,2026-09-19T02:23:16.593661+03:00,"[{""price"":79.0,""api_unit_price"":79.0,""source_id"":""depot:bim-5712"",""market"":""bim"",""depot_name"":""Çiçekçi  Üsküdar"",""index_time"":""18.09.2026 12:27""}]","{""mode"":""pinned-relative"",""previous_prices"":{""depot:bim-5712"":79.0},""previous_level"":79.0,""link_factor"":1.0}"
2026-09-19,fruit,peach,Şeftali,id:1M71,id:1M71,Şeftali 1 Kg,1.0,kg,77.45,77.45,74.220467,2,77.45,0.0,api-refined,Şeftali ve Nektarin,sub_category,3,2,"[""depot:bim-5712"",""depot:carrefour-5254""]","[""bim"",""carrefour""]",pinned-relative,18.09.2026 12:27,0,1.1,2026-09-19T02:23:17.838973+03:00,"[{""price"":65.0,""api_unit_price"":65.0,""source_id"":""depot:bim-5712"",""market"":""bim"",""depot_name"":""Çiçekçi  Üsküdar"",""index_time"":""18.09.2026 12:27""},{""price"":89.9,""api_unit_price"":89.9,""source_id"":""depot:carrefour-5254"",""market"":""carrefour"",""depot_name"":""Istanbul Üsküdar Salacak Mını"",""index_time"":""18.09.2026 12:27""}]","{""mode"":""pinned-relative"",""previous_prices"":{""depot:bim-5712"":65.0,""depot:carrefour-5254"":89.9},""previous_level"":74.22046742927613,""link_factor"":1.0}"
2026-09-19,fruit,grape,Üzüm,id:1Y3T,id:1Y3T,Siyah Üzüm 1 Kg,1.0,kg,69.95,69.95,74.658866,3,69.95,0.0,api-refined,Üzüm,sub_category,3,3,"[""depot:bim-5712"",""depot:hakmar-5521"",""depot:sok-1017""]","[""bim"",""hakmar"",""sok""]",pinned-relative,18.09.2026 12:27,0,1.1,2026-09-19T02:23:19.109962+03:00,"[{""price"":49.0,""api_unit_price"":49.0,""source_id"":""depot:bim-5712"",""market"":""bim"",""depot_name"":""Çiçekçi  Üsküdar"",""index_time"":""18.09.2026 12:27""},{""price"":69.95,""api_unit_price"":69.95,""source_id"":""depot:hakmar-5521"",""market"":""hakmar"",""depot_name"":""Ahmediye  Üsküdar"",""index_time"":""18.09.2026 12:27""},{""price"":79.9,""api_unit_price"":79.9,""source_id"":""depot:sok-1017"",""market"":""sok"",""depot_name"":""Selimiye"",""index_time"":""18.09.2026 12:27""}]","{""mode"":""pinned-relative"",""previous_prices"":{""depot:bim-5712"":49.0,""depot:hakmar-5521"":69.95,""depot:sok-1017"":79.9},""previous_level"":74.65886612424559,""link_factor"":1.0}"
2026-09-19,fruit,grape,Üzüm,id:1EOA,id:1EOA,Çekirdeksiz Üzüm 1 Kg,1.0,kg,35.0,35.0,30.123712,1,35.0,0.0,api-refined,Üzüm,sub_category,3,1,"[""depot:bim-5712""]","[""bim""]",pinned-relative,18.09.2026 12:27,0,1.1,2026-09-19T02:23:19.109973+03:00,"[{""price"":35.0,""api_unit_price"":35.0,""source_id"":""depot:bim-5712"",""market"":""bim"",""depot_name"":""Çiçekçi  Üsküdar"",""index_time"":""18.09.2026 12:27""}]","{""mode"":""pinned-relative"",""previous_prices"":{""depot:bim-5712"":35.0},""previous_level"":30.123712364966416,""link_factor"":1.0}"
2026-09-19,fruit,grape,Üzüm,id:1I8K,id:1I8K,Red Globe Üzüm 1 Kg,1.0,kg,89.95,89.95,90.80387,3,89.95,0.0,api-refined,Üzüm,sub_category,4,3,"[""depot:bim-5712"",""depot:carrefour-1012"",""depot:hakmar-5521""]","[""bim"",""carrefour"",""hakmar""]",pinned-relative,18.09.2026 12:27,0,1.1,2026-09-19T02:23:19.109976+03:00,"[{""price"":75.0,""api_unit_price"":75.0,""source_id"":""depot:bim-5712"",""market"":""bim"",""depot_name"":""Çiçekçi  Üsküdar"",""index_time"":""18.09.2026 12:27""},{""price"":89.95,""api_unit_price"":89.95,""source_id"":""depot:hakmar-5521"",""market"":""hakmar"",""depot_name"":""Ahmediye  Üsküdar"",""index_time"":""18.09.2026 12:27""},{""price"":99.9,""api_unit_price"":99.9,""source_id"":""depot:carrefour-1012"",""market"":""carrefour"",""depot_name"":""Istanbul Acıbadem Hıper"",""index_time"":""18.09.2026 12:27""}]","{""mode"":""pinned-relative"",""previous_prices"":{""depot:bim-5712"":75.0,""depot:carrefour-1012"":99.9,""depot:hakmar-5521"":89.95},""previous_level"":90.8038696482046,""link_factor"":1.0}"
2026-09-19,fruit,grape,Üzüm,id:3W9R,id:3W9R,Üzüm 1 Kg,1.0,kg,49.95,49.95,52.366916,1,49.95,0.0,api-refined,Üzüm,sub_category,1,1,"[""depot:hakmar-5521""]","[""hakmar""]",pinned-relative,18.09.2026 12:28,0,1.1,2026-09-19T02:23:19.109978+03:00,"[{""price"":49.95,""api_unit_price"":49.95,""source_id"":""depot:hakmar-5521"",""market"":""hakmar"",""depot_name"":""Ahmediye  Üsküdar"",""index_time"":""18.09.2026 12:28""}]","{""mode"":""pinned-relative"",""previous_prices"":{""depot:hakmar-5521"":49.95},""previous_level"":52.36691626831114,""link_factor"":1.0}"
2026-09-19,fruit,grape,Üzüm,id:0J2W,id:0J2W,Üzüm Razaki 1 Kg,1.0,kg,79.9,79.9,79.9,1,79.9,0.0,api-refined,Üzüm,sub_category,1,1,"[""depot:carrefour-1012""]","[""carrefour""]",pinned-relative,18.09.2026 12:27,0,1.1,2026-09-19T02:23:19.109980+03:00,"[{""price"":79.9,""api_unit_price"":79.9,""source_id"":""depot:carrefour-1012"",""market"":""carrefour"",""depot_name"":""Istanbul Acıbadem Hıper"",""index_time"":""18.09.2026 12:27""}]","{""mode"":""pinned-relative"",""previous_prices"":{""depot:carrefour-1012"":79.9},""previous_level"":79.9,""link_factor"":1.0}"
2026-09-19,fruit,grape,Üzüm,id:0CSH,id:0CSH,Antep Karası Üzüm 1 Kg,1.0,kg,99.9,99.9,99.9,1,99.9,0.0,api-refined,Üzüm,sub_category,1,1,"[""depot:carrefour-1012""]","[""carrefour""]",pinned-relative,18.09.2026 12:27,0,1.1,2026-09-19T02:23:19.109983+03:00,"[{""price"":99.9,""api_unit_price"":99.9,""source_id"":""depot:carrefour-1012"",""market"":""carrefour"",""depot_name"":""Istanbul Acıbadem Hıper"",""index_time"":""18.09.2026 12:27""}]","{""mode"":""pinned-relative"",""previous_prices"":{""depot:carrefour-1012"":99.9},""previous_level"":99.9,""link_factor"":1.0}"
2026-09-19,fruit,watermelon,Karpuz,id:1OJD,id:1OJD,Karpuz Çekirdeksiz 1 Kg,1.0,kg,19.5,19.5,18.262018,4,19.5,0.0,api-refined,Karpuz,sub_category,4,4,"[""depot:bim-5712"",""depot:hakmar-5521"",""depot:sok-1017"",""depot:tarim_kredi-5022""]","[""bim"",""hakmar"",""sok"",""tarim_kredi""]",pinned-relative,18.09.2026 12:27,0,1.1,2026-09-19T02:23:20.332206+03:00,"[{""price"":15.0,""api_unit_price"":15.0,""source_id"":""depot:bim-5712"",""market"":""bim"",""depot_name"":""Çiçekçi  Üsküdar"",""index_time"":""18.09.2026 12:27""},{""price"":19.5,""api_unit_price"":19.5,""source_id"":""depot:sok-1017"",""market"":""sok"",""depot_name"":""Selimiye"",""index_time"":""18.09.2026 12:27""},{""price"":19.5,""api_unit_price"":19.5,""source_id"":""depot:tarim_kredi-5022"",""market"":""tarim_kredi"",""depot_name"":""Istanbul Kadıköy Market"",""index_time"":""18.09.2026 12:27""},{""price"":29.95,""api_unit_price"":29.95,""source_id"":""depot:hakmar-5521"",""market"":""hakmar"",""depot_name"":""Ahmediye  Üsküdar"",""index_time"":""18.09.2026 12:27""}]","{""mode"":""pinned-relative"",""previous_prices"":{""depot:bim-5712"":15.0,""depot:hakmar-5521"":29.95,""depot:sok-1017"":19.5,""depot:tarim_kredi-5022"":19.5},""previous_level"":18.262018284995168,""link_factor"":1.0}"
2026-09-19,fruit,watermelon,Karpuz,id:18M0,id:18M0,Karpuz 1 Kg,1.0,kg,7.475,7.475,7.545228,2,7.475,0.0,api-refined,Karpuz,sub_category,3,2,"[""depot:bim-5712"",""depot:hakmar-5521""]","[""bim"",""hakmar""]",pinned-relative,18.09.2026 12:27,0,1.1,2026-09-19T02:23:20.332218+03:00,"[{""price"":5.0,""api_unit_price"":5.0,""source_id"":""depot:bim-5712"",""market"":""bim"",""depot_name"":""Çiçekçi  Üsküdar"",""index_time"":""18.09.2026 12:27""},{""price"":9.95,""api_unit_price"":9.95,""source_id"":""depot:hakmar-5521"",""market"":""hakmar"",""depot_name"":""Ahmediye  Üsküdar"",""index_time"":""18.09.2026 12:27""}]","{""mode"":""pinned-relative"",""previous_prices"":{""depot:bim-5712"":5.0,""depot:hakmar-5521"":9.95},""previous_level"":7.545227690329606,""link_factor"":1.0}"
2026-09-19,fruit,watermelon,Karpuz,id:1C4E,id:1C4E,Mini Karpuz 1 Kg,1.0,kg,9.5,9.5,9.5,1,9.5,0.0,api-refined,Karpuz,sub_category,1,1,"[""depot:bim-5712""]","[""bim""]",pinned-relative,18.09.2026 12:27,0,1.1,2026-09-19T02:23:20.332221+03:00,"[{""price"":9.5,""api_unit_price"":9.5,""source_id"":""depot:bim-5712"",""market"":""bim"",""depot_name"":""Çiçekçi  Üsküdar"",""index_time"":""18.09.2026 12:27""}]","{""mode"":""pinned-relative"",""previous_prices"":{""depot:bim-5712"":9.5},""previous_level"":9.5,""link_factor"":1.0}"
2026-09-19,fruit,melon,Kavun,id:00JQ,id:00JQ,Kırkağaç Kavun 1 Kg,1.0,kg,24.95,24.95,25.406424,3,24.95,0.0,api-refined,Kavun,sub_category,3,3,"[""depot:bim-5712"",""depot:hakmar-5521"",""depot:sok-1017""]","[""bim"",""hakmar"",""sok""]",pinned-relative,18.09.2026 12:27,0,1.1,2026-09-19T02:23:21.604661+03:00,"[{""price"":19.5,""api_unit_price"":19.5,""source_id"":""depot:bim-5712"",""market"":""bim"",""depot_name"":""Çiçekçi  Üsküdar"",""index_time"":""18.09.2026 12:27""},{""price"":24.95,""api_unit_price"":24.95,""source_id"":""depot:hakmar-5521"",""market"":""hakmar"",""depot_name"":""Ahmediye  Üsküdar"",""index_time"":""18.09.2026 12:27""},{""price"":29.9,""api_unit_price"":29.9,""source_id"":""depot:sok-1017"",""market"":""sok"",""depot_name"":""Selimiye"",""index_time"":""18.09.2026 12:27""}]","{""mode"":""pinned-relative"",""previous_prices"":{""depot:bim-5712"":19.5,""depot:hakmar-5521"":24.95,""depot:sok-1017"":29.9},""previous_level"":25.40642365483927,""link_factor"":1.0}"
2026-09-19,fruit,melon,Kavun,id:1GGZ,id:06ZC,Kavun Kelek 1 Kg,1.0,kg,54.9,54.9,37.134694,1,54.9,0.0,api-refined,Kavun,sub_category,1,1,"[""depot:carrefour-1012""]","[""carrefour""]",pinned-relative,18.09.2026 12:26,1,1.1,2026-09-19T02:23:21.604673+03:00,"[{""price"":54.9,""api_unit_price"":54.9,""source_id"":""depot:carrefour-1012"",""market"":""carrefour"",""depot_name"":""Istanbul Acıbadem Hıper"",""index_time"":""18.09.2026 12:26""}]","{""mode"":""pinned-relative"",""previous_prices"":{""depot:carrefour-1012"":54.9},""previous_level"":54.9,""link_factor"":0.6764060837887068}"
2026-09-19,fruit,melon,Kavun,id:1IYC,id:1IYC,Galya Kavun 1 Kg,1.0,kg,19.0,19.0,19.0,1,19.0,0.0,api-refined,Kavun,sub_category,1,1,"[""depot:bim-5712""]","[""bim""]",pinned-relative,18.09.2026 12:27,0,1.1,2026-09-19T02:23:21.604676+03:00,"[{""price"":19.0,""api_unit_price"":19.0,""source_id"":""depot:bim-5712"",""market"":""bim"",""depot_name"":""Çiçekçi  Üsküdar"",""index_time"":""18.09.2026 12:27""}]","{""mode"":""pinned-relative"",""previous_prices"":{""depot:bim-5712"":19.0},""previous_level"":19.0,""link_factor"":1.0}"
2026-09-19,fruit,melon,Kavun,id:1C4D,id:1C4D,Siyah Kavun 1 Kg,1.0,kg,39.0,39.0,39.0,1,39.0,0.0,api-refined,Kavun,sub_category,1,1,"[""depot:bim-5712""]","[""bim""]",pinned-relative,18.09.2026 12:25,0,1.1,2026-09-19T02:23:21.604679+03:00,"[{""price"":39.0,""api_unit_price"":39.0,""source_id"":""depot:bim-5712"",""market"":""bim"",""depot_name"":""Çiçekçi  Üsküdar"",""index_time"":""18.09.2026 12:25""}]","{""mode"":""pinned-relative"",""previous_prices"":{""depot:bim-5712"":39.0},""previous_level"":39.0,""link_factor"":1.0}"
2026-09-19,fruit,melon,Kavun,id:1EOI,id:1EOI,Sarı Kavun 1 Kg,1.0,kg,39.0,39.0,39.0,1,39.0,0.0,api-refined,Kavun,sub_category,1,1,"[""depot:bim-5712""]","[""bim""]",pinned-relative,18.09.2026 12:27,0,1.1,2026-09-19T02:23:21.604681+03:00,"[{""price"":39.0,""api_unit_price"":39.0,""source_id"":""depot:bim-5712"",""market"":""bim"",""depot_name"":""Çiçekçi  Üsküdar"",""index_time"":""18.09.2026 12:27""}]","{""mode"":""pinned-relative"",""previous_prices"":{""depot:bim-5712"":39.0},""previous_level"":39.0,""link_factor"":1.0}"
2026-09-19,fruit,melon,Kavun,id:1EIQ,id:1EIQ,Beyaz Kavun 1 Kg,1.0,kg,39.0,39.0,39.0,1,39.0,0.0,api-refined,Kavun,sub_category,1,1,"[""depot:bim-5712""]","[""bim""]",pinned-relative,18.09.2026 12:25,0,1.1,2026-09-19T02:23:21.604683+03:00,"[{""price"":39.0,""api_unit_price"":39.0,""source_id"":""depot:bim-5712"",""market"":""bim"",""depot_name"":""Çiçekçi  Üsküdar"",""index_time"":""18.09.2026 12:25""}]","{""mode"":""pinned-relative"",""previous_prices"":{""depot:bim-5712"":39.0},""previous_level"":39.0,""link_factor"":1.0}"
2026-09-19,fruit,melon,Kavun,id:2A96,id:2A96,Gönen Kavun 1 Kg,1.0,kg,49.95,49.95,49.95,1,49.95,0.0,api-refined,Kavun,sub_category,1,1,"[""depot:hakmar-5521""]","[""hakmar""]",pinned-relative,18.09.2026 12:25,0,1.1,2026-09-19T02:23:21.604685+03:00,"[{""price"":49.95,""api_unit_price"":49.95,""source_id"":""depot:hakmar-5521"",""market"":""hakmar"",""depot_name"":""Ahmediye  Üsküdar"",""index_time"":""18.09.2026 12:25""}]","{""mode"":""pinned-relative"",""previous_prices"":{""depot:hakmar-5521"":49.95},""previous_level"":49.95,""link_factor"":1.0}"
2026-09-19,fruit,avocado,Avokado,id:1YKR,id:1YKR,Avokado 1 Adet,1.0,count,66.95,66.95,62.3499,2,66.95,0.0,title,Avokado,sub_category,2,2,"[""depot:bim-5712"",""depot:sok-1017""]","[""bim"",""sok""]",pinned-relative,18.09.2026 12:27,0,1.1,2026-09-19T02:23:25.339526+03:00,"[{""price"":59.0,""api_unit_price"":59.0,""source_id"":""depot:bim-5712"",""market"":""bim"",""depot_name"":""Çiçekçi  Üsküdar"",""index_time"":""18.09.2026 12:27""},{""price"":74.9,""api_unit_price"":74.9,""source_id"":""depot:sok-1017"",""market"":""sok"",""depot_name"":""Selimiye"",""index_time"":""18.09.2026 12:27""}]","{""mode"":""pinned-relative"",""previous_prices"":{""depot:bim-5712"":59.0,""depot:sok-1017"":74.9},""previous_level"":62.34989975934203,""link_factor"":1.0}"
2026-09-19,fruit,avocado,Avokado,id:000A,id:000A,Yerli Avokado 1 Adet,1.0,count,79.9,79.9,79.9,1,79.9,0.0,title,Avokado,sub_category,1,1,"[""depot:carrefour-1012""]","[""carrefour""]",pinned-relative,18.09.2026 12:26,0,1.1,2026-09-19T02:23:25.339537+03:00,"[{""price"":79.9,""api_unit_price"":79.9,""source_id"":""depot:carrefour-1012"",""market"":""carrefour"",""depot_name"":""Istanbul Acıbadem Hıper"",""index_time"":""18.09.2026 12:26""}]","{""mode"":""pinned-relative"",""previous_prices"":{""depot:carrefour-1012"":79.9},""previous_level"":79.9,""link_factor"":1.0}"
2026-09-19,vegetables,tomato,Domates,id:1ISV,id:1ISV,Domates Pembe 1 Kg,1.0,kg,49.95,49.95,53.754337,3,49.95,0.0,api-refined,Domates,sub_category,3,3,"[""depot:bim-5712"",""depot:carrefour-5254"",""depot:hakmar-5521""]","[""bim"",""carrefour"",""hakmar""]",pinned-relative,18.09.2026 12:27,0,1.1,2026-09-19T02:23:26.618789+03:00,"[{""price"":49.9,""api_unit_price"":49.9,""source_id"":""depot:carrefour-5254"",""market"":""carrefour"",""depot_name"":""Istanbul Üsküdar Salacak Mını"",""index_time"":""18.09.2026 12:27""},{""price"":49.95,""api_unit_price"":49.95,""source_id"":""depot:hakmar-5521"",""market"":""hakmar"",""depot_name"":""Ahmediye  Üsküdar"",""index_time"":""18.09.2026 12:27""},{""price"":99.0,""api_unit_price"":99.0,""source_id"":""depot:bim-5712"",""market"":""bim"",""depot_name"":""Çiçekçi  Üsküdar"",""index_time"":""18.09.2026 12:27""}]","{""mode"":""pinned-relative"",""previous_prices"":{""depot:bim-5712"":99.0,""depot:carrefour-5254"":49.9,""depot:hakmar-5521"":49.95},""previous_level"":53.75433693769044,""link_factor"":1.0}"
2026-09-19,vegetables,tomato,Domates,id:1IQ0,id:1IQ0,Salkım Domates 1 Kg,1.0,kg,49.0,49.0,52.366551,1,49.0,0.0,api-refined,Domates,sub_category,3,1,"[""depot:bim-5712""]","[""bim""]",pinned-relative,18.09.2026 12:27,0,1.1,2026-09-19T02:23:26.618801+03:00,"[{""price"":49.0,""api_unit_price"":49.0,""source_id"":""depot:bim-5712"",""market"":""bim"",""depot_name"":""Çiçekçi  Üsküdar"",""index_time"":""18.09.2026 12:27""}]","{""mode"":""pinned-relative"",""previous_prices"":{""depot:bim-5712"":49.0},""previous_level"":52.366551229055084,""link_factor"":1.0}"
2026-09-19,vegetables,tomato,Domates,id:1OMF,id:1OMF,Domates 1 Kg,1.0,kg,49.0,49.0,44.647647,1,49.0,0.0,api-refined,Domates,sub_category,2,1,"[""depot:sok-4711""]","[""sok""]",pinned-relative,18.09.2026 12:27,0,1.1,2026-09-19T02:23:26.618805+03:00,"[{""price"":49.0,""api_unit_price"":49.0,""source_id"":""depot:sok-4711"",""market"":""sok"",""depot_name"":""Şok Minitamer Yeni"",""index_time"":""18.09.2026 12:27""}]","{""mode"":""pinned-relative"",""previous_prices"":{""depot:sok-4711"":49.0},""previous_level"":44.64764705882353,""link_factor"":1.0}"
2026-09-19,vegetables,tomato,Domates,id:10TW,id:10TW,Rio Tarla Domates 1 Kg,1.0,kg,19.9,19.9,19.9,1,19.9,0.0,api-refined,Domates,sub_category,1,1,"[""depot:sok-1017""]","[""sok""]",pinned-relative,18.09.2026 12:22,0,1.1,2026-09-19T02:23:26.618807+03:00,"[{""price"":19.9,""api_unit_price"":19.9,""source_id"":""depot:sok-1017"",""market"":""sok"",""depot_name"":""Selimiye"",""index_time"":""18.09.2026 12:22""}]","{""mode"":""pinned-relative"",""previous_prices"":{""depot:sok-1017"":19.9},""previous_level"":19.9,""link_factor"":1.0}"
2026-09-19,vegetables,tomato,Domates,id:16IE,id:16IE,Tagem Turuncu Domates 1 Kg,1.0,kg,24.9,24.9,24.9,1,24.9,0.0,api-refined,Domates,sub_category,1,1,"[""depot:tarim_kredi-5022""]","[""tarim_kredi""]",pinned-relative,18.09.2026 12:26,0,1.1,2026-09-19T02:23:26.618809+03:00,"[{""price"":24.9,""api_unit_price"":24.9,""source_id"":""depot:tarim_kredi-5022"",""market"":""tarim_kredi"",""depot_name"":""Istanbul Kadıköy Market"",""index_time"":""18.09.2026 12:26""}]","{""mode"":""pinned-relative"",""previous_prices"":{""depot:tarim_kredi-5022"":24.9},""previous_level"":24.9,""link_factor"":1.0}"
2026-09-19,vegetables,tomato,Domates,id:034L,id:034L,Sivri Domates 1 Kg,1.0,kg,19.95,19.95,19.95,1,19.95,0.0,api-refined,Domates,sub_category,1,1,"[""depot:hakmar-5521""]","[""hakmar""]",pinned-relative,18.09.2026 12:25,0,1.1,2026-09-19T02:23:26.618812+03:00,"[{""price"":19.95,""api_unit_price"":19.95,""source_id"":""depot:hakmar-5521"",""market"":""hakmar"",""depot_name"":""Ahmediye  Üsküdar"",""index_time"":""18.09.2026 12:25""}]","{""mode"":""pinned-relative"",""previous_prices"":{""depot:hakmar-5521"":19.95},""previous_level"":19.95,""link_factor"":1.0}"
2026-09-19,vegetables,tomato,Domates,id:1J28,id:1J28,Atıştırmalık Domates 1 Kg,1.0,kg,29.0,29.0,29.0,1,29.0,0.0,api-refined,Domates,sub_category,1,1,"[""depot:bim-5712""]","[""bim""]",pinned-relative,18.09.2026 12:27,0,1.1,2026-09-19T02:23:26.618814+03:00,"[{""price"":29.0,""api_unit_price"":29.0,""source_id"":""depot:bim-5712"",""market"":""bim"",""depot_name"":""Çiçekçi  Üsküdar"",""index_time"":""18.09.2026 12:27""}]","{""mode"":""pinned-relative"",""previous_prices"":{""depot:bim-5712"":29.0},""previous_level"":29.0,""link_factor"":1.0}"
2026-09-19,vegetables,tomato,Domates,id:1I0Y,id:1I0Y,Eko Domates 1 Kg,1.0,kg,59.9,59.9,59.9,1,59.9,0.0,api-refined,Domates,sub_category,1,1,"[""depot:carrefour-1012""]","[""carrefour""]",pinned-relative,18.09.2026 12:27,0,1.1,2026-09-19T02:23:26.618816+03:00,"[{""price"":59.9,""api_unit_price"":59.9,""source_id"":""depot:carrefour-1012"",""market"":""carrefour"",""depot_name"":""Istanbul Acıbadem Hıper"",""index_time"":""18.09.2026 12:27""}]","{""mode"":""pinned-relative"",""previous_prices"":{""depot:carrefour-1012"":59.9},""previous_level"":59.9,""link_factor"":1.0}"
2026-09-19,vegetables,tomato,Domates,id:05K7,id:05K7,Kahvaltılık Domates 1 Kg,1.0,kg,79.95,79.95,79.95,1,79.95,0.0,api-refined,Domates,sub_category,1,1,"[""depot:hakmar-5521""]","[""hakmar""]",pinned-relative,18.09.2026 12:27,0,1.1,2026-09-19T02:23:26.618818+03:00,"[{""price"":79.95,""api_unit_price"":79.95,""source_id"":""depot:hakmar-5521"",""market"":""hakmar"",""depot_name"":""Ahmediye  Üsküdar"",""index_time"":""18.09.2026 12:27""}]","{""mode"":""pinned-relative"",""previous_prices"":{""depot:hakmar-5521"":79.95},""previous_level"":79.95,""link_factor"":1.0}"
2026-09-19,vegetables,cucumber,Salatalık,id:0Q7Q,id:0Q7Q,Salatalık 1 Kg,1.0,kg,44.45,44.45,39.571019,2,44.45,0.0,api-refined,Salatalık,sub_category,5,2,"[""depot:bim-5712"",""depot:sok-1017""]","[""bim"",""sok""]",pinned-relative,18.09.2026 12:27,0,1.1,2026-09-19T02:23:29.089567+03:00,"[{""price"":39.0,""api_unit_price"":39.0,""source_id"":""depot:bim-5712"",""market"":""bim"",""depot_name"":""Çiçekçi  Üsküdar"",""index_time"":""18.09.2026 12:27""},{""price"":49.9,""api_unit_price"":49.9,""source_id"":""depot:sok-1017"",""market"":""sok"",""depot_name"":""Selimiye"",""index_time"":""18.09.2026 12:27""}]","{""mode"":""pinned-relative"",""previous_prices"":{""depot:bim-5712"":39.0,""depot:sok-1017"":49.9},""previous_level"":39.57101866493053,""link_factor"":1.0}"
2026-09-19,vegetables,cucumber,Salatalık,id:1MZQ,id:1MZQ,Çengelköy Salatalık 1 Kg,1.0,kg,79.0,79.0,79.0,1,79.0,0.0,api-refined,Salatalık,sub_category,2,1,"[""depot:bim-5712""]","[""bim""]",pinned-relative,18.09.2026 12:27,0,1.1,2026-09-19T02:23:29.089580+03:00,"[{""price"":79.0,""api_unit_price"":79.0,""source_id"":""depot:bim-5712"",""market"":""bim"",""depot_name"":""Çiçekçi  Üsküdar"",""index_time"":""18.09.2026 12:27""}]","{""mode"":""pinned-relative"",""previous_prices"":{""depot:bim-5712"":79.0},""previous_level"":79.0,""link_factor"":1.0}"
2026-09-19,vegetables,pepper,Biber,id:1NS4,id:1NS4,Dolma Biber 1 Kg,1.0,kg,89.45,89.45,87.901616,4,89.45,0.0,api-refined,Biber,sub_category,4,4,"[""depot:bim-5712"",""depot:carrefour-5254"",""depot:hakmar-5521"",""depot:sok-1017""]","[""bim"",""carrefour"",""hakmar"",""sok""]",pinned-relative,18.09.2026 12:27,0,1.1,2026-09-19T02:23:30.367798+03:00,"[{""price"":69.95,""api_unit_price"":69.95,""source_id"":""depot:hakmar-5521"",""market"":""hakmar"",""depot_name"":""Ahmediye  Üsküdar"",""index_time"":""18.09.2026 12:27""},{""price"":89.0,""api_unit_price"":89.0,""source_id"":""depot:bim-5712"",""market"":""bim"",""depot_name"":""Çiçekçi  Üsküdar"",""index_time"":""18.09.2026 12:27""},{""price"":89.9,""api_unit_price"":89.9,""source_id"":""depot:carrefour-5254"",""market"":""carrefour"",""depot_name"":""Istanbul Üsküdar Salacak Mını"",""index_time"":""18.09.2026 12:27""},{""price"":99.0,""api_unit_price"":99.0,""source_id"":""depot:sok-1017"",""market"":""sok"",""depot_name"":""Selimiye"",""index_time"":""18.09.2026 12:27""}]","{""mode"":""pinned-relative"",""previous_prices"":{""depot:bim-5712"":89.0,""depot:carrefour-5254"":89.9,""depot:hakmar-5521"":69.95,""depot:sok-1017"":99.0},""previous_level"":87.90161556827147,""link_factor"":1.0}"
2026-09-19,vegetables,pepper,Biber,id:1ITJ,id:1ITJ,Sivri Biber 1 Kg,1.0,kg,99.0,99.0,99.95,3,99.0,0.0,api-refined,Biber,sub_category,4,3,"[""depot:hakmar-5602"",""depot:migros-1991"",""depot:sok-7238""]","[""hakmar"",""migros"",""sok""]",pinned-relative,18.09.2026 12:27,0,1.1,2026-09-19T02:23:30.367810+03:00,"[{""price"":79.95,""api_unit_price"":79.95,""source_id"":""depot:hakmar-5602"",""market"":""hakmar"",""depot_name"":""Selimpaşa  Üsküdar"",""index_time"":""18.09.2026 12:27""},{""price"":99.0,""api_unit_price"":99.0,""source_id"":""depot:sok-7238"",""market"":""sok"",""depot_name"":""Rıhtım Cdkadıköy"",""index_time"":""18.09.2026 12:27""},{""price"":99.95,""api_unit_price"":99.95,""source_id"":""depot:migros-1991"",""market"":""migros"",""depot_name"":""Çiçekçi M Migros"",""index_time"":""18.09.2026 12:27""}]","{""mode"":""pinned-relative"",""previous_prices"":{""depot:hakmar-5602"":79.95,""depot:migros-1991"":99.95,""depot:sok-7238"":99.0},""previous_level"":99.95,""link_factor"":1.0}"
2026-09-19,vegetables,pepper,Biber,id:1VVZ,id:1VVZ,Çarliston Biber 1 Kg,1.0,kg,99.475,99.475,99.725,2,99.475,0.0,api-refined,Biber,sub_category,4,2,"[""depot:migros-1991"",""depot:sok-1017""]","[""migros"",""sok""]",pinned-relative,18.09.2026 12:27,0,1.1,2026-09-19T02:23:30.367813+03:00,"[{""price"":99.0,""api_unit_price"":99.0,""source_id"":""depot:sok-1017"",""market"":""sok"",""depot_name"":""Selimiye"",""index_time"":""18.09.2026 12:27""},{""price"":99.95,""api_unit_price"":99.95,""source_id"":""depot:migros-1991"",""market"":""migros"",""depot_name"":""Çiçekçi M Migros"",""index_time"":""18.09.2026 12:27""}]","{""mode"":""pinned-relative"",""previous_prices"":{""depot:migros-1991"":99.95,""depot:sok-1017"":99.0},""previous_level"":99.72499999999998,""link_factor"":1.0}"
2026-09-19,vegetables,pepper,Biber,id:0AIR,id:0AIR,Kapya Biber 1 Kg,1.0,kg,69.45,69.45,93.325102,2,69.45,0.0,api-refined,Biber,sub_category,2,2,"[""depot:bim-5712"",""depot:carrefour-5254""]","[""bim"",""carrefour""]",pinned-relative,18.09.2026 12:27,0,1.1,2026-09-19T02:23:30.367815+03:00,"[{""price"":39.9,""api_unit_price"":39.9,""source_id"":""depot:carrefour-5254"",""market"":""carrefour"",""depot_name"":""Istanbul Üsküdar Salacak Mını"",""index_time"":""18.09.2026 12:27""},{""price"":99.0,""api_unit_price"":99.0,""source_id"":""depot:bim-5712"",""market"":""bim"",""depot_name"":""Çiçekçi  Üsküdar"",""index_time"":""18.09.2026 12:27""}]","{""mode"":""pinned-relative"",""previous_prices"":{""depot:bim-5712"":99.0,""depot:carrefour-5254"":39.9},""previous_level"":93.32510171569591,""link_factor"":1.0}"
2026-09-19,vegetables,pepper,Biber,id:134Z,id:134Z,Yeşil Biber 1 Kg,1.0,kg,99.0,99.0,99.0,2,99.0,0.0,api-refined,Biber,sub_category,2,2,"[""depot:bim-5712"",""depot:tarim_kredi-5022""]","[""bim"",""tarim_kredi""]",pinned-relative,18.09.2026 12:27,0,1.1,2026-09-19T02:23:30.367817+03:00,"[{""price"":99.0,""api_unit_price"":99.0,""source_id"":""depot:bim-5712"",""market"":""bim"",""depot_name"":""Çiçekçi  Üsküdar"",""index_time"":""18.09.2026 12:27""},{""price"":99.0,""api_unit_price"":99.0,""source_id"":""depot:tarim_kredi-5022"",""market"":""tarim_kredi"",""depot_name"":""Istanbul Kadıköy Market"",""index_time"":""18.09.2026 12:27""}]","{""mode"":""pinned-relative"",""previous_prices"":{""depot:bim-5712"":99.0,""depot:tarim_kredi-5022"":99.0},""previous_level"":99.0,""link_factor"":1.0}"
2026-09-19,vegetables,pepper,Biber,id:08T8,id:08T8,Biber Jalapeno 1 Kg,1.0,kg,89.9,89.9,89.9,1,89.9,0.0,api-refined,Biber,sub_category,1,1,"[""depot:carrefour-1012""]","[""carrefour""]",pinned-relative,18.09.2026 12:27,0,1.1,2026-09-19T02:23:30.367819+03:00,"[{""price"":89.9,""api_unit_price"":89.9,""source_id"":""depot:carrefour-1012"",""market"":""carrefour"",""depot_name"":""Istanbul Acıbadem Hıper"",""index_time"":""18.09.2026 12:27""}]","{""mode"":""pinned-relative"",""previous_prices"":{""depot:carrefour-1012"":89.9},""previous_level"":89.9,""link_factor"":1.0}"
2026-09-19,vegetables,pepper,Biber,id:1PRJ,id:1PRJ,Kıl Sivri Biber 1 Kg,1.0,kg,89.9,89.9,89.9,1,89.9,0.0,api-refined,Biber,sub_category,1,1,"[""depot:carrefour-1012""]","[""carrefour""]",pinned-relative,18.09.2026 12:27,0,1.1,2026-09-19T02:23:30.367821+03:00,"[{""price"":89.9,""api_unit_price"":89.9,""source_id"":""depot:carrefour-1012"",""market"":""carrefour"",""depot_name"":""Istanbul Acıbadem Hıper"",""index_time"":""18.09.2026 12:27""}]","{""mode"":""pinned-relative"",""previous_prices"":{""depot:carrefour-1012"":89.9},""previous_level"":89.9,""link_factor"":1.0}"
2026-09-19,vegetables,pepper,Biber,id:0KTF,id:0KTF,Köy Biberi 1 Kg,1.0,kg,97.425,97.425,111.570397,2,97.425,0.0,api-refined,Biber,sub_category,2,2,"[""depot:carrefour-1012"",""depot:hakmar-5521""]","[""carrefour"",""hakmar""]",pinned-relative,18.09.2026 12:27,0,1.0,2026-09-19T02:23:30.367824+03:00,"[{""price"":69.95,""api_unit_price"":69.95,""source_id"":""depot:hakmar-5521"",""market"":""hakmar"",""depot_name"":""Ahmediye  Üsküdar"",""index_time"":""18.09.2026 12:27""},{""price"":124.9,""api_unit_price"":124.9,""source_id"":""depot:carrefour-1012"",""market"":""carrefour"",""depot_name"":""Istanbul Acıbadem Hıper"",""index_time"":""18.09.2026 12:27""}]","{""mode"":""pinned-relative"",""previous_prices"":{""depot:carrefour-1012"":124.9,""depot:hakmar-5521"":69.95},""previous_level"":111.57039675662314,""link_factor"":1.0}"
2026-09-19,vegetables,potato,Patates,id:1NCL,id:1NCL,Patates 1 Kg,1.0,kg,29.475,29.475,29.091547,4,29.475,0.0,api-refined,Patates,sub_category,4,4,"[""depot:bim-5712"",""depot:hakmar-5521"",""depot:sok-1017"",""depot:tarim_kredi-5022""]","[""bim"",""hakmar"",""sok"",""tarim_kredi""]",pinned-relative,18.09.2026 12:27,0,1.1,2026-09-19T02:23:31.587811+03:00,"[{""price"":26.9,""api_unit_price"":26.9,""source_id"":""depot:tarim_kredi-5022"",""market"":""tarim_kredi"",""depot_name"":""Istanbul Kadıköy Market"",""index_time"":""18.09.2026 12:27""},{""price"":29.0,""api_unit_price"":29.0,""source_id"":""depot:bim-5712"",""market"":""bim"",""depot_name"":""Çiçekçi  Üsküdar"",""index_time"":""18.09.2026 12:27""},{""price"":29.95,""api_unit_price"":29.95,""source_id"":""depot:hakmar-5521"",""market"":""hakmar"",""depot_name"":""Ahmediye  Üsküdar"",""index_time"":""18.09.2026 12:27""},{""price"":35.0,""api_unit_price"":35.0,""source_id"":""depot:sok-1017"",""market"":""sok"",""depot_name"":""Selimiye"",""index_time"":""18.09.2026 12:27""}]","{""mode"":""pinned-relative"",""previous_prices"":{""depot:bim-5712"":29.0,""depot:hakmar-5521"":29.95,""depot:sok-1017"":35.0,""depot:tarim_kredi-5022"":26.9},""previous_level"":29.09154660476585,""link_factor"":1.0}"
2026-09-19,vegetables,potato,Patates,id:0W3A,id:0W3A,Kızartmalık Patates 1 Kg,1.0,kg,39.0,39.0,39.0,1,39.0,0.0,api-refined,Patates,sub_category,1,1,"[""depot:bim-5712""]","[""bim""]",pinned-relative,18.09.2026 12:27,0,1.1,2026-09-19T02:23:31.587824+03:00,"[{""price"":39.0,""api_unit_price"":39.0,""source_id"":""depot:bim-5712"",""market"":""bim"",""depot_name"":""Çiçekçi  Üsküdar"",""index_time"":""18.09.2026 12:27""}]","{""mode"":""pinned-relative"",""previous_prices"":{""depot:bim-5712"":39.0},""previous_level"":39.0,""link_factor"":1.0}"
2026-09-19,vegetables,potato,Patates,id:1UCK,id:1UCK,Baby Patates 1 Kg,1.0,kg,49.9,49.9,49.9,1,49.9,0.0,api-refined,Patates,sub_category,1,1,"[""depot:carrefour-1012""]","[""carrefour""]",pinned-relative,18.09.2026 12:27,0,1.1,2026-09-19T02:23:31.587827+03:00,"[{""price"":49.9,""api_unit_price"":49.9,""source_id"":""depot:carrefour-1012"",""market"":""carrefour"",""depot_name"":""Istanbul Acıbadem Hıper"",""index_time"":""18.09.2026 12:27""}]","{""mode"":""pinned-relative"",""previous_prices"":{""depot:carrefour-1012"":49.9},""previous_level"":49.9,""link_factor"":1.0}"
2026-09-19,vegetables,potato,Patates,id:0NQ5,id:0NQ5,Kızartmalık Patates File 1 Kg,1.0,kg,69.9,69.9,69.9,1,69.9,0.0,api-refined,Patates,sub_category,1,1,"[""depot:carrefour-1012""]","[""carrefour""]",pinned-relative,18.09.2026 12:27,0,1.1,2026-09-19T02:23:31.587829+03:00,"[{""price"":69.9,""api_unit_price"":69.9,""source_id"":""depot:carrefour-1012"",""market"":""carrefour"",""depot_name"":""Istanbul Acıbadem Hıper"",""index_time"":""18.09.2026 12:27""}]","{""mode"":""pinned-relative"",""previous_prices"":{""depot:carrefour-1012"":69.9},""previous_level"":69.9,""link_factor"":1.0}"
2026-09-19,vegetables,potato,Patates,id:1AHY,id:1AHY,Torpat Parmak Patates 1 Kg,1.0,kg,99.95,99.95,99.95,1,99.95,0.0,api-refined,Patates,sub_category,1,1,"[""depot:migros-3296""]","[""migros""]",pinned-relative,18.09.2026 12:24,0,1.1,2026-09-19T02:23:31.587831+03:00,"[{""price"":99.95,""api_unit_price"":99.95,""source_id"":""depot:migros-3296"",""market"":""migros"",""depot_name"":""Kadıköy Caferağa M Migros"",""index_time"":""18.09.2026 12:24""}]","{""mode"":""pinned-relative"",""previous_prices"":{""depot:migros-3296"":99.95},""previous_level"":99.95,""link_factor"":1.0}"
2026-09-19,vegetables,onion,Kuru soğan,id:1YYM,id:1YYM,Kuru Soğan 1 Kg,1.0,kg,29.9,29.9,32.568233,1,29.9,0.0,api-refined,Soğan,sub_category,3,1,"[""depot:carrefour-5254""]","[""carrefour""]",pinned-relative,18.09.2026 12:27,0,1.1,2026-09-19T02:23:32.798166+03:00,"[{""price"":29.9,""api_unit_price"":29.9,""source_id"":""depot:carrefour-5254"",""market"":""carrefour"",""depot_name"":""Istanbul Üsküdar Salacak Mını"",""index_time"":""18.09.2026 12:27""}]","{""mode"":""pinned-relative"",""previous_prices"":{""depot:carrefour-5254"":29.9},""previous_level"":32.568233456981886,""link_factor"":1.0}"
2026-09-19,vegetables,onion,Kuru soğan,id:0JDD,id:0JDD,Soğan 1 Kg,1.0,kg,29.0,29.0,31.642682,1,29.0,0.0,api-refined,Soğan,sub_category,2,1,"[""depot:bim-5712""]","[""bim""]",pinned-relative,18.09.2026 12:27,0,1.1,2026-09-19T02:23:32.798177+03:00,"[{""price"":29.0,""api_unit_price"":29.0,""source_id"":""depot:bim-5712"",""market"":""bim"",""depot_name"":""Çiçekçi  Üsküdar"",""index_time"":""18.09.2026 12:27""}]","{""mode"":""pinned-relative"",""previous_prices"":{""depot:bim-5712"":29.0},""previous_level"":31.64268198941669,""link_factor"":1.0}"
2026-09-19,vegetables,onion,Kuru soğan,id:0PVW,id:0PVW,Mor Soğan 1 Kg,1.0,kg,46.9,46.9,46.9,1,46.9,0.0,api-refined,Soğan,sub_category,2,1,"[""depot:carrefour-5254""]","[""carrefour""]",pinned-relative,18.09.2026 12:27,0,1.1,2026-09-19T02:23:32.798180+03:00,"[{""price"":46.9,""api_unit_price"":46.9,""source_id"":""depot:carrefour-5254"",""market"":""carrefour"",""depot_name"":""Istanbul Üsküdar Salacak Mını"",""index_time"":""18.09.2026 12:27""}]","{""mode"":""pinned-relative"",""previous_prices"":{""depot:carrefour-5254"":46.9},""previous_level"":46.9,""link_factor"":1.0}"
2026-09-19,vegetables,onion,Kuru soğan,id:0T9L,id:0T9L,Gümüş Soğan 1 Kg,1.0,kg,46.9,46.9,46.9,1,46.9,0.0,api-refined,Soğan,sub_category,1,1,"[""depot:carrefour-1012""]","[""carrefour""]",pinned-relative,18.09.2026 12:27,0,1.1,2026-09-19T02:23:32.798183+03:00,"[{""price"":46.9,""api_unit_price"":46.9,""source_id"":""depot:carrefour-1012"",""market"":""carrefour"",""depot_name"":""Istanbul Acıbadem Hıper"",""index_time"":""18.09.2026 12:27""}]","{""mode"":""pinned-relative"",""previous_prices"":{""depot:carrefour-1012"":46.9},""previous_level"":46.9,""link_factor"":1.0}"
2026-09-19,vegetables,onion,Kuru soğan,id:12L9,id:12L9,File Soğan 1 Kg,1.0,kg,59.9,59.9,59.9,1,59.9,0.0,api-refined,Soğan,sub_category,1,1,"[""depot:carrefour-1012""]","[""carrefour""]",pinned-relative,18.09.2026 12:27,0,1.1,2026-09-19T02:23:32.798185+03:00,"[{""price"":59.9,""api_unit_price"":59.9,""source_id"":""depot:carrefour-1012"",""market"":""carrefour"",""depot_name"":""Istanbul Acıbadem Hıper"",""index_time"":""18.09.2026 12:27""}]","{""mode"":""pinned-relative"",""previous_prices"":{""depot:carrefour-1012"":59.9},""previous_level"":59.9,""link_factor"":1.0}"
2026-09-19,vegetables,garlic,Sarımsak,id:0HDH,id:0HDH,Taşköprü Sarımsak 1 Kg,1.0,kg,139.95,139.95,139.95,1,139.95,0.0,api-refined,Sarımsak,sub_category,2,1,"[""depot:hakmar-5521""]","[""hakmar""]",pinned-relative,18.09.2026 12:27,0,1.1,2026-09-19T02:23:34.062616+03:00,"[{""price"":139.95,""api_unit_price"":139.95,""source_id"":""depot:hakmar-5521"",""market"":""hakmar"",""depot_name"":""Ahmediye  Üsküdar"",""index_time"":""18.09.2026 12:27""}]","{""mode"":""pinned-relative"",""previous_prices"":{""depot:hakmar-5521"":139.95},""previous_level"":139.95,""link_factor"":1.0}"
2026-09-19,vegetables,garlic,Sarımsak,id:04HR,id:04HR,Sarımsak 1 Kg,1.0,kg,149.0,149.0,149.0,1,149.0,0.0,api-refined,Sarımsak,sub_category,1,1,"[""depot:bim-5712""]","[""bim""]",pinned-relative,18.09.2026 12:27,0,1.1,2026-09-19T02:23:34.062627+03:00,"[{""price"":149.0,""api_unit_price"":149.0,""source_id"":""depot:bim-5712"",""market"":""bim"",""depot_name"":""Çiçekçi  Üsküdar"",""index_time"":""18.09.2026 12:27""}]","{""mode"":""pinned-relative"",""previous_prices"":{""depot:bim-5712"":149.0},""previous_level"":149.0,""link_factor"":1.0}"
2026-09-19,vegetables,eggplant,Patlıcan,id:12A1,id:12A1,Patlıcan 1 Kg,1.0,kg,59.0,59.0,63.561126,3,59.0,0.0,api-refined,Patlıcan,sub_category,3,3,"[""depot:bim-5712"",""depot:hakmar-5521"",""depot:tarim_kredi-5022""]","[""bim"",""hakmar"",""tarim_kredi""]",pinned-relative,18.09.2026 12:27,0,1.1,2026-09-19T02:23:35.350718+03:00,"[{""price"":49.95,""api_unit_price"":49.95,""source_id"":""depot:hakmar-5521"",""market"":""hakmar"",""depot_name"":""Ahmediye  Üsküdar"",""index_time"":""18.09.2026 12:27""},{""price"":59.0,""api_unit_price"":59.0,""source_id"":""depot:bim-5712"",""market"":""bim"",""depot_name"":""Çiçekçi  Üsküdar"",""index_time"":""18.09.2026 12:27""},{""price"":59.0,""api_unit_price"":59.0,""source_id"":""depot:tarim_kredi-5022"",""market"":""tarim_kredi"",""depot_name"":""Istanbul Kadıköy Market"",""index_time"":""18.09.2026 12:27""}]","{""mode"":""pinned-relative"",""previous_prices"":{""depot:bim-5712"":59.0,""depot:hakmar-5521"":49.95,""depot:tarim_kredi-5022"":59.0},""previous_level"":63.561125860833855,""link_factor"":1.0}"
2026-09-19,vegetables,eggplant,Patlıcan,id:1YOW,id:1YOW,Kemer Patlıcan 1 Kg,1.0,kg,69.95,69.95,68.520527,3,69.95,0.0,api-refined,Patlıcan,sub_category,3,3,"[""depot:carrefour-5254"",""depot:migros-564"",""depot:sok-1017""]","[""carrefour"",""migros"",""sok""]",pinned-relative,18.09.2026 12:27,0,1.1,2026-09-19T02:23:35.350730+03:00,"[{""price"":64.9,""api_unit_price"":64.9,""source_id"":""depot:sok-1017"",""market"":""sok"",""depot_name"":""Selimiye"",""index_time"":""18.09.2026 12:27""},{""price"":69.95,""api_unit_price"":69.95,""source_id"":""depot:migros-564"",""market"":""migros"",""depot_name"":""Kadıköy Çarşı M Migros"",""index_time"":""18.09.2026 12:27""},{""price"":74.9,""api_unit_price"":74.9,""source_id"":""depot:carrefour-5254"",""market"":""carrefour"",""depot_name"":""Istanbul Üsküdar Salacak Mını"",""index_time"":""18.09.2026 12:27""}]","{""mode"":""pinned-relative"",""previous_prices"":{""depot:carrefour-5254"":74.9,""depot:migros-564"":69.95,""depot:sok-1017"":64.9},""previous_level"":68.52052704239014,""link_factor"":1.0}"
2026-09-19,vegetables,eggplant,Patlıcan,id:0NZJ,id:0NZJ,Bostan Patlıcan 1 Kg,1.0,kg,119.9,119.9,119.9,1,119.9,0.0,api-refined,Patlıcan,sub_category,1,1,"[""depot:carrefour-1012""]","[""carrefour""]",pinned-relative,18.09.2026 12:27,0,1.1,2026-09-19T02:23:35.350733+03:00,"[{""price"":119.9,""api_unit_price"":119.9,""source_id"":""depot:carrefour-1012"",""market"":""carrefour"",""depot_name"":""Istanbul Acıbadem Hıper"",""index_time"":""18.09.2026 12:27""}]","{""mode"":""pinned-relative"",""previous_prices"":{""depot:carrefour-1012"":119.9},""previous_level"":119.89999999999999,""link_factor"":1.0}"
2026-09-19,vegetables,zucchini,Kabak,id:0B2C,id:0B2C,Sakız Kabak 1 Kg,1.0,kg,54.9,54.9,64.925,1,54.9,0.0,api-refined,Kabak,sub_category,2,1,"[""depot:carrefour-5254""]","[""carrefour""]",pinned-relative,18.09.2026 12:27,0,1.1,2026-09-19T02:23:36.591024+03:00,"[{""price"":54.9,""api_unit_price"":54.9,""source_id"":""depot:carrefour-5254"",""market"":""carrefour"",""depot_name"":""Istanbul Üsküdar Salacak Mını"",""index_time"":""18.09.2026 12:27""}]","{""mode"":""pinned-relative"",""previous_prices"":{""depot:carrefour-5254"":54.9},""previous_level"":64.925,""link_factor"":1.0}"
2026-09-19,vegetables,zucchini,Kabak,id:072H,id:072H,Dolmalık Top Kabak 1 Kg,1.0,kg,69.9,69.9,69.9,1,69.9,0.0,api-refined,Kabak,sub_category,1,1,"[""depot:carrefour-1012""]","[""carrefour""]",pinned-relative,18.09.2026 12:26,0,1.1,2026-09-19T02:23:36.591036+03:00,"[{""price"":69.9,""api_unit_price"":69.9,""source_id"":""depot:carrefour-1012"",""market"":""carrefour"",""depot_name"":""Istanbul Acıbadem Hıper"",""index_time"":""18.09.2026 12:26""}]","{""mode"":""pinned-relative"",""previous_prices"":{""depot:carrefour-1012"":69.9},""previous_level"":69.9,""link_factor"":1.0}"
2026-09-19,vegetables,carrot,Havuç,id:1U5E,id:1U5E,Havuç 1 Kg,1.0,kg,37.45,37.45,49.0,2,37.45,0.0,api-refined,Kök Sebzeler,sub_category,3,2,"[""depot:bim-5712"",""depot:sok-1017""]","[""bim"",""sok""]",pinned-relative,18.09.2026 12:27,0,1.1,2026-09-19T02:23:37.871604+03:00,"[{""price"":35.0,""api_unit_price"":35.0,""source_id"":""depot:bim-5712"",""market"":""bim"",""depot_name"":""Çiçekçi  Üsküdar"",""index_time"":""18.09.2026 12:27""},{""price"":39.9,""api_unit_price"":39.9,""source_id"":""depot:sok-1017"",""market"":""sok"",""depot_name"":""Selimiye"",""index_time"":""18.09.2026 12:27""}]","{""mode"":""pinned-relative"",""previous_prices"":{""depot:bim-5712"":35.0,""depot:sok-1017"":39.9},""previous_level"":49.0,""link_factor"":1.0}"
2026-09-19,vegetables,parsley,Maydanoz,id:0G6N,id:0G6N,Maydanoz 1 Adet,1.0,count,24.95,24.95,22.892982,1,24.95,0.0,title,Yeşillikler,sub_category,1,1,"[""depot:hakmar-5521""]","[""hakmar""]",pinned-relative,18.09.2026 12:27,0,1.1,2026-09-19T02:23:41.568003+03:00,"[{""price"":24.95,""api_unit_price"":24.95,""source_id"":""depot:hakmar-5521"",""market"":""hakmar"",""depot_name"":""Ahmediye  Üsküdar"",""index_time"":""18.09.2026 12:27""}]","{""mode"":""pinned-relative"",""previous_prices"":{""depot:hakmar-5521"":24.95},""previous_level"":22.892981699881542,""link_factor"":1.0}"
2026-09-19,vegetables,mushroom,Kültür mantarı,id:08J2,id:08J2,Mantar 300 Gr,0.3,kg,74.9,249.666667,241.333333,1,249.66667,0.0,api-refined,Mantar,sub_category,2,1,"[""depot:sok-1017""]","[""sok""]",pinned-relative,18.09.2026 12:27,0,1.1,2026-09-19T02:23:45.373457+03:00,"[{""price"":74.9,""api_unit_price"":249.66667,""source_id"":""depot:sok-1017"",""market"":""sok"",""depot_name"":""Selimiye"",""index_time"":""18.09.2026 12:27""}]","{""mode"":""pinned-relative"",""previous_prices"":{""depot:sok-1017"":74.9},""previous_level"":72.4,""link_factor"":1.0}"
2026-09-19,vegetables,mushroom,Kültür mantarı,id:0ZF2,id:0ZF2,Mantar 400 Gr,0.4,kg,69.0,172.5,172.5,1,172.5,0.0,api-refined,Mantar,sub_category,1,1,"[""depot:bim-5712""]","[""bim""]",pinned-relative,18.09.2026 12:27,0,1.1,2026-09-19T02:23:45.373470+03:00,"[{""price"":69.0,""api_unit_price"":172.5,""source_id"":""depot:bim-5712"",""market"":""bim"",""depot_name"":""Çiçekçi  Üsküdar"",""index_time"":""18.09.2026 12:27""}]","{""mode"":""pinned-relative"",""previous_prices"":{""depot:bim-5712"":69.0},""previous_level"":69.0,""link_factor"":1.0}"
2026-09-19,vegetables,mushroom,Kültür mantarı,id:2A0M,id:2A0M,Safkar Mantar 400 Gr,0.4,kg,79.95,199.875,199.875,1,199.875,0.0,api-refined,Mantar,sub_category,1,1,"[""depot:hakmar-5521""]","[""hakmar""]",pinned-relative,18.09.2026 12:25,0,1.1,2026-09-19T02:23:45.373473+03:00,"[{""price"":79.95,""api_unit_price"":199.875,""source_id"":""depot:hakmar-5521"",""market"":""hakmar"",""depot_name"":""Ahmediye  Üsküdar"",""index_time"":""18.09.2026 12:25""}]","{""mode"":""pinned-relative"",""previous_prices"":{""depot:hakmar-5521"":79.95},""previous_level"":79.95,""link_factor"":1.0}"
2026-09-19,vegetables,mushroom,Kültür mantarı,id:082M,id:082M,Kültür Mantarı 400 Gr,0.4,kg,69.0,172.5,172.5,1,172.5,0.0,api-refined,Mantar,sub_category,1,1,"[""depot:bim-5712""]","[""bim""]",pinned-relative,18.09.2026 12:25,0,1.0,2026-09-19T02:23:45.373476+03:00,"[{""price"":69.0,""api_unit_price"":172.5,""source_id"":""depot:bim-5712"",""market"":""bim"",""depot_name"":""Çiçekçi  Üsküdar"",""index_time"":""18.09.2026 12:25""}]","{""mode"":""pinned-relative"",""previous_prices"":{""depot:bim-5712"":69.0},""previous_level"":69.0,""link_factor"":1.0}"
2026-09-19,vegetables,mushroom,Kültür mantarı,id:1OIP,id:1OIP,Kestane Mantarı 350 Gr,0.35,kg,79.0,225.714286,225.714286,1,225.71428,0.0,api-refined,Mantar,sub_category,1,1,"[""depot:bim-5712""]","[""bim""]",pinned-relative,18.09.2026 12:27,0,1.0,2026-09-19T02:23:45.373478+03:00,"[{""price"":79.0,""api_unit_price"":225.71428,""source_id"":""depot:bim-5712"",""market"":""bim"",""depot_name"":""Çiçekçi  Üsküdar"",""index_time"":""18.09.2026 12:27""}]","{""mode"":""pinned-relative"",""previous_prices"":{""depot:bim-5712"":79.0},""previous_level"":79.0,""link_factor"":1.0}"
2026-09-19,vegetables,green_beans,Taze fasulye,id:08IT,id:08IT,Fasulye Taze 1 Kg,1.0,kg,99.9,99.9,99.9,1,99.9,0.0,api-refined,Taze Fasulye ve Börülce,sub_category,1,1,"[""depot:carrefour-1012""]","[""carrefour""]",pinned-relative,18.09.2026 12:27,0,1.1,2026-09-19T02:23:46.606058+03:00,"[{""price"":99.9,""api_unit_price"":99.9,""source_id"":""depot:carrefour-1012"",""market"":""carrefour"",""depot_name"":""Istanbul Acıbadem Hıper"",""index_time"":""18.09.2026 12:27""}]","{""mode"":""pinned-relative"",""previous_prices"":{""depot:carrefour-1012"":99.9},""previous_level"":99.9,""link_factor"":1.0}"
2026-09-19,sugar_snacks,sugar,Toz şeker,id:1PK8,id:1PK8,Türkşeker Toz Şeker 5 Kg,5.0,kg,219.0,43.8,43.8,2,43.8,0.0,api-refined,Şeker ve Tatlandırıcılar,main_category,3,2,"[""depot:bim-5712"",""depot:sok-7238""]","[""bim"",""sok""]",pinned-relative,18.09.2026 12:27,0,1.1,2026-09-19T02:23:49.102288+03:00,"[{""price"":219.0,""api_unit_price"":43.8,""source_id"":""depot:bim-5712"",""market"":""bim"",""depot_name"":""Çiçekçi  Üsküdar"",""index_time"":""18.09.2026 12:27""},{""price"":219.0,""api_unit_price"":43.8,""source_id"":""depot:sok-7238"",""market"":""sok"",""depot_name"":""Rıhtım Cdkadıköy"",""index_time"":""18.09.2026 12:27""}]","{""mode"":""pinned-relative"",""previous_prices"":{""depot:bim-5712"":219.0,""depot:sok-7238"":219.0},""previous_level"":219.00000000000003,""link_factor"":1.0}"
2026-09-19,sugar_snacks,sugar,Toz şeker,id:1WA9,id:1WA9,Türkşeker Toz Şeker 3 Kg,3.0,kg,124.5,41.5,44.916667,1,41.5,0.0,api-refined,Şeker ve Tatlandırıcılar,main_category,1,1,"[""depot:bim-5712""]","[""bim""]",pinned-relative,18.09.2026 12:27,0,1.1,2026-09-19T02:23:49.102300+03:00,"[{""price"":124.5,""api_unit_price"":41.5,""source_id"":""depot:bim-5712"",""market"":""bim"",""depot_name"":""Çiçekçi  Üsküdar"",""index_time"":""18.09.2026 12:27""}]","{""mode"":""pinned-relative"",""previous_prices"":{""depot:bim-5712"":124.5},""previous_level"":134.75,""link_factor"":1.0}"
2026-09-19,sugar_snacks,sugar,Toz şeker,id:12DI,id:12DI,Balküpü Toz Şeker 3 Kg,3.0,kg,157.9,52.633333,51.226587,1,52.63333,0.0,api-refined,Şeker ve Tatlandırıcılar,main_category,1,1,"[""depot:carrefour-1012""]","[""carrefour""]",pinned-relative,18.09.2026 12:27,0,1.1,2026-09-19T02:23:49.102303+03:00,"[{""price"":157.9,""api_unit_price"":52.63333,""source_id"":""depot:carrefour-1012"",""market"":""carrefour"",""depot_name"":""Istanbul Acıbadem Hıper"",""index_time"":""18.09.2026 12:27""}]","{""mode"":""pinned-relative"",""previous_prices"":{""depot:carrefour-1012"":157.9},""previous_level"":153.67975998415625,""link_factor"":1.0}"
2026-09-19,sugar_snacks,sugar,Toz şeker,id:04GE,id:04GE,Toz Şeker 1 Kg,1.0,kg,52.5,52.5,52.5,1,52.5,0.0,api-refined,Şeker ve Tatlandırıcılar,main_category,1,1,"[""depot:bim-5712""]","[""bim""]",pinned-relative,18.09.2026 12:27,0,1.1,2026-09-19T02:23:49.102305+03:00,"[{""price"":52.5,""api_unit_price"":52.5,""source_id"":""depot:bim-5712"",""market"":""bim"",""depot_name"":""Çiçekçi  Üsküdar"",""index_time"":""18.09.2026 12:27""}]","{""mode"":""pinned-relative"",""previous_prices"":{""depot:bim-5712"":52.5},""previous_level"":52.5,""link_factor"":1.0}"
2026-09-19,sugar_snacks,sugar,Toz şeker,id:03XV,id:03XV,Albeyaz Toz Şeker 1 Kg,1.0,kg,52.5,52.5,52.5,1,52.5,0.0,api-refined,Şeker ve Tatlandırıcılar,main_category,1,1,"[""depot:bim-5712""]","[""bim""]",pinned-relative,18.09.2026 12:27,0,1.1,2026-09-19T02:23:49.102307+03:00,"[{""price"":52.5,""api_unit_price"":52.5,""source_id"":""depot:bim-5712"",""market"":""bim"",""depot_name"":""Çiçekçi  Üsküdar"",""index_time"":""18.09.2026 12:27""}]","{""mode"":""pinned-relative"",""previous_prices"":{""depot:bim-5712"":52.5},""previous_level"":52.5,""link_factor"":1.0}"
2026-09-19,sugar_snacks,sugar,Toz şeker,id:06MY,id:06MY,Akşeker Toz Şeker 2 Kg,2.0,kg,99.0,49.5,49.5,1,49.5,0.0,api-refined,Şeker ve Tatlandırıcılar,main_category,1,1,"[""depot:hakmar-5521""]","[""hakmar""]",pinned-relative,18.09.2026 12:25,0,1.1,2026-09-19T02:23:49.102309+03:00,"[{""price"":99.0,""api_unit_price"":49.5,""source_id"":""depot:hakmar-5521"",""market"":""hakmar"",""depot_name"":""Ahmediye  Üsküdar"",""index_time"":""18.09.2026 12:25""}]","{""mode"":""pinned-relative"",""previous_prices"":{""depot:hakmar-5521"":99.0},""previous_level"":99.0,""link_factor"":1.0}"
2026-09-19,sugar_snacks,sugar,Toz şeker,id:0ZQ4,id:0ZQ4,Altınküp Toz Şeker 2 Kg,2.0,kg,99.5,49.75,49.75,1,49.75,0.0,api-refined,Şeker ve Tatlandırıcılar,main_category,1,1,"[""depot:sok-4707""]","[""sok""]",pinned-relative,18.09.2026 12:22,0,1.1,2026-09-19T02:23:49.102311+03:00,"[{""price"":99.5,""api_unit_price"":49.75,""source_id"":""depot:sok-4707"",""market"":""sok"",""depot_name"":""Şok Minifevziçakmak"",""index_time"":""18.09.2026 12:22""}]","{""mode"":""pinned-relative"",""previous_prices"":{""depot:sok-4707"":99.5},""previous_level"":99.5,""link_factor"":1.0}"
2026-09-19,sugar_snacks,sugar,Toz şeker,id:12WV,id:12WV,Migros Toz Şeker 3 Kg,3.0,kg,149.95,49.983333,49.983333,1,49.983334,0.0,api-refined,Şeker ve Tatlandırıcılar,main_category,1,1,"[""depot:migros-1991""]","[""migros""]",pinned-relative,18.09.2026 12:27,0,1.1,2026-09-19T02:23:49.102313+03:00,"[{""price"":149.95,""api_unit_price"":49.983334,""source_id"":""depot:migros-1991"",""market"":""migros"",""depot_name"":""Çiçekçi M Migros"",""index_time"":""18.09.2026 12:27""}]","{""mode"":""pinned-relative"",""previous_prices"":{""depot:migros-1991"":149.95},""previous_level"":149.95,""link_factor"":1.0}"
2026-09-19,sugar_snacks,sugar,Toz şeker,id:1PXH,id:1PXH,Irmak Toz Şeker 3 Kg,3.0,kg,167.95,55.983333,55.983333,1,55.98333,0.0,api-refined,Şeker ve Tatlandırıcılar,main_category,1,1,"[""depot:migros-1991""]","[""migros""]",pinned-relative,18.09.2026 12:28,0,1.1,2026-09-19T02:23:49.102315+03:00,"[{""price"":167.95,""api_unit_price"":55.98333,""source_id"":""depot:migros-1991"",""market"":""migros"",""depot_name"":""Çiçekçi M Migros"",""index_time"":""18.09.2026 12:28""}]","{""mode"":""pinned-relative"",""previous_prices"":{""depot:migros-1991"":167.95},""previous_level"":167.95,""link_factor"":1.0}"
2026-09-19,sugar_snacks,sugar,Toz şeker,id:02EE,id:02EE,Şafak Toz Şeker 5 Kg,5.0,kg,219.0,43.8,43.8,1,43.8,0.0,api-refined,Şeker ve Tatlandırıcılar,main_category,1,1,"[""depot:bim-5712""]","[""bim""]",pinned-relative,18.09.2026 12:25,0,1.1,2026-09-19T02:23:49.102317+03:00,"[{""price"":219.0,""api_unit_price"":43.8,""source_id"":""depot:bim-5712"",""market"":""bim"",""depot_name"":""Çiçekçi  Üsküdar"",""index_time"":""18.09.2026 12:25""}]","{""mode"":""pinned-relative"",""previous_prices"":{""depot:bim-5712"":219.0},""previous_level"":219.0,""link_factor"":1.0}"
2026-09-19,sugar_snacks,sugar,Toz şeker,id:2AWS,id:2AWS,Türk Şeker Toz Şeker 5 Kg,5.0,kg,219.0,43.8,43.8,1,43.8,0.0,api-refined,Şeker ve Tatlandırıcılar,main_category,1,1,"[""depot:hakmar-5521""]","[""hakmar""]",pinned-relative,18.09.2026 12:25,0,1.1,2026-09-19T02:23:49.102320+03:00,"[{""price"":219.0,""api_unit_price"":43.8,""source_id"":""depot:hakmar-5521"",""market"":""hakmar"",""depot_name"":""Ahmediye  Üsküdar"",""index_time"":""18.09.2026 12:25""}]","{""mode"":""pinned-relative"",""previous_prices"":{""depot:hakmar-5521"":219.0},""previous_level"":219.0,""link_factor"":1.0}"
2026-09-19,sugar_snacks,sugar,Toz şeker,id:0JV6,id:0JV6,Carrefour Toz Şeker 5 Kg,5.0,kg,219.95,43.99,43.99,1,43.99,0.0,api-refined,Şeker ve Tatlandırıcılar,main_category,1,1,"[""depot:carrefour-5254""]","[""carrefour""]",pinned-relative,18.09.2026 12:27,0,1.1,2026-09-19T02:23:49.102322+03:00,"[{""price"":219.95,""api_unit_price"":43.99,""source_id"":""depot:carrefour-5254"",""market"":""carrefour"",""depot_name"":""Istanbul Üsküdar Salacak Mını"",""index_time"":""18.09.2026 12:27""}]","{""mode"":""pinned-relative"",""previous_prices"":{""depot:carrefour-5254"":219.95},""previous_level"":219.95,""link_factor"":1.0}"
2026-09-19,sugar_snacks,sugar,Toz şeker,id:1NX5,id:1NX5,Bor Şeker Toz Şeker 5 Kg,5.0,kg,249.95,49.99,49.99,1,49.989998,0.0,api-refined,Şeker ve Tatlandırıcılar,main_category,1,1,"[""depot:migros-1991""]","[""migros""]",pinned-relative,18.09.2026 12:24,0,1.1,2026-09-19T02:23:49.102324+03:00,"[{""price"":249.95,""api_unit_price"":49.989998,""source_id"":""depot:migros-1991"",""market"":""migros"",""depot_name"":""Çiçekçi M Migros"",""index_time"":""18.09.2026 12:24""}]","{""mode"":""pinned-relative"",""previous_prices"":{""depot:migros-1991"":249.95},""previous_level"":249.95,""link_factor"":1.0}"
2026-09-19,sugar_snacks,sugar,Toz şeker,id:1PCF,id:1PCF,Irmak Toz Şeker 5 Kg,5.0,kg,249.95,49.99,49.99,1,49.989998,0.0,api-refined,Şeker ve Tatlandırıcılar,main_category,1,1,"[""depot:migros-1991""]","[""migros""]",pinned-relative,18.09.2026 12:27,0,1.1,2026-09-19T02:23:49.102326+03:00,"[{""price"":249.95,""api_unit_price"":49.989998,""source_id"":""depot:migros-1991"",""market"":""migros"",""depot_name"":""Çiçekçi M Migros"",""index_time"":""18.09.2026 12:27""}]","{""mode"":""pinned-relative"",""previous_prices"":{""depot:migros-1991"":249.95},""previous_level"":249.95,""link_factor"":1.0}"
2026-09-19,sugar_snacks,honey,Bal,id:1QQ4,id:1QQ4,Anavarza Kral Şakir Lisanslı Tüp Bal 40 Gr,0.04,kg,58.5,1462.5,1462.5,1,1462.5,0.0,api-refined,Bal ve Reçel,main_category,2,1,"[""depot:carrefour-1012""]","[""carrefour""]",pinned-relative,18.09.2026 12:27,0,1.1,2026-09-19T02:23:57.888850+03:00,"[{""price"":58.5,""api_unit_price"":1462.5,""source_id"":""depot:carrefour-1012"",""market"":""carrefour"",""depot_name"":""Istanbul Acıbadem Hıper"",""index_time"":""18.09.2026 12:27""}]","{""mode"":""pinned-relative"",""previous_prices"":{""depot:carrefour-1012"":58.5},""previous_level"":58.5,""link_factor"":1.0}"
2026-09-19,sugar_snacks,honey,Bal,id:0S61,id:0S61,S.S. 745 Sayılı Kozan Bal Kooperatifi Çiçek Balı Çıt Kapak 325 Gr,0.325,kg,169.95,522.923077,522.923077,1,522.92303,0.0,api-refined,Bal ve Reçel,main_category,1,1,"[""depot:migros-3296""]","[""migros""]",pinned-relative,18.09.2026 12:24,0,1.1,2026-09-19T02:23:57.888863+03:00,"[{""price"":169.95,""api_unit_price"":522.92303,""source_id"":""depot:migros-3296"",""market"":""migros"",""depot_name"":""Kadıköy Caferağa M Migros"",""index_time"":""18.09.2026 12:24""}]","{""mode"":""pinned-relative"",""previous_prices"":{""depot:migros-3296"":169.95},""previous_level"":169.95,""link_factor"":1.0}"
2026-09-19,sugar_snacks,honey,Bal,id:01NK,id:01NK,Sivas Birlik Çiçek Süzme Bal 460 Gr,0.46,kg,199.0,432.608696,432.608696,1,432.6087,0.0,api-refined,Bal ve Reçel,main_category,1,1,"[""depot:hakmar-5521""]","[""hakmar""]",pinned-relative,18.09.2026 12:25,0,1.1,2026-09-19T02:23:57.888866+03:00,"[{""price"":199.0,""api_unit_price"":432.6087,""source_id"":""depot:hakmar-5521"",""market"":""hakmar"",""depot_name"":""Ahmediye  Üsküdar"",""index_time"":""18.09.2026 12:25""}]","{""mode"":""pinned-relative"",""previous_prices"":{""depot:hakmar-5521"":199.0},""previous_level"":198.99999999999997,""link_factor"":1.0}"
2026-09-19,sugar_snacks,honey,Bal,id:07MJ,id:07MJ,Kızıldağ İmranlı Petek Bal 430 Gr,0.43,kg,225.0,523.255814,523.255814,1,523.2558,0.0,api-refined,Bal ve Reçel,main_category,1,1,"[""depot:hakmar-5521""]","[""hakmar""]",pinned-relative,18.09.2026 12:25,0,1.1,2026-09-19T02:23:57.888868+03:00,"[{""price"":225.0,""api_unit_price"":523.2558,""source_id"":""depot:hakmar-5521"",""market"":""hakmar"",""depot_name"":""Ahmediye  Üsküdar"",""index_time"":""18.09.2026 12:25""}]","{""mode"":""pinned-relative"",""previous_prices"":{""depot:hakmar-5521"":225.0},""previous_level"":225.0,""link_factor"":1.0}"
2026-09-19,sugar_snacks,honey,Bal,id:05C5,id:05C5,Sivas Birlik Çiçek Süzme Bal 850 Gr,0.85,kg,359.0,422.352941,422.352941,1,422.35294,0.0,api-refined,Bal ve Reçel,main_category,1,1,"[""depot:hakmar-5521""]","[""hakmar""]",pinned-relative,18.09.2026 12:25,0,1.1,2026-09-19T02:23:57.888870+03:00,"[{""price"":359.0,""api_unit_price"":422.35294,""source_id"":""depot:hakmar-5521"",""market"":""hakmar"",""depot_name"":""Ahmediye  Üsküdar"",""index_time"":""18.09.2026 12:25""}]","{""mode"":""pinned-relative"",""previous_prices"":{""depot:hakmar-5521"":359.0},""previous_level"":359.0,""link_factor"":1.0}"
2026-09-19,sugar_snacks,honey,Bal,id:0V4Z,id:0V4Z,S.S. 745 Sayılı Kozan Bal Kooperatifi Çiçek Balı 850 Gr,0.85,kg,349.75,411.470588,411.470588,1,411.47058,0.0,api-refined,Bal ve Reçel,main_category,1,1,"[""depot:migros-4479""]","[""migros""]",pinned-relative,18.09.2026 12:24,0,1.1,2026-09-19T02:23:57.888872+03:00,"[{""price"":349.75,""api_unit_price"":411.47058,""source_id"":""depot:migros-4479"",""market"":""migros"",""depot_name"":""Mjet Üsküdar Paşakapısı"",""index_time"":""18.09.2026 12:24""}]","{""mode"":""pinned-relative"",""previous_prices"":{""depot:migros-4479"":349.75},""previous_level"":349.75,""link_factor"":1.0}"
2026-09-19,sugar_snacks,honey,Bal,id:2CS6,id:2CS6,Balparmak Çiçek Süzme Bal 460 Gr,0.46,kg,385.0,836.956522,836.956522,1,836.9565,0.0,api-refined,Bal ve Reçel,main_category,1,1,"[""depot:hakmar-5521""]","[""hakmar""]",pinned-relative,18.09.2026 12:25,0,1.1,2026-09-19T02:23:57.888874+03:00,"[{""price"":385.0,""api_unit_price"":836.9565,""source_id"":""depot:hakmar-5521"",""market"":""hakmar"",""depot_name"":""Ahmediye  Üsküdar"",""index_time"":""18.09.2026 12:25""}]","{""mode"":""pinned-relative"",""previous_prices"":{""depot:hakmar-5521"":385.0},""previous_level"":385.0,""link_factor"":1.0}"
2026-09-19,sugar_snacks,honey,Bal,id:03UQ,id:03UQ,Kızıldağ İmranlı Petek Bal 900 Gr,0.9,kg,429.0,476.666667,476.666667,1,476.66666,0.0,api-refined,Bal ve Reçel,main_category,1,1,"[""depot:hakmar-5521""]","[""hakmar""]",pinned-relative,18.09.2026 12:25,0,1.1,2026-09-19T02:23:57.888877+03:00,"[{""price"":429.0,""api_unit_price"":476.66666,""source_id"":""depot:hakmar-5521"",""market"":""hakmar"",""depot_name"":""Ahmediye  Üsküdar"",""index_time"":""18.09.2026 12:25""}]","{""mode"":""pinned-relative"",""previous_prices"":{""depot:hakmar-5521"":429.0},""previous_level"":429.0,""link_factor"":1.0}"
2026-09-19,sugar_snacks,honey,Bal,id:20TK,id:20TK,Beeo Yayla Çiçek Balı Ham Bal 300 Gr,0.3,kg,479.92,1599.733333,1599.733333,1,1599.7334,0.0,api-refined,Bal ve Reçel,main_category,1,1,"[""depot:carrefour-1012""]","[""carrefour""]",pinned-relative,18.09.2026 12:27,0,1.1,2026-09-19T02:23:57.888879+03:00,"[{""price"":479.92,""api_unit_price"":1599.7334,""source_id"":""depot:carrefour-1012"",""market"":""carrefour"",""depot_name"":""Istanbul Acıbadem Hıper"",""index_time"":""18.09.2026 12:27""}]","{""mode"":""pinned-relative"",""previous_prices"":{""depot:carrefour-1012"":479.92},""previous_level"":479.92,""link_factor"":1.0}"
2026-09-19,sugar_snacks,honey,Bal,id:0VL6,id:0VL6,Kaldera Organik Bal 460 Gr,0.46,kg,859.95,1869.456522,1869.456522,1,1869.4565,0.0,api-refined,Bal ve Reçel,main_category,1,1,"[""depot:migros-1991""]","[""migros""]",pinned-relative,18.09.2026 12:24,0,1.1,2026-09-19T02:23:57.888881+03:00,"[{""price"":859.95,""api_unit_price"":1869.4565,""source_id"":""depot:migros-1991"",""market"":""migros"",""depot_name"":""Çiçekçi M Migros"",""index_time"":""18.09.2026 12:24""}]","{""mode"":""pinned-relative"",""previous_prices"":{""depot:migros-1991"":859.95},""previous_level"":859.95,""link_factor"":1.0}"
2026-09-19,sugar_snacks,honey,Bal,id:0C2H,id:0C2H,Fer Petek Bal 1 Kg,1.0,kg,1249.9,1249.9,1249.9,1,1249.9,0.0,api-refined,Bal ve Reçel,main_category,1,1,"[""depot:carrefour-1012""]","[""carrefour""]",pinned-relative,18.09.2026 12:26,0,1.1,2026-09-19T02:23:57.888883+03:00,"[{""price"":1249.9,""api_unit_price"":1249.9,""source_id"":""depot:carrefour-1012"",""market"":""carrefour"",""depot_name"":""Istanbul Acıbadem Hıper"",""index_time"":""18.09.2026 12:26""}]","{""mode"":""pinned-relative"",""previous_prices"":{""depot:carrefour-1012"":1249.9},""previous_level"":1249.9,""link_factor"":1.0}"
2026-09-19,sugar_snacks,honey,Bal,id:09PV,id:09PV,Fer Seksiyon Bal 1 Kg,1.0,kg,1349.9,1349.9,1349.9,1,1349.9,0.0,api-refined,Bal ve Reçel,main_category,1,1,"[""depot:carrefour-1012""]","[""carrefour""]",pinned-relative,18.09.2026 12:27,0,1.1,2026-09-19T02:23:57.888885+03:00,"[{""price"":1349.9,""api_unit_price"":1349.9,""source_id"":""depot:carrefour-1012"",""market"":""carrefour"",""depot_name"":""Istanbul Acıbadem Hıper"",""index_time"":""18.09.2026 12:27""}]","{""mode"":""pinned-relative"",""previous_prices"":{""depot:carrefour-1012"":1349.9},""previous_level"":1349.9,""link_factor"":1.0}"
2026-09-19,sugar_snacks,honey,Bal,id:0DCH,id:0DCH,Fer Bal Karakovan Balı 1 Kg,1.0,kg,2599.9,2599.9,2599.9,1,2599.9,0.0,api-refined,Bal ve Reçel,main_category,1,1,"[""depot:carrefour-1012""]","[""carrefour""]",pinned-relative,18.09.2026 12:27,0,1.1,2026-09-19T02:23:57.888887+03:00,"[{""price"":2599.9,""api_unit_price"":2599.9,""source_id"":""depot:carrefour-1012"",""market"":""carrefour"",""depot_name"":""Istanbul Acıbadem Hıper"",""index_time"":""18.09.2026 12:27""}]","{""mode"":""pinned-relative"",""previous_prices"":{""depot:carrefour-1012"":2599.9},""previous_level"":2599.9,""link_factor"":1.0}"
2026-09-19,sugar_snacks,jam,Reçel,id:1OHO,id:1OHO,Yenigün Şeker İlavesiz Dört Meyve Reçeli 290 Gr,0.29,kg,324.5,1118.965517,1125.0,1,1118.9655,0.0,api-refined,Bal ve Reçel,main_category,1,1,"[""depot:migros-1991""]","[""migros""]",pinned-relative,18.09.2026 12:27,0,1.0,2026-09-19T02:24:06.612352+03:00,"[{""price"":324.5,""api_unit_price"":1118.9655,""source_id"":""depot:migros-1991"",""market"":""migros"",""depot_name"":""Çiçekçi M Migros"",""index_time"":""18.09.2026 12:27""}]","{""mode"":""pinned-relative"",""previous_prices"":{""depot:migros-1991"":324.5},""previous_level"":326.25,""link_factor"":1.0}"
2026-09-19,sugar_snacks,jam,Reçel,id:05IV,id:05IV,Sultanbacı Reçel Çilek-Vişne 380 Gr,0.38,kg,69.5,182.894737,182.894737,1,182.89473,0.0,api-refined,Bal ve Reçel,main_category,1,1,"[""depot:hakmar-5521""]","[""hakmar""]",pinned-relative,18.09.2026 12:25,0,1.1,2026-09-19T02:24:06.612364+03:00,"[{""price"":69.5,""api_unit_price"":182.89473,""source_id"":""depot:hakmar-5521"",""market"":""hakmar"",""depot_name"":""Ahmediye  Üsküdar"",""index_time"":""18.09.2026 12:25""}]","{""mode"":""pinned-relative"",""previous_prices"":{""depot:hakmar-5521"":69.5},""previous_level"":69.5,""link_factor"":1.0}"
2026-09-19,sugar_snacks,jam,Reçel,id:1ZW1,id:1ZW1,Tamek Çilek Reçeli 800 Gr,0.8,kg,142.725,178.40625,197.125,2,178.40625,0.0,api-refined,Bal ve Reçel,main_category,2,2,"[""depot:carrefour-1012"",""depot:migros-1991""]","[""carrefour"",""migros""]",pinned-relative,18.09.2026 12:27,0,1.0,2026-09-19T02:24:06.612367+03:00,"[{""price"":129.95,""api_unit_price"":162.4375,""source_id"":""depot:carrefour-1012"",""market"":""carrefour"",""depot_name"":""Istanbul Acıbadem Hıper"",""index_time"":""18.09.2026 12:27""},{""price"":155.5,""api_unit_price"":194.375,""source_id"":""depot:migros-1991"",""market"":""migros"",""depot_name"":""Çiçekçi M Migros"",""index_time"":""18.09.2026 12:27""}]","{""mode"":""pinned-relative"",""previous_prices"":{""depot:carrefour-1012"":129.95,""depot:migros-1991"":155.5},""previous_level"":157.7,""link_factor"":1.0}"
2026-09-19,sugar_snacks,jam,Reçel,id:1RSY,id:1RSY,Yenigün Şeker İlavesiz Çilek Reçeli 290 Gr,0.29,kg,274.7,947.241379,947.241379,2,947.241365,0.0,api-refined,Bal ve Reçel,main_category,2,2,"[""depot:carrefour-1012"",""depot:migros-1991""]","[""carrefour"",""migros""]",pinned-relative,18.09.2026 12:27,0,1.0,2026-09-19T02:24:06.612369+03:00,"[{""price"":274.5,""api_unit_price"":946.55176,""source_id"":""depot:migros-1991"",""market"":""migros"",""depot_name"":""Çiçekçi M Migros"",""index_time"":""18.09.2026 12:27""},{""price"":274.9,""api_unit_price"":947.93097,""source_id"":""depot:carrefour-1012"",""market"":""carrefour"",""depot_name"":""Istanbul Acıbadem Hıper"",""index_time"":""18.09.2026 12:27""}]","{""mode"":""pinned-relative"",""previous_prices"":{""depot:carrefour-1012"":274.9,""depot:migros-1991"":274.5},""previous_level"":274.7,""link_factor"":1.0}"
2026-09-19,sugar_snacks,jam,Reçel,id:20H5,id:20H5,Tamek Vişne Reçeli 800 Gr,0.8,kg,283.95,354.9375,354.9375,2,354.937515,0.0,api-refined,Bal ve Reçel,main_category,2,2,"[""depot:carrefour-1012"",""depot:migros-1991""]","[""carrefour"",""migros""]",pinned-relative,18.09.2026 12:26,0,1.0,2026-09-19T02:24:06.612372+03:00,"[{""price"":277.95,""api_unit_price"":347.4375,""source_id"":""depot:migros-1991"",""market"":""migros"",""depot_name"":""Çiçekçi M Migros"",""index_time"":""18.09.2026 12:26""},{""price"":289.95,""api_unit_price"":362.43753,""source_id"":""depot:carrefour-1012"",""market"":""carrefour"",""depot_name"":""Istanbul Acıbadem Hıper"",""index_time"":""18.09.2026 12:26""}]","{""mode"":""pinned-relative"",""previous_prices"":{""depot:carrefour-1012"":289.95,""depot:migros-1991"":277.95},""previous_level"":283.95,""link_factor"":1.0}"
2026-09-19,sugar_snacks,jam,Reçel,id:1PSZ,id:1PSZ,Yenigün Şeker İlavesiz Vişne Reçeli 290 Gr,0.29,kg,348.95,1203.275862,1204.913793,1,1203.2759,0.0,api-refined,Bal ve Reçel,main_category,1,1,"[""depot:migros-564""]","[""migros""]",pinned-relative,18.09.2026 12:26,0,1.0,2026-09-19T02:24:06.612374+03:00,"[{""price"":348.95,""api_unit_price"":1203.2759,""source_id"":""depot:migros-564"",""market"":""migros"",""depot_name"":""Kadıköy Çarşı M Migros"",""index_time"":""18.09.2026 12:26""}]","{""mode"":""pinned-relative"",""previous_prices"":{""depot:migros-564"":348.95},""previous_level"":349.425,""link_factor"":1.0}"
2026-09-19,sugar_snacks,jam,Reçel,id:0CDR,id:0CDR,Boltane Çilek Reçeli 380 Gr,0.38,kg,69.5,182.894737,182.894737,1,182.89473,0.0,api-refined,Bal ve Reçel,main_category,1,1,"[""depot:sok-4707""]","[""sok""]",pinned-relative,18.09.2026 12:22,0,1.0,2026-09-19T02:24:06.612376+03:00,"[{""price"":69.5,""api_unit_price"":182.89473,""source_id"":""depot:sok-4707"",""market"":""sok"",""depot_name"":""Şok Minifevziçakmak"",""index_time"":""18.09.2026 12:22""}]","{""mode"":""pinned-relative"",""previous_prices"":{""depot:sok-4707"":69.5},""previous_level"":69.5,""link_factor"":1.0}"
2026-09-19,sugar_snacks,jam,Reçel,id:0PD2,id:0PD2,Migros Kayısı Reçeli 380 Gr,0.38,kg,74.95,197.236842,197.236842,1,197.23683,0.0,api-refined,Bal ve Reçel,main_category,1,1,"[""depot:migros-1991""]","[""migros""]",pinned-relative,18.09.2026 12:24,0,1.0,2026-09-19T02:24:06.612378+03:00,"[{""price"":74.95,""api_unit_price"":197.23683,""source_id"":""depot:migros-1991"",""market"":""migros"",""depot_name"":""Çiçekçi M Migros"",""index_time"":""18.09.2026 12:24""}]","{""mode"":""pinned-relative"",""previous_prices"":{""depot:migros-1991"":74.95},""previous_level"":74.95,""link_factor"":1.0}"
2026-09-19,sugar_snacks,jam,Reçel,id:0QNN,id:0QNN,Migros Vişne Reçeli 380 Gr,0.38,kg,84.5,222.368421,222.368421,1,222.36842,0.0,api-refined,Bal ve Reçel,main_category,1,1,"[""depot:migros-1991""]","[""migros""]",pinned-relative,18.09.2026 12:27,0,1.0,2026-09-19T02:24:06.612380+03:00,"[{""price"":84.5,""api_unit_price"":222.36842,""source_id"":""depot:migros-1991"",""market"":""migros"",""depot_name"":""Çiçekçi M Migros"",""index_time"":""18.09.2026 12:27""}]","{""mode"":""pinned-relative"",""previous_prices"":{""depot:migros-1991"":84.5},""previous_level"":84.5,""link_factor"":1.0}"
2026-09-19,sugar_snacks,jam,Reçel,id:0JNK,id:0JNK,Carrefour Şeker İlavesiz Çilek Reçeli 280 Gr,0.28,kg,119.95,428.392857,428.392857,1,428.39285,0.0,api-refined,Bal ve Reçel,main_category,1,1,"[""depot:carrefour-5254""]","[""carrefour""]",pinned-relative,18.09.2026 12:27,0,1.0,2026-09-19T02:24:06.612382+03:00,"[{""price"":119.95,""api_unit_price"":428.39285,""source_id"":""depot:carrefour-5254"",""market"":""carrefour"",""depot_name"":""Istanbul Üsküdar Salacak Mını"",""index_time"":""18.09.2026 12:27""}]","{""mode"":""pinned-relative"",""previous_prices"":{""depot:carrefour-5254"":119.95},""previous_level"":119.95,""link_factor"":1.0}"
2026-09-19,sugar_snacks,jam,Reçel,id:003Q,id:003Q,İlkgün Vişne Reçeli 1 Kg,1.0,kg,164.0,164.0,164.0,1,164.0,0.0,api-refined,Bal ve Reçel,main_category,1,1,"[""depot:bim-5712""]","[""bim""]",pinned-relative,18.09.2026 12:25,0,1.0,2026-09-19T02:24:06.612384+03:00,"[{""price"":164.0,""api_unit_price"":164.0,""source_id"":""depot:bim-5712"",""market"":""bim"",""depot_name"":""Çiçekçi  Üsküdar"",""index_time"":""18.09.2026 12:25""}]","{""mode"":""pinned-relative"",""previous_prices"":{""depot:bim-5712"":164.0},""previous_level"":164.0,""link_factor"":1.0}"
2026-09-19,sugar_snacks,jam,Reçel,id:06VR,id:06VR,Seyidoğlu Geleneksel Vişne Çilek Reçeli 1 Kg,1.0,kg,169.0,169.0,169.0,1,169.0,0.0,api-refined,Bal ve Reçel,main_category,1,1,"[""depot:hakmar-5521""]","[""hakmar""]",pinned-relative,18.09.2026 12:25,0,1.0,2026-09-19T02:24:06.612386+03:00,"[{""price"":169.0,""api_unit_price"":169.0,""source_id"":""depot:hakmar-5521"",""market"":""hakmar"",""depot_name"":""Ahmediye  Üsküdar"",""index_time"":""18.09.2026 12:25""}]","{""mode"":""pinned-relative"",""previous_prices"":{""depot:hakmar-5521"":169.0},""previous_level"":169.0,""link_factor"":1.0}"
2026-09-19,sugar_snacks,jam,Reçel,id:1STV,id:1STV,Tat Geleneksel Vişne Reçeli 380 Gr,0.38,kg,169.95,447.236842,447.236842,1,447.23685,0.0,api-refined,Bal ve Reçel,main_category,1,1,"[""depot:migros-1991""]","[""migros""]",pinned-relative,18.09.2026 12:24,0,1.0,2026-09-19T02:24:06.612388+03:00,"[{""price"":169.95,""api_unit_price"":447.23685,""source_id"":""depot:migros-1991"",""market"":""migros"",""depot_name"":""Çiçekçi M Migros"",""index_time"":""18.09.2026 12:24""}]","{""mode"":""pinned-relative"",""previous_prices"":{""depot:migros-1991"":169.95},""previous_level"":169.95,""link_factor"":1.0}"
2026-09-19,sugar_snacks,jam,Reçel,id:031K,id:031K,İlkgün Çilek Reçeli 2 Kg,2.0,kg,237.0,118.5,118.5,1,118.5,0.0,api-refined,Bal ve Reçel,main_category,1,1,"[""depot:bim-5712""]","[""bim""]",pinned-relative,18.09.2026 12:25,0,1.0,2026-09-19T02:24:06.612390+03:00,"[{""price"":237.0,""api_unit_price"":118.5,""source_id"":""depot:bim-5712"",""market"":""bim"",""depot_name"":""Çiçekçi  Üsküdar"",""index_time"":""18.09.2026 12:25""}]","{""mode"":""pinned-relative"",""previous_prices"":{""depot:bim-5712"":237.0},""previous_level"":237.0,""link_factor"":1.0}"
2026-09-19,sugar_snacks,jam,Reçel,id:04V8,id:04V8,Carrefour Çilek Reçeli 2 Kg,2.0,kg,237.0,118.5,118.5,1,118.5,0.0,api-refined,Bal ve Reçel,main_category,1,1,"[""depot:carrefour-1012""]","[""carrefour""]",pinned-relative,18.09.2026 12:27,0,1.0,2026-09-19T02:24:06.612393+03:00,"[{""price"":237.0,""api_unit_price"":118.5,""source_id"":""depot:carrefour-1012"",""market"":""carrefour"",""depot_name"":""Istanbul Acıbadem Hıper"",""index_time"":""18.09.2026 12:27""}]","{""mode"":""pinned-relative"",""previous_prices"":{""depot:carrefour-1012"":237.0},""previous_level"":237.0,""link_factor"":1.0}"
2026-09-19,sugar_snacks,jam,Reçel,id:0MJW,id:0MJW,Pol's Gurme Şeker İlavesiz Vişne Reçeli 285 Gr,0.285,kg,175.95,617.368421,617.368421,1,617.3684,0.0,api-refined,Bal ve Reçel,main_category,1,1,"[""depot:migros-1991""]","[""migros""]",pinned-relative,18.09.2026 12:24,0,1.0,2026-09-19T02:24:06.612395+03:00,"[{""price"":175.95,""api_unit_price"":617.3684,""source_id"":""depot:migros-1991"",""market"":""migros"",""depot_name"":""Çiçekçi M Migros"",""index_time"":""18.09.2026 12:24""}]","{""mode"":""pinned-relative"",""previous_prices"":{""depot:migros-1991"":175.95},""previous_level"":175.95,""link_factor"":1.0}"
2026-09-19,sugar_snacks,jam,Reçel,id:0YTK,id:0YTK,Boltane Vişne Reçeli 2 Kg,2.0,kg,320.0,160.0,160.0,1,160.0,0.0,api-refined,Bal ve Reçel,main_category,1,1,"[""depot:sok-4707""]","[""sok""]",pinned-relative,18.09.2026 12:22,0,1.0,2026-09-19T02:24:06.612397+03:00,"[{""price"":320.0,""api_unit_price"":160.0,""source_id"":""depot:sok-4707"",""market"":""sok"",""depot_name"":""Şok Minifevziçakmak"",""index_time"":""18.09.2026 12:22""}]","{""mode"":""pinned-relative"",""previous_prices"":{""depot:sok-4707"":320.0},""previous_level"":320.0,""link_factor"":1.0}"
2026-09-19,sugar_snacks,jam,Reçel,id:20GM,id:20GM,St. Dalfour Kayısı Reçeli 284 Gr,0.284,kg,224.95,792.077465,792.077465,1,792.07745,0.0,api-refined,Bal ve Reçel,main_category,1,1,"[""depot:carrefour-1012""]","[""carrefour""]",pinned-relative,18.09.2026 12:27,0,1.0,2026-09-19T02:24:06.612399+03:00,"[{""price"":224.95,""api_unit_price"":792.07745,""source_id"":""depot:carrefour-1012"",""market"":""carrefour"",""depot_name"":""Istanbul Acıbadem Hıper"",""index_time"":""18.09.2026 12:27""}]","{""mode"":""pinned-relative"",""previous_prices"":{""depot:carrefour-1012"":224.95},""previous_level"":224.94999999999996,""link_factor"":1.0}"
2026-09-19,sugar_snacks,jam,Reçel,id:0ORJ,id:0ORJ,Yenigün Organik Vişne Reçeli 290 Gr,0.29,kg,450.95,1555.0,1555.0,1,1555.0001,0.0,api-refined,Bal ve Reçel,main_category,1,1,"[""depot:migros-1991""]","[""migros""]",pinned-relative,18.09.2026 12:24,0,1.0,2026-09-19T02:24:06.612401+03:00,"[{""price"":450.95,""api_unit_price"":1555.0001,""source_id"":""depot:migros-1991"",""market"":""migros"",""depot_name"":""Çiçekçi M Migros"",""index_time"":""18.09.2026 12:24""}]","{""mode"":""pinned-relative"",""previous_prices"":{""depot:migros-1991"":450.95},""previous_level"":450.95,""link_factor"":1.0}"
2026-09-19,sugar_snacks,chocolate,Çikolata,id:0AD5,id:0AD5,Tadelle Fındık Dolgulu Sütlü Çikolata 30 Gr,0.03,kg,37.5,1250.0,1250.0,3,1250.0,0.0,api-refined,Çikolata,main_category,5,3,"[""depot:carrefour-5254"",""depot:hakmar-5521"",""depot:sok-4707""]","[""carrefour"",""hakmar"",""sok""]",pinned-relative,18.09.2026 12:27,0,1.1,2026-09-19T02:24:11.618129+03:00,"[{""price"":37.5,""api_unit_price"":1250.0,""source_id"":""depot:sok-4707"",""market"":""sok"",""depot_name"":""Şok Minifevziçakmak"",""index_time"":""18.09.2026 12:27""},{""price"":37.5,""api_unit_price"":1250.0,""source_id"":""depot:hakmar-5521"",""market"":""hakmar"",""depot_name"":""Ahmediye  Üsküdar"",""index_time"":""18.09.2026 12:27""},{""price"":38.95,""api_unit_price"":1298.3334,""source_id"":""depot:carrefour-5254"",""market"":""carrefour"",""depot_name"":""Istanbul Üsküdar Salacak Mını"",""index_time"":""18.09.2026 12:27""}]","{""mode"":""pinned-relative"",""previous_prices"":{""depot:carrefour-5254"":38.95,""depot:hakmar-5521"":37.5,""depot:sok-4707"":37.5},""previous_level"":37.5,""link_factor"":1.0}"
2026-09-19,sugar_snacks,chocolate,Çikolata,id:20IP,id:20IP,Eti Sütlü Çikolata 60 Gr,0.06,kg,55.25,920.833333,900.285449,2,920.8333,0.0,api-refined,Çikolata,main_category,3,2,"[""depot:carrefour-1012"",""depot:migros-1991""]","[""carrefour"",""migros""]",pinned-relative,18.09.2026 12:27,0,1.1,2026-09-19T02:24:11.618142+03:00,"[{""price"":43.55,""api_unit_price"":725.8333,""source_id"":""depot:carrefour-1012"",""market"":""carrefour"",""depot_name"":""Istanbul Acıbadem Hıper"",""index_time"":""18.09.2026 12:27""},{""price"":66.95,""api_unit_price"":1115.8333,""source_id"":""depot:migros-1991"",""market"":""migros"",""depot_name"":""Çiçekçi M Migros"",""index_time"":""18.09.2026 12:27""}]","{""mode"":""pinned-relative"",""previous_prices"":{""depot:carrefour-1012"":43.55,""depot:migros-1991"":66.95},""previous_level"":54.01712691360028,""link_factor"":1.0}"
2026-09-19,sugar_snacks,chocolate,Çikolata,id:20I3,id:20I3,Torku Sütlü Çikolata 60 Gr,0.06,kg,59.9,998.333333,1176.154279,1,998.3333,0.0,api-refined,Çikolata,main_category,2,1,"[""depot:migros-1991""]","[""migros""]",pinned-relative,18.09.2026 12:27,0,1.1,2026-09-19T02:24:11.618145+03:00,"[{""price"":59.9,""api_unit_price"":998.3333,""source_id"":""depot:migros-1991"",""market"":""migros"",""depot_name"":""Çiçekçi M Migros"",""index_time"":""18.09.2026 12:27""}]","{""mode"":""pinned-relative"",""previous_prices"":{""depot:migros-1991"":59.9},""previous_level"":70.56925676241744,""link_factor"":1.0}"
2026-09-19,sugar_snacks,chocolate,Çikolata,id:1J33,id:1J33,Ozmo Fun Figürlü Sütlü Çikolata 23 Gr,0.023,kg,25.5,1108.695652,1108.695652,2,1108.6956,0.0,api-refined,Çikolata,main_category,2,2,"[""depot:bim-5712"",""depot:carrefour-1012""]","[""bim"",""carrefour""]",pinned-relative,18.09.2026 12:27,0,1.1,2026-09-19T02:24:11.618147+03:00,"[{""price"":24.5,""api_unit_price"":1065.2174,""source_id"":""depot:bim-5712"",""market"":""bim"",""depot_name"":""Çiçekçi  Üsküdar"",""index_time"":""18.09.2026 12:27""},{""price"":26.5,""api_unit_price"":1152.1738,""source_id"":""depot:carrefour-1012"",""market"":""carrefour"",""depot_name"":""Istanbul Acıbadem Hıper"",""index_time"":""18.09.2026 12:27""}]","{""mode"":""pinned-relative"",""previous_prices"":{""depot:bim-5712"":24.5,""depot:carrefour-1012"":26.5},""previous_level"":25.5,""link_factor"":1.0}"
2026-09-19,sugar_snacks,chocolate,Çikolata,id:1PPO,id:1PPO,Eti Bol Sütlü Çikolata 60 Gr,0.06,kg,67.0,1116.666667,1116.25,1,1116.6666,0.0,api-refined,Çikolata,main_category,2,1,"[""depot:carrefour-1012""]","[""carrefour""]",pinned-relative,18.09.2026 12:27,0,1.1,2026-09-19T02:24:11.618150+03:00,"[{""price"":67.0,""api_unit_price"":1116.6666,""source_id"":""depot:carrefour-1012"",""market"":""carrefour"",""depot_name"":""Istanbul Acıbadem Hıper"",""index_time"":""18.09.2026 12:27""}]","{""mode"":""pinned-relative"",""previous_prices"":{""depot:carrefour-1012"":67.0},""previous_level"":66.975,""link_factor"":1.0}"
2026-09-19,sugar_snacks,chocolate,Çikolata,id:1K8K,id:1K8K,Ülker Caramio Sütlü Çikolata 32 Gr,0.032,kg,27.5,859.375,859.375,1,859.375,0.0,api-refined,Çikolata,main_category,1,1,"[""depot:sok-4707""]","[""sok""]",pinned-relative,18.09.2026 12:23,0,1.1,2026-09-19T02:24:11.618152+03:00,"[{""price"":27.5,""api_unit_price"":859.375,""source_id"":""depot:sok-4707"",""market"":""sok"",""depot_name"":""Şok Minifevziçakmak"",""index_time"":""18.09.2026 12:23""}]","{""mode"":""pinned-relative"",""previous_prices"":{""depot:sok-4707"":27.5},""previous_level"":27.5,""link_factor"":1.0}"
2026-09-19,sugar_snacks,chocolate,Çikolata,id:1FHB,id:1FHB,Karmen Bol Sütlü Çikolata 33 Gr,0.033,kg,29.0,878.787879,878.787879,1,878.7879,0.0,api-refined,Çikolata,main_category,1,1,"[""depot:sok-4707""]","[""sok""]",pinned-relative,18.09.2026 12:22,0,1.1,2026-09-19T02:24:11.618154+03:00,"[{""price"":29.0,""api_unit_price"":878.7879,""source_id"":""depot:sok-4707"",""market"":""sok"",""depot_name"":""Şok Minifevziçakmak"",""index_time"":""18.09.2026 12:22""}]","{""mode"":""pinned-relative"",""previous_prices"":{""depot:sok-4707"":29.0},""previous_level"":29.0,""link_factor"":1.0}"
2026-09-19,sugar_snacks,chocolate,Çikolata,id:1YCE,id:1YCE,Elit Şemsiye Sütlü Çikolata 30 Gr,0.03,kg,37.5,1250.0,1250.0,1,1250.0,0.0,api-refined,Çikolata,main_category,1,1,"[""depot:sok-4707""]","[""sok""]",pinned-relative,18.09.2026 12:27,0,1.1,2026-09-19T02:24:11.618156+03:00,"[{""price"":37.5,""api_unit_price"":1250.0,""source_id"":""depot:sok-4707"",""market"":""sok"",""depot_name"":""Şok Minifevziçakmak"",""index_time"":""18.09.2026 12:27""}]","{""mode"":""pinned-relative"",""previous_prices"":{""depot:sok-4707"":37.5},""previous_level"":37.5,""link_factor"":1.0}"
2026-09-19,sugar_snacks,chocolate,Çikolata,id:1OL4,id:1OL4,Torku Miniki Sütlü Çikolata 72 Gr,0.072,kg,43.5,604.166667,604.166667,1,604.1667,0.0,api-refined,Çikolata,main_category,1,1,"[""depot:migros-3296""]","[""migros""]",pinned-relative,18.09.2026 12:24,0,1.1,2026-09-19T02:24:11.618158+03:00,"[{""price"":43.5,""api_unit_price"":604.1667,""source_id"":""depot:migros-3296"",""market"":""migros"",""depot_name"":""Kadıköy Caferağa M Migros"",""index_time"":""18.09.2026 12:24""}]","{""mode"":""pinned-relative"",""previous_prices"":{""depot:migros-3296"":43.5},""previous_level"":43.5,""link_factor"":1.0}"
2026-09-19,sugar_snacks,chocolate,Çikolata,id:1FUY,id:1FUY,Buono Sütlü Çikolata 80 Gr,0.08,kg,47.0,587.5,587.5,1,587.5,0.0,api-refined,Çikolata,main_category,1,1,"[""depot:bim-5712""]","[""bim""]",pinned-relative,18.09.2026 12:25,0,1.1,2026-09-19T02:24:11.618160+03:00,"[{""price"":47.0,""api_unit_price"":587.5,""source_id"":""depot:bim-5712"",""market"":""bim"",""depot_name"":""Çiçekçi  Üsküdar"",""index_time"":""18.09.2026 12:25""}]","{""mode"":""pinned-relative"",""previous_prices"":{""depot:bim-5712"":47.0},""previous_level"":47.0,""link_factor"":1.0}"
2026-09-19,sugar_snacks,chocolate,Çikolata,id:0OAW,id:0OAW,Karmen Sütlü Çikolata 80 Gr,0.08,kg,52.0,650.0,650.0,1,650.0,0.0,api-refined,Çikolata,main_category,1,1,"[""depot:sok-4707""]","[""sok""]",pinned-relative,18.09.2026 12:22,0,1.1,2026-09-19T02:24:11.618162+03:00,"[{""price"":52.0,""api_unit_price"":650.0,""source_id"":""depot:sok-4707"",""market"":""sok"",""depot_name"":""Şok Minifevziçakmak"",""index_time"":""18.09.2026 12:22""}]","{""mode"":""pinned-relative"",""previous_prices"":{""depot:sok-4707"":52.0},""previous_level"":52.0,""link_factor"":1.0}"
2026-09-19,sugar_snacks,chocolate,Çikolata,id:1RS3,id:1RS3,Tadelle Sütlü Çikolata 52 Gr,0.052,kg,62.5,1201.923077,1201.923077,1,1201.9231,0.0,api-refined,Çikolata,main_category,1,1,"[""depot:migros-1991""]","[""migros""]",pinned-relative,18.09.2026 12:24,0,1.1,2026-09-19T02:24:11.618164+03:00,"[{""price"":62.5,""api_unit_price"":1201.9231,""source_id"":""depot:migros-1991"",""market"":""migros"",""depot_name"":""Çiçekçi M Migros"",""index_time"":""18.09.2026 12:24""}]","{""mode"":""pinned-relative"",""previous_prices"":{""depot:migros-1991"":62.5},""previous_level"":62.5,""link_factor"":1.0}"
2026-09-19,sugar_snacks,chocolate,Çikolata,id:21Z1,id:21Z1,Eszet Sütlü Çikolata 75 Gr,0.075,kg,79.0,1053.333333,1053.333333,1,1053.3333,0.0,api-refined,Çikolata,main_category,1,1,"[""depot:bim-5712""]","[""bim""]",pinned-relative,18.09.2026 12:25,0,1.1,2026-09-19T02:24:11.618166+03:00,"[{""price"":79.0,""api_unit_price"":1053.3333,""source_id"":""depot:bim-5712"",""market"":""bim"",""depot_name"":""Çiçekçi  Üsküdar"",""index_time"":""18.09.2026 12:25""}]","{""mode"":""pinned-relative"",""previous_prices"":{""depot:bim-5712"":79.0},""previous_level"":79.0,""link_factor"":1.0}"
2026-09-19,sugar_snacks,chocolate,Çikolata,id:1YSW,id:1YSW,Eti Keyfince Sütlü Çikolata 70 Gr,0.07,kg,51.64,737.714286,737.714286,1,737.7143,0.0,api-refined,Çikolata,main_category,1,1,"[""depot:carrefour-1012""]","[""carrefour""]",pinned-relative,18.09.2026 12:27,0,1.1,2026-09-19T02:24:11.618168+03:00,"[{""price"":51.64,""api_unit_price"":737.7143,""source_id"":""depot:carrefour-1012"",""market"":""carrefour"",""depot_name"":""Istanbul Acıbadem Hıper"",""index_time"":""18.09.2026 12:27""}]","{""mode"":""pinned-relative"",""previous_prices"":{""depot:carrefour-1012"":51.64},""previous_level"":51.64,""link_factor"":1.0}"
2026-09-19,sugar_snacks,chocolate,Çikolata,id:1TTC,id:1TTC,Tadelle Sütlü Çikolata 3x30 Gr 90 Gr,0.09,kg,109.95,1221.666667,1221.666667,1,1221.6666,0.0,api-refined,Çikolata,main_category,1,1,"[""depot:migros-1991""]","[""migros""]",pinned-relative,18.09.2026 12:24,0,1.1,2026-09-19T02:24:11.618171+03:00,"[{""price"":109.95,""api_unit_price"":1221.6666,""source_id"":""depot:migros-1991"",""market"":""migros"",""depot_name"":""Çiçekçi M Migros"",""index_time"":""18.09.2026 12:24""}]","{""mode"":""pinned-relative"",""previous_prices"":{""depot:migros-1991"":109.95},""previous_level"":109.95,""link_factor"":1.0}"
2026-09-19,sugar_snacks,chocolate,Çikolata,id:14SG,id:14SG,Hanımefendi Fındık Fıstık ve Sütlü Çikolata 300 Gr,0.3,kg,219.0,730.0,730.0,1,730.0,0.0,api-refined,Çikolata,main_category,1,1,"[""depot:bim-5712""]","[""bim""]",pinned-relative,18.09.2026 12:25,0,1.1,2026-09-19T02:24:11.618173+03:00,"[{""price"":219.0,""api_unit_price"":730.0,""source_id"":""depot:bim-5712"",""market"":""bim"",""depot_name"":""Çiçekçi  Üsküdar"",""index_time"":""18.09.2026 12:25""}]","{""mode"":""pinned-relative"",""previous_prices"":{""depot:bim-5712"":219.0},""previous_level"":219.0,""link_factor"":1.0}"
2026-09-19,sugar_snacks,chocolate,Çikolata,id:3X5D,id:3X5D,Mr. Beast Sütlü Çikolata 60 Gr,0.06,kg,259.95,4332.5,4332.5,1,4332.5,0.0,api-refined,Çikolata,main_category,1,1,"[""depot:migros-1991""]","[""migros""]",pinned-relative,18.09.2026 12:24,0,1.1,2026-09-19T02:24:11.618175+03:00,"[{""price"":259.95,""api_unit_price"":4332.5,""source_id"":""depot:migros-1991"",""market"":""migros"",""depot_name"":""Çiçekçi M Migros"",""index_time"":""18.09.2026 12:24""}]","{""mode"":""pinned-relative"",""previous_prices"":{""depot:migros-1991"":259.95},""previous_level"":259.95,""link_factor"":1.0}"
2026-09-19,sugar_snacks,biscuits,Bisküvi,id:1YWA,id:1YWA,Eti Bumbo Portakal Aromalı Kakaolu Bisküvi 42 Gr,0.042,kg,10.5,250.0,236.905334,1,250.0,0.0,api-refined,Bisküvi ve Kraker,main_category,2,1,"[""depot:migros-564""]","[""migros""]",pinned-relative,18.09.2026 12:26,0,1.1,2026-09-19T02:24:21.697477+03:00,"[{""price"":10.5,""api_unit_price"":250.0,""source_id"":""depot:migros-564"",""market"":""migros"",""depot_name"":""Kadıköy Çarşı M Migros"",""index_time"":""18.09.2026 12:26""}]","{""mode"":""pinned-relative"",""previous_prices"":{""depot:migros-564"":10.5},""previous_level"":9.950024017115558,""link_factor"":1.0}"
2026-09-19,sugar_snacks,biscuits,Bisküvi,id:218I,id:218I,McVitie's Karamelli Bisküvi 120 Gr,0.12,kg,55.775,464.791667,467.641882,2,464.791685,0.0,api-refined,Bisküvi ve Kraker,main_category,2,2,"[""depot:carrefour-1012"",""depot:migros-1991""]","[""carrefour"",""migros""]",pinned-relative,18.09.2026 12:27,0,1.1,2026-09-19T02:24:21.697489+03:00,"[{""price"":54.9,""api_unit_price"":457.5,""source_id"":""depot:migros-1991"",""market"":""migros"",""depot_name"":""Çiçekçi M Migros"",""index_time"":""18.09.2026 12:27""},{""price"":56.65,""api_unit_price"":472.08337,""source_id"":""depot:carrefour-1012"",""market"":""carrefour"",""depot_name"":""Istanbul Acıbadem Hıper"",""index_time"":""18.09.2026 12:27""}]","{""mode"":""pinned-relative"",""previous_prices"":{""depot:carrefour-1012"":56.65,""depot:migros-1991"":54.9},""previous_level"":56.11702586786941,""link_factor"":1.0}"
2026-09-19,sugar_snacks,biscuits,Bisküvi,id:1IQO,id:1PWW,Eti Puf Kırmızı Meyve Dolgulu Marshmallow Bisküvi 20 Gr,0.02,kg,6.85,342.5,214.666814,4,342.5,0.0,api-refined,Bisküvi ve Kraker,main_category,4,4,"[""depot:bim-5712"",""depot:carrefour-5036"",""depot:migros-4479"",""depot:sok-4707""]","[""bim"",""carrefour"",""migros"",""sok""]",pinned-relative,18.09.2026 12:28,1,1.1,2026-09-19T02:24:21.697493+03:00,"[{""price"":4.95,""api_unit_price"":247.49998,""source_id"":""depot:carrefour-5036"",""market"":""carrefour"",""depot_name"":""Istanbul Moda Caddesı Mını"",""index_time"":""18.09.2026 12:28""},{""price"":6.75,""api_unit_price"":337.5,""source_id"":""depot:bim-5712"",""market"":""bim"",""depot_name"":""Çiçekçi  Üsküdar"",""index_time"":""18.09.2026 12:28""},{""price"":6.95,""api_unit_price"":347.5,""source_id"":""depot:sok-4707"",""market"":""sok"",""depot_name"":""Şok Minifevziçakmak"",""index_time"":""18.09.2026 12:28""},{""price"":8.25,""api_unit_price"":412.5,""source_id"":""depot:migros-4479"",""market"":""migros"",""depot_name"":""Mjet Üsküdar Paşakapısı"",""index_time"":""18.09.2026 12:28""}]","{""mode"":""pinned-relative"",""previous_prices"":{""depot:bim-5712"":6.75,""depot:carrefour-5036"":4.95,""depot:migros-4479"":8.25,""depot:sok-4707"":6.95},""previous_level"":7.208811061879142,""link_factor"":0.5955678755555556}"
2026-09-19,sugar_snacks,biscuits,Bisküvi,id:1R6U,id:1R6U,Oreo Classic Bisküvi 95 Gr,0.095,kg,92.5,973.684211,973.684211,2,973.6842,0.0,api-refined,Bisküvi ve Kraker,main_category,2,2,"[""depot:carrefour-1012"",""depot:migros-4479""]","[""carrefour"",""migros""]",pinned-relative,18.09.2026 12:27,0,1.1,2026-09-19T02:24:21.697495+03:00,"[{""price"":92.5,""api_unit_price"":973.6842,""source_id"":""depot:migros-4479"",""market"":""migros"",""depot_name"":""Mjet Üsküdar Paşakapısı"",""index_time"":""18.09.2026 12:27""},{""price"":92.5,""api_unit_price"":973.6842,""source_id"":""depot:carrefour-1012"",""market"":""carrefour"",""depot_name"":""Istanbul Acıbadem Hıper"",""index_time"":""18.09.2026 12:27""}]","{""mode"":""pinned-relative"",""previous_prices"":{""depot:carrefour-1012"":92.5,""depot:migros-4479"":92.5},""previous_level"":92.49999999999999,""link_factor"":1.0}"
2026-09-19,sugar_snacks,biscuits,Bisküvi,id:0KH9,id:0KH9,Ülker Kremalı Bisküvi 61 Gr,0.061,kg,14.75,241.803279,241.803279,1,241.80327,0.0,api-refined,Bisküvi ve Kraker,main_category,1,1,"[""depot:hakmar-5521""]","[""hakmar""]",pinned-relative,18.09.2026 12:27,0,1.1,2026-09-19T02:24:21.697497+03:00,"[{""price"":14.75,""api_unit_price"":241.80327,""source_id"":""depot:hakmar-5521"",""market"":""hakmar"",""depot_name"":""Ahmediye  Üsküdar"",""index_time"":""18.09.2026 12:27""}]","{""mode"":""pinned-relative"",""previous_prices"":{""depot:hakmar-5521"":14.75},""previous_level"":14.75,""link_factor"":1.0}"
2026-09-19,sugar_snacks,biscuits,Bisküvi,id:00D3,id:00D3,Süsse Fındıklı Çokodamla Bisküvi 100 Gr,0.1,kg,16.5,165.0,165.0,1,165.0,0.0,api-refined,Bisküvi ve Kraker,main_category,1,1,"[""depot:bim-5712""]","[""bim""]",pinned-relative,18.09.2026 12:25,0,1.1,2026-09-19T02:24:21.697499+03:00,"[{""price"":16.5,""api_unit_price"":165.0,""source_id"":""depot:bim-5712"",""market"":""bim"",""depot_name"":""Çiçekçi  Üsküdar"",""index_time"":""18.09.2026 12:25""}]","{""mode"":""pinned-relative"",""previous_prices"":{""depot:bim-5712"":16.5},""previous_level"":16.5,""link_factor"":1.0}"
2026-09-19,sugar_snacks,biscuits,Bisküvi,id:29VX,id:29VX,Eti Cin Bisküvi 114 Gr,0.114,kg,25.0,219.298246,219.298246,1,219.29825,0.0,api-refined,Bisküvi ve Kraker,main_category,1,1,"[""depot:hakmar-5521""]","[""hakmar""]",pinned-relative,18.09.2026 12:25,0,1.1,2026-09-19T02:24:21.697501+03:00,"[{""price"":25.0,""api_unit_price"":219.29825,""source_id"":""depot:hakmar-5521"",""market"":""hakmar"",""depot_name"":""Ahmediye  Üsküdar"",""index_time"":""18.09.2026 12:25""}]","{""mode"":""pinned-relative"",""previous_prices"":{""depot:hakmar-5521"":25.0},""previous_level"":25.0,""link_factor"":1.0}"
2026-09-19,sugar_snacks,biscuits,Bisküvi,id:2A0Y,id:2A0Y,Ülker Petibör Bisküvi 175 Gr,0.175,kg,29.5,168.571429,168.571429,1,168.57143,0.0,api-refined,Bisküvi ve Kraker,main_category,1,1,"[""depot:hakmar-5521""]","[""hakmar""]",pinned-relative,18.09.2026 12:25,0,1.1,2026-09-19T02:24:21.697504+03:00,"[{""price"":29.5,""api_unit_price"":168.57143,""source_id"":""depot:hakmar-5521"",""market"":""hakmar"",""depot_name"":""Ahmediye  Üsküdar"",""index_time"":""18.09.2026 12:25""}]","{""mode"":""pinned-relative"",""previous_prices"":{""depot:hakmar-5521"":29.5},""previous_level"":29.5,""link_factor"":1.0}"
2026-09-19,sugar_snacks,biscuits,Bisküvi,id:2A6S,id:2A6S,Torku Tam Çikolatalı Bisküvi 83 Gr,0.083,kg,29.75,358.433735,358.433735,1,358.43372,0.0,api-refined,Bisküvi ve Kraker,main_category,1,1,"[""depot:hakmar-5521""]","[""hakmar""]",pinned-relative,18.09.2026 12:25,0,1.1,2026-09-19T02:24:21.697506+03:00,"[{""price"":29.75,""api_unit_price"":358.43372,""source_id"":""depot:hakmar-5521"",""market"":""hakmar"",""depot_name"":""Ahmediye  Üsküdar"",""index_time"":""18.09.2026 12:25""}]","{""mode"":""pinned-relative"",""previous_prices"":{""depot:hakmar-5521"":29.75},""previous_level"":29.75,""link_factor"":1.0}"
2026-09-19,sugar_snacks,biscuits,Bisküvi,id:1U9U,id:20ZX,Eti Burçak Sütlü Çikolatalı Bisküvi 114 Gr,0.114,kg,39.5,346.491228,230.672751,5,346.4912,0.0,api-refined,Bisküvi ve Kraker,main_category,6,5,"[""depot:bim-5712"",""depot:carrefour-5254"",""depot:hakmar-5521"",""depot:migros-1991"",""depot:tarim_kredi-7488""]","[""bim"",""carrefour"",""hakmar"",""migros"",""tarim_kredi""]",pinned-relative,18.09.2026 12:27,1,1.1,2026-09-19T02:24:21.697508+03:00,"[{""price"":32.5,""api_unit_price"":285.0877,""source_id"":""depot:bim-5712"",""market"":""bim"",""depot_name"":""Çiçekçi  Üsküdar"",""index_time"":""18.09.2026 12:27""},{""price"":32.9,""api_unit_price"":288.5965,""source_id"":""depot:migros-1991"",""market"":""migros"",""depot_name"":""Çiçekçi M Migros"",""index_time"":""18.09.2026 12:27""},{""price"":39.5,""api_unit_price"":346.4912,""source_id"":""depot:hakmar-5521"",""market"":""hakmar"",""depot_name"":""Ahmediye  Üsküdar"",""index_time"":""18.09.2026 12:27""},{""price"":40.9,""api_unit_price"":358.77194,""source_id"":""depot:tarim_kredi-7488"",""market"":""tarim_kredi"",""depot_name"":""Istanbul Kadıköy Kızıltoprak"",""index_time"":""18.09.2026 12:27""},{""price"":41.5,""api_unit_price"":364.0351,""source_id"":""depot:carrefour-5254"",""market"":""carrefour"",""depot_name"":""Istanbul Üsküdar Salacak Mını"",""index_time"":""18.09.2026 12:27""}]","{""mode"":""pinned-relative"",""previous_prices"":{""depot:bim-5712"":32.5,""depot:carrefour-5254"":41.5,""depot:hakmar-5521"":39.5,""depot:migros-1991"":32.9,""depot:tarim_kredi-7488"":40.9},""previous_level"":37.98869271795524,""link_factor"":0.6922242314313366}"
2026-09-19,sugar_snacks,biscuits,Bisküvi,id:0QZD,id:0QZD,Tempo Finger Bisküvi 450 Gr,0.45,kg,43.5,96.666667,96.666667,1,96.666664,0.0,api-refined,Bisküvi ve Kraker,main_category,1,1,"[""depot:sok-4707""]","[""sok""]",pinned-relative,18.09.2026 12:22,0,1.1,2026-09-19T02:24:21.697510+03:00,"[{""price"":43.5,""api_unit_price"":96.666664,""source_id"":""depot:sok-4707"",""market"":""sok"",""depot_name"":""Şok Minifevziçakmak"",""index_time"":""18.09.2026 12:22""}]","{""mode"":""pinned-relative"",""previous_prices"":{""depot:sok-4707"":43.5},""previous_level"":43.5,""link_factor"":1.0}"
2026-09-19,sugar_snacks,biscuits,Bisküvi,id:01P5,id:01P5,Süsse Finger Bisküvi 450 Gr,0.45,kg,35.0,77.777778,77.777778,1,77.77778,0.0,api-refined,Bisküvi ve Kraker,main_category,1,1,"[""depot:bim-5712""]","[""bim""]",pinned-relative,18.09.2026 12:25,0,1.1,2026-09-19T02:24:21.697512+03:00,"[{""price"":35.0,""api_unit_price"":77.77778,""source_id"":""depot:bim-5712"",""market"":""bim"",""depot_name"":""Çiçekçi  Üsküdar"",""index_time"":""18.09.2026 12:25""}]","{""mode"":""pinned-relative"",""previous_prices"":{""depot:bim-5712"":35.0},""previous_level"":35.0,""link_factor"":1.0}"
2026-09-19,sugar_snacks,biscuits,Bisküvi,id:0CB9,id:0CB9,5 Dakika Bisküvi 4x75 Gr,0.3,kg,48.9,163.0,163.0,1,163.0,0.0,api-refined,Bisküvi ve Kraker,main_category,1,1,"[""depot:tarim_kredi-5022""]","[""tarim_kredi""]",pinned-relative,18.09.2026 12:26,0,1.1,2026-09-19T02:24:21.697514+03:00,"[{""price"":48.9,""api_unit_price"":163.0,""source_id"":""depot:tarim_kredi-5022"",""market"":""tarim_kredi"",""depot_name"":""Istanbul Kadıköy Market"",""index_time"":""18.09.2026 12:26""}]","{""mode"":""pinned-relative"",""previous_prices"":{""depot:tarim_kredi-5022"":48.9},""previous_level"":48.9,""link_factor"":1.0}"
2026-09-19,sugar_snacks,biscuits,Bisküvi,id:03CB,id:03CB,Yaşam Tam Buğdaylı Bisküvi 393 Gr,0.393,kg,49.0,124.681934,124.681934,1,124.68194,0.0,api-refined,Bisküvi ve Kraker,main_category,1,1,"[""depot:bim-5712""]","[""bim""]",pinned-relative,18.09.2026 12:25,0,1.1,2026-09-19T02:24:21.697516+03:00,"[{""price"":49.0,""api_unit_price"":124.68194,""source_id"":""depot:bim-5712"",""market"":""bim"",""depot_name"":""Çiçekçi  Üsküdar"",""index_time"":""18.09.2026 12:25""}]","{""mode"":""pinned-relative"",""previous_prices"":{""depot:bim-5712"":49.0},""previous_level"":49.0,""link_factor"":1.0}"
2026-09-19,sugar_snacks,biscuits,Bisküvi,id:1PEK,id:1PEK,Ülker Kakaolu Kremalı Bisküvi 244 Gr,0.244,kg,59.95,245.696721,245.696721,1,245.69672,0.0,api-refined,Bisküvi ve Kraker,main_category,1,1,"[""depot:carrefour-1012""]","[""carrefour""]",pinned-relative,18.09.2026 12:27,0,1.1,2026-09-19T02:24:21.697518+03:00,"[{""price"":59.95,""api_unit_price"":245.69672,""source_id"":""depot:carrefour-1012"",""market"":""carrefour"",""depot_name"":""Istanbul Acıbadem Hıper"",""index_time"":""18.09.2026 12:27""}]","{""mode"":""pinned-relative"",""previous_prices"":{""depot:carrefour-1012"":59.95},""previous_level"":59.95,""link_factor"":1.0}"
2026-09-19,sugar_snacks,biscuits,Bisküvi,id:1KTY,id:1UR5,Eti Kakaolu Bisküvi 125 Gr,0.125,kg,26.5,212.0,274.790766,4,212.0,0.0,api-refined,Bisküvi ve Kraker,main_category,4,4,"[""depot:carrefour-5254"",""depot:hakmar-5521"",""depot:migros-1991"",""depot:sok-4707""]","[""carrefour"",""hakmar"",""migros"",""sok""]",pinned-relative,18.09.2026 12:27,1,1.1,2026-09-19T02:24:21.697520+03:00,"[{""price"":19.95,""api_unit_price"":159.6,""source_id"":""depot:sok-4707"",""market"":""sok"",""depot_name"":""Şok Minifevziçakmak"",""index_time"":""18.09.2026 12:27""},{""price"":26.5,""api_unit_price"":212.0,""source_id"":""depot:migros-1991"",""market"":""migros"",""depot_name"":""Çiçekçi M Migros"",""index_time"":""18.09.2026 12:27""},{""price"":26.5,""api_unit_price"":212.0,""source_id"":""depot:carrefour-5254"",""market"":""carrefour"",""depot_name"":""Istanbul Üsküdar Salacak Mını"",""index_time"":""18.09.2026 12:27""},{""price"":29.75,""api_unit_price"":238.0,""source_id"":""depot:hakmar-5521"",""market"":""hakmar"",""depot_name"":""Ahmediye  Üsküdar"",""index_time"":""18.09.2026 12:27""}]","{""mode"":""pinned-relative"",""previous_prices"":{""depot:carrefour-5254"":26.5,""depot:hakmar-5521"":29.75,""depot:migros-1991"":26.5,""depot:sok-4707"":19.95},""previous_level"":27.04971603359961,""link_factor"":1.26984127}"
2026-09-19,sugar_snacks,biscuits,Bisküvi,id:2O90,id:2O90,Ülker Pötibör Bisküvi 450 Gr,0.45,kg,69.9,155.333333,155.333333,1,155.33334,0.0,api-refined,Bisküvi ve Kraker,main_category,1,1,"[""depot:tarim_kredi-5022""]","[""tarim_kredi""]",pinned-relative,18.09.2026 12:26,0,1.1,2026-09-19T02:24:21.697522+03:00,"[{""price"":69.9,""api_unit_price"":155.33334,""source_id"":""depot:tarim_kredi-5022"",""market"":""tarim_kredi"",""depot_name"":""Istanbul Kadıköy Market"",""index_time"":""18.09.2026 12:26""}]","{""mode"":""pinned-relative"",""previous_prices"":{""depot:tarim_kredi-5022"":69.9},""previous_level"":69.9,""link_factor"":1.0}"
2026-09-19,sugar_snacks,biscuits,Bisküvi,id:0PXD,id:0PXD,Tempo Pötibör Bisküvi 1 Kg,1.0,kg,89.0,89.0,89.0,1,89.0,0.0,api-refined,Bisküvi ve Kraker,main_category,1,1,"[""depot:sok-4707""]","[""sok""]",pinned-relative,18.09.2026 12:22,0,1.1,2026-09-19T02:24:21.697525+03:00,"[{""price"":89.0,""api_unit_price"":89.0,""source_id"":""depot:sok-4707"",""market"":""sok"",""depot_name"":""Şok Minifevziçakmak"",""index_time"":""18.09.2026 12:22""}]","{""mode"":""pinned-relative"",""previous_prices"":{""depot:sok-4707"":89.0},""previous_level"":89.0,""link_factor"":1.0}"
2026-09-19,sugar_snacks,biscuits,Bisküvi,id:07HT,id:07HT,Süsse Petibör Bisküvi 1 Kg,1.0,kg,79.0,79.0,79.0,1,79.0,0.0,api-refined,Bisküvi ve Kraker,main_category,1,1,"[""depot:bim-5712""]","[""bim""]",pinned-relative,18.09.2026 12:25,0,1.1,2026-09-19T02:24:21.697527+03:00,"[{""price"":79.0,""api_unit_price"":79.0,""source_id"":""depot:bim-5712"",""market"":""bim"",""depot_name"":""Çiçekçi  Üsküdar"",""index_time"":""18.09.2026 12:25""}]","{""mode"":""pinned-relative"",""previous_prices"":{""depot:bim-5712"":79.0},""previous_level"":79.0,""link_factor"":1.0}"
2026-09-19,sugar_snacks,biscuits,Bisküvi,id:2158,id:1YX9,McVitie's Digestive Sütlü Çikolata Kaplı Bisküvi 150 Gr,0.15,kg,77.9,519.333333,1199.200001,5,519.3334,0.0,api-refined,Bisküvi ve Kraker,main_category,5,5,"[""depot:bim-5712"",""depot:carrefour-5254"",""depot:migros-1991"",""depot:sok-4707"",""depot:tarim_kredi-7488""]","[""bim"",""carrefour"",""migros"",""sok"",""tarim_kredi""]",pinned-relative,18.09.2026 12:27,1,1.1,2026-09-19T02:24:21.697529+03:00,"[{""price"":65.0,""api_unit_price"":433.33334,""source_id"":""depot:bim-5712"",""market"":""bim"",""depot_name"":""Çiçekçi  Üsküdar"",""index_time"":""18.09.2026 12:27""},{""price"":71.9,""api_unit_price"":479.33334,""source_id"":""depot:carrefour-5254"",""market"":""carrefour"",""depot_name"":""Istanbul Üsküdar Salacak Mını"",""index_time"":""18.09.2026 12:27""},{""price"":77.9,""api_unit_price"":519.3334,""source_id"":""depot:tarim_kredi-7488"",""market"":""tarim_kredi"",""depot_name"":""Istanbul Kadıköy Kızıltoprak"",""index_time"":""18.09.2026 12:27""},{""price"":89.9,""api_unit_price"":599.3334,""source_id"":""depot:migros-1991"",""market"":""migros"",""depot_name"":""Çiçekçi M Migros"",""index_time"":""18.09.2026 12:27""},{""price"":90.0,""api_unit_price"":600.0,""source_id"":""depot:sok-4707"",""market"":""sok"",""depot_name"":""Şok Minifevziçakmak"",""index_time"":""18.09.2026 12:27""}]","{""mode"":""pinned-relative"",""previous_prices"":{""depot:bim-5712"":65.0,""depot:carrefour-5254"":71.9,""depot:migros-1991"":89.9,""depot:sok-4707"":90.0,""depot:tarim_kredi-7488"":77.9},""previous_level"":77.9,""link_factor"":2.3091142505193285}"
2026-09-19,sugar_snacks,biscuits,Bisküvi,id:1THV,id:20B7,Torku Tam Buğdaylı Bisküvi 393 Gr,0.393,kg,69.9,177.862595,1339.743593,3,177.8626,0.0,api-refined,Bisküvi ve Kraker,main_category,3,3,"[""depot:migros-1991"",""depot:sok-4711"",""depot:tarim_kredi-7488""]","[""migros"",""sok"",""tarim_kredi""]",pinned-relative,18.09.2026 12:27,1,1.1,2026-09-19T02:24:21.697531+03:00,"[{""price"":64.9,""api_unit_price"":165.13995,""source_id"":""depot:migros-1991"",""market"":""migros"",""depot_name"":""Çiçekçi M Migros"",""index_time"":""18.09.2026 12:27""},{""price"":69.9,""api_unit_price"":177.8626,""source_id"":""depot:tarim_kredi-7488"",""market"":""tarim_kredi"",""depot_name"":""Istanbul Kadıköy Kızıltoprak"",""index_time"":""18.09.2026 12:27""},{""price"":72.5,""api_unit_price"":184.47838,""source_id"":""depot:sok-4711"",""market"":""sok"",""depot_name"":""Şok Minitamer Yeni"",""index_time"":""18.09.2026 12:27""}]","{""mode"":""pinned-relative"",""previous_prices"":{""depot:migros-1991"":64.9,""depot:sok-4711"":72.5,""depot:tarim_kredi-7488"":69.9},""previous_level"":71.2,""link_factor"":7.394933036635996}"
2026-09-19,sugar_snacks,biscuits,Bisküvi,id:1O00,id:1O00,Anna's Zencefilli Bisküvi 150 Gr,0.15,kg,154.95,1033.0,1033.0,1,1033.0,0.0,api-refined,Bisküvi ve Kraker,main_category,1,1,"[""depot:carrefour-1012""]","[""carrefour""]",pinned-relative,18.09.2026 12:27,0,1.1,2026-09-19T02:24:21.697533+03:00,"[{""price"":154.95,""api_unit_price"":1033.0,""source_id"":""depot:carrefour-1012"",""market"":""carrefour"",""depot_name"":""Istanbul Acıbadem Hıper"",""index_time"":""18.09.2026 12:27""}]","{""mode"":""pinned-relative"",""previous_prices"":{""depot:carrefour-1012"":154.95},""previous_level"":154.95,""link_factor"":1.0}"
2026-09-19,sugar_snacks,wafer,Gofret,id:1PRF,id:1PRF,Ülker Dido Sütlü Çikolatalı Gofret 35 Gr,0.035,kg,27.5,785.714286,718.698077,3,785.7143,0.0,api-refined,Gofret,main_category,5,3,"[""depot:carrefour-5254"",""depot:hakmar-5521"",""depot:sok-4707""]","[""carrefour"",""hakmar"",""sok""]",pinned-relative,18.09.2026 12:28,0,1.1,2026-09-19T02:24:31.629446+03:00,"[{""price"":19.95,""api_unit_price"":570.0,""source_id"":""depot:sok-4707"",""market"":""sok"",""depot_name"":""Şok Minifevziçakmak"",""index_time"":""18.09.2026 12:28""},{""price"":27.5,""api_unit_price"":785.7143,""source_id"":""depot:carrefour-5254"",""market"":""carrefour"",""depot_name"":""Istanbul Üsküdar Salacak Mını"",""index_time"":""18.09.2026 12:28""},{""price"":27.5,""api_unit_price"":785.7143,""source_id"":""depot:hakmar-5521"",""market"":""hakmar"",""depot_name"":""Ahmediye  Üsküdar"",""index_time"":""18.09.2026 12:28""}]","{""mode"":""pinned-relative"",""previous_prices"":{""depot:carrefour-5254"":27.5,""depot:hakmar-5521"":27.5,""depot:sok-4707"":19.95},""previous_level"":25.154432697772304,""link_factor"":1.0}"
2026-09-19,sugar_snacks,wafer,Gofret,id:21SL,id:21SL,Ülker Bitter Çikolatalı Gofret 36 Gr,0.036,kg,18.225,506.25,491.684802,4,506.249975,0.0,api-refined,Gofret,main_category,4,4,"[""depot:carrefour-5254"",""depot:hakmar-5521"",""depot:migros-1991"",""depot:sok-4707""]","[""carrefour"",""hakmar"",""migros"",""sok""]",pinned-relative,18.09.2026 12:28,0,1.1,2026-09-19T02:24:31.629459+03:00,"[{""price"":17.5,""api_unit_price"":486.1111,""source_id"":""depot:sok-4707"",""market"":""sok"",""depot_name"":""Şok Minifevziçakmak"",""index_time"":""18.09.2026 12:28""},{""price"":17.5,""api_unit_price"":486.1111,""source_id"":""depot:hakmar-5521"",""market"":""hakmar"",""depot_name"":""Ahmediye  Üsküdar"",""index_time"":""18.09.2026 12:28""},{""price"":18.95,""api_unit_price"":526.38885,""source_id"":""depot:migros-1991"",""market"":""migros"",""depot_name"":""Çiçekçi M Migros"",""index_time"":""18.09.2026 12:28""},{""price"":18.95,""api_unit_price"":526.38885,""source_id"":""depot:carrefour-5254"",""market"":""carrefour"",""depot_name"":""Istanbul Üsküdar Salacak Mını"",""index_time"":""18.09.2026 12:28""}]","{""mode"":""pinned-relative"",""previous_prices"":{""depot:carrefour-5254"":18.95,""depot:hakmar-5521"":17.5,""depot:migros-1991"":18.95,""depot:sok-4707"":17.5},""previous_level"":17.70065287806339,""link_factor"":1.0}"
2026-09-19,sugar_snacks,wafer,Gofret,id:1NVD,id:1NVD,Tadelle Maxinut Fındıklı Gofret 30 Gr,0.03,kg,25.0,833.333333,833.333333,2,833.3333,0.0,api-refined,Gofret,main_category,3,2,"[""depot:carrefour-1012"",""depot:migros-1991""]","[""carrefour"",""migros""]",pinned-relative,18.09.2026 12:27,0,1.1,2026-09-19T02:24:31.629463+03:00,"[{""price"":25.0,""api_unit_price"":833.3333,""source_id"":""depot:migros-1991"",""market"":""migros"",""depot_name"":""Çiçekçi M Migros"",""index_time"":""18.09.2026 12:27""},{""price"":25.0,""api_unit_price"":833.3333,""source_id"":""depot:carrefour-1012"",""market"":""carrefour"",""depot_name"":""Istanbul Acıbadem Hıper"",""index_time"":""18.09.2026 12:27""}]","{""mode"":""pinned-relative"",""previous_prices"":{""depot:carrefour-1012"":25.0,""depot:migros-1991"":25.0},""previous_level"":25.0,""link_factor"":1.0}"
2026-09-19,sugar_snacks,wafer,Gofret,id:1H7O,id:1H7O,Milka Gofree Çikolatalı Gofret 28 Gr,0.0285,kg,29.9,1049.122807,879.331952,1,1049.1228,0.0,api-refined,Gofret,main_category,1,1,"[""depot:migros-3296""]","[""migros""]",pinned-relative,18.09.2026 12:27,0,1.1,2026-09-19T02:24:31.629466+03:00,"[{""price"":29.9,""api_unit_price"":1049.1228,""source_id"":""depot:migros-3296"",""market"":""migros"",""depot_name"":""Kadıköy Caferağa M Migros"",""index_time"":""18.09.2026 12:27""}]","{""mode"":""pinned-relative"",""previous_prices"":{""depot:migros-3296"":29.9},""previous_level"":25.06096063841729,""link_factor"":1.0}"
2026-09-19,sugar_snacks,wafer,Gofret,id:1SEY,id:1SEY,Sarelle Duo Sütlü Çikolata Kaplı Fındıklı Gofret 33 Gr,0.033,kg,26.5,803.030303,780.30303,1,803.03033,0.0,api-refined,Gofret,main_category,2,1,"[""depot:carrefour-1012""]","[""carrefour""]",pinned-relative,18.09.2026 12:27,0,1.1,2026-09-19T02:24:31.629468+03:00,"[{""price"":26.5,""api_unit_price"":803.03033,""source_id"":""depot:carrefour-1012"",""market"":""carrefour"",""depot_name"":""Istanbul Acıbadem Hıper"",""index_time"":""18.09.2026 12:27""}]","{""mode"":""pinned-relative"",""previous_prices"":{""depot:carrefour-1012"":26.5},""previous_level"":25.75,""link_factor"":1.0}"
2026-09-19,sugar_snacks,wafer,Gofret,id:1UUM,id:1UUM,Torku Portakal Çikolata Krema Kakaolu Gofret 142 Gr,0.142,kg,59.5,419.014085,435.808236,1,419.0141,0.0,api-refined,Gofret,main_category,2,1,"[""depot:migros-3296""]","[""migros""]",pinned-relative,18.09.2026 12:27,0,1.1,2026-09-19T02:24:31.629470+03:00,"[{""price"":59.5,""api_unit_price"":419.0141,""source_id"":""depot:migros-3296"",""market"":""migros"",""depot_name"":""Kadıköy Caferağa M Migros"",""index_time"":""18.09.2026 12:27""}]","{""mode"":""pinned-relative"",""previous_prices"":{""depot:migros-3296"":59.5},""previous_level"":61.88476953907815,""link_factor"":1.0}"
2026-09-19,sugar_snacks,wafer,Gofret,id:1ZQY,id:1ZQY,Torku Fındıklı Gofret 142 Gr,0.142,kg,59.5,419.014085,435.808236,1,419.0141,0.0,api-refined,Gofret,main_category,2,1,"[""depot:migros-3296""]","[""migros""]",pinned-relative,18.09.2026 12:26,0,1.1,2026-09-19T02:24:31.629472+03:00,"[{""price"":59.5,""api_unit_price"":419.0141,""source_id"":""depot:migros-3296"",""market"":""migros"",""depot_name"":""Kadıköy Caferağa M Migros"",""index_time"":""18.09.2026 12:26""}]","{""mode"":""pinned-relative"",""previous_prices"":{""depot:migros-3296"":59.5},""previous_level"":61.88476953907815,""link_factor"":1.0}"
2026-09-19,sugar_snacks,wafer,Gofret,id:031B,id:031B,Centro Hindistan Cevizli Gofret 40 Gr,0.04,kg,10.0,250.0,250.0,1,250.0,0.0,api-refined,Gofret,main_category,1,1,"[""depot:bim-5712""]","[""bim""]",pinned-relative,18.09.2026 12:25,0,1.1,2026-09-19T02:24:31.629474+03:00,"[{""price"":10.0,""api_unit_price"":250.0,""source_id"":""depot:bim-5712"",""market"":""bim"",""depot_name"":""Çiçekçi  Üsküdar"",""index_time"":""18.09.2026 12:25""}]","{""mode"":""pinned-relative"",""previous_prices"":{""depot:bim-5712"":10.0},""previous_level"":10.0,""link_factor"":1.0}"
2026-09-19,sugar_snacks,wafer,Gofret,id:3WPC,id:1NZR,Eti Karam Gurme Bitter Çikolatalı Kremalı Gofret 50 Gr,0.05,kg,24.95,499.0,347.762421,5,499.0,0.0,api-refined,Gofret,main_category,6,5,"[""depot:bim-5712"",""depot:carrefour-5254"",""depot:hakmar-5521"",""depot:sok-4707"",""depot:tarim_kredi-7488""]","[""bim"",""carrefour"",""hakmar"",""sok"",""tarim_kredi""]",pinned-relative,18.09.2026 12:27,1,1.1,2026-09-19T02:24:31.629476+03:00,"[{""price"":19.47,""api_unit_price"":389.39996,""source_id"":""depot:carrefour-5254"",""market"":""carrefour"",""depot_name"":""Istanbul Üsküdar Salacak Mını"",""index_time"":""18.09.2026 12:27""},{""price"":19.75,""api_unit_price"":395.0,""source_id"":""depot:bim-5712"",""market"":""bim"",""depot_name"":""Çiçekçi  Üsküdar"",""index_time"":""18.09.2026 12:27""},{""price"":24.95,""api_unit_price"":499.0,""source_id"":""depot:sok-4707"",""market"":""sok"",""depot_name"":""Şok Minifevziçakmak"",""index_time"":""18.09.2026 12:27""},{""price"":29.5,""api_unit_price"":590.0,""source_id"":""depot:hakmar-5521"",""market"":""hakmar"",""depot_name"":""Ahmediye  Üsküdar"",""index_time"":""18.09.2026 12:27""},{""price"":29.95,""api_unit_price"":599.00006,""source_id"":""depot:tarim_kredi-7488"",""market"":""tarim_kredi"",""depot_name"":""Istanbul Kadıköy Kızıltoprak"",""index_time"":""18.09.2026 12:27""}]","{""mode"":""pinned-relative"",""previous_prices"":{""depot:bim-5712"":19.75,""depot:carrefour-5254"":19.47,""depot:hakmar-5521"":29.5,""depot:sok-4707"":24.95,""depot:tarim_kredi-7488"":29.95},""previous_level"":24.978413900620975,""link_factor"":0.6961259084745763}"
2026-09-19,sugar_snacks,wafer,Gofret,id:1LR1,id:21RH,Ülker Çikolatalı Gofret 36 Gr,0.036,kg,14.95,415.277778,657.894737,5,415.27777,0.0,api-refined,Gofret,main_category,6,5,"[""depot:bim-5712"",""depot:carrefour-5254"",""depot:hakmar-5521"",""depot:sok-4707"",""depot:tarim_kredi-7488""]","[""bim"",""carrefour"",""hakmar"",""sok"",""tarim_kredi""]",pinned-relative,18.09.2026 12:28,1,1.1,2026-09-19T02:24:31.629478+03:00,"[{""price"":13.5,""api_unit_price"":375.0,""source_id"":""depot:bim-5712"",""market"":""bim"",""depot_name"":""Çiçekçi  Üsküdar"",""index_time"":""18.09.2026 12:27""},{""price"":14.95,""api_unit_price"":415.27777,""source_id"":""depot:sok-4707"",""market"":""sok"",""depot_name"":""Şok Minifevziçakmak"",""index_time"":""18.09.2026 12:28""},{""price"":14.95,""api_unit_price"":415.27777,""source_id"":""depot:carrefour-5254"",""market"":""carrefour"",""depot_name"":""Istanbul Üsküdar Salacak Mını"",""index_time"":""18.09.2026 12:27""},{""price"":17.5,""api_unit_price"":486.1111,""source_id"":""depot:hakmar-5521"",""market"":""hakmar"",""depot_name"":""Ahmediye  Üsküdar"",""index_time"":""18.09.2026 12:27""},{""price"":17.5,""api_unit_price"":486.1111,""source_id"":""depot:tarim_kredi-7488"",""market"":""tarim_kredi"",""depot_name"":""Istanbul Kadıköy Kızıltoprak"",""index_time"":""18.09.2026 12:27""}]","{""mode"":""pinned-relative"",""previous_prices"":{""depot:bim-5712"":13.5,""depot:carrefour-5254"":14.95,""depot:hakmar-5521"":17.5,""depot:sok-4707"":14.95,""depot:tarim_kredi-7488"":17.5},""previous_level"":17.5,""link_factor"":1.3533834592807732}"
2026-09-19,sugar_snacks,wafer,Gofret,id:211Q,id:211Q,Sarelle Hindistan Cevizli Gofret 33 Gr,0.033,kg,26.5,803.030303,803.030303,1,803.03033,0.0,api-refined,Gofret,main_category,1,1,"[""depot:carrefour-1012""]","[""carrefour""]",pinned-relative,18.09.2026 12:26,0,1.1,2026-09-19T02:24:31.629480+03:00,"[{""price"":26.5,""api_unit_price"":803.03033,""source_id"":""depot:carrefour-1012"",""market"":""carrefour"",""depot_name"":""Istanbul Acıbadem Hıper"",""index_time"":""18.09.2026 12:26""}]","{""mode"":""pinned-relative"",""previous_prices"":{""depot:carrefour-1012"":26.5},""previous_level"":26.5,""link_factor"":1.0}"
2026-09-19,sugar_snacks,wafer,Gofret,id:0XO9,id:0XO9,Peki Çilek Kremalı Gofret 142 Gr,0.142,kg,34.0,239.43662,239.43662,1,239.43663,0.0,api-refined,Gofret,main_category,1,1,"[""depot:sok-4707""]","[""sok""]",pinned-relative,18.09.2026 12:22,0,1.1,2026-09-19T02:24:31.629482+03:00,"[{""price"":34.0,""api_unit_price"":239.43663,""source_id"":""depot:sok-4707"",""market"":""sok"",""depot_name"":""Şok Minifevziçakmak"",""index_time"":""18.09.2026 12:22""}]","{""mode"":""pinned-relative"",""previous_prices"":{""depot:sok-4707"":34.0},""previous_level"":34.0,""link_factor"":1.0}"
2026-09-19,sugar_snacks,wafer,Gofret,id:10TF,id:10TF,Peki Fındıklı Kremalı Gofret 142 Gr,0.142,kg,34.0,239.43662,239.43662,1,239.43663,0.0,api-refined,Gofret,main_category,1,1,"[""depot:sok-4707""]","[""sok""]",pinned-relative,18.09.2026 12:22,0,1.1,2026-09-19T02:24:31.629484+03:00,"[{""price"":34.0,""api_unit_price"":239.43663,""source_id"":""depot:sok-4707"",""market"":""sok"",""depot_name"":""Şok Minifevziçakmak"",""index_time"":""18.09.2026 12:22""}]","{""mode"":""pinned-relative"",""previous_prices"":{""depot:sok-4707"":34.0},""previous_level"":34.0,""link_factor"":1.0}"
2026-09-19,sugar_snacks,wafer,Gofret,id:2A22,id:2A22,Şölen Nutymax Antep Fıstıklı Gofret 44 Gr,0.044,kg,39.5,897.727273,897.727273,1,897.72723,0.0,api-refined,Gofret,main_category,1,1,"[""depot:hakmar-5521""]","[""hakmar""]",pinned-relative,18.09.2026 12:25,0,1.1,2026-09-19T02:24:31.629486+03:00,"[{""price"":39.5,""api_unit_price"":897.72723,""source_id"":""depot:hakmar-5521"",""market"":""hakmar"",""depot_name"":""Ahmediye  Üsküdar"",""index_time"":""18.09.2026 12:25""}]","{""mode"":""pinned-relative"",""previous_prices"":{""depot:hakmar-5521"":39.5},""previous_level"":39.5,""link_factor"":1.0}"
2026-09-19,sugar_snacks,wafer,Gofret,id:0SLI,id:0SLI,Peki Muzlu Gofret 350 Gr,0.35,kg,52.0,148.571429,148.571429,1,148.57143,0.0,api-refined,Gofret,main_category,1,1,"[""depot:sok-4707""]","[""sok""]",pinned-relative,18.09.2026 12:22,0,1.1,2026-09-19T02:24:31.629489+03:00,"[{""price"":52.0,""api_unit_price"":148.57143,""source_id"":""depot:sok-4707"",""market"":""sok"",""depot_name"":""Şok Minifevziçakmak"",""index_time"":""18.09.2026 12:22""}]","{""mode"":""pinned-relative"",""previous_prices"":{""depot:sok-4707"":52.0},""previous_level"":52.0,""link_factor"":1.0}"
2026-09-19,sugar_snacks,wafer,Gofret,id:01P4,id:01P4,Centro Muzlu Gofret 350 Gr,0.35,kg,52.0,148.571429,148.571429,1,148.57143,0.0,api-refined,Gofret,main_category,1,1,"[""depot:bim-5712""]","[""bim""]",pinned-relative,18.09.2026 12:27,0,1.1,2026-09-19T02:24:31.629491+03:00,"[{""price"":52.0,""api_unit_price"":148.57143,""source_id"":""depot:bim-5712"",""market"":""bim"",""depot_name"":""Çiçekçi  Üsküdar"",""index_time"":""18.09.2026 12:27""}]","{""mode"":""pinned-relative"",""previous_prices"":{""depot:bim-5712"":52.0},""previous_level"":52.0,""link_factor"":1.0}"
2026-09-19,sugar_snacks,wafer,Gofret,id:14FT,id:1YCH,Eti Hoşbeş Fındıklı Gofret 142 Gr,0.142,kg,52.0,366.197183,220.949462,4,366.19719,0.0,api-refined,Gofret,main_category,6,4,"[""depot:bim-5712"",""depot:hakmar-5521"",""depot:sok-4707"",""depot:tarim_kredi-7488""]","[""bim"",""hakmar"",""sok"",""tarim_kredi""]",pinned-relative,18.09.2026 12:27,1,1.1,2026-09-19T02:24:31.629493+03:00,"[{""price"":38.5,""api_unit_price"":271.12674,""source_id"":""depot:bim-5712"",""market"":""bim"",""depot_name"":""Çiçekçi  Üsküdar"",""index_time"":""18.09.2026 12:27""},{""price"":45.0,""api_unit_price"":316.90143,""source_id"":""depot:sok-4707"",""market"":""sok"",""depot_name"":""Şok Minifevziçakmak"",""index_time"":""18.09.2026 12:27""},{""price"":59.0,""api_unit_price"":415.49295,""source_id"":""depot:hakmar-5521"",""market"":""hakmar"",""depot_name"":""Ahmediye  Üsküdar"",""index_time"":""18.09.2026 12:27""},{""price"":59.0,""api_unit_price"":415.49295,""source_id"":""depot:tarim_kredi-7488"",""market"":""tarim_kredi"",""depot_name"":""Istanbul Kadıköy Kızıltoprak"",""index_time"":""18.09.2026 12:27""}]","{""mode"":""pinned-relative"",""previous_prices"":{""depot:bim-5712"":38.5,""depot:hakmar-5521"":59.0,""depot:sok-4707"":45.0,""depot:tarim_kredi-7488"":59.0},""previous_level"":53.02787099979618,""link_factor"":0.5916666655033899}"
2026-09-19,sugar_snacks,wafer,Gofret,id:1SDY,id:1KZP,Ülker Beyaz Çikolatalı Fındık Kremalı Gofret 35 Gr,0.035,kg,17.5,500.0,265.821429,2,500.0,0.0,api-refined,Gofret,main_category,4,2,"[""depot:hakmar-5521"",""depot:sok-4707""]","[""hakmar"",""sok""]",pinned-relative,18.09.2026 12:27,1,1.1,2026-09-19T02:24:31.629495+03:00,"[{""price"":17.5,""api_unit_price"":500.0,""source_id"":""depot:sok-4707"",""market"":""sok"",""depot_name"":""Şok Minifevziçakmak"",""index_time"":""18.09.2026 12:27""},{""price"":17.5,""api_unit_price"":500.0,""source_id"":""depot:hakmar-5521"",""market"":""hakmar"",""depot_name"":""Ahmediye  Üsküdar"",""index_time"":""18.09.2026 12:27""}]","{""mode"":""pinned-relative"",""previous_prices"":{""depot:hakmar-5521"":17.5,""depot:sok-4707"":17.5},""previous_level"":17.5,""link_factor"":0.531642858}"
2026-09-19,sugar_snacks,wafer,Gofret,id:0T09,id:11RQ,Eti Hoşbeş Çilekli Gofret 142 Gr,0.142,kg,49.9,351.408451,440.720225,5,351.40845,0.0,api-refined,Gofret,main_category,5,5,"[""depot:bim-5712"",""depot:carrefour-5254"",""depot:migros-1991"",""depot:sok-4707"",""depot:tarim_kredi-7488""]","[""bim"",""carrefour"",""migros"",""sok"",""tarim_kredi""]",pinned-relative,18.09.2026 12:27,1,1.1,2026-09-19T02:24:31.629497+03:00,"[{""price"":38.5,""api_unit_price"":271.12674,""source_id"":""depot:bim-5712"",""market"":""bim"",""depot_name"":""Çiçekçi  Üsküdar"",""index_time"":""18.09.2026 12:27""},{""price"":45.0,""api_unit_price"":316.90143,""source_id"":""depot:sok-4707"",""market"":""sok"",""depot_name"":""Şok Minifevziçakmak"",""index_time"":""18.09.2026 12:27""},{""price"":49.9,""api_unit_price"":351.40845,""source_id"":""depot:migros-1991"",""market"":""migros"",""depot_name"":""Çiçekçi M Migros"",""index_time"":""18.09.2026 12:27""},{""price"":59.0,""api_unit_price"":415.49295,""source_id"":""depot:tarim_kredi-7488"",""market"":""tarim_kredi"",""depot_name"":""Istanbul Kadıköy Kızıltoprak"",""index_time"":""18.09.2026 12:27""},{""price"":59.9,""api_unit_price"":421.831,""source_id"":""depot:carrefour-5254"",""market"":""carrefour"",""depot_name"":""Istanbul Üsküdar Salacak Mını"",""index_time"":""18.09.2026 12:27""}]","{""mode"":""pinned-relative"",""previous_prices"":{""depot:bim-5712"":38.5,""depot:carrefour-5254"":59.9,""depot:migros-1991"":49.9,""depot:sok-4707"":45.0,""depot:tarim_kredi-7488"":59.0},""previous_level"":54.171860972626625,""link_factor"":1.1552542365832348}"
2026-09-19,sugar_snacks,chips,Patates cipsi,id:21LO,id:21LO,Ruffles Ketçaplı Patates Cipsi 125 Gr,0.125,kg,64.5,516.0,519.271185,1,516.0,0.0,api-refined,Cips,main_category,1,1,"[""depot:hakmar-5521""]","[""hakmar""]",pinned-relative,18.09.2026 12:27,0,1.0,2026-09-19T02:24:35.384819+03:00,"[{""price"":64.5,""api_unit_price"":516.0,""source_id"":""depot:hakmar-5521"",""market"":""hakmar"",""depot_name"":""Ahmediye  Üsküdar"",""index_time"":""18.09.2026 12:27""}]","{""mode"":""pinned-relative"",""previous_prices"":{""depot:hakmar-5521"":64.5},""previous_level"":64.90889806909135,""link_factor"":1.0}"
2026-09-19,sugar_snacks,chips,Patates cipsi,id:1LMP,id:1LMP,Master Potato Barbekü Çeşnili Patates Cipsi 160 Gr,0.16,kg,125.0,781.25,813.802083,1,781.25,0.0,api-refined,Cips,main_category,2,1,"[""depot:migros-1991""]","[""migros""]",pinned-relative,18.09.2026 12:26,0,1.0,2026-09-19T02:24:35.384831+03:00,"[{""price"":125.0,""api_unit_price"":781.25,""source_id"":""depot:migros-1991"",""market"":""migros"",""depot_name"":""Çiçekçi M Migros"",""index_time"":""18.09.2026 12:26""}]","{""mode"":""pinned-relative"",""previous_prices"":{""depot:migros-1991"":125.0},""previous_level"":130.20833333333337,""link_factor"":1.0}"
2026-09-19,sugar_snacks,chips,Patates cipsi,id:1GNI,id:1GNI,Patito Sade Ketçap Patates Cipsi 150 Gr,0.15,kg,45.0,300.0,300.0,1,300.0,0.0,api-refined,Cips,main_category,1,1,"[""depot:bim-5712""]","[""bim""]",pinned-relative,18.09.2026 12:25,0,1.0,2026-09-19T02:24:35.384834+03:00,"[{""price"":45.0,""api_unit_price"":300.0,""source_id"":""depot:bim-5712"",""market"":""bim"",""depot_name"":""Çiçekçi  Üsküdar"",""index_time"":""18.09.2026 12:25""}]","{""mode"":""pinned-relative"",""previous_prices"":{""depot:bim-5712"":45.0},""previous_level"":45.0,""link_factor"":1.0}"
2026-09-19,sugar_snacks,chips,Patates cipsi,id:0BCZ,id:0BCZ,Toledo Tırtıklı Patates Cipsi 150 Gr,0.15,kg,45.0,300.0,300.0,1,300.0,0.0,api-refined,Cips,main_category,1,1,"[""depot:hakmar-5521""]","[""hakmar""]",pinned-relative,18.09.2026 12:25,0,1.0,2026-09-19T02:24:35.384837+03:00,"[{""price"":45.0,""api_unit_price"":300.0,""source_id"":""depot:hakmar-5521"",""market"":""hakmar"",""depot_name"":""Ahmediye  Üsküdar"",""index_time"":""18.09.2026 12:25""}]","{""mode"":""pinned-relative"",""previous_prices"":{""depot:hakmar-5521"":45.0},""previous_level"":45.0,""link_factor"":1.0}"
2026-09-19,sugar_snacks,chips,Patates cipsi,id:2CQZ,id:2CQZ,Toledo Ketçaplı Patates Cipsi 135 Gr,0.135,kg,45.0,333.333333,333.333333,1,333.33334,0.0,api-refined,Cips,main_category,1,1,"[""depot:hakmar-5521""]","[""hakmar""]",pinned-relative,18.09.2026 12:25,0,1.0,2026-09-19T02:24:35.384839+03:00,"[{""price"":45.0,""api_unit_price"":333.33334,""source_id"":""depot:hakmar-5521"",""market"":""hakmar"",""depot_name"":""Ahmediye  Üsküdar"",""index_time"":""18.09.2026 12:25""}]","{""mode"":""pinned-relative"",""previous_prices"":{""depot:hakmar-5521"":45.0},""previous_level"":45.0,""link_factor"":1.0}"
2026-09-19,sugar_snacks,chips,Patates cipsi,id:1611,id:1611,Carrefour Düz Sade Patates Cipsi 150 Gr,0.15,kg,47.5,316.666667,316.666667,1,316.66666,0.0,api-refined,Cips,main_category,1,1,"[""depot:carrefour-5036""]","[""carrefour""]",pinned-relative,18.09.2026 12:27,0,1.0,2026-09-19T02:24:35.384841+03:00,"[{""price"":47.5,""api_unit_price"":316.66666,""source_id"":""depot:carrefour-5036"",""market"":""carrefour"",""depot_name"":""Istanbul Moda Caddesı Mını"",""index_time"":""18.09.2026 12:27""}]","{""mode"":""pinned-relative"",""previous_prices"":{""depot:carrefour-5036"":47.5},""previous_level"":47.5,""link_factor"":1.0}"
2026-09-19,sugar_snacks,chips,Patates cipsi,id:160O,id:160O,Carrefour Tırtıklı Sade Patates Cipsi 150 Gr,0.15,kg,47.5,316.666667,316.666667,1,316.66666,0.0,api-refined,Cips,main_category,1,1,"[""depot:carrefour-5036""]","[""carrefour""]",pinned-relative,18.09.2026 12:27,0,1.0,2026-09-19T02:24:35.384843+03:00,"[{""price"":47.5,""api_unit_price"":316.66666,""source_id"":""depot:carrefour-5036"",""market"":""carrefour"",""depot_name"":""Istanbul Moda Caddesı Mını"",""index_time"":""18.09.2026 12:27""}]","{""mode"":""pinned-relative"",""previous_prices"":{""depot:carrefour-5036"":47.5},""previous_level"":47.5,""link_factor"":1.0}"
2026-09-19,sugar_snacks,chips,Patates cipsi,id:1C4H,id:1C4H,Patito Peynir Soğanlı Patates Cipsi 200 Gr,0.2,kg,50.0,250.0,250.0,1,250.0,0.0,api-refined,Cips,main_category,1,1,"[""depot:bim-5712""]","[""bim""]",pinned-relative,18.09.2026 12:25,0,1.0,2026-09-19T02:24:35.384845+03:00,"[{""price"":50.0,""api_unit_price"":250.0,""source_id"":""depot:bim-5712"",""market"":""bim"",""depot_name"":""Çiçekçi  Üsküdar"",""index_time"":""18.09.2026 12:25""}]","{""mode"":""pinned-relative"",""previous_prices"":{""depot:bim-5712"":50.0},""previous_level"":50.0,""link_factor"":1.0}"
2026-09-19,sugar_snacks,chips,Patates cipsi,id:1Z0K,id:1Z0K,Cipso Yoğurt & Mevsim Yeşillikli Aromalı Patates Cipsi 125 Gr,0.125,kg,64.0,512.0,512.0,1,512.0,0.0,api-refined,Cips,main_category,1,1,"[""depot:sok-4707""]","[""sok""]",pinned-relative,18.09.2026 12:26,0,1.0,2026-09-19T02:24:35.384847+03:00,"[{""price"":64.0,""api_unit_price"":512.0,""source_id"":""depot:sok-4707"",""market"":""sok"",""depot_name"":""Şok Minifevziçakmak"",""index_time"":""18.09.2026 12:26""}]","{""mode"":""pinned-relative"",""previous_prices"":{""depot:sok-4707"":64.0},""previous_level"":64.0,""link_factor"":1.0}"
2026-09-19,sugar_snacks,chips,Patates cipsi,id:1J0K,id:1J0K,Ruffles Orijinal Peynirli Soğan Ketçap Patates Cipsi 125 Gr,0.125,kg,64.5,516.0,516.0,1,516.0,0.0,api-refined,Cips,main_category,1,1,"[""depot:bim-5712""]","[""bim""]",pinned-relative,18.09.2026 12:25,0,1.0,2026-09-19T02:24:35.384849+03:00,"[{""price"":64.5,""api_unit_price"":516.0,""source_id"":""depot:bim-5712"",""market"":""bim"",""depot_name"":""Çiçekçi  Üsküdar"",""index_time"":""18.09.2026 12:25""}]","{""mode"":""pinned-relative"",""previous_prices"":{""depot:bim-5712"":64.5},""previous_level"":64.5,""link_factor"":1.0}"
2026-09-19,sugar_snacks,chips,Patates cipsi,id:2CPL,id:2CPL,Ruffles Originals Sade Patates Cipsi 125 Gr,0.125,kg,64.5,516.0,516.0,1,516.0,0.0,api-refined,Cips,main_category,1,1,"[""depot:hakmar-5521""]","[""hakmar""]",pinned-relative,18.09.2026 12:26,0,1.0,2026-09-19T02:24:35.384852+03:00,"[{""price"":64.5,""api_unit_price"":516.0,""source_id"":""depot:hakmar-5521"",""market"":""hakmar"",""depot_name"":""Ahmediye  Üsküdar"",""index_time"":""18.09.2026 12:26""}]","{""mode"":""pinned-relative"",""previous_prices"":{""depot:hakmar-5521"":64.5},""previous_level"":64.5,""link_factor"":1.0}"
2026-09-19,sugar_snacks,chips,Patates cipsi,id:2CPM,id:2CPM,Lays Klasik Patates Cipsi 125 Gr,0.125,kg,64.5,516.0,516.0,1,516.0,0.0,api-refined,Cips,main_category,1,1,"[""depot:hakmar-5521""]","[""hakmar""]",pinned-relative,18.09.2026 12:25,0,1.0,2026-09-19T02:24:35.384854+03:00,"[{""price"":64.5,""api_unit_price"":516.0,""source_id"":""depot:hakmar-5521"",""market"":""hakmar"",""depot_name"":""Ahmediye  Üsküdar"",""index_time"":""18.09.2026 12:25""}]","{""mode"":""pinned-relative"",""previous_prices"":{""depot:hakmar-5521"":64.5},""previous_level"":64.5,""link_factor"":1.0}"
2026-09-19,sugar_snacks,chips,Patates cipsi,id:2CPS,id:2CPS,Ruffles Peynir & Soğan Patates Cipsi 125 Gr,0.125,kg,64.5,516.0,516.0,1,516.0,0.0,api-refined,Cips,main_category,1,1,"[""depot:hakmar-5521""]","[""hakmar""]",pinned-relative,18.09.2026 12:25,0,1.0,2026-09-19T02:24:35.384856+03:00,"[{""price"":64.5,""api_unit_price"":516.0,""source_id"":""depot:hakmar-5521"",""market"":""hakmar"",""depot_name"":""Ahmediye  Üsküdar"",""index_time"":""18.09.2026 12:25""}]","{""mode"":""pinned-relative"",""previous_prices"":{""depot:hakmar-5521"":64.5},""previous_level"":64.5,""link_factor"":1.0}"
2026-09-19,sugar_snacks,chips,Patates cipsi,id:2CPT,id:2CPT,Lays Baharatlı Patates Cipsi 125 Gr,0.125,kg,64.5,516.0,516.0,1,516.0,0.0,api-refined,Cips,main_category,1,1,"[""depot:hakmar-5521""]","[""hakmar""]",pinned-relative,18.09.2026 12:25,0,1.0,2026-09-19T02:24:35.384858+03:00,"[{""price"":64.5,""api_unit_price"":516.0,""source_id"":""depot:hakmar-5521"",""market"":""hakmar"",""depot_name"":""Ahmediye  Üsküdar"",""index_time"":""18.09.2026 12:25""}]","{""mode"":""pinned-relative"",""previous_prices"":{""depot:hakmar-5521"":64.5},""previous_level"":64.5,""link_factor"":1.0}"
2026-09-19,sugar_snacks,chips,Patates cipsi,id:1DN7,id:1DN7,Amigo Pesto Sos Çeşnili Patates Cipsi 200 Gr,0.2,kg,65.0,325.0,325.0,1,325.0,0.0,api-refined,Cips,main_category,1,1,"[""depot:sok-4707""]","[""sok""]",pinned-relative,18.09.2026 12:22,0,1.0,2026-09-19T02:24:35.384860+03:00,"[{""price"":65.0,""api_unit_price"":325.0,""source_id"":""depot:sok-4707"",""market"":""sok"",""depot_name"":""Şok Minifevziçakmak"",""index_time"":""18.09.2026 12:22""}]","{""mode"":""pinned-relative"",""previous_prices"":{""depot:sok-4707"":65.0},""previous_level"":65.0,""link_factor"":1.0}"
2026-09-19,sugar_snacks,chips,Patates cipsi,id:1DFQ,id:1DFQ,Amigo Barbekü Sos Çeşnili Patates Cipsi 200 Gr,0.2,kg,65.0,325.0,325.0,1,325.0,0.0,api-refined,Cips,main_category,1,1,"[""depot:sok-4707""]","[""sok""]",pinned-relative,18.09.2026 12:22,0,1.0,2026-09-19T02:24:35.384862+03:00,"[{""price"":65.0,""api_unit_price"":325.0,""source_id"":""depot:sok-4707"",""market"":""sok"",""depot_name"":""Şok Minifevziçakmak"",""index_time"":""18.09.2026 12:22""}]","{""mode"":""pinned-relative"",""previous_prices"":{""depot:sok-4707"":65.0},""previous_level"":65.0,""link_factor"":1.0}"
2026-09-19,sugar_snacks,chips,Patates cipsi,id:1AG8,id:1AG8,Patito Pesto Barbekü Aromalı Patates Cipsi 200 Gr,0.2,kg,65.0,325.0,325.0,1,325.0,0.0,api-refined,Cips,main_category,1,1,"[""depot:bim-5712""]","[""bim""]",pinned-relative,18.09.2026 12:25,0,1.0,2026-09-19T02:24:35.384864+03:00,"[{""price"":65.0,""api_unit_price"":325.0,""source_id"":""depot:bim-5712"",""market"":""bim"",""depot_name"":""Çiçekçi  Üsküdar"",""index_time"":""18.09.2026 12:25""}]","{""mode"":""pinned-relative"",""previous_prices"":{""depot:bim-5712"":65.0},""previous_level"":65.0,""link_factor"":1.0}"
2026-09-19,sugar_snacks,chips,Patates cipsi,id:1IYP,id:1IYP,Master Potato Original Patates Cipsi 160 Gr,0.16,kg,109.0,681.25,681.25,1,681.25,0.0,api-refined,Cips,main_category,1,1,"[""depot:bim-5712""]","[""bim""]",pinned-relative,18.09.2026 12:25,0,1.0,2026-09-19T02:24:35.384866+03:00,"[{""price"":109.0,""api_unit_price"":681.25,""source_id"":""depot:bim-5712"",""market"":""bim"",""depot_name"":""Çiçekçi  Üsküdar"",""index_time"":""18.09.2026 12:25""}]","{""mode"":""pinned-relative"",""previous_prices"":{""depot:bim-5712"":109.0},""previous_level"":109.0,""link_factor"":1.0}"
2026-09-19,sugar_snacks,chips,Patates cipsi,id:2B4A,id:2B4A,Master Potato Patates Cipsi 160 Gr,0.16,kg,119.5,746.875,746.875,1,746.875,0.0,api-refined,Cips,main_category,1,1,"[""depot:hakmar-5521""]","[""hakmar""]",pinned-relative,18.09.2026 12:25,0,1.0,2026-09-19T02:24:35.384869+03:00,"[{""price"":119.5,""api_unit_price"":746.875,""source_id"":""depot:hakmar-5521"",""market"":""hakmar"",""depot_name"":""Ahmediye  Üsküdar"",""index_time"":""18.09.2026 12:25""}]","{""mode"":""pinned-relative"",""previous_prices"":{""depot:hakmar-5521"":119.5},""previous_level"":119.5,""link_factor"":1.0}"
2026-09-19,sugar_snacks,chips,Patates cipsi,id:1CKU,id:1CKU,Lorenz Paprika Aromalı Patates Cipsi 100 Gr,0.1,kg,132.9,1329.0,1329.0,1,1329.0,0.0,api-refined,Cips,main_category,1,1,"[""depot:migros-1991""]","[""migros""]",pinned-relative,18.09.2026 12:24,0,1.0,2026-09-19T02:24:35.384871+03:00,"[{""price"":132.9,""api_unit_price"":1329.0,""source_id"":""depot:migros-1991"",""market"":""migros"",""depot_name"":""Çiçekçi M Migros"",""index_time"":""18.09.2026 12:24""}]","{""mode"":""pinned-relative"",""previous_prices"":{""depot:migros-1991"":132.9},""previous_level"":132.9,""link_factor"":1.0}"
2026-09-19,sugar_snacks,chips,Patates cipsi,id:2JMQ,id:2JMQ,Argente Kinoalı Patates Cipsi 150 Gr,0.15,kg,329.9,2199.333333,2199.333333,1,2199.3333,0.0,api-refined,Cips,main_category,1,1,"[""depot:migros-1991""]","[""migros""]",pinned-relative,18.09.2026 12:24,0,1.0,2026-09-19T02:24:35.384873+03:00,"[{""price"":329.9,""api_unit_price"":2199.3333,""source_id"":""depot:migros-1991"",""market"":""migros"",""depot_name"":""Çiçekçi M Migros"",""index_time"":""18.09.2026 12:24""}]","{""mode"":""pinned-relative"",""previous_prices"":{""depot:migros-1991"":329.9},""previous_level"":329.9,""link_factor"":1.0}"
2026-09-19,sugar_snacks,nuts,Kuruyemiş,id:1Y3N,id:1Y3N,Tadım Festival Karışık Kuruyemiş 180 Gr,0.18,kg,200.0,1111.111111,1111.06481,2,1111.1112,0.0,api-refined,Kuruyemiş ve Kuru Meyve,main_category,2,2,"[""depot:carrefour-1012"",""depot:migros-1991""]","[""carrefour"",""migros""]",pinned-relative,18.09.2026 12:27,0,1.1,2026-09-19T02:24:36.575477+03:00,"[{""price"":200.0,""api_unit_price"":1111.1112,""source_id"":""depot:migros-1991"",""market"":""migros"",""depot_name"":""Çiçekçi M Migros"",""index_time"":""18.09.2026 12:27""},{""price"":200.0,""api_unit_price"":1111.1112,""source_id"":""depot:carrefour-1012"",""market"":""carrefour"",""depot_name"":""Istanbul Acıbadem Hıper"",""index_time"":""18.09.2026 12:27""}]","{""mode"":""pinned-relative"",""previous_prices"":{""depot:carrefour-1012"":200.0,""depot:migros-1991"":200.0},""previous_level"":199.99166579847852,""link_factor"":1.0}"
2026-09-19,sugar_snacks,nuts,Kuruyemiş,id:1DET,id:1DET,Migros Ballı Hardal Soslu Karışık Kuruyemiş 200 Gr,0.2,kg,109.9,549.5,549.5,1,549.5,0.0,api-refined,Kuruyemiş ve Kuru Meyve,main_category,1,1,"[""depot:migros-3296""]","[""migros""]",pinned-relative,18.09.2026 12:24,0,1.1,2026-09-19T02:24:36.575489+03:00,"[{""price"":109.9,""api_unit_price"":549.5,""source_id"":""depot:migros-3296"",""market"":""migros"",""depot_name"":""Kadıköy Caferağa M Migros"",""index_time"":""18.09.2026 12:24""}]","{""mode"":""pinned-relative"",""previous_prices"":{""depot:migros-3296"":109.9},""previous_level"":109.9,""link_factor"":1.0}"
2026-09-19,sugar_snacks,nuts,Kuruyemiş,id:0RGA,id:0RGA,Amigo Karışık Kuruyemiş 150 Gr,0.15,kg,114.5,763.333333,763.333333,1,763.3333,0.0,api-refined,Kuruyemiş ve Kuru Meyve,main_category,1,1,"[""depot:sok-1017""]","[""sok""]",pinned-relative,18.09.2026 12:22,0,1.1,2026-09-19T02:24:36.575493+03:00,"[{""price"":114.5,""api_unit_price"":763.3333,""source_id"":""depot:sok-1017"",""market"":""sok"",""depot_name"":""Selimiye"",""index_time"":""18.09.2026 12:22""}]","{""mode"":""pinned-relative"",""previous_prices"":{""depot:sok-1017"":114.5},""previous_level"":114.5,""link_factor"":1.0}"
2026-09-19,sugar_snacks,nuts,Kuruyemiş,id:20M3,id:20M3,Soslu Karışık Kuruyemiş 200 Gr,0.2,kg,163.9,819.5,819.5,1,819.5,0.0,api-refined,Kuruyemiş ve Kuru Meyve,main_category,1,1,"[""depot:migros-1991""]","[""migros""]",pinned-relative,18.09.2026 12:24,0,1.1,2026-09-19T02:24:36.575495+03:00,"[{""price"":163.9,""api_unit_price"":819.5,""source_id"":""depot:migros-1991"",""market"":""migros"",""depot_name"":""Çiçekçi M Migros"",""index_time"":""18.09.2026 12:24""}]","{""mode"":""pinned-relative"",""previous_prices"":{""depot:migros-1991"":163.9},""previous_level"":163.9,""link_factor"":1.0}"
2026-09-19,sugar_snacks,nuts,Kuruyemiş,id:08G4,id:08G4,Migros Çiğ Karışık Kuruyemiş 200 Gr,0.2,kg,169.9,849.5,849.5,1,849.49994,0.0,api-refined,Kuruyemiş ve Kuru Meyve,main_category,1,1,"[""depot:migros-1991""]","[""migros""]",pinned-relative,18.09.2026 12:24,0,1.1,2026-09-19T02:24:36.575497+03:00,"[{""price"":169.9,""api_unit_price"":849.49994,""source_id"":""depot:migros-1991"",""market"":""migros"",""depot_name"":""Çiçekçi M Migros"",""index_time"":""18.09.2026 12:24""}]","{""mode"":""pinned-relative"",""previous_prices"":{""depot:migros-1991"":169.9},""previous_level"":169.9,""link_factor"":1.0}"
2026-09-19,sugar_snacks,nuts,Kuruyemiş,id:0373,id:1PK3,Tadım Kavrulmuş Karışık Kuruyemiş Klasik 180 Gr,0.18,kg,134.5,747.222222,849.5,1,747.2222,0.0,api-refined,Kuruyemiş ve Kuru Meyve,main_category,2,1,"[""depot:carrefour-1012""]","[""carrefour""]",pinned-relative,18.09.2026 12:26,1,1.1,2026-09-19T02:24:36.575500+03:00,"[{""price"":134.5,""api_unit_price"":747.2222,""source_id"":""depot:carrefour-1012"",""market"":""carrefour"",""depot_name"":""Istanbul Acıbadem Hıper"",""index_time"":""18.09.2026 12:26""}]","{""mode"":""pinned-relative"",""previous_prices"":{""depot:carrefour-1012"":134.5},""previous_level"":132.725,""link_factor"":1.1520813714299614}"
2026-09-19,sugar_snacks,nuts,Kuruyemiş,id:0QXY,id:0QXY,Migros Karışık Kuruyemiş 200 Gr,0.2,kg,173.9,869.5,869.5,1,869.5,0.0,api-refined,Kuruyemiş ve Kuru Meyve,main_category,1,1,"[""depot:migros-1991""]","[""migros""]",pinned-relative,18.09.2026 12:27,0,1.1,2026-09-19T02:24:36.575502+03:00,"[{""price"":173.9,""api_unit_price"":869.5,""source_id"":""depot:migros-1991"",""market"":""migros"",""depot_name"":""Çiçekçi M Migros"",""index_time"":""18.09.2026 12:27""}]","{""mode"":""pinned-relative"",""previous_prices"":{""depot:migros-1991"":173.9},""previous_level"":173.9,""link_factor"":1.0}"
2026-09-19,sugar_snacks,nuts,Kuruyemiş,id:046L,id:046L,Amigo Lüks Kabuksuz Karışık Kuruyemiş 200 Gr,0.2,kg,195.0,975.0,975.0,1,975.0,0.0,api-refined,Kuruyemiş ve Kuru Meyve,main_category,1,1,"[""depot:sok-4707""]","[""sok""]",pinned-relative,18.09.2026 12:22,0,1.1,2026-09-19T02:24:36.575504+03:00,"[{""price"":195.0,""api_unit_price"":975.0,""source_id"":""depot:sok-4707"",""market"":""sok"",""depot_name"":""Şok Minifevziçakmak"",""index_time"":""18.09.2026 12:22""}]","{""mode"":""pinned-relative"",""previous_prices"":{""depot:sok-4707"":195.0},""previous_level"":195.0,""link_factor"":1.0}"
2026-09-19,sugar_snacks,nuts,Kuruyemiş,id:00Z1,id:00Z1,Simbat Party Çiğ Karışık Kuruyemiş 200 Gr,0.2,kg,195.0,975.0,975.0,1,975.0,0.0,api-refined,Kuruyemiş ve Kuru Meyve,main_category,1,1,"[""depot:bim-5712""]","[""bim""]",pinned-relative,18.09.2026 12:25,0,1.1,2026-09-19T02:24:36.575506+03:00,"[{""price"":195.0,""api_unit_price"":975.0,""source_id"":""depot:bim-5712"",""market"":""bim"",""depot_name"":""Çiçekçi  Üsküdar"",""index_time"":""18.09.2026 12:25""}]","{""mode"":""pinned-relative"",""previous_prices"":{""depot:bim-5712"":195.0},""previous_level"":195.0,""link_factor"":1.0}"
2026-09-19,sugar_snacks,nuts,Kuruyemiş,id:0NYI,id:0NYI,Karışık Kuruyemiş Extra 400 Gr,0.4,kg,449.9,1124.75,1124.75,1,1124.75,0.0,api-refined,Kuruyemiş ve Kuru Meyve,main_category,1,1,"[""depot:migros-1991""]","[""migros""]",pinned-relative,18.09.2026 12:24,0,1.1,2026-09-19T02:24:36.575508+03:00,"[{""price"":449.9,""api_unit_price"":1124.75,""source_id"":""depot:migros-1991"",""market"":""migros"",""depot_name"":""Çiçekçi M Migros"",""index_time"":""18.09.2026 12:24""}]","{""mode"":""pinned-relative"",""previous_prices"":{""depot:migros-1991"":449.9},""previous_level"":449.9,""link_factor"":1.0}"
2026-09-19,sugar_snacks,icecream,Dondurma,id:03DQ,id:03DQ,Tatdo Sade Kase Dondurma 100 Gr,0.1,kg,34.75,347.5,347.5,1,347.5,0.0,api-refined,Dondurmalar,main_category,1,1,"[""depot:hakmar-5521""]","[""hakmar""]",pinned-relative,18.09.2026 12:25,0,1.1,2026-09-19T02:24:46.667104+03:00,"[{""price"":34.75,""api_unit_price"":347.5,""source_id"":""depot:hakmar-5521"",""market"":""hakmar"",""depot_name"":""Ahmediye  Üsküdar"",""index_time"":""18.09.2026 12:25""}]","{""mode"":""pinned-relative"",""previous_prices"":{""depot:hakmar-5521"":34.75},""previous_level"":34.75,""link_factor"":1.0}"
2026-09-19,sugar_snacks,icecream,Dondurma,id:04EF,id:04EF,Tatdo Sade Dondurma 1 Kg,1.0,kg,239.75,239.75,239.75,1,239.75,0.0,api-refined,Dondurmalar,main_category,1,1,"[""depot:hakmar-5521""]","[""hakmar""]",pinned-relative,18.09.2026 12:25,0,1.1,2026-09-19T02:24:46.667115+03:00,"[{""price"":239.75,""api_unit_price"":239.75,""source_id"":""depot:hakmar-5521"",""market"":""hakmar"",""depot_name"":""Ahmediye  Üsküdar"",""index_time"":""18.09.2026 12:25""}]","{""mode"":""pinned-relative"",""previous_prices"":{""depot:hakmar-5521"":239.75},""previous_level"":239.75,""link_factor"":1.0}"
2026-09-19,sugar_snacks,icecream,Dondurma,id:1MEM,id:1MEM,Eti Alaska Frigo Sütlü Dondurma 60 Gr,0.06,kg,55.0,916.666667,916.666667,2,916.6667,0.0,api-refined,Dondurmalar,main_category,2,2,"[""depot:carrefour-1012"",""depot:migros-1991""]","[""carrefour"",""migros""]",pinned-relative,18.09.2026 12:26,0,1.1,2026-09-19T02:24:46.667119+03:00,"[{""price"":55.0,""api_unit_price"":916.6667,""source_id"":""depot:migros-1991"",""market"":""migros"",""depot_name"":""Çiçekçi M Migros"",""index_time"":""18.09.2026 12:26""},{""price"":55.0,""api_unit_price"":916.6667,""source_id"":""depot:carrefour-1012"",""market"":""carrefour"",""depot_name"":""Istanbul Acıbadem Hıper"",""index_time"":""18.09.2026 12:26""}]","{""mode"":""pinned-relative"",""previous_prices"":{""depot:carrefour-1012"":55.0,""depot:migros-1991"":55.0},""previous_level"":55.0,""link_factor"":1.0}"
2026-09-19,sugar_snacks,icecream,Dondurma,id:035V,id:035V,Tatdo Çikolata Fıstık Sade Dondurma 500 Gr,0.5,kg,159.5,319.0,319.0,1,319.0,0.0,api-refined,Dondurmalar,main_category,1,1,"[""depot:hakmar-5521""]","[""hakmar""]",pinned-relative,18.09.2026 12:25,0,1.1,2026-09-19T02:24:46.667121+03:00,"[{""price"":159.5,""api_unit_price"":319.0,""source_id"":""depot:hakmar-5521"",""market"":""hakmar"",""depot_name"":""Ahmediye  Üsküdar"",""index_time"":""18.09.2026 12:25""}]","{""mode"":""pinned-relative"",""previous_prices"":{""depot:hakmar-5521"":159.5},""previous_level"":159.5,""link_factor"":1.0}"
2026-09-19,sugar_snacks,icecream,Dondurma,id:047C,id:047C,Tatdo Sade Baton Dondurma 500 Gr,0.5,kg,159.5,319.0,319.0,1,319.0,0.0,api-refined,Dondurmalar,main_category,1,1,"[""depot:hakmar-5521""]","[""hakmar""]",pinned-relative,18.09.2026 12:25,0,1.1,2026-09-19T02:24:46.667123+03:00,"[{""price"":159.5,""api_unit_price"":319.0,""source_id"":""depot:hakmar-5521"",""market"":""hakmar"",""depot_name"":""Ahmediye  Üsküdar"",""index_time"":""18.09.2026 12:25""}]","{""mode"":""pinned-relative"",""previous_prices"":{""depot:hakmar-5521"":159.5},""previous_level"":159.5,""link_factor"":1.0}"
2026-09-19,sugar_snacks,icecream,Dondurma,id:04C3,id:04C3,Tatdo Sade Çikolatalı Dondurma 500 Gr,0.5,kg,159.5,319.0,319.0,1,319.0,0.0,api-refined,Dondurmalar,main_category,1,1,"[""depot:hakmar-5521""]","[""hakmar""]",pinned-relative,18.09.2026 12:25,0,1.1,2026-09-19T02:24:46.667125+03:00,"[{""price"":159.5,""api_unit_price"":319.0,""source_id"":""depot:hakmar-5521"",""market"":""hakmar"",""depot_name"":""Ahmediye  Üsküdar"",""index_time"":""18.09.2026 12:25""}]","{""mode"":""pinned-relative"",""previous_prices"":{""depot:hakmar-5521"":159.5},""previous_level"":159.5,""link_factor"":1.0}"
2026-09-19,sugar_snacks,icecream,Dondurma,id:04HO,id:04HO,Tatdo Limonlu Kase Dondurma 100 Gr,0.1,kg,34.75,347.5,347.5,1,347.5,0.0,api-refined,Dondurmalar,main_category,1,1,"[""depot:hakmar-5521""]","[""hakmar""]",pinned-relative,18.09.2026 12:25,0,1.1,2026-09-19T02:24:46.667127+03:00,"[{""price"":34.75,""api_unit_price"":347.5,""source_id"":""depot:hakmar-5521"",""market"":""hakmar"",""depot_name"":""Ahmediye  Üsküdar"",""index_time"":""18.09.2026 12:25""}]","{""mode"":""pinned-relative"",""previous_prices"":{""depot:hakmar-5521"":34.75},""previous_level"":34.75,""link_factor"":1.0}"
2026-09-19,sugar_snacks,icecream,Dondurma,id:070T,id:070T,Tatdo Limon Sade Dondurma 155 Gr,0.155,kg,49.75,320.967742,320.967742,1,320.96774,0.0,api-refined,Dondurmalar,main_category,1,1,"[""depot:hakmar-5521""]","[""hakmar""]",pinned-relative,18.09.2026 12:25,0,1.1,2026-09-19T02:24:46.667129+03:00,"[{""price"":49.75,""api_unit_price"":320.96774,""source_id"":""depot:hakmar-5521"",""market"":""hakmar"",""depot_name"":""Ahmediye  Üsküdar"",""index_time"":""18.09.2026 12:25""}]","{""mode"":""pinned-relative"",""previous_prices"":{""depot:hakmar-5521"":49.75},""previous_level"":49.75,""link_factor"":1.0}"
2026-09-19,sugar_snacks,icecream,Dondurma,id:0B32,id:0B32,Tatdo Kakao Sade Kase Dondurma 155 Gr,0.155,kg,49.75,320.967742,320.967742,1,320.96774,0.0,api-refined,Dondurmalar,main_category,1,1,"[""depot:hakmar-5521""]","[""hakmar""]",pinned-relative,18.09.2026 12:25,0,1.1,2026-09-19T02:24:46.667132+03:00,"[{""price"":49.75,""api_unit_price"":320.96774,""source_id"":""depot:hakmar-5521"",""market"":""hakmar"",""depot_name"":""Ahmediye  Üsküdar"",""index_time"":""18.09.2026 12:25""}]","{""mode"":""pinned-relative"",""previous_prices"":{""depot:hakmar-5521"":49.75},""previous_level"":49.75,""link_factor"":1.0}"
2026-09-19,sugar_snacks,icecream,Dondurma,id:19I2,id:19I2,Plombir Sandviç Dondurma 70 Gr,0.07,kg,59.5,850.0,850.0,1,850.0,0.0,api-refined,Dondurmalar,main_category,1,1,"[""depot:hakmar-5521""]","[""hakmar""]",pinned-relative,18.09.2026 12:25,0,1.1,2026-09-19T02:24:46.667134+03:00,"[{""price"":59.5,""api_unit_price"":850.0,""source_id"":""depot:hakmar-5521"",""market"":""hakmar"",""depot_name"":""Ahmediye  Üsküdar"",""index_time"":""18.09.2026 12:25""}]","{""mode"":""pinned-relative"",""previous_prices"":{""depot:hakmar-5521"":59.5},""previous_level"":59.5,""link_factor"":1.0}"
2026-09-19,sugar_snacks,icecream,Dondurma,id:1VQG,id:1VQG,Drancor Plombir Kakaolu Soslu Dondurma 80 Gr,0.08,kg,80.0,1000.0,1000.0,1,1000.0,0.0,api-refined,Dondurmalar,main_category,1,1,"[""depot:carrefour-1012""]","[""carrefour""]",pinned-relative,18.09.2026 12:27,0,1.1,2026-09-19T02:24:46.667136+03:00,"[{""price"":80.0,""api_unit_price"":1000.0,""source_id"":""depot:carrefour-1012"",""market"":""carrefour"",""depot_name"":""Istanbul Acıbadem Hıper"",""index_time"":""18.09.2026 12:27""}]","{""mode"":""pinned-relative"",""previous_prices"":{""depot:carrefour-1012"":80.0},""previous_level"":80.0,""link_factor"":1.0}"
2026-09-19,sugar_snacks,icecream,Dondurma,id:1Z5A,id:1Z5A,Drancor Plombir Vanilya Külahlı Dondurma 80 Gr,0.08,kg,80.0,1000.0,1000.0,1,1000.0,0.0,api-refined,Dondurmalar,main_category,1,1,"[""depot:carrefour-1012""]","[""carrefour""]",pinned-relative,18.09.2026 12:26,0,1.1,2026-09-19T02:24:46.667138+03:00,"[{""price"":80.0,""api_unit_price"":1000.0,""source_id"":""depot:carrefour-1012"",""market"":""carrefour"",""depot_name"":""Istanbul Acıbadem Hıper"",""index_time"":""18.09.2026 12:26""}]","{""mode"":""pinned-relative"",""previous_prices"":{""depot:carrefour-1012"":80.0},""previous_level"":80.0,""link_factor"":1.0}"
2026-09-19,sugar_snacks,icecream,Dondurma,id:201X,id:201X,Drancor Vanilla With Condensed Milk Dondurma 80 Gr,0.08,kg,80.0,1000.0,1000.0,1,1000.0,0.0,api-refined,Dondurmalar,main_category,1,1,"[""depot:carrefour-1012""]","[""carrefour""]",pinned-relative,18.09.2026 12:27,0,1.1,2026-09-19T02:24:46.667140+03:00,"[{""price"":80.0,""api_unit_price"":1000.0,""source_id"":""depot:carrefour-1012"",""market"":""carrefour"",""depot_name"":""Istanbul Acıbadem Hıper"",""index_time"":""18.09.2026 12:27""}]","{""mode"":""pinned-relative"",""previous_prices"":{""depot:carrefour-1012"":80.0},""previous_level"":80.0,""link_factor"":1.0}"
2026-09-19,sugar_snacks,icecream,Dondurma,id:201Z,id:201Z,Drancor Plombir Sandwich Dondurma 70 Gr,0.07,kg,80.0,1142.857143,1142.857143,1,1142.8572,0.0,api-refined,Dondurmalar,main_category,1,1,"[""depot:carrefour-1012""]","[""carrefour""]",pinned-relative,18.09.2026 12:27,0,1.1,2026-09-19T02:24:46.667142+03:00,"[{""price"":80.0,""api_unit_price"":1142.8572,""source_id"":""depot:carrefour-1012"",""market"":""carrefour"",""depot_name"":""Istanbul Acıbadem Hıper"",""index_time"":""18.09.2026 12:27""}]","{""mode"":""pinned-relative"",""previous_prices"":{""depot:carrefour-1012"":80.0},""previous_level"":80.0,""link_factor"":1.0}"
2026-09-19,sugar_snacks,icecream,Dondurma,id:20OH,id:20OH,Saray Muhallebicisi Keşküllü Dondurma 300 Gr,0.3,kg,220.0,733.333333,733.333333,1,733.3334,0.0,api-refined,Dondurmalar,main_category,1,1,"[""depot:carrefour-1012""]","[""carrefour""]",pinned-relative,18.09.2026 12:27,0,1.1,2026-09-19T02:24:46.667144+03:00,"[{""price"":220.0,""api_unit_price"":733.3334,""source_id"":""depot:carrefour-1012"",""market"":""carrefour"",""depot_name"":""Istanbul Acıbadem Hıper"",""index_time"":""18.09.2026 12:27""}]","{""mode"":""pinned-relative"",""previous_prices"":{""depot:carrefour-1012"":220.0},""previous_level"":220.0,""link_factor"":1.0}"
2026-09-19,sugar_snacks,halva,Helva,id:1OSV,id:1OSV,Koska Keçiboynuzlu Fındıklı Tahin Helva 200 Gr,0.2,kg,117.95,589.75,589.75,1,589.75,0.0,api-refined,Helva Tahin ve Pekmez,main_category,1,1,"[""depot:carrefour-1012""]","[""carrefour""]",pinned-relative,18.09.2026 12:26,0,1.1,2026-09-19T02:24:47.838728+03:00,"[{""price"":117.95,""api_unit_price"":589.75,""source_id"":""depot:carrefour-1012"",""market"":""carrefour"",""depot_name"":""Istanbul Acıbadem Hıper"",""index_time"":""18.09.2026 12:26""}]","{""mode"":""pinned-relative"",""previous_prices"":{""depot:carrefour-1012"":117.95},""previous_level"":117.95,""link_factor"":1.0}"
2026-09-19,sugar_snacks,halva,Helva,id:1Z3S,id:1Z3S,Torku Sade Tahin Helva 500 Gr,0.5,kg,146.95,293.9,293.9,1,293.9,0.0,api-refined,Helva Tahin ve Pekmez,main_category,1,1,"[""depot:migros-1991""]","[""migros""]",pinned-relative,18.09.2026 12:24,0,1.1,2026-09-19T02:24:47.838740+03:00,"[{""price"":146.95,""api_unit_price"":293.9,""source_id"":""depot:migros-1991"",""market"":""migros"",""depot_name"":""Çiçekçi M Migros"",""index_time"":""18.09.2026 12:24""}]","{""mode"":""pinned-relative"",""previous_prices"":{""depot:migros-1991"":146.95},""previous_level"":146.95,""link_factor"":1.0}"
2026-09-19,sugar_snacks,halva,Helva,id:1PPI,id:1GU7,Servet Şekerleme Sade Tahin Helvası 200 Gr,0.2,kg,139.95,699.75,201.375479,1,699.75,0.0,api-refined,Helva Tahin ve Pekmez,main_category,1,1,"[""depot:migros-3296""]","[""migros""]",pinned-relative,18.09.2026 12:24,1,1.0,2026-09-19T02:24:47.838760+03:00,"[{""price"":139.95,""api_unit_price"":699.75,""source_id"":""depot:migros-3296"",""market"":""migros"",""depot_name"":""Kadıköy Caferağa M Migros"",""index_time"":""18.09.2026 12:24""}]","{""mode"":""pinned-relative"",""previous_prices"":{""depot:migros-3296"":139.95},""previous_level"":139.95,""link_factor"":0.2877820349084717}"
2026-09-19,sugar_snacks,halva,Helva,id:0WVR,id:0WVR,Migros Kakaolu Tahin Helvası 500 Gr,0.5,kg,69.95,139.9,139.9,1,139.9,0.0,api-refined,Helva Tahin ve Pekmez,main_category,1,1,"[""depot:migros-1991""]","[""migros""]",pinned-relative,18.09.2026 12:24,0,1.0,2026-09-19T02:24:47.838763+03:00,"[{""price"":69.95,""api_unit_price"":139.9,""source_id"":""depot:migros-1991"",""market"":""migros"",""depot_name"":""Çiçekçi M Migros"",""index_time"":""18.09.2026 12:24""}]","{""mode"":""pinned-relative"",""previous_prices"":{""depot:migros-1991"":69.95},""previous_level"":69.95,""link_factor"":1.0}"
2026-09-19,sugar_snacks,halva,Helva,id:0SFH,id:0SFH,Taşkale Tahin Helvası Kakaolu 500 Gr,0.5,kg,70.0,140.0,140.0,1,140.0,0.0,api-refined,Helva Tahin ve Pekmez,main_category,1,1,"[""depot:sok-4707""]","[""sok""]",pinned-relative,18.09.2026 12:22,0,1.0,2026-09-19T02:24:47.838766+03:00,"[{""price"":70.0,""api_unit_price"":140.0,""source_id"":""depot:sok-4707"",""market"":""sok"",""depot_name"":""Şok Minifevziçakmak"",""index_time"":""18.09.2026 12:22""}]","{""mode"":""pinned-relative"",""previous_prices"":{""depot:sok-4707"":70.0},""previous_level"":70.0,""link_factor"":1.0}"
2026-09-19,sugar_snacks,halva,Helva,id:0Y43,id:0Y43,Taşkale Tahin Helvası Sade 500 Gr,0.5,kg,70.0,140.0,140.0,1,140.0,0.0,api-refined,Helva Tahin ve Pekmez,main_category,1,1,"[""depot:sok-4707""]","[""sok""]",pinned-relative,18.09.2026 12:23,0,1.0,2026-09-19T02:24:47.838768+03:00,"[{""price"":70.0,""api_unit_price"":140.0,""source_id"":""depot:sok-4707"",""market"":""sok"",""depot_name"":""Şok Minifevziçakmak"",""index_time"":""18.09.2026 12:23""}]","{""mode"":""pinned-relative"",""previous_prices"":{""depot:sok-4707"":70.0},""previous_level"":70.0,""link_factor"":1.0}"
2026-09-19,sugar_snacks,halva,Helva,id:0A6I,id:16RO,Servet Şekerleme Sade Tahin Helvası 400 Gr,0.4,kg,366.95,917.375,159.8,1,917.375,0.0,api-refined,Helva Tahin ve Pekmez,main_category,1,1,"[""depot:migros-1991""]","[""migros""]",pinned-relative,18.09.2026 12:24,1,1.0,2026-09-19T02:24:47.838770+03:00,"[{""price"":366.95,""api_unit_price"":917.375,""source_id"":""depot:migros-1991"",""market"":""migros"",""depot_name"":""Çiçekçi M Migros"",""index_time"":""18.09.2026 12:24""}]","{""mode"":""pinned-relative"",""previous_prices"":{""depot:migros-1991"":366.95},""previous_level"":366.95,""link_factor"":0.1741926693009947}"
2026-09-19,sugar_snacks,halva,Helva,id:1XP0,id:1GTL,Servet Şekerleme Antep Fıstıklı Tahin Helvası 200 Gr,0.2,kg,199.95,999.75,132.946222,1,999.74994,0.0,api-refined,Helva Tahin ve Pekmez,main_category,1,1,"[""depot:migros-3296""]","[""migros""]",pinned-relative,18.09.2026 12:24,1,1.0,2026-09-19T02:24:47.838772+03:00,"[{""price"":199.95,""api_unit_price"":999.74994,""source_id"":""depot:migros-3296"",""market"":""migros"",""depot_name"":""Kadıköy Caferağa M Migros"",""index_time"":""18.09.2026 12:24""}]","{""mode"":""pinned-relative"",""previous_prices"":{""depot:migros-3296"":199.95},""previous_level"":199.95,""link_factor"":0.13297946640592262}"
2026-09-19,sugar_snacks,halva,Helva,id:1PT5,id:1PT5,Koska Fındık Püreli Tahin Helvası 200 Gr,0.2,kg,126.95,634.75,634.75,1,634.75,0.0,api-refined,Helva Tahin ve Pekmez,main_category,1,1,"[""depot:carrefour-1012""]","[""carrefour""]",pinned-relative,18.09.2026 12:27,0,1.0,2026-09-19T02:24:47.838775+03:00,"[{""price"":126.95,""api_unit_price"":634.75,""source_id"":""depot:carrefour-1012"",""market"":""carrefour"",""depot_name"":""Istanbul Acıbadem Hıper"",""index_time"":""18.09.2026 12:27""}]","{""mode"":""pinned-relative"",""previous_prices"":{""depot:carrefour-1012"":126.95},""previous_level"":126.95,""link_factor"":1.0}"
2026-09-19,sugar_snacks,halva,Helva,id:0S48,id:0S48,Taşkale Tahin Helvası Antep Fıstıklı 500 Gr,0.5,kg,150.0,300.0,300.0,1,300.0,0.0,api-refined,Helva Tahin ve Pekmez,main_category,1,1,"[""depot:sok-4707""]","[""sok""]",pinned-relative,18.09.2026 12:22,0,1.0,2026-09-19T02:24:47.838777+03:00,"[{""price"":150.0,""api_unit_price"":300.0,""source_id"":""depot:sok-4707"",""market"":""sok"",""depot_name"":""Şok Minifevziçakmak"",""index_time"":""18.09.2026 12:22""}]","{""mode"":""pinned-relative"",""previous_prices"":{""depot:sok-4707"":150.0},""previous_level"":150.0,""link_factor"":1.0}"
2026-09-19,sugar_snacks,halva,Helva,id:0XUB,id:1SNE,Torku Kakaolu Tahin Helva 500 Gr,0.5,kg,146.95,293.9,278.0,1,293.9,0.0,api-refined,Helva Tahin ve Pekmez,main_category,1,1,"[""depot:migros-1991""]","[""migros""]",pinned-relative,18.09.2026 12:24,1,1.1,2026-09-19T02:24:47.838779+03:00,"[{""price"":146.95,""api_unit_price"":293.9,""source_id"":""depot:migros-1991"",""market"":""migros"",""depot_name"":""Çiçekçi M Migros"",""index_time"":""18.09.2026 12:24""}]","{""mode"":""pinned-relative"",""previous_prices"":{""depot:migros-1991"":146.95},""previous_level"":146.95,""link_factor"":0.9458999659748214}"
2026-09-19,sugar_snacks,halva,Helva,id:1LTP,id:1LTP,Koska Kakaolu Tahin Helvası 500 Gr,0.5,kg,169.0,338.0,338.0,1,338.0,0.0,api-refined,Helva Tahin ve Pekmez,main_category,1,1,"[""depot:sok-4707""]","[""sok""]",pinned-relative,18.09.2026 12:27,0,1.0,2026-09-19T02:24:47.838781+03:00,"[{""price"":169.0,""api_unit_price"":338.0,""source_id"":""depot:sok-4707"",""market"":""sok"",""depot_name"":""Şok Minifevziçakmak"",""index_time"":""18.09.2026 12:27""}]","{""mode"":""pinned-relative"",""previous_prices"":{""depot:sok-4707"":169.0},""previous_level"":169.0,""link_factor"":1.0}"
2026-09-19,sugar_snacks,halva,Helva,id:1HJF,id:1HJF,Pol's Gurme Serisi Yerli Susam Tahin Helvası 300 Gr,0.3,kg,209.95,699.833333,699.833333,1,699.8333,0.0,api-refined,Helva Tahin ve Pekmez,main_category,1,1,"[""depot:migros-1991""]","[""migros""]",pinned-relative,18.09.2026 12:24,0,1.0,2026-09-19T02:24:47.838783+03:00,"[{""price"":209.95,""api_unit_price"":699.8333,""source_id"":""depot:migros-1991"",""market"":""migros"",""depot_name"":""Çiçekçi M Migros"",""index_time"":""18.09.2026 12:24""}]","{""mode"":""pinned-relative"",""previous_prices"":{""depot:migros-1991"":209.95},""previous_level"":209.95,""link_factor"":1.0}"
2026-09-19,sugar_snacks,halva,Helva,id:0IU8,id:1O5Y,Torku Antep Fıstıklı Tahin Helva 500 Gr,0.5,kg,321.5,643.0,249.9,1,643.0,0.0,api-refined,Helva Tahin ve Pekmez,main_category,1,1,"[""depot:migros-564""]","[""migros""]",pinned-relative,18.09.2026 12:24,1,1.1,2026-09-19T02:24:47.838785+03:00,"[{""price"":321.5,""api_unit_price"":643.0,""source_id"":""depot:migros-564"",""market"":""migros"",""depot_name"":""Kadıköy Çarşı M Migros"",""index_time"":""18.09.2026 12:24""}]","{""mode"":""pinned-relative"",""previous_prices"":{""depot:migros-564"":321.5},""previous_level"":321.5,""link_factor"":0.388646967340591}"
2026-09-19,sugar_snacks,halva,Helva,id:0EG7,id:0P7D,Pol's Gurme Antep Fıstıklı Tahin Helvası 300 Gr,0.3,kg,302.5,1008.333333,249.9,1,1008.3333,0.0,api-refined,Helva Tahin ve Pekmez,main_category,1,1,"[""depot:migros-1991""]","[""migros""]",pinned-relative,18.09.2026 12:24,1,1.0,2026-09-19T02:24:47.838787+03:00,"[{""price"":302.5,""api_unit_price"":1008.3333,""source_id"":""depot:migros-1991"",""market"":""migros"",""depot_name"":""Çiçekçi M Migros"",""index_time"":""18.09.2026 12:24""}]","{""mode"":""pinned-relative"",""previous_prices"":{""depot:migros-1991"":302.5},""previous_level"":302.5,""link_factor"":0.24783471082573047}"
2026-09-19,sugar_snacks,spread,Kakaolu fındık kreması,id:20JA,id:1ZUB,Nutella Kakaolu Fındık Kreması 400 Gr,0.4,kg,183.5,458.75,634.285714,2,458.75,0.0,api-refined,Çikolatalı Kremalar,sub_category,2,2,"[""depot:carrefour-5254"",""depot:migros-1991""]","[""carrefour"",""migros""]",pinned-relative,18.09.2026 12:26,1,1.05,2026-09-19T02:24:50.331088+03:00,"[{""price"":183.5,""api_unit_price"":458.75,""source_id"":""depot:migros-1991"",""market"":""migros"",""depot_name"":""Çiçekçi M Migros"",""index_time"":""18.09.2026 12:26""},{""price"":183.5,""api_unit_price"":458.75,""source_id"":""depot:carrefour-5254"",""market"":""carrefour"",""depot_name"":""Istanbul Üsküdar Salacak Mını"",""index_time"":""18.09.2026 12:26""}]","{""mode"":""pinned-relative"",""previous_prices"":{""depot:carrefour-5254"":183.5,""depot:migros-1991"":183.5},""previous_level"":183.5,""link_factor"":1.3826391585831062}"
2026-09-19,sugar_snacks,spread,Kakaolu fındık kreması,id:20NS,id:21MP,Ülker Çokokrem Tüp Kakaolu Fındık Kreması 40 Gr,0.04,kg,28.0,700.0,493.640114,4,700.0,0.0,api-refined,Çikolatalı Kremalar,sub_category,5,4,"[""depot:bim-5712"",""depot:migros-1991"",""depot:sok-4707"",""depot:tarim_kredi-7488""]","[""bim"",""migros"",""sok"",""tarim_kredi""]",pinned-relative,18.09.2026 12:27,1,1.05,2026-09-19T02:24:50.331099+03:00,"[{""price"":28.0,""api_unit_price"":700.0,""source_id"":""depot:sok-4707"",""market"":""sok"",""depot_name"":""Şok Minifevziçakmak"",""index_time"":""18.09.2026 12:27""},{""price"":28.0,""api_unit_price"":700.0,""source_id"":""depot:bim-5712"",""market"":""bim"",""depot_name"":""Çiçekçi  Üsküdar"",""index_time"":""18.09.2026 12:27""},{""price"":28.0,""api_unit_price"":700.0,""source_id"":""depot:tarim_kredi-7488"",""market"":""tarim_kredi"",""depot_name"":""Istanbul Kadıköy Kızıltoprak"",""index_time"":""18.09.2026 12:27""},{""price"":30.5,""api_unit_price"":762.5,""source_id"":""depot:migros-1991"",""market"":""migros"",""depot_name"":""Çiçekçi M Migros"",""index_time"":""18.09.2026 12:27""}]","{""mode"":""pinned-relative"",""previous_prices"":{""depot:bim-5712"":28.0,""depot:migros-1991"":30.5,""depot:sok-4707"":28.0,""depot:tarim_kredi-7488"":28.0},""previous_level"":31.321936678884093,""link_factor"":0.6304081628571429}"
2026-09-19,sugar_snacks,spread,Kakaolu fındık kreması,id:1W4A,id:1W4A,Torku Banada Kakaolu Fındık Kreması 400 Gr,0.4,kg,162.95,407.375,401.8125,1,407.37497,0.0,api-refined,Çikolatalı Kremalar,sub_category,1,1,"[""depot:migros-1991""]","[""migros""]",pinned-relative,18.09.2026 12:27,0,1.05,2026-09-19T02:24:50.331103+03:00,"[{""price"":162.95,""api_unit_price"":407.37497,""source_id"":""depot:migros-1991"",""market"":""migros"",""depot_name"":""Çiçekçi M Migros"",""index_time"":""18.09.2026 12:27""}]","{""mode"":""pinned-relative"",""previous_prices"":{""depot:migros-1991"":162.95},""previous_level"":160.725,""link_factor"":1.0}"
2026-09-19,sugar_snacks,spread,Kakaolu fındık kreması,id:1T2H,id:1T2H,Fiskobirlik Nuga Kakaolu Fındık Kreması 350 Gr,0.35,kg,161.95,462.714286,445.423733,2,462.714235,0.0,api-refined,Çikolatalı Kremalar,sub_category,2,2,"[""depot:carrefour-1012"",""depot:migros-3296""]","[""carrefour"",""migros""]",pinned-relative,18.09.2026 12:26,0,1.05,2026-09-19T02:24:50.331105+03:00,"[{""price"":117.95,""api_unit_price"":336.99997,""source_id"":""depot:carrefour-1012"",""market"":""carrefour"",""depot_name"":""Istanbul Acıbadem Hıper"",""index_time"":""18.09.2026 12:26""},{""price"":205.95,""api_unit_price"":588.4285,""source_id"":""depot:migros-3296"",""market"":""migros"",""depot_name"":""Kadıköy Caferağa M Migros"",""index_time"":""18.09.2026 12:26""}]","{""mode"":""pinned-relative"",""previous_prices"":{""depot:carrefour-1012"":117.95,""depot:migros-3296"":205.95},""previous_level"":155.89830661946124,""link_factor"":1.0}"
2026-09-19,sugar_snacks,spread,Kakaolu fındık kreması,id:09Q9,id:09Q9,Sarelle Kakaolu Fındık Kreması 700 Gr,0.7,kg,286.5,409.285714,409.285714,2,409.28571,0.0,api-refined,Çikolatalı Kremalar,sub_category,2,2,"[""depot:bim-5712"",""depot:hakmar-5521""]","[""bim"",""hakmar""]",pinned-relative,18.09.2026 12:25,0,1.05,2026-09-19T02:24:50.331108+03:00,"[{""price"":228.0,""api_unit_price"":325.7143,""source_id"":""depot:bim-5712"",""market"":""bim"",""depot_name"":""Çiçekçi  Üsküdar"",""index_time"":""18.09.2026 12:25""},{""price"":345.0,""api_unit_price"":492.85712,""source_id"":""depot:hakmar-5521"",""market"":""hakmar"",""depot_name"":""Ahmediye  Üsküdar"",""index_time"":""18.09.2026 12:25""}]","{""mode"":""pinned-relative"",""previous_prices"":{""depot:bim-5712"":228.0,""depot:hakmar-5521"":345.0},""previous_level"":286.5,""link_factor"":1.0}"
2026-09-19,sugar_snacks,spread,Kakaolu fındık kreması,id:1RC3,id:1RC3,Nutella Kakaolu Fındık Kreması 750 Gr,0.75,kg,314.95,419.933333,419.933333,2,419.93335,0.0,api-refined,Çikolatalı Kremalar,sub_category,2,2,"[""depot:carrefour-5254"",""depot:migros-1991""]","[""carrefour"",""migros""]",pinned-relative,18.09.2026 12:27,0,1.05,2026-09-19T02:24:50.331110+03:00,"[{""price"":314.95,""api_unit_price"":419.93335,""source_id"":""depot:migros-1991"",""market"":""migros"",""depot_name"":""Çiçekçi M Migros"",""index_time"":""18.09.2026 12:27""},{""price"":314.95,""api_unit_price"":419.93335,""source_id"":""depot:carrefour-5254"",""market"":""carrefour"",""depot_name"":""Istanbul Üsküdar Salacak Mını"",""index_time"":""18.09.2026 12:27""}]","{""mode"":""pinned-relative"",""previous_prices"":{""depot:carrefour-5254"":314.95,""depot:migros-1991"":314.95},""previous_level"":314.95,""link_factor"":1.0}"
2026-09-19,sugar_snacks,spread,Kakaolu fındık kreması,id:3X2H,id:3X2H,Fiskobirlik Nuga Kakaolu Fındık Kreması 700 Gr,0.7,kg,234.95,335.642857,335.642857,1,335.64285,0.0,api-refined,Çikolatalı Kremalar,sub_category,2,1,"[""depot:carrefour-1012""]","[""carrefour""]",pinned-relative,18.09.2026 12:28,0,1.05,2026-09-19T02:24:50.331112+03:00,"[{""price"":234.95,""api_unit_price"":335.64285,""source_id"":""depot:carrefour-1012"",""market"":""carrefour"",""depot_name"":""Istanbul Acıbadem Hıper"",""index_time"":""18.09.2026 12:28""}]","{""mode"":""pinned-relative"",""previous_prices"":{""depot:carrefour-1012"":234.95},""previous_level"":234.95,""link_factor"":1.0}"
2026-09-19,sugar_snacks,spread,Kakaolu fındık kreması,id:1Y2M,id:1Y2M,Çokokrem Kakaolu Fındık Kreması 20 Gr,0.02,kg,6.0,300.0,300.0,1,300.0,0.0,api-refined,Çikolatalı Kremalar,sub_category,1,1,"[""depot:bim-5712""]","[""bim""]",pinned-relative,18.09.2026 12:25,0,1.05,2026-09-19T02:24:50.331114+03:00,"[{""price"":6.0,""api_unit_price"":300.0,""source_id"":""depot:bim-5712"",""market"":""bim"",""depot_name"":""Çiçekçi  Üsküdar"",""index_time"":""18.09.2026 12:25""}]","{""mode"":""pinned-relative"",""previous_prices"":{""depot:bim-5712"":6.0},""previous_level"":6.0,""link_factor"":1.0}"
2026-09-19,sugar_snacks,spread,Kakaolu fındık kreması,id:114L,id:1G0M,Antebella Bomba Fıstık Ezmesi Kakaolu Fındık Kreması 320 Gr,0.32,kg,495.95,1549.84375,158.0,1,1549.8438,0.0,api-refined,Çikolatalı Kremalar,sub_category,1,1,"[""depot:migros-1991""]","[""migros""]",pinned-relative,18.09.2026 12:24,1,1.05,2026-09-19T02:24:50.331116+03:00,"[{""price"":495.95,""api_unit_price"":1549.8438,""source_id"":""depot:migros-1991"",""market"":""migros"",""depot_name"":""Çiçekçi M Migros"",""index_time"":""18.09.2026 12:24""}]","{""mode"":""pinned-relative"",""previous_prices"":{""depot:migros-1991"":495.95},""previous_level"":495.95,""link_factor"":0.101945760661357}"
2026-09-19,sugar_snacks,spread,Kakaolu fındık kreması,id:01A7,id:01A7,Seyidoğlu Boool Fındık Kreması 500 Gr,0.5,kg,79.5,159.0,159.0,1,159.0,0.0,api-refined,Çikolatalı Kremalar,sub_category,1,1,"[""depot:hakmar-5521""]","[""hakmar""]",pinned-relative,18.09.2026 12:25,0,1.05,2026-09-19T02:24:50.331118+03:00,"[{""price"":79.5,""api_unit_price"":159.0,""source_id"":""depot:hakmar-5521"",""market"":""hakmar"",""depot_name"":""Ahmediye  Üsküdar"",""index_time"":""18.09.2026 12:25""}]","{""mode"":""pinned-relative"",""previous_prices"":{""depot:hakmar-5521"":79.5},""previous_level"":79.5,""link_factor"":1.0}"
2026-09-19,sugar_snacks,spread,Kakaolu fındık kreması,id:1YEB,id:1YEB,Sayley Sütlü Fındık Kreması 500 Gr,0.5,kg,85.0,170.0,170.0,1,170.0,0.0,api-refined,Çikolatalı Kremalar,sub_category,1,1,"[""depot:bim-5712""]","[""bim""]",pinned-relative,18.09.2026 12:25,0,1.05,2026-09-19T02:24:50.331121+03:00,"[{""price"":85.0,""api_unit_price"":170.0,""source_id"":""depot:bim-5712"",""market"":""bim"",""depot_name"":""Çiçekçi  Üsküdar"",""index_time"":""18.09.2026 12:25""}]","{""mode"":""pinned-relative"",""previous_prices"":{""depot:bim-5712"":85.0},""previous_level"":85.0,""link_factor"":1.0}"
2026-09-19,sugar_snacks,spread,Kakaolu fındık kreması,id:0ARD,id:1SG7,Züber Nutziila Kakaolu Fındık Kreması 315 Gr,0.315,kg,334.475,1061.825397,234.963842,2,1061.8254,0.0,api-refined,Çikolatalı Kremalar,sub_category,3,2,"[""depot:bim-5712"",""depot:migros-1991""]","[""bim"",""migros""]",pinned-relative,18.09.2026 12:26,1,1.05,2026-09-19T02:24:50.331123+03:00,"[{""price"":279.0,""api_unit_price"":885.7143,""source_id"":""depot:bim-5712"",""market"":""bim"",""depot_name"":""Çiçekçi  Üsküdar"",""index_time"":""18.09.2026 12:26""},{""price"":389.95,""api_unit_price"":1237.9365,""source_id"":""depot:migros-1991"",""market"":""migros"",""depot_name"":""Çiçekçi M Migros"",""index_time"":""18.09.2026 12:26""}]","{""mode"":""pinned-relative"",""previous_prices"":{""depot:bim-5712"":279.0,""depot:migros-1991"":389.95},""previous_level"":337.78488621741127,""link_factor"":0.2191146300695415}"
2026-09-19,sugar_snacks,spread,Kakaolu fındık kreması,id:0ZNK,id:0ZNK,Karmen Kakaolu Fındık Kreması 400 Gr,0.4,kg,119.0,297.5,297.5,1,297.5,0.0,api-refined,Çikolatalı Kremalar,sub_category,1,1,"[""depot:sok-4707""]","[""sok""]",pinned-relative,18.09.2026 12:23,0,1.05,2026-09-19T02:24:50.331125+03:00,"[{""price"":119.0,""api_unit_price"":297.5,""source_id"":""depot:sok-4707"",""market"":""sok"",""depot_name"":""Şok Minifevziçakmak"",""index_time"":""18.09.2026 12:23""}]","{""mode"":""pinned-relative"",""previous_prices"":{""depot:sok-4707"":119.0},""previous_level"":119.0,""link_factor"":1.0}"
2026-09-19,sugar_snacks,spread,Kakaolu fındık kreması,id:07CH,id:07CH,Peripella Kakaolu Fındık Kreması 400 Gr,0.4,kg,119.0,297.5,297.5,1,297.5,0.0,api-refined,Çikolatalı Kremalar,sub_category,1,1,"[""depot:bim-5712""]","[""bim""]",pinned-relative,18.09.2026 12:25,0,1.05,2026-09-19T02:24:50.331127+03:00,"[{""price"":119.0,""api_unit_price"":297.5,""source_id"":""depot:bim-5712"",""market"":""bim"",""depot_name"":""Çiçekçi  Üsküdar"",""index_time"":""18.09.2026 12:25""}]","{""mode"":""pinned-relative"",""previous_prices"":{""depot:bim-5712"":119.0},""previous_level"":119.0,""link_factor"":1.0}"
2026-09-19,sugar_snacks,spread,Kakaolu fındık kreması,id:1A5P,id:1A5P,Peripella Kakaolu Fındık Kreması 630 Gr,0.63,kg,129.0,204.761905,204.761905,1,204.7619,0.0,api-refined,Çikolatalı Kremalar,sub_category,1,1,"[""depot:bim-5712""]","[""bim""]",pinned-relative,18.09.2026 12:25,0,1.05,2026-09-19T02:24:50.331129+03:00,"[{""price"":129.0,""api_unit_price"":204.7619,""source_id"":""depot:bim-5712"",""market"":""bim"",""depot_name"":""Çiçekçi  Üsküdar"",""index_time"":""18.09.2026 12:25""}]","{""mode"":""pinned-relative"",""previous_prices"":{""depot:bim-5712"":129.0},""previous_level"":129.0,""link_factor"":1.0}"
2026-09-19,sugar_snacks,spread,Kakaolu fındık kreması,id:29WG,id:29WG,Nutella Fındık Kreması 400 Gr,0.4,kg,189.0,472.5,472.5,1,472.5,0.0,api-refined,Çikolatalı Kremalar,sub_category,1,1,"[""depot:hakmar-5521""]","[""hakmar""]",pinned-relative,18.09.2026 12:25,0,1.05,2026-09-19T02:24:50.331131+03:00,"[{""price"":189.0,""api_unit_price"":472.5,""source_id"":""depot:hakmar-5521"",""market"":""hakmar"",""depot_name"":""Ahmediye  Üsküdar"",""index_time"":""18.09.2026 12:25""}]","{""mode"":""pinned-relative"",""previous_prices"":{""depot:hakmar-5521"":189.0},""previous_level"":189.0,""link_factor"":1.0}"
2026-09-19,sugar_snacks,spread,Kakaolu fındık kreması,id:1NB7,id:1NB7,Torku Banada Kakaolu Fındık Kreması 700 Gr,0.7,kg,199.0,284.285714,284.285714,1,284.28574,0.0,api-refined,Çikolatalı Kremalar,sub_category,1,1,"[""depot:migros-4479""]","[""migros""]",pinned-relative,18.09.2026 12:26,0,1.05,2026-09-19T02:24:50.331133+03:00,"[{""price"":199.0,""api_unit_price"":284.28574,""source_id"":""depot:migros-4479"",""market"":""migros"",""depot_name"":""Mjet Üsküdar Paşakapısı"",""index_time"":""18.09.2026 12:26""}]","{""mode"":""pinned-relative"",""previous_prices"":{""depot:migros-4479"":199.0},""previous_level"":199.0,""link_factor"":1.0}"
2026-09-19,sugar_snacks,spread,Kakaolu fındık kreması,id:0PNL,id:0PNL,Torku Banada Fındık Kreması 700 Gr,0.7,kg,259.0,370.0,370.0,1,370.0,0.0,api-refined,Çikolatalı Kremalar,sub_category,1,1,"[""depot:hakmar-5521""]","[""hakmar""]",pinned-relative,18.09.2026 12:25,0,1.05,2026-09-19T02:24:50.331135+03:00,"[{""price"":259.0,""api_unit_price"":370.0,""source_id"":""depot:hakmar-5521"",""market"":""hakmar"",""depot_name"":""Ahmediye  Üsküdar"",""index_time"":""18.09.2026 12:25""}]","{""mode"":""pinned-relative"",""previous_prices"":{""depot:hakmar-5521"":259.0},""previous_level"":259.0,""link_factor"":1.0}"
2026-09-19,sugar_snacks,spread,Kakaolu fındık kreması,id:0U4F,id:0U4F,Nutella Kakaolu Fındık Kreması 630 Gr,0.63,kg,265.0,420.634921,420.634921,1,420.63492,0.0,api-refined,Çikolatalı Kremalar,sub_category,1,1,"[""depot:bim-5712""]","[""bim""]",pinned-relative,18.09.2026 12:25,0,1.05,2026-09-19T02:24:50.331138+03:00,"[{""price"":265.0,""api_unit_price"":420.63492,""source_id"":""depot:bim-5712"",""market"":""bim"",""depot_name"":""Çiçekçi  Üsküdar"",""index_time"":""18.09.2026 12:25""}]","{""mode"":""pinned-relative"",""previous_prices"":{""depot:bim-5712"":265.0},""previous_level"":265.0,""link_factor"":1.0}"
2026-09-19,sugar_snacks,spread,Kakaolu fındık kreması,id:100Q,id:1NTG,Sarelle Duo Sütlü Kakaolu Fındık Kreması 350 Gr,0.35,kg,208.45,595.571429,376.0,2,595.5714,0.0,api-refined,Çikolatalı Kremalar,sub_category,2,2,"[""depot:carrefour-1012"",""depot:migros-1991""]","[""carrefour"",""migros""]",pinned-relative,18.09.2026 12:26,1,1.05,2026-09-19T02:24:50.331140+03:00,"[{""price"":208.45,""api_unit_price"":595.5714,""source_id"":""depot:migros-1991"",""market"":""migros"",""depot_name"":""Çiçekçi M Migros"",""index_time"":""18.09.2026 12:26""},{""price"":208.45,""api_unit_price"":595.5714,""source_id"":""depot:carrefour-1012"",""market"":""carrefour"",""depot_name"":""Istanbul Acıbadem Hıper"",""index_time"":""18.09.2026 12:26""}]","{""mode"":""pinned-relative"",""previous_prices"":{""depot:carrefour-1012"":208.45,""depot:migros-1991"":208.45},""previous_level"":208.45,""link_factor"":0.6313264567296764}"
2026-09-19,sugar_snacks,candy,Şekerleme,id:1WNM,id:1WNM,Haribo Mega Roulette Meyve Aromalı Yumuşak Şekerleme 45 Gr,0.045,kg,24.95,554.444444,527.222222,3,554.44446,0.0,api-refined,Sakız ve Şekerleme,main_category,4,3,"[""depot:carrefour-1012"",""depot:migros-4479"",""depot:sok-4707""]","[""carrefour"",""migros"",""sok""]",pinned-relative,18.09.2026 12:27,0,1.1,2026-09-19T02:25:00.402333+03:00,"[{""price"":22.5,""api_unit_price"":500.0,""source_id"":""depot:sok-4707"",""market"":""sok"",""depot_name"":""Şok Minifevziçakmak"",""index_time"":""18.09.2026 12:27""},{""price"":24.95,""api_unit_price"":554.44446,""source_id"":""depot:migros-4479"",""market"":""migros"",""depot_name"":""Mjet Üsküdar Paşakapısı"",""index_time"":""18.09.2026 12:27""},{""price"":25.0,""api_unit_price"":555.5556,""source_id"":""depot:carrefour-1012"",""market"":""carrefour"",""depot_name"":""Istanbul Acıbadem Hıper"",""index_time"":""18.09.2026 12:27""}]","{""mode"":""pinned-relative"",""previous_prices"":{""depot:carrefour-1012"":25.0,""depot:migros-4479"":24.95,""depot:sok-4707"":22.5},""previous_level"":23.725,""link_factor"":1.0}"
2026-09-19,sugar_snacks,candy,Şekerleme,id:1PLM,id:1PLM,Chupa Chups Fizzy Drinks Lolipop Şekerleme 15 Gr,0.015,kg,18.5,1233.333333,1846.574074,1,1233.3334,0.0,api-refined,Sakız ve Şekerleme,main_category,1,1,"[""depot:carrefour-1012""]","[""carrefour""]",pinned-relative,18.09.2026 12:26,0,1.1,2026-09-19T02:25:00.402344+03:00,"[{""price"":18.5,""api_unit_price"":1233.3334,""source_id"":""depot:carrefour-1012"",""market"":""carrefour"",""depot_name"":""Istanbul Acıbadem Hıper"",""index_time"":""18.09.2026 12:26""}]","{""mode"":""pinned-relative"",""previous_prices"":{""depot:carrefour-1012"":18.5},""previous_level"":27.69861111111111,""link_factor"":1.0}"
2026-09-19,sugar_snacks,candy,Şekerleme,id:1AQR,id:1TLO,Olips Şeftali Frambuaz ve Mentol Aromalı Şekerleme 28 Gr,0.028,kg,34.45,1230.357143,355.217778,1,1230.3572,0.0,api-refined,Sakız ve Şekerleme,main_category,1,1,"[""depot:carrefour-5254""]","[""carrefour""]",pinned-relative,18.09.2026 12:27,1,1.1,2026-09-19T02:25:00.402347+03:00,"[{""price"":34.45,""api_unit_price"":1230.3572,""source_id"":""depot:carrefour-5254"",""market"":""carrefour"",""depot_name"":""Istanbul Üsküdar Salacak Mını"",""index_time"":""18.09.2026 12:27""}]","{""mode"":""pinned-relative"",""previous_prices"":{""depot:carrefour-5254"":34.45},""previous_level"":34.45,""link_factor"":0.28871111095713187}"
2026-09-19,sugar_snacks,candy,Şekerleme,id:1B1Z,id:1B1Z,Migros Kürecik Meyve Aromalı Çiğnenebilir Şekerleme 25 Gr,0.025,kg,11.95,478.0,478.0,1,478.0,0.0,api-refined,Sakız ve Şekerleme,main_category,1,1,"[""depot:migros-1991""]","[""migros""]",pinned-relative,18.09.2026 12:24,0,1.1,2026-09-19T02:25:00.402350+03:00,"[{""price"":11.95,""api_unit_price"":478.0,""source_id"":""depot:migros-1991"",""market"":""migros"",""depot_name"":""Çiçekçi M Migros"",""index_time"":""18.09.2026 12:24""}]","{""mode"":""pinned-relative"",""previous_prices"":{""depot:migros-1991"":11.95},""previous_level"":11.95,""link_factor"":1.0}"
2026-09-19,sugar_snacks,candy,Şekerleme,id:1AKI,id:1AKI,Migros Kürecik Ekşi Kaplamalı Karışık Meyve Aromalı Şekerleme 25 Gr,0.025,kg,11.95,478.0,478.0,1,478.0,0.0,api-refined,Sakız ve Şekerleme,main_category,1,1,"[""depot:migros-1991""]","[""migros""]",pinned-relative,18.09.2026 12:24,0,1.1,2026-09-19T02:25:00.402352+03:00,"[{""price"":11.95,""api_unit_price"":478.0,""source_id"":""depot:migros-1991"",""market"":""migros"",""depot_name"":""Çiçekçi M Migros"",""index_time"":""18.09.2026 12:24""}]","{""mode"":""pinned-relative"",""previous_prices"":{""depot:migros-1991"":11.95},""previous_level"":11.95,""link_factor"":1.0}"
2026-09-19,sugar_snacks,candy,Şekerleme,id:1ARP,id:1ARP,Servet Şekerleme Susamlı Bar 20 Gr,0.02,kg,34.95,1747.5,1747.5,1,1747.5001,0.0,api-refined,Sakız ve Şekerleme,main_category,1,1,"[""depot:migros-4479""]","[""migros""]",pinned-relative,18.09.2026 12:24,0,1.1,2026-09-19T02:25:00.402354+03:00,"[{""price"":34.95,""api_unit_price"":1747.5001,""source_id"":""depot:migros-4479"",""market"":""migros"",""depot_name"":""Mjet Üsküdar Paşakapısı"",""index_time"":""18.09.2026 12:24""}]","{""mode"":""pinned-relative"",""previous_prices"":{""depot:migros-4479"":34.95},""previous_level"":34.95,""link_factor"":1.0}"
2026-09-19,sugar_snacks,candy,Şekerleme,id:1KR1,id:1KR1,Ülker Yupo Kolalı Şekerleme 80 Gr,0.08,kg,44.95,561.875,561.875,1,561.875,0.0,api-refined,Sakız ve Şekerleme,main_category,1,1,"[""depot:carrefour-5254""]","[""carrefour""]",pinned-relative,18.09.2026 12:26,0,1.1,2026-09-19T02:25:00.402356+03:00,"[{""price"":44.95,""api_unit_price"":561.875,""source_id"":""depot:carrefour-5254"",""market"":""carrefour"",""depot_name"":""Istanbul Üsküdar Salacak Mını"",""index_time"":""18.09.2026 12:26""}]","{""mode"":""pinned-relative"",""previous_prices"":{""depot:carrefour-5254"":44.95},""previous_level"":44.95000000000001,""link_factor"":1.0}"
2026-09-19,sugar_snacks,candy,Şekerleme,id:0KBE,id:0KBE,Haribo Ekşili Solucan Karışık Yumuşak Şekerleme 70 Gr,0.07,kg,41.95,599.285714,599.285714,1,599.2857,0.0,api-refined,Sakız ve Şekerleme,main_category,1,1,"[""depot:migros-1991""]","[""migros""]",pinned-relative,18.09.2026 12:24,0,1.1,2026-09-19T02:25:00.402358+03:00,"[{""price"":41.95,""api_unit_price"":599.2857,""source_id"":""depot:migros-1991"",""market"":""migros"",""depot_name"":""Çiçekçi M Migros"",""index_time"":""18.09.2026 12:24""}]","{""mode"":""pinned-relative"",""previous_prices"":{""depot:migros-1991"":41.95},""previous_level"":41.95,""link_factor"":1.0}"
2026-09-19,sugar_snacks,candy,Şekerleme,id:0L4E,id:0L4E,Haribo Sour Goldbears Meyve Sulu Şekerleme 70 Gr,0.07,kg,41.95,599.285714,599.285714,1,599.2857,0.0,api-refined,Sakız ve Şekerleme,main_category,1,1,"[""depot:migros-1991""]","[""migros""]",pinned-relative,18.09.2026 12:24,0,1.1,2026-09-19T02:25:00.402360+03:00,"[{""price"":41.95,""api_unit_price"":599.2857,""source_id"":""depot:migros-1991"",""market"":""migros"",""depot_name"":""Çiçekçi M Migros"",""index_time"":""18.09.2026 12:24""}]","{""mode"":""pinned-relative"",""previous_prices"":{""depot:migros-1991"":41.95},""previous_level"":41.95,""link_factor"":1.0}"
2026-09-19,sugar_snacks,candy,Şekerleme,id:0X6O,id:0X6O,Mentos 2 Saat Yoğun Nane Aromalı Tablet Şekerleme 21 Gr,0.021,kg,54.45,2592.857143,2592.857143,1,2592.8572,0.0,api-refined,Sakız ve Şekerleme,main_category,1,1,"[""depot:migros-4479""]","[""migros""]",pinned-relative,18.09.2026 12:24,0,1.1,2026-09-19T02:25:00.402362+03:00,"[{""price"":54.45,""api_unit_price"":2592.8572,""source_id"":""depot:migros-4479"",""market"":""migros"",""depot_name"":""Mjet Üsküdar Paşakapısı"",""index_time"":""18.09.2026 12:24""}]","{""mode"":""pinned-relative"",""previous_prices"":{""depot:migros-4479"":54.45},""previous_level"":54.45,""link_factor"":1.0}"
2026-09-19,sugar_snacks,candy,Şekerleme,id:0U3W,id:0U3W,Flipperz SpongeBob Meyve Aromalı Şekerleme 10 Gr,0.01,kg,109.95,10995.0,10995.0,1,10995.0,0.0,api-refined,Sakız ve Şekerleme,main_category,1,1,"[""depot:migros-1991""]","[""migros""]",pinned-relative,18.09.2026 12:24,0,1.1,2026-09-19T02:25:00.402364+03:00,"[{""price"":109.95,""api_unit_price"":10995.0,""source_id"":""depot:migros-1991"",""market"":""migros"",""depot_name"":""Çiçekçi M Migros"",""index_time"":""18.09.2026 12:24""}]","{""mode"":""pinned-relative"",""previous_prices"":{""depot:migros-1991"":109.95},""previous_level"":109.95000000000002,""link_factor"":1.0}"
2026-09-19,sugar_snacks,candy,Şekerleme,id:0WJ4,id:0WJ4,Flipperz Hello Kitty Meyve Aromalı Şekerleme 10 Gr,0.01,kg,109.95,10995.0,10995.0,1,10995.0,0.0,api-refined,Sakız ve Şekerleme,main_category,1,1,"[""depot:migros-1991""]","[""migros""]",pinned-relative,18.09.2026 12:24,0,1.1,2026-09-19T02:25:00.402367+03:00,"[{""price"":109.95,""api_unit_price"":10995.0,""source_id"":""depot:migros-1991"",""market"":""migros"",""depot_name"":""Çiçekçi M Migros"",""index_time"":""18.09.2026 12:24""}]","{""mode"":""pinned-relative"",""previous_prices"":{""depot:migros-1991"":109.95},""previous_level"":109.95000000000002,""link_factor"":1.0}"
2026-09-19,sugar_snacks,candy,Şekerleme,id:0TUB,id:0TUB,Flipperz Paw Patrol Meyve Aromalı Şekerleme 10 Gr,0.01,kg,109.95,10995.0,10995.0,1,10995.0,0.0,api-refined,Sakız ve Şekerleme,main_category,1,1,"[""depot:migros-1991""]","[""migros""]",pinned-relative,18.09.2026 12:24,0,1.1,2026-09-19T02:25:00.402369+03:00,"[{""price"":109.95,""api_unit_price"":10995.0,""source_id"":""depot:migros-1991"",""market"":""migros"",""depot_name"":""Çiçekçi M Migros"",""index_time"":""18.09.2026 12:24""}]","{""mode"":""pinned-relative"",""previous_prices"":{""depot:migros-1991"":109.95},""previous_level"":109.95000000000002,""link_factor"":1.0}"
2026-09-19,sugar_snacks,candy,Şekerleme,id:1BEG,id:1BEG,Servet Şekerleme Antep Fıstığı Bar 20 Gr,0.02,kg,109.95,5497.5,5497.5,1,5497.5,0.0,api-refined,Sakız ve Şekerleme,main_category,1,1,"[""depot:migros-1991""]","[""migros""]",pinned-relative,18.09.2026 12:24,0,1.1,2026-09-19T02:25:00.402371+03:00,"[{""price"":109.95,""api_unit_price"":5497.5,""source_id"":""depot:migros-1991"",""market"":""migros"",""depot_name"":""Çiçekçi M Migros"",""index_time"":""18.09.2026 12:24""}]","{""mode"":""pinned-relative"",""previous_prices"":{""depot:migros-1991"":109.95},""previous_level"":109.95,""link_factor"":1.0}"
2026-09-19,sugar_snacks,candy,Şekerleme,id:0TUC,id:0TUC,Haribo Happy Kola Aromalı Yumuşak Şekerleme 200 Gr,0.2,kg,114.45,572.25,572.25,1,572.25,0.0,api-refined,Sakız ve Şekerleme,main_category,1,1,"[""depot:migros-1991""]","[""migros""]",pinned-relative,18.09.2026 12:24,0,1.1,2026-09-19T02:25:00.402373+03:00,"[{""price"":114.45,""api_unit_price"":572.25,""source_id"":""depot:migros-1991"",""market"":""migros"",""depot_name"":""Çiçekçi M Migros"",""index_time"":""18.09.2026 12:24""}]","{""mode"":""pinned-relative"",""previous_prices"":{""depot:migros-1991"":114.45},""previous_level"":114.45,""link_factor"":1.0}"
2026-09-19,sugar_snacks,candy,Şekerleme,id:0UTX,id:0UTX,Haribo Starmix Meyve Ve Kola Aromalı Şekerleme 200 Gr,0.2,kg,114.45,572.25,572.25,1,572.25,0.0,api-refined,Sakız ve Şekerleme,main_category,1,1,"[""depot:migros-1991""]","[""migros""]",pinned-relative,18.09.2026 12:24,0,1.1,2026-09-19T02:25:00.402375+03:00,"[{""price"":114.45,""api_unit_price"":572.25,""source_id"":""depot:migros-1991"",""market"":""migros"",""depot_name"":""Çiçekçi M Migros"",""index_time"":""18.09.2026 12:24""}]","{""mode"":""pinned-relative"",""previous_prices"":{""depot:migros-1991"":114.45},""previous_level"":114.45,""link_factor"":1.0}"
2026-09-19,other_food,tomato_paste,Salça,id:1I61,id:1I61,Tat Domates Salçası 830 Gr,0.83,kg,80.925,97.5,97.5,4,97.5,0.0,api-refined,Salça,main_category,4,4,"[""depot:bim-5712"",""depot:carrefour-5254"",""depot:migros-1991"",""depot:sok-4707""]","[""bim"",""carrefour"",""migros"",""sok""]",pinned-relative,18.09.2026 12:27,0,1.05,2026-09-19T02:25:02.858161+03:00,"[{""price"":59.5,""api_unit_price"":71.686745,""source_id"":""depot:bim-5712"",""market"":""bim"",""depot_name"":""Çiçekçi  Üsküdar"",""index_time"":""18.09.2026 12:27""},{""price"":79.9,""api_unit_price"":96.26506,""source_id"":""depot:sok-4707"",""market"":""sok"",""depot_name"":""Şok Minifevziçakmak"",""index_time"":""18.09.2026 12:27""},{""price"":81.95,""api_unit_price"":98.73494,""source_id"":""depot:migros-1991"",""market"":""migros"",""depot_name"":""Çiçekçi M Migros"",""index_time"":""18.09.2026 12:27""},{""price"":81.95,""api_unit_price"":98.73494,""source_id"":""depot:carrefour-5254"",""market"":""carrefour"",""depot_name"":""Istanbul Üsküdar Salacak Mını"",""index_time"":""18.09.2026 12:27""}]","{""mode"":""pinned-relative"",""previous_prices"":{""depot:bim-5712"":59.5,""depot:carrefour-5254"":81.95,""depot:migros-1991"":81.95,""depot:sok-4707"":79.9},""previous_level"":80.925,""link_factor"":1.0}"
2026-09-19,other_food,tomato_paste,Salça,id:20PN,id:20PN,Tukaş Domates Salçası 1.65 Kg,1.65,kg,134.975,81.80303,81.818182,2,81.80303,0.0,api-refined,Salça,main_category,2,2,"[""depot:bim-5712"",""depot:migros-1991""]","[""bim"",""migros""]",pinned-relative,18.09.2026 12:27,0,1.05,2026-09-19T02:25:02.858174+03:00,"[{""price"":134.95,""api_unit_price"":81.78788,""source_id"":""depot:migros-1991"",""market"":""migros"",""depot_name"":""Çiçekçi M Migros"",""index_time"":""18.09.2026 12:27""},{""price"":135.0,""api_unit_price"":81.81818,""source_id"":""depot:bim-5712"",""market"":""bim"",""depot_name"":""Çiçekçi  Üsküdar"",""index_time"":""18.09.2026 12:27""}]","{""mode"":""pinned-relative"",""previous_prices"":{""depot:bim-5712"":135.0,""depot:migros-1991"":134.95},""previous_level"":135.0,""link_factor"":1.0}"
2026-09-19,other_food,tomato_paste,Salça,id:1ZHR,id:1ZHR,Tat Domates Salçası 1.5 Kg,1.5,kg,194.475,129.65,99.966667,2,129.649997,0.0,api-refined,Salça,main_category,3,2,"[""depot:bim-5712"",""depot:migros-1991""]","[""bim"",""migros""]",pinned-relative,18.09.2026 12:27,0,1.05,2026-09-19T02:25:02.858177+03:00,"[{""price"":139.0,""api_unit_price"":92.666664,""source_id"":""depot:bim-5712"",""market"":""bim"",""depot_name"":""Çiçekçi  Üsküdar"",""index_time"":""18.09.2026 12:27""},{""price"":249.95,""api_unit_price"":166.63333,""source_id"":""depot:migros-1991"",""market"":""migros"",""depot_name"":""Çiçekçi M Migros"",""index_time"":""18.09.2026 12:27""}]","{""mode"":""pinned-relative"",""previous_prices"":{""depot:bim-5712"":139.0,""depot:migros-1991"":249.95},""previous_level"":149.95,""link_factor"":1.0}"
2026-09-19,other_food,tomato_paste,Salça,id:20VU,id:20VU,Öncü Domates Salçası 1.65 Kg,1.65,kg,217.95,132.090909,144.65143,2,132.090908,0.0,api-refined,Salça,main_category,2,2,"[""depot:carrefour-5254"",""depot:migros-1991""]","[""carrefour"",""migros""]",pinned-relative,18.09.2026 12:27,0,1.05,2026-09-19T02:25:02.858180+03:00,"[{""price"":195.95,""api_unit_price"":118.757576,""source_id"":""depot:carrefour-5254"",""market"":""carrefour"",""depot_name"":""Istanbul Üsküdar Salacak Mını"",""index_time"":""18.09.2026 12:27""},{""price"":239.95,""api_unit_price"":145.42424,""source_id"":""depot:migros-1991"",""market"":""migros"",""depot_name"":""Çiçekçi M Migros"",""index_time"":""18.09.2026 12:27""}]","{""mode"":""pinned-relative"",""previous_prices"":{""depot:carrefour-5254"":195.95,""depot:migros-1991"":239.95},""previous_level"":238.6748595940841,""link_factor"":1.0}"
2026-09-19,other_food,tomato_paste,Salça,id:0NOS,id:0NOS,Tamek Domates Salçası 830 Gr,0.83,kg,92.95,111.987952,98.13253,1,111.987946,0.0,api-refined,Salça,main_category,2,1,"[""depot:migros-564""]","[""migros""]",pinned-relative,18.09.2026 12:27,0,1.05,2026-09-19T02:25:02.858182+03:00,"[{""price"":92.95,""api_unit_price"":111.987946,""source_id"":""depot:migros-564"",""market"":""migros"",""depot_name"":""Kadıköy Çarşı M Migros"",""index_time"":""18.09.2026 12:27""}]","{""mode"":""pinned-relative"",""previous_prices"":{""depot:migros-564"":92.95},""previous_level"":81.45,""link_factor"":1.0}"
2026-09-19,other_food,tomato_paste,Salça,id:1RO6,id:1RO6,Tamek Domates Salçası Cam 700 Gr,0.7,kg,102.95,147.071429,148.5,1,147.07143,0.0,api-refined,Salça,main_category,2,1,"[""depot:migros-1991""]","[""migros""]",pinned-relative,18.09.2026 12:27,0,1.05,2026-09-19T02:25:02.858184+03:00,"[{""price"":102.95,""api_unit_price"":147.07143,""source_id"":""depot:migros-1991"",""market"":""migros"",""depot_name"":""Çiçekçi M Migros"",""index_time"":""18.09.2026 12:27""}]","{""mode"":""pinned-relative"",""previous_prices"":{""depot:migros-1991"":102.95},""previous_level"":103.95,""link_factor"":1.0}"
2026-09-19,other_food,tomato_paste,Salça,id:1UKT,id:1UKT,Tamek Domates Salçası 1.5 Kg,1.5,kg,142.475,94.983333,97.375373,2,94.983335,0.0,api-refined,Salça,main_category,2,2,"[""depot:bim-5712"",""depot:carrefour-1012""]","[""bim"",""carrefour""]",pinned-relative,18.09.2026 12:27,0,1.05,2026-09-19T02:25:02.858186+03:00,"[{""price"":129.0,""api_unit_price"":86.0,""source_id"":""depot:bim-5712"",""market"":""bim"",""depot_name"":""Çiçekçi  Üsküdar"",""index_time"":""18.09.2026 12:27""},{""price"":155.95,""api_unit_price"":103.96667,""source_id"":""depot:carrefour-1012"",""market"":""carrefour"",""depot_name"":""Istanbul Acıbadem Hıper"",""index_time"":""18.09.2026 12:27""}]","{""mode"":""pinned-relative"",""previous_prices"":{""depot:bim-5712"":129.0,""depot:carrefour-1012"":155.95},""previous_level"":146.06305927142657,""link_factor"":1.0}"
2026-09-19,other_food,tomato_paste,Salça,id:1ZKZ,id:1ZKZ,Tat Domates Salçası 170 Gr,0.17,kg,39.95,235.0,235.0,1,235.0,0.0,api-refined,Salça,main_category,1,1,"[""depot:carrefour-1012""]","[""carrefour""]",pinned-relative,18.09.2026 12:26,0,1.05,2026-09-19T02:25:02.858188+03:00,"[{""price"":39.95,""api_unit_price"":235.0,""source_id"":""depot:carrefour-1012"",""market"":""carrefour"",""depot_name"":""Istanbul Acıbadem Hıper"",""index_time"":""18.09.2026 12:26""}]","{""mode"":""pinned-relative"",""previous_prices"":{""depot:carrefour-1012"":39.95},""previous_level"":39.95,""link_factor"":1.0}"
2026-09-19,other_food,tomato_paste,Salça,id:0TO8,id:0TO8,Migros Domates Salçası 830 Gr,0.83,kg,55.95,67.409639,67.409639,1,67.409645,0.0,api-refined,Salça,main_category,1,1,"[""depot:migros-1991""]","[""migros""]",pinned-relative,18.09.2026 12:27,0,1.05,2026-09-19T02:25:02.858190+03:00,"[{""price"":55.95,""api_unit_price"":67.409645,""source_id"":""depot:migros-1991"",""market"":""migros"",""depot_name"":""Çiçekçi M Migros"",""index_time"":""18.09.2026 12:27""}]","{""mode"":""pinned-relative"",""previous_prices"":{""depot:migros-1991"":55.95},""previous_level"":55.95,""link_factor"":1.0}"
2026-09-19,other_food,tomato_paste,Salça,id:0X7M,id:0X7M,Bizim Vatan Domates Salçası 830 Gr,0.83,kg,55.0,66.26506,66.26506,1,66.26506,0.0,api-refined,Salça,main_category,1,1,"[""depot:sok-4707""]","[""sok""]",pinned-relative,18.09.2026 12:22,0,1.05,2026-09-19T02:25:02.858192+03:00,"[{""price"":55.0,""api_unit_price"":66.26506,""source_id"":""depot:sok-4707"",""market"":""sok"",""depot_name"":""Şok Minifevziçakmak"",""index_time"":""18.09.2026 12:22""}]","{""mode"":""pinned-relative"",""previous_prices"":{""depot:sok-4707"":55.0},""previous_level"":55.0,""link_factor"":1.0}"
2026-09-19,other_food,tomato_paste,Salça,id:02YV,id:02YV,Yurda Domates Salçası 830 Gr,0.83,kg,55.0,66.26506,66.26506,1,66.26506,0.0,api-refined,Salça,main_category,1,1,"[""depot:hakmar-5521""]","[""hakmar""]",pinned-relative,18.09.2026 12:25,0,1.05,2026-09-19T02:25:02.858194+03:00,"[{""price"":55.0,""api_unit_price"":66.26506,""source_id"":""depot:hakmar-5521"",""market"":""hakmar"",""depot_name"":""Ahmediye  Üsküdar"",""index_time"":""18.09.2026 12:25""}]","{""mode"":""pinned-relative"",""previous_prices"":{""depot:hakmar-5521"":55.0},""previous_level"":55.0,""link_factor"":1.0}"
2026-09-19,other_food,tomato_paste,Salça,id:1ZZK,id:1ZZK,Tat Cam Domates Salçası 360 Gr,0.36,kg,69.95,194.305556,194.305556,1,194.30556,0.0,api-refined,Salça,main_category,1,1,"[""depot:carrefour-1012""]","[""carrefour""]",pinned-relative,18.09.2026 12:26,0,1.05,2026-09-19T02:25:02.858197+03:00,"[{""price"":69.95,""api_unit_price"":194.30556,""source_id"":""depot:carrefour-1012"",""market"":""carrefour"",""depot_name"":""Istanbul Acıbadem Hıper"",""index_time"":""18.09.2026 12:26""}]","{""mode"":""pinned-relative"",""previous_prices"":{""depot:carrefour-1012"":69.95},""previous_level"":69.95,""link_factor"":1.0}"
2026-09-19,other_food,tomato_paste,Salça,id:08IJ,id:08IJ,Kazova Cam Domates Salçası 720 Gr,0.72,kg,79.5,110.416667,110.416667,1,110.416664,0.0,api-refined,Salça,main_category,1,1,"[""depot:hakmar-5521""]","[""hakmar""]",pinned-relative,18.09.2026 12:25,0,1.05,2026-09-19T02:25:02.858199+03:00,"[{""price"":79.5,""api_unit_price"":110.416664,""source_id"":""depot:hakmar-5521"",""market"":""hakmar"",""depot_name"":""Ahmediye  Üsküdar"",""index_time"":""18.09.2026 12:25""}]","{""mode"":""pinned-relative"",""previous_prices"":{""depot:hakmar-5521"":79.5},""previous_level"":79.5,""link_factor"":1.0}"
2026-09-19,other_food,tomato_paste,Salça,id:1WRY,id:1WRY,Tukaş Domates Salçası 830 Gr,0.83,kg,96.95,116.807229,116.807229,1,116.80722,0.0,api-refined,Salça,main_category,1,1,"[""depot:migros-1991""]","[""migros""]",pinned-relative,18.09.2026 12:27,0,1.05,2026-09-19T02:25:02.858201+03:00,"[{""price"":96.95,""api_unit_price"":116.80722,""source_id"":""depot:migros-1991"",""market"":""migros"",""depot_name"":""Çiçekçi M Migros"",""index_time"":""18.09.2026 12:27""}]","{""mode"":""pinned-relative"",""previous_prices"":{""depot:migros-1991"":96.95},""previous_level"":96.95,""link_factor"":1.0}"
2026-09-19,other_food,tomato_paste,Salça,id:1YQD,id:1YQD,Tukaş Domates Salçası Cam 700 Gr,0.7,kg,107.95,154.214286,154.214286,1,154.21428,0.0,api-refined,Salça,main_category,1,1,"[""depot:migros-1991""]","[""migros""]",pinned-relative,18.09.2026 12:27,0,1.05,2026-09-19T02:25:02.858203+03:00,"[{""price"":107.95,""api_unit_price"":154.21428,""source_id"":""depot:migros-1991"",""market"":""migros"",""depot_name"":""Çiçekçi M Migros"",""index_time"":""18.09.2026 12:27""}]","{""mode"":""pinned-relative"",""previous_prices"":{""depot:migros-1991"":107.95},""previous_level"":107.95,""link_factor"":1.0}"
2026-09-19,other_food,tomato_paste,Salça,id:3X5R,id:3X5R,Tat Domates Salçası Cam 710 Gr,0.71,kg,109.95,154.859155,154.859155,1,154.85916,0.0,api-refined,Salça,main_category,1,1,"[""depot:migros-1991""]","[""migros""]",pinned-relative,18.09.2026 12:24,0,1.05,2026-09-19T02:25:02.858205+03:00,"[{""price"":109.95,""api_unit_price"":154.85916,""source_id"":""depot:migros-1991"",""market"":""migros"",""depot_name"":""Çiçekçi M Migros"",""index_time"":""18.09.2026 12:24""}]","{""mode"":""pinned-relative"",""previous_prices"":{""depot:migros-1991"":109.95},""previous_level"":109.95,""link_factor"":1.0}"
2026-09-19,other_food,tomato_paste,Salça,id:239B,id:239B,Tat Domates Salçası 710 Gr,0.71,kg,77.95,109.788732,109.788732,1,109.788734,0.0,api-refined,Salça,main_category,1,1,"[""depot:carrefour-5254""]","[""carrefour""]",pinned-relative,18.09.2026 12:27,0,1.05,2026-09-19T02:25:02.858207+03:00,"[{""price"":77.95,""api_unit_price"":109.788734,""source_id"":""depot:carrefour-5254"",""market"":""carrefour"",""depot_name"":""Istanbul Üsküdar Salacak Mını"",""index_time"":""18.09.2026 12:27""}]","{""mode"":""pinned-relative"",""previous_prices"":{""depot:carrefour-5254"":77.95},""previous_level"":77.95,""link_factor"":1.0}"
2026-09-19,other_food,tomato_paste,Salça,id:0L4Y,id:0L4Y,Öncü Domates Salçası Cam 700 Gr,0.7,kg,119.95,171.357143,171.357143,1,171.35715,0.0,api-refined,Salça,main_category,1,1,"[""depot:migros-6679""]","[""migros""]",pinned-relative,18.09.2026 12:24,0,1.05,2026-09-19T02:25:02.858209+03:00,"[{""price"":119.95,""api_unit_price"":171.35715,""source_id"":""depot:migros-6679"",""market"":""migros"",""depot_name"":""Mjet Kadıköy Rasımpaşa Istanbu"",""index_time"":""18.09.2026 12:24""}]","{""mode"":""pinned-relative"",""previous_prices"":{""depot:migros-6679"":119.95},""previous_level"":119.95,""link_factor"":1.0}"
2026-09-19,other_food,tomato_paste,Salça,id:1S3N,id:1S3N,Tat Köy Domates Salçası 560 Gr,0.56,kg,149.95,267.767857,267.767857,1,267.76785,0.0,api-refined,Salça,main_category,2,1,"[""depot:carrefour-1012""]","[""carrefour""]",pinned-relative,18.09.2026 12:27,0,1.05,2026-09-19T02:25:02.858211+03:00,"[{""price"":149.95,""api_unit_price"":267.76785,""source_id"":""depot:carrefour-1012"",""market"":""carrefour"",""depot_name"":""Istanbul Acıbadem Hıper"",""index_time"":""18.09.2026 12:27""}]","{""mode"":""pinned-relative"",""previous_prices"":{""depot:carrefour-1012"":149.95},""previous_level"":149.95,""link_factor"":1.0}"
2026-09-19,other_food,tomato_paste,Salça,id:17Q2,id:17Q2,City Farm Organik Domates Salçası 650 Gr,0.65,kg,169.95,261.461538,261.461538,1,261.46152,0.0,api-refined,Salça,main_category,1,1,"[""depot:carrefour-1012""]","[""carrefour""]",pinned-relative,18.09.2026 12:26,0,1.05,2026-09-19T02:25:02.858213+03:00,"[{""price"":169.95,""api_unit_price"":261.46152,""source_id"":""depot:carrefour-1012"",""market"":""carrefour"",""depot_name"":""Istanbul Acıbadem Hıper"",""index_time"":""18.09.2026 12:26""}]","{""mode"":""pinned-relative"",""previous_prices"":{""depot:carrefour-1012"":169.95},""previous_level"":169.95,""link_factor"":1.0}"
2026-09-19,other_food,tomato_paste,Salça,id:0ZHG,id:0ZHG,Bizim Vatan Domates Salçası 4.3 Kg,4.3,kg,275.0,63.953488,63.953488,1,63.953487,0.0,api-refined,Salça,main_category,1,1,"[""depot:sok-4707""]","[""sok""]",pinned-relative,18.09.2026 12:22,0,1.05,2026-09-19T02:25:02.858215+03:00,"[{""price"":275.0,""api_unit_price"":63.953487,""source_id"":""depot:sok-4707"",""market"":""sok"",""depot_name"":""Şok Minifevziçakmak"",""index_time"":""18.09.2026 12:22""}]","{""mode"":""pinned-relative"",""previous_prices"":{""depot:sok-4707"":275.0},""previous_level"":275.0,""link_factor"":1.0}"
2026-09-19,other_food,lentils,Mercimek,id:0RDI,id:0RDI,Yayla Yeşil Mercimek 1 Kg,1.0,kg,107.95,107.95,93.725,1,107.95,0.0,api-refined,Bakliyat,main_category,1,1,"[""depot:migros-1991""]","[""migros""]",pinned-relative,18.09.2026 12:27,0,1.1,2026-09-19T02:25:05.372927+03:00,"[{""price"":107.95,""api_unit_price"":107.95,""source_id"":""depot:migros-1991"",""market"":""migros"",""depot_name"":""Çiçekçi M Migros"",""index_time"":""18.09.2026 12:27""}]","{""mode"":""pinned-relative"",""previous_prices"":{""depot:migros-1991"":107.95},""previous_level"":93.725,""link_factor"":1.0}"
2026-09-19,other_food,lentils,Mercimek,id:1TUZ,id:1TUZ,Hasata Mardin Kırmızı Mercimek 1 Kg,1.0,kg,114.95,114.95,107.870879,1,114.95,0.0,api-refined,Bakliyat,main_category,2,1,"[""depot:carrefour-5036""]","[""carrefour""]",pinned-relative,18.09.2026 12:27,0,1.1,2026-09-19T02:25:05.372939+03:00,"[{""price"":114.95,""api_unit_price"":114.95,""source_id"":""depot:carrefour-5036"",""market"":""carrefour"",""depot_name"":""Istanbul Moda Caddesı Mını"",""index_time"":""18.09.2026 12:27""}]","{""mode"":""pinned-relative"",""previous_prices"":{""depot:carrefour-5036"":114.95},""previous_level"":107.87087902447584,""link_factor"":1.0}"
2026-09-19,other_food,lentils,Mercimek,id:1T24,id:1T24,Reis Kırmızı Mercimek 1 Kg,1.0,kg,178.95,178.95,179.643153,2,178.95,0.0,api-refined,Bakliyat,main_category,2,2,"[""depot:carrefour-1012"",""depot:migros-1991""]","[""carrefour"",""migros""]",pinned-relative,18.09.2026 12:27,0,1.1,2026-09-19T02:25:05.372943+03:00,"[{""price"":162.95,""api_unit_price"":162.95,""source_id"":""depot:carrefour-1012"",""market"":""carrefour"",""depot_name"":""Istanbul Acıbadem Hıper"",""index_time"":""18.09.2026 12:27""},{""price"":194.95,""api_unit_price"":194.95,""source_id"":""depot:migros-1991"",""market"":""migros"",""depot_name"":""Çiçekçi M Migros"",""index_time"":""18.09.2026 12:27""}]","{""mode"":""pinned-relative"",""previous_prices"":{""depot:carrefour-1012"":162.95,""depot:migros-1991"":194.95},""previous_level"":179.64315330048015,""link_factor"":1.0}"
2026-09-19,other_food,lentils,Mercimek,id:0U0T,id:0U0T,Reis Yeşil Mercimek 1 Kg,1.0,kg,165.95,165.95,163.900587,2,165.95,0.0,api-refined,Bakliyat,main_category,2,2,"[""depot:carrefour-1012"",""depot:migros-1991""]","[""carrefour"",""migros""]",pinned-relative,18.09.2026 12:27,0,1.1,2026-09-19T02:25:05.372945+03:00,"[{""price"":139.95,""api_unit_price"":139.95,""source_id"":""depot:migros-1991"",""market"":""migros"",""depot_name"":""Çiçekçi M Migros"",""index_time"":""18.09.2026 12:27""},{""price"":191.95,""api_unit_price"":191.95,""source_id"":""depot:carrefour-1012"",""market"":""carrefour"",""depot_name"":""Istanbul Acıbadem Hıper"",""index_time"":""18.09.2026 12:27""}]","{""mode"":""pinned-relative"",""previous_prices"":{""depot:carrefour-1012"":191.95,""depot:migros-1991"":139.95},""previous_level"":163.9005872472701,""link_factor"":1.0}"
2026-09-19,other_food,lentils,Mercimek,id:052U,id:052U,Saban Kırmızı Mercimek 1 Kg,1.0,kg,49.5,49.5,49.5,1,49.5,0.0,api-refined,Bakliyat,main_category,1,1,"[""depot:bim-5712""]","[""bim""]",pinned-relative,18.09.2026 12:25,0,1.1,2026-09-19T02:25:05.372948+03:00,"[{""price"":49.5,""api_unit_price"":49.5,""source_id"":""depot:bim-5712"",""market"":""bim"",""depot_name"":""Çiçekçi  Üsküdar"",""index_time"":""18.09.2026 12:25""}]","{""mode"":""pinned-relative"",""previous_prices"":{""depot:bim-5712"":49.5},""previous_level"":49.5,""link_factor"":1.0}"
2026-09-19,other_food,lentils,Mercimek,id:0343,id:0343,Carrefour Kırmızı Mercimek 1 Kg,1.0,kg,49.95,49.95,49.95,1,49.95,0.0,api-refined,Bakliyat,main_category,1,1,"[""depot:carrefour-5254""]","[""carrefour""]",pinned-relative,18.09.2026 12:27,0,1.1,2026-09-19T02:25:05.372950+03:00,"[{""price"":49.95,""api_unit_price"":49.95,""source_id"":""depot:carrefour-5254"",""market"":""carrefour"",""depot_name"":""Istanbul Üsküdar Salacak Mını"",""index_time"":""18.09.2026 12:27""}]","{""mode"":""pinned-relative"",""previous_prices"":{""depot:carrefour-5254"":49.95},""previous_level"":49.949999999999996,""link_factor"":1.0}"
2026-09-19,other_food,lentils,Mercimek,id:03W7,id:03W7,Yurda Kırmızı Mercimek 1 Kg,1.0,kg,49.5,49.5,49.5,1,49.5,0.0,api-refined,Bakliyat,main_category,1,1,"[""depot:hakmar-5521""]","[""hakmar""]",pinned-relative,18.09.2026 12:25,0,1.1,2026-09-19T02:25:05.372952+03:00,"[{""price"":49.5,""api_unit_price"":49.5,""source_id"":""depot:hakmar-5521"",""market"":""hakmar"",""depot_name"":""Ahmediye  Üsküdar"",""index_time"":""18.09.2026 12:25""}]","{""mode"":""pinned-relative"",""previous_prices"":{""depot:hakmar-5521"":49.5},""previous_level"":49.5,""link_factor"":1.0}"
2026-09-19,other_food,lentils,Mercimek,id:0O6N,id:0O6N,Migros Yerli Yeşil Mercimek 1 Kg,1.0,kg,66.95,66.95,66.95,1,66.95,0.0,api-refined,Bakliyat,main_category,1,1,"[""depot:migros-1991""]","[""migros""]",pinned-relative,18.09.2026 12:27,0,1.1,2026-09-19T02:25:05.372954+03:00,"[{""price"":66.95,""api_unit_price"":66.95,""source_id"":""depot:migros-1991"",""market"":""migros"",""depot_name"":""Çiçekçi M Migros"",""index_time"":""18.09.2026 12:27""}]","{""mode"":""pinned-relative"",""previous_prices"":{""depot:migros-1991"":66.95},""previous_level"":66.95,""link_factor"":1.0}"
2026-09-19,other_food,lentils,Mercimek,id:10HW,id:10HW,Anadolu Mutfağı Yeşil Mercimek 1 Kg,1.0,kg,67.5,67.5,67.5,1,67.5,0.0,api-refined,Bakliyat,main_category,1,1,"[""depot:sok-4707""]","[""sok""]",pinned-relative,18.09.2026 12:22,0,1.1,2026-09-19T02:25:05.372957+03:00,"[{""price"":67.5,""api_unit_price"":67.5,""source_id"":""depot:sok-4707"",""market"":""sok"",""depot_name"":""Şok Minifevziçakmak"",""index_time"":""18.09.2026 12:22""}]","{""mode"":""pinned-relative"",""previous_prices"":{""depot:sok-4707"":67.5},""previous_level"":67.5,""link_factor"":1.0}"
2026-09-19,other_food,lentils,Mercimek,id:011I,id:011I,Saban Yeşil Mercimek 1 Kg,1.0,kg,67.5,67.5,67.5,1,67.5,0.0,api-refined,Bakliyat,main_category,1,1,"[""depot:bim-5712""]","[""bim""]",pinned-relative,18.09.2026 12:25,0,1.1,2026-09-19T02:25:05.372959+03:00,"[{""price"":67.5,""api_unit_price"":67.5,""source_id"":""depot:bim-5712"",""market"":""bim"",""depot_name"":""Çiçekçi  Üsküdar"",""index_time"":""18.09.2026 12:25""}]","{""mode"":""pinned-relative"",""previous_prices"":{""depot:bim-5712"":67.5},""previous_level"":67.5,""link_factor"":1.0}"
2026-09-19,other_food,lentils,Mercimek,id:0J7S,id:0J7S,Carrefour Yeşil Mercimek 1 Kg,1.0,kg,67.5,67.5,67.5,1,67.5,0.0,api-refined,Bakliyat,main_category,1,1,"[""depot:carrefour-5254""]","[""carrefour""]",pinned-relative,18.09.2026 12:27,0,1.1,2026-09-19T02:25:05.372961+03:00,"[{""price"":67.5,""api_unit_price"":67.5,""source_id"":""depot:carrefour-5254"",""market"":""carrefour"",""depot_name"":""Istanbul Üsküdar Salacak Mını"",""index_time"":""18.09.2026 12:27""}]","{""mode"":""pinned-relative"",""previous_prices"":{""depot:carrefour-5254"":67.5},""previous_level"":67.5,""link_factor"":1.0}"
2026-09-19,other_food,lentils,Mercimek,id:016K,id:016K,Rençber Yeşil Mercimek 1 Kg,1.0,kg,67.5,67.5,67.5,1,67.5,0.0,api-refined,Bakliyat,main_category,1,1,"[""depot:hakmar-5521""]","[""hakmar""]",pinned-relative,18.09.2026 12:25,0,1.1,2026-09-19T02:25:05.372963+03:00,"[{""price"":67.5,""api_unit_price"":67.5,""source_id"":""depot:hakmar-5521"",""market"":""hakmar"",""depot_name"":""Ahmediye  Üsküdar"",""index_time"":""18.09.2026 12:25""}]","{""mode"":""pinned-relative"",""previous_prices"":{""depot:hakmar-5521"":67.5},""previous_level"":67.5,""link_factor"":1.0}"
2026-09-19,other_food,lentils,Mercimek,id:14HR,id:14HR,Saban Yerli Kırmızı Mercimek 2.5 Kg,2.5,kg,179.0,71.6,71.6,1,71.6,0.0,api-refined,Bakliyat,main_category,1,1,"[""depot:bim-5712""]","[""bim""]",pinned-relative,18.09.2026 12:25,0,1.1,2026-09-19T02:25:05.372965+03:00,"[{""price"":179.0,""api_unit_price"":71.6,""source_id"":""depot:bim-5712"",""market"":""bim"",""depot_name"":""Çiçekçi  Üsküdar"",""index_time"":""18.09.2026 12:25""}]","{""mode"":""pinned-relative"",""previous_prices"":{""depot:bim-5712"":179.0},""previous_level"":179.0,""link_factor"":1.0}"
2026-09-19,other_food,lentils,Mercimek,id:1IBI,id:1IBI,Yayla Kırmızı Mercimek 1 Kg,1.0,kg,109.95,109.95,109.95,1,109.95,0.0,api-refined,Bakliyat,main_category,1,1,"[""depot:migros-1991""]","[""migros""]",pinned-relative,18.09.2026 12:24,0,1.1,2026-09-19T02:25:05.372968+03:00,"[{""price"":109.95,""api_unit_price"":109.95,""source_id"":""depot:migros-1991"",""market"":""migros"",""depot_name"":""Çiçekçi M Migros"",""index_time"":""18.09.2026 12:24""}]","{""mode"":""pinned-relative"",""previous_prices"":{""depot:migros-1991"":109.95},""previous_level"":109.95,""link_factor"":1.0}"
2026-09-19,other_food,lentils,Mercimek,id:13SR,id:13SR,Saban Kırmızı Mercimek 2.5 Kg,2.5,kg,110.0,44.0,44.0,1,44.0,0.0,api-refined,Bakliyat,main_category,1,1,"[""depot:bim-5712""]","[""bim""]",pinned-relative,18.09.2026 12:25,0,1.1,2026-09-19T02:25:05.372970+03:00,"[{""price"":110.0,""api_unit_price"":44.0,""source_id"":""depot:bim-5712"",""market"":""bim"",""depot_name"":""Çiçekçi  Üsküdar"",""index_time"":""18.09.2026 12:25""}]","{""mode"":""pinned-relative"",""previous_prices"":{""depot:bim-5712"":110.0},""previous_level"":110.0,""link_factor"":1.0}"
2026-09-19,other_food,lentils,Mercimek,id:1PL1,id:1PL1,Doyum Organik Yeşil Mercimek 1 Kg,1.0,kg,167.97,167.97,167.97,1,167.97,0.0,api-refined,Bakliyat,main_category,1,1,"[""depot:migros-1991""]","[""migros""]",pinned-relative,18.09.2026 12:27,0,1.1,2026-09-19T02:25:05.372972+03:00,"[{""price"":167.97,""api_unit_price"":167.97,""source_id"":""depot:migros-1991"",""market"":""migros"",""depot_name"":""Çiçekçi M Migros"",""index_time"":""18.09.2026 12:27""}]","{""mode"":""pinned-relative"",""previous_prices"":{""depot:migros-1991"":167.97},""previous_level"":167.97,""link_factor"":1.0}"
2026-09-19,other_food,lentils,Mercimek,id:0MIW,id:0MIW,Yayla Kırmızı Mercimek 2 Kg,2.0,kg,174.95,87.475,87.475,1,87.475,0.0,api-refined,Bakliyat,main_category,1,1,"[""depot:migros-6679""]","[""migros""]",pinned-relative,18.09.2026 12:24,0,1.1,2026-09-19T02:25:05.372974+03:00,"[{""price"":174.95,""api_unit_price"":87.475,""source_id"":""depot:migros-6679"",""market"":""migros"",""depot_name"":""Mjet Kadıköy Rasımpaşa Istanbu"",""index_time"":""18.09.2026 12:24""}]","{""mode"":""pinned-relative"",""previous_prices"":{""depot:migros-6679"":174.95},""previous_level"":174.95,""link_factor"":1.0}"
2026-09-19,other_food,lentils,Mercimek,id:21TO,id:21TO,Reis Sarı Mercimek 1 Kg,1.0,kg,209.95,209.95,209.95,1,209.95,0.0,api-refined,Bakliyat,main_category,1,1,"[""depot:carrefour-1012""]","[""carrefour""]",pinned-relative,18.09.2026 12:28,0,1.1,2026-09-19T02:25:05.372976+03:00,"[{""price"":209.95,""api_unit_price"":209.95,""source_id"":""depot:carrefour-1012"",""market"":""carrefour"",""depot_name"":""Istanbul Acıbadem Hıper"",""index_time"":""18.09.2026 12:28""}]","{""mode"":""pinned-relative"",""previous_prices"":{""depot:carrefour-1012"":209.95},""previous_level"":209.95,""link_factor"":1.0}"
2026-09-19,other_food,beans,Kuru fasulye,id:1YA7,id:1YA7,Yurt Kuru Fasulye 400 Gr,0.4,kg,73.95,184.875,132.065035,1,184.875,0.0,api-refined,Kuru Fasulye,sub_category,1,1,"[""depot:migros-1991""]","[""migros""]",pinned-relative,18.09.2026 12:27,0,1.1,2026-09-19T02:25:07.840880+03:00,"[{""price"":73.95,""api_unit_price"":184.875,""source_id"":""depot:migros-1991"",""market"":""migros"",""depot_name"":""Çiçekçi M Migros"",""index_time"":""18.09.2026 12:27""}]","{""mode"":""pinned-relative"",""previous_prices"":{""depot:migros-1991"":73.95},""previous_level"":52.82601398601398,""link_factor"":1.0}"
2026-09-19,other_food,beans,Kuru fasulye,id:2CZ0,id:2CZ0,Reis Kuru Fasulye 1 Kg,1.0,kg,124.95,124.95,130.699924,2,124.95,0.0,api-refined,Kuru Fasulye,sub_category,2,2,"[""depot:carrefour-5036"",""depot:migros-1991""]","[""carrefour"",""migros""]",pinned-relative,18.09.2026 12:27,0,1.1,2026-09-19T02:25:07.840892+03:00,"[{""price"":109.95,""api_unit_price"":109.95,""source_id"":""depot:carrefour-5036"",""market"":""carrefour"",""depot_name"":""Istanbul Moda Caddesı Mını"",""index_time"":""18.09.2026 12:27""},{""price"":139.95,""api_unit_price"":139.95,""source_id"":""depot:migros-1991"",""market"":""migros"",""depot_name"":""Çiçekçi M Migros"",""index_time"":""18.09.2026 12:27""}]","{""mode"":""pinned-relative"",""previous_prices"":{""depot:carrefour-5036"":109.95,""depot:migros-1991"":139.95},""previous_level"":130.69992364196438,""link_factor"":1.0}"
2026-09-19,other_food,beans,Kuru fasulye,id:0ZL1,id:0ZL1,Bizim Vatan Haşlanmış Kuru Fasulye 800 Gr,0.8,kg,40.5,50.625,50.625,1,50.625,0.0,api-refined,Kuru Fasulye,sub_category,1,1,"[""depot:sok-4707""]","[""sok""]",pinned-relative,18.09.2026 12:23,0,1.1,2026-09-19T02:25:07.840895+03:00,"[{""price"":40.5,""api_unit_price"":50.625,""source_id"":""depot:sok-4707"",""market"":""sok"",""depot_name"":""Şok Minifevziçakmak"",""index_time"":""18.09.2026 12:23""}]","{""mode"":""pinned-relative"",""previous_prices"":{""depot:sok-4707"":40.5},""previous_level"":40.5,""link_factor"":1.0}"
2026-09-19,other_food,beans,Kuru fasulye,id:1KCN,id:1KCN,Duru Haşlanmış Fasulye 400 Gr,0.4,kg,28.95,72.375,72.375,1,72.375,0.0,api-refined,Kuru Fasulye,sub_category,1,1,"[""depot:carrefour-5254""]","[""carrefour""]",pinned-relative,18.09.2026 12:27,0,1.1,2026-09-19T02:25:07.840898+03:00,"[{""price"":28.95,""api_unit_price"":72.375,""source_id"":""depot:carrefour-5254"",""market"":""carrefour"",""depot_name"":""Istanbul Üsküdar Salacak Mını"",""index_time"":""18.09.2026 12:27""}]","{""mode"":""pinned-relative"",""previous_prices"":{""depot:carrefour-5254"":28.95},""previous_level"":28.95,""link_factor"":1.0}"
2026-09-19,other_food,beans,Kuru fasulye,id:1JMI,id:1JMI,Duru Haşlanmış Kırmızı Fasulye 400 Gr,0.4,kg,64.95,162.375,162.375,1,162.37498,0.0,api-refined,Kuru Fasulye,sub_category,1,1,"[""depot:carrefour-1012""]","[""carrefour""]",pinned-relative,18.09.2026 12:27,0,1.1,2026-09-19T02:25:07.840900+03:00,"[{""price"":64.95,""api_unit_price"":162.37498,""source_id"":""depot:carrefour-1012"",""market"":""carrefour"",""depot_name"":""Istanbul Acıbadem Hıper"",""index_time"":""18.09.2026 12:27""}]","{""mode"":""pinned-relative"",""previous_prices"":{""depot:carrefour-1012"":64.95},""previous_level"":64.95,""link_factor"":1.0}"
2026-09-19,other_food,beans,Kuru fasulye,id:0WV5,id:0WV5,Anadolu Mutfağı Kuru Fasulye 1 Kg,1.0,kg,77.5,77.5,77.5,1,77.5,0.0,api-refined,Kuru Fasulye,sub_category,1,1,"[""depot:sok-4707""]","[""sok""]",pinned-relative,18.09.2026 12:22,0,1.1,2026-09-19T02:25:07.840902+03:00,"[{""price"":77.5,""api_unit_price"":77.5,""source_id"":""depot:sok-4707"",""market"":""sok"",""depot_name"":""Şok Minifevziçakmak"",""index_time"":""18.09.2026 12:22""}]","{""mode"":""pinned-relative"",""previous_prices"":{""depot:sok-4707"":77.5},""previous_level"":77.5,""link_factor"":1.0}"
2026-09-19,other_food,beans,Kuru fasulye,id:034U,id:034U,Saban Kuru Fasulye 1 Kg,1.0,kg,77.5,77.5,77.5,1,77.5,0.0,api-refined,Kuru Fasulye,sub_category,1,1,"[""depot:bim-5712""]","[""bim""]",pinned-relative,18.09.2026 12:27,0,1.1,2026-09-19T02:25:07.840904+03:00,"[{""price"":77.5,""api_unit_price"":77.5,""source_id"":""depot:bim-5712"",""market"":""bim"",""depot_name"":""Çiçekçi  Üsküdar"",""index_time"":""18.09.2026 12:27""}]","{""mode"":""pinned-relative"",""previous_prices"":{""depot:bim-5712"":77.5},""previous_level"":77.5,""link_factor"":1.0}"
2026-09-19,other_food,beans,Kuru fasulye,id:003P,id:003P,Rençber Sıra Fasulye 1 Kg,1.0,kg,77.5,77.5,77.5,1,77.5,0.0,api-refined,Kuru Fasulye,sub_category,1,1,"[""depot:hakmar-5521""]","[""hakmar""]",pinned-relative,18.09.2026 12:25,0,1.1,2026-09-19T02:25:07.840906+03:00,"[{""price"":77.5,""api_unit_price"":77.5,""source_id"":""depot:hakmar-5521"",""market"":""hakmar"",""depot_name"":""Ahmediye  Üsküdar"",""index_time"":""18.09.2026 12:25""}]","{""mode"":""pinned-relative"",""previous_prices"":{""depot:hakmar-5521"":77.5},""previous_level"":77.5,""link_factor"":1.0}"
2026-09-19,other_food,beans,Kuru fasulye,id:0J59,id:0J59,Carrefour Dermason Kuru Fasulye 1 Kg,1.0,kg,77.95,77.95,77.95,1,77.95,0.0,api-refined,Kuru Fasulye,sub_category,1,1,"[""depot:carrefour-5254""]","[""carrefour""]",pinned-relative,18.09.2026 12:27,0,1.1,2026-09-19T02:25:07.840908+03:00,"[{""price"":77.95,""api_unit_price"":77.95,""source_id"":""depot:carrefour-5254"",""market"":""carrefour"",""depot_name"":""Istanbul Üsküdar Salacak Mını"",""index_time"":""18.09.2026 12:27""}]","{""mode"":""pinned-relative"",""previous_prices"":{""depot:carrefour-5254"":77.95},""previous_level"":77.95,""link_factor"":1.0}"
2026-09-19,other_food,beans,Kuru fasulye,id:01C4,id:01C4,Carrefour İri Dermason Kuru Fasulye 1 Kg,1.0,kg,82.95,82.95,82.95,1,82.95,0.0,api-refined,Kuru Fasulye,sub_category,1,1,"[""depot:carrefour-5254""]","[""carrefour""]",pinned-relative,18.09.2026 12:27,0,1.1,2026-09-19T02:25:07.840911+03:00,"[{""price"":82.95,""api_unit_price"":82.95,""source_id"":""depot:carrefour-5254"",""market"":""carrefour"",""depot_name"":""Istanbul Üsküdar Salacak Mını"",""index_time"":""18.09.2026 12:27""}]","{""mode"":""pinned-relative"",""previous_prices"":{""depot:carrefour-5254"":82.95},""previous_level"":82.95,""link_factor"":1.0}"
2026-09-19,other_food,beans,Kuru fasulye,id:0A83,id:0A83,Rençber Dermason Fasulye 1 Kg,1.0,kg,89.0,89.0,89.0,1,89.0,0.0,api-refined,Kuru Fasulye,sub_category,1,1,"[""depot:hakmar-5521""]","[""hakmar""]",pinned-relative,18.09.2026 12:25,0,1.1,2026-09-19T02:25:07.840913+03:00,"[{""price"":89.0,""api_unit_price"":89.0,""source_id"":""depot:hakmar-5521"",""market"":""hakmar"",""depot_name"":""Ahmediye  Üsküdar"",""index_time"":""18.09.2026 12:25""}]","{""mode"":""pinned-relative"",""previous_prices"":{""depot:hakmar-5521"":89.0},""previous_level"":89.0,""link_factor"":1.0}"
2026-09-19,other_food,beans,Kuru fasulye,id:3WCC,id:3WCC,Kuru Fasulye 1 Kg,1.0,kg,89.9,89.9,89.9,1,89.9,0.0,api-refined,Kuru Fasulye,sub_category,1,1,"[""depot:carrefour-1012""]","[""carrefour""]",pinned-relative,18.09.2026 12:27,0,1.1,2026-09-19T02:25:07.840915+03:00,"[{""price"":89.9,""api_unit_price"":89.9,""source_id"":""depot:carrefour-1012"",""market"":""carrefour"",""depot_name"":""Istanbul Acıbadem Hıper"",""index_time"":""18.09.2026 12:27""}]","{""mode"":""pinned-relative"",""previous_prices"":{""depot:carrefour-1012"":89.9},""previous_level"":89.9,""link_factor"":1.0}"
2026-09-19,other_food,beans,Kuru fasulye,id:1YA3,id:1YA3,Hasata Şeker Fasulye 500 Gr,0.5,kg,129.0,258.0,258.0,1,258.0,0.0,api-refined,Kuru Fasulye,sub_category,1,1,"[""depot:bim-5712""]","[""bim""]",pinned-relative,18.09.2026 12:25,0,1.1,2026-09-19T02:25:07.840917+03:00,"[{""price"":129.0,""api_unit_price"":258.0,""source_id"":""depot:bim-5712"",""market"":""bim"",""depot_name"":""Çiçekçi  Üsküdar"",""index_time"":""18.09.2026 12:25""}]","{""mode"":""pinned-relative"",""previous_prices"":{""depot:bim-5712"":129.0},""previous_level"":129.0,""link_factor"":1.0}"
2026-09-19,other_food,beans,Kuru fasulye,id:1S4D,id:1S4D,Reis Royal Battal Fasulye 500 Gr,0.5,kg,289.95,579.9,579.9,1,579.9,0.0,api-refined,Kuru Fasulye,sub_category,1,1,"[""depot:carrefour-1012""]","[""carrefour""]",pinned-relative,18.09.2026 12:27,0,1.1,2026-09-19T02:25:07.840919+03:00,"[{""price"":289.95,""api_unit_price"":579.9,""source_id"":""depot:carrefour-1012"",""market"":""carrefour"",""depot_name"":""Istanbul Acıbadem Hıper"",""index_time"":""18.09.2026 12:27""}]","{""mode"":""pinned-relative"",""previous_prices"":{""depot:carrefour-1012"":289.95},""previous_level"":289.95,""link_factor"":1.0}"
2026-09-19,other_food,beans,Kuru fasulye,id:07FQ,id:07FQ,Carrefour Bio Organik Dermason Fasulye 1 Kg,1.0,kg,149.95,149.95,149.95,1,149.95,0.0,api-refined,Kuru Fasulye,sub_category,1,1,"[""depot:carrefour-5254""]","[""carrefour""]",pinned-relative,18.09.2026 12:27,0,1.1,2026-09-19T02:25:07.840921+03:00,"[{""price"":149.95,""api_unit_price"":149.95,""source_id"":""depot:carrefour-5254"",""market"":""carrefour"",""depot_name"":""Istanbul Üsküdar Salacak Mını"",""index_time"":""18.09.2026 12:27""}]","{""mode"":""pinned-relative"",""previous_prices"":{""depot:carrefour-5254"":149.95},""previous_level"":149.95,""link_factor"":1.0}"
2026-09-19,other_food,beans,Kuru fasulye,id:1B1G,id:1B1G,Anadolu Lezzetleri İspir Kuru Fasulye 500 Gr,0.5,kg,299.95,599.9,599.9,1,599.9,0.0,api-refined,Kuru Fasulye,sub_category,1,1,"[""depot:migros-564""]","[""migros""]",pinned-relative,18.09.2026 12:24,0,1.1,2026-09-19T02:25:07.840923+03:00,"[{""price"":299.95,""api_unit_price"":599.9,""source_id"":""depot:migros-564"",""market"":""migros"",""depot_name"":""Kadıköy Çarşı M Migros"",""index_time"":""18.09.2026 12:24""}]","{""mode"":""pinned-relative"",""previous_prices"":{""depot:migros-564"":299.95},""previous_level"":299.95,""link_factor"":1.0}"
2026-09-19,other_food,beans,Kuru fasulye,id:1JSA,id:1JSA,City Farm Organik Kuru Fasulye 1 Kg,1.0,kg,262.0,262.0,262.0,1,262.0,0.0,api-refined,Kuru Fasulye,sub_category,1,1,"[""depot:carrefour-1012""]","[""carrefour""]",pinned-relative,18.09.2026 12:27,0,1.1,2026-09-19T02:25:07.840925+03:00,"[{""price"":262.0,""api_unit_price"":262.0,""source_id"":""depot:carrefour-1012"",""market"":""carrefour"",""depot_name"":""Istanbul Acıbadem Hıper"",""index_time"":""18.09.2026 12:27""}]","{""mode"":""pinned-relative"",""previous_prices"":{""depot:carrefour-1012"":262.0},""previous_level"":262.0,""link_factor"":1.0}"
2026-09-19,other_food,beans,Kuru fasulye,id:1ZMK,id:1ZMK,Hasata Derinkuyu Kuru Fasulyesi 1 Kg,1.0,kg,157.5,157.5,153.725,1,157.5,0.0,api-refined,Kuru Fasulye,sub_category,2,1,"[""depot:carrefour-1012""]","[""carrefour""]",pinned-relative,18.09.2026 12:26,0,1.0,2026-09-19T02:25:07.840927+03:00,"[{""price"":157.5,""api_unit_price"":157.5,""source_id"":""depot:carrefour-1012"",""market"":""carrefour"",""depot_name"":""Istanbul Acıbadem Hıper"",""index_time"":""18.09.2026 12:26""}]","{""mode"":""pinned-relative"",""previous_prices"":{""depot:carrefour-1012"":157.5},""previous_level"":153.725,""link_factor"":1.0}"
2026-09-19,other_food,chickpeas,Nohut,id:1QJA,id:1QJA,Tamek Haşlanmış Nohut 800 Gr,0.8,kg,87.95,109.9375,109.9375,1,109.9375,0.0,api-refined,Nohut,sub_category,1,1,"[""depot:carrefour-1012""]","[""carrefour""]",pinned-relative,18.09.2026 12:26,0,1.1,2026-09-19T02:25:10.367847+03:00,"[{""price"":87.95,""api_unit_price"":109.9375,""source_id"":""depot:carrefour-1012"",""market"":""carrefour"",""depot_name"":""Istanbul Acıbadem Hıper"",""index_time"":""18.09.2026 12:26""}]","{""mode"":""pinned-relative"",""previous_prices"":{""depot:carrefour-1012"":87.95},""previous_level"":87.95,""link_factor"":1.0}"
2026-09-19,other_food,chickpeas,Nohut,id:0MPQ,id:0MPQ,Bizim Vatan Haşlanmış Nohut 800 Gr,0.8,kg,40.5,50.625,50.625,1,50.625,0.0,api-refined,Nohut,sub_category,1,1,"[""depot:sok-4707""]","[""sok""]",pinned-relative,18.09.2026 12:22,0,1.1,2026-09-19T02:25:10.367858+03:00,"[{""price"":40.5,""api_unit_price"":50.625,""source_id"":""depot:sok-4707"",""market"":""sok"",""depot_name"":""Şok Minifevziçakmak"",""index_time"":""18.09.2026 12:22""}]","{""mode"":""pinned-relative"",""previous_prices"":{""depot:sok-4707"":40.5},""previous_level"":40.5,""link_factor"":1.0}"
2026-09-19,other_food,chickpeas,Nohut,id:04Q4,id:04Q4,Saban Nohut 1 Kg,1.0,kg,62.5,62.5,62.5,1,62.5,0.0,api-refined,Nohut,sub_category,1,1,"[""depot:bim-5712""]","[""bim""]",pinned-relative,18.09.2026 12:25,0,1.1,2026-09-19T02:25:10.367862+03:00,"[{""price"":62.5,""api_unit_price"":62.5,""source_id"":""depot:bim-5712"",""market"":""bim"",""depot_name"":""Çiçekçi  Üsküdar"",""index_time"":""18.09.2026 12:25""}]","{""mode"":""pinned-relative"",""previous_prices"":{""depot:bim-5712"":62.5},""previous_level"":62.5,""link_factor"":1.0}"
2026-09-19,other_food,chickpeas,Nohut,id:10KL,id:10KL,Anadolu Mutfağı Nohut 1 Kg,1.0,kg,62.5,62.5,62.5,1,62.5,0.0,api-refined,Nohut,sub_category,1,1,"[""depot:sok-4707""]","[""sok""]",pinned-relative,18.09.2026 12:22,0,1.1,2026-09-19T02:25:10.367864+03:00,"[{""price"":62.5,""api_unit_price"":62.5,""source_id"":""depot:sok-4707"",""market"":""sok"",""depot_name"":""Şok Minifevziçakmak"",""index_time"":""18.09.2026 12:22""}]","{""mode"":""pinned-relative"",""previous_prices"":{""depot:sok-4707"":62.5},""previous_level"":62.5,""link_factor"":1.0}"
2026-09-19,other_food,chickpeas,Nohut,id:0BAA,id:0BAA,Rençber Nohut 1 Kg,1.0,kg,64.5,64.5,64.5,1,64.5,0.0,api-refined,Nohut,sub_category,1,1,"[""depot:hakmar-5521""]","[""hakmar""]",pinned-relative,18.09.2026 12:25,0,1.1,2026-09-19T02:25:10.367866+03:00,"[{""price"":64.5,""api_unit_price"":64.5,""source_id"":""depot:hakmar-5521"",""market"":""hakmar"",""depot_name"":""Ahmediye  Üsküdar"",""index_time"":""18.09.2026 12:25""}]","{""mode"":""pinned-relative"",""previous_prices"":{""depot:hakmar-5521"":64.5},""previous_level"":64.5,""link_factor"":1.0}"
2026-09-19,other_food,chickpeas,Nohut,id:09OO,id:09OO,Carrefour Beyaz Nohut 1 Kg,1.0,kg,92.9,92.9,92.9,1,92.9,0.0,api-refined,Nohut,sub_category,1,1,"[""depot:carrefour-5254""]","[""carrefour""]",pinned-relative,18.09.2026 12:27,0,1.1,2026-09-19T02:25:10.367868+03:00,"[{""price"":92.9,""api_unit_price"":92.9,""source_id"":""depot:carrefour-5254"",""market"":""carrefour"",""depot_name"":""Istanbul Üsküdar Salacak Mını"",""index_time"":""18.09.2026 12:27""}]","{""mode"":""pinned-relative"",""previous_prices"":{""depot:carrefour-5254"":92.9},""previous_level"":92.9,""link_factor"":1.0}"
2026-09-19,other_food,chickpeas,Nohut,id:0T35,id:0T35,Burcu Organik Haşlanmış Nohut 600 Gr,0.6,kg,94.95,158.25,158.25,1,158.24998,0.0,api-refined,Nohut,sub_category,1,1,"[""depot:migros-1991""]","[""migros""]",pinned-relative,18.09.2026 12:24,0,1.1,2026-09-19T02:25:10.367871+03:00,"[{""price"":94.95,""api_unit_price"":158.24998,""source_id"":""depot:migros-1991"",""market"":""migros"",""depot_name"":""Çiçekçi M Migros"",""index_time"":""18.09.2026 12:24""}]","{""mode"":""pinned-relative"",""previous_prices"":{""depot:migros-1991"":94.95},""previous_level"":94.95,""link_factor"":1.0}"
2026-09-19,other_food,chickpeas,Nohut,id:06D9,id:06D9,Saban Beyaz Nohut 1 Kg,1.0,kg,99.0,99.0,99.0,1,99.0,0.0,api-refined,Nohut,sub_category,1,1,"[""depot:bim-5712""]","[""bim""]",pinned-relative,18.09.2026 12:25,0,1.1,2026-09-19T02:25:10.367873+03:00,"[{""price"":99.0,""api_unit_price"":99.0,""source_id"":""depot:bim-5712"",""market"":""bim"",""depot_name"":""Çiçekçi  Üsküdar"",""index_time"":""18.09.2026 12:25""}]","{""mode"":""pinned-relative"",""previous_prices"":{""depot:bim-5712"":99.0},""previous_level"":99.0,""link_factor"":1.0}"
2026-09-19,other_food,chickpeas,Nohut,id:07ZT,id:07ZT,Rençber Beyaz Nohut 1 Kg,1.0,kg,99.5,99.5,99.5,1,99.5,0.0,api-refined,Nohut,sub_category,1,1,"[""depot:hakmar-5521""]","[""hakmar""]",pinned-relative,18.09.2026 12:25,0,1.1,2026-09-19T02:25:10.367875+03:00,"[{""price"":99.5,""api_unit_price"":99.5,""source_id"":""depot:hakmar-5521"",""market"":""hakmar"",""depot_name"":""Ahmediye  Üsküdar"",""index_time"":""18.09.2026 12:25""}]","{""mode"":""pinned-relative"",""previous_prices"":{""depot:hakmar-5521"":99.5},""previous_level"":99.5,""link_factor"":1.0}"
2026-09-19,other_food,chickpeas,Nohut,id:1LKI,id:1LKI,City Farm Organik Nohut 1 Kg,1.0,kg,119.95,119.95,119.95,1,119.95,0.0,api-refined,Nohut,sub_category,1,1,"[""depot:carrefour-1012""]","[""carrefour""]",pinned-relative,18.09.2026 12:27,0,1.1,2026-09-19T02:25:10.367877+03:00,"[{""price"":119.95,""api_unit_price"":119.95,""source_id"":""depot:carrefour-1012"",""market"":""carrefour"",""depot_name"":""Istanbul Acıbadem Hıper"",""index_time"":""18.09.2026 12:27""}]","{""mode"":""pinned-relative"",""previous_prices"":{""depot:carrefour-1012"":119.95},""previous_level"":119.95,""link_factor"":1.0}"
2026-09-19,other_food,chickpeas,Nohut,id:13HY,id:13HY,Saban Nohut 2.5 Kg,2.5,kg,139.0,55.6,55.6,1,55.6,0.0,api-refined,Nohut,sub_category,1,1,"[""depot:bim-5712""]","[""bim""]",pinned-relative,18.09.2026 12:25,0,1.1,2026-09-19T02:25:10.367879+03:00,"[{""price"":139.0,""api_unit_price"":55.6,""source_id"":""depot:bim-5712"",""market"":""bim"",""depot_name"":""Çiçekçi  Üsküdar"",""index_time"":""18.09.2026 12:25""}]","{""mode"":""pinned-relative"",""previous_prices"":{""depot:bim-5712"":139.0},""previous_level"":139.0,""link_factor"":1.0}"
2026-09-19,other_food,chickpeas,Nohut,id:12W5,id:12W5,Mlife Bio Organik Nohut 1 Kg,1.0,kg,127.46,127.46,127.46,1,127.46001,0.0,api-refined,Nohut,sub_category,1,1,"[""depot:migros-1991""]","[""migros""]",pinned-relative,18.09.2026 12:24,0,1.1,2026-09-19T02:25:10.367881+03:00,"[{""price"":127.46,""api_unit_price"":127.46001,""source_id"":""depot:migros-1991"",""market"":""migros"",""depot_name"":""Çiçekçi M Migros"",""index_time"":""18.09.2026 12:24""}]","{""mode"":""pinned-relative"",""previous_prices"":{""depot:migros-1991"":127.46},""previous_level"":127.46,""link_factor"":1.0}"
2026-09-19,other_food,chickpeas,Nohut,id:14LU,id:14LU,Carrefour Bio Organik Nohut 1 Kg,1.0,kg,129.95,129.95,129.95,1,129.95,0.0,api-refined,Nohut,sub_category,1,1,"[""depot:carrefour-5254""]","[""carrefour""]",pinned-relative,18.09.2026 12:26,0,1.1,2026-09-19T02:25:10.367884+03:00,"[{""price"":129.95,""api_unit_price"":129.95,""source_id"":""depot:carrefour-5254"",""market"":""carrefour"",""depot_name"":""Istanbul Üsküdar Salacak Mını"",""index_time"":""18.09.2026 12:26""}]","{""mode"":""pinned-relative"",""previous_prices"":{""depot:carrefour-5254"":129.95},""previous_level"":129.95,""link_factor"":1.0}"
2026-09-19,other_food,chickpeas,Nohut,id:05UT,id:05UT,Hasata Beyaz Nohut 1 Kg,1.0,kg,189.95,189.95,189.95,1,189.95,0.0,api-refined,Nohut,sub_category,1,1,"[""depot:carrefour-1012""]","[""carrefour""]",pinned-relative,18.09.2026 12:26,0,1.1,2026-09-19T02:25:10.367886+03:00,"[{""price"":189.95,""api_unit_price"":189.95,""source_id"":""depot:carrefour-1012"",""market"":""carrefour"",""depot_name"":""Istanbul Acıbadem Hıper"",""index_time"":""18.09.2026 12:26""}]","{""mode"":""pinned-relative"",""previous_prices"":{""depot:carrefour-1012"":189.95},""previous_level"":189.95,""link_factor"":1.0}"
2026-09-19,other_food,canned_veg,Konserve sebze,id:0UFA,id:0UFA,Burcu Cam Konserve Mısır 320 Gr,0.32,kg,59.0,184.375,184.375,1,184.375,0.0,api-refined,Mısır Konservesi,sub_category,1,1,"[""depot:hakmar-5521""]","[""hakmar""]",pinned-relative,18.09.2026 12:25,0,1.1,2026-09-19T02:25:11.641239+03:00,"[{""price"":59.0,""api_unit_price"":184.375,""source_id"":""depot:hakmar-5521"",""market"":""hakmar"",""depot_name"":""Ahmediye  Üsküdar"",""index_time"":""18.09.2026 12:25""}]","{""mode"":""pinned-relative"",""previous_prices"":{""depot:hakmar-5521"":59.0},""previous_level"":59.0,""link_factor"":1.0}"
2026-09-19,other_food,canned_veg,Konserve sebze,id:2AIF,id:2AIF,Superfresh Konserve Mısır 3'lü 600 Gr,0.6,kg,89.0,148.333333,148.333333,1,148.33333,0.0,api-refined,Mısır Konservesi,sub_category,1,1,"[""depot:hakmar-5521""]","[""hakmar""]",pinned-relative,18.09.2026 12:25,0,1.1,2026-09-19T02:25:11.641252+03:00,"[{""price"":89.0,""api_unit_price"":148.33333,""source_id"":""depot:hakmar-5521"",""market"":""hakmar"",""depot_name"":""Ahmediye  Üsküdar"",""index_time"":""18.09.2026 12:25""}]","{""mode"":""pinned-relative"",""previous_prices"":{""depot:hakmar-5521"":89.0},""previous_level"":89.0,""link_factor"":1.0}"
2026-09-19,other_food,canned_veg,Konserve sebze,id:0ZT4,id:0QL8,Bizim Vatan Mısır Konservesi 400 Gr,0.4,kg,53.0,132.5,116.25,1,132.5,0.0,api-refined,Mısır Konservesi,sub_category,1,1,"[""depot:sok-4707""]","[""sok""]",pinned-relative,18.09.2026 12:22,1,1.05,2026-09-19T02:25:11.641255+03:00,"[{""price"":53.0,""api_unit_price"":132.5,""source_id"":""depot:sok-4707"",""market"":""sok"",""depot_name"":""Şok Minifevziçakmak"",""index_time"":""18.09.2026 12:22""}]","{""mode"":""pinned-relative"",""previous_prices"":{""depot:sok-4707"":53.0},""previous_level"":53.0,""link_factor"":0.8773584905660378}"
2026-09-19,other_food,canned_veg,Konserve sebze,id:1QM3,id:01R0,Yurdum Mısır Konservesi 340 Gr,0.34,kg,53.0,155.882353,237.25,1,155.88235,0.0,api-refined,Mısır Konservesi,sub_category,1,1,"[""depot:bim-5712""]","[""bim""]",pinned-relative,18.09.2026 12:27,1,1.05,2026-09-19T02:25:11.641257+03:00,"[{""price"":53.0,""api_unit_price"":155.88235,""source_id"":""depot:bim-5712"",""market"":""bim"",""depot_name"":""Çiçekçi  Üsküdar"",""index_time"":""18.09.2026 12:27""}]","{""mode"":""pinned-relative"",""previous_prices"":{""depot:bim-5712"":53.0},""previous_level"":53.0,""link_factor"":1.5219811315011393}"
2026-09-19,other_food,soup,Hazır çorba,id:1Y1L,id:1Y1L,Knorr Çabuk Çorba Kremalı Mantar 19 Gr,0.019,kg,16.95,892.105263,893.421053,2,892.1053,0.0,api-refined,Hazır Çorbalar,sub_category,2,2,"[""depot:carrefour-5036"",""depot:sok-4707""]","[""carrefour"",""sok""]",pinned-relative,18.09.2026 12:27,0,1.1,2026-09-19T02:25:15.339958+03:00,"[{""price"":13.95,""api_unit_price"":734.2105,""source_id"":""depot:carrefour-5036"",""market"":""carrefour"",""depot_name"":""Istanbul Moda Caddesı Mını"",""index_time"":""18.09.2026 12:27""},{""price"":19.95,""api_unit_price"":1050.0001,""source_id"":""depot:sok-4707"",""market"":""sok"",""depot_name"":""Şok Minifevziçakmak"",""index_time"":""18.09.2026 12:27""}]","{""mode"":""pinned-relative"",""previous_prices"":{""depot:carrefour-5036"":13.95,""depot:sok-4707"":19.95},""previous_level"":16.975,""link_factor"":1.0}"
2026-09-19,other_food,soup,Hazır çorba,id:1T29,id:1T29,Knorr Çabuk Çorba Kıtır Kremalı Tavuk 18 Gr,0.018,kg,20.95,1163.888889,1163.888889,1,1163.8889,0.0,api-refined,Hazır Çorbalar,sub_category,1,1,"[""depot:migros-3296""]","[""migros""]",pinned-relative,18.09.2026 12:27,0,1.1,2026-09-19T02:25:15.339971+03:00,"[{""price"":20.95,""api_unit_price"":1163.8889,""source_id"":""depot:migros-3296"",""market"":""migros"",""depot_name"":""Kadıköy Caferağa M Migros"",""index_time"":""18.09.2026 12:27""}]","{""mode"":""pinned-relative"",""previous_prices"":{""depot:migros-3296"":20.95},""previous_level"":20.95,""link_factor"":1.0}"
2026-09-19,other_food,soup,Hazır çorba,id:1L2P,id:1L2P,Knorr Çabuk Çorba Ezogelin 22 Gr,0.022,kg,19.95,906.818182,906.818182,1,906.81824,0.0,api-refined,Hazır Çorbalar,sub_category,2,1,"[""depot:sok-4707""]","[""sok""]",pinned-relative,18.09.2026 12:26,0,1.1,2026-09-19T02:25:15.339974+03:00,"[{""price"":19.95,""api_unit_price"":906.81824,""source_id"":""depot:sok-4707"",""market"":""sok"",""depot_name"":""Şok Minifevziçakmak"",""index_time"":""18.09.2026 12:26""}]","{""mode"":""pinned-relative"",""previous_prices"":{""depot:sok-4707"":19.95},""previous_level"":19.95,""link_factor"":1.0}"
2026-09-19,other_food,soup,Hazır çorba,id:0A4S,id:0A4S,Ferr Ezogelin Çorba 65 Gr,0.065,kg,21.75,334.615385,334.615385,1,334.6154,0.0,api-refined,Hazır Çorbalar,sub_category,1,1,"[""depot:hakmar-5521""]","[""hakmar""]",pinned-relative,18.09.2026 12:25,0,1.1,2026-09-19T02:25:15.339976+03:00,"[{""price"":21.75,""api_unit_price"":334.6154,""source_id"":""depot:hakmar-5521"",""market"":""hakmar"",""depot_name"":""Ahmediye  Üsküdar"",""index_time"":""18.09.2026 12:25""}]","{""mode"":""pinned-relative"",""previous_prices"":{""depot:hakmar-5521"":21.75},""previous_level"":21.75,""link_factor"":1.0}"
2026-09-19,other_food,soup,Hazır çorba,id:1UZ5,id:1UZ5,Knorr Ezogelin Çorbası 74 Gr,0.074,kg,49.5,668.918919,585.398485,4,668.9189,0.0,api-refined,Hazır Çorbalar,sub_category,5,4,"[""depot:bim-5712"",""depot:hakmar-5521"",""depot:migros-6679"",""depot:sok-4711""]","[""bim"",""hakmar"",""migros"",""sok""]",pinned-relative,18.09.2026 12:27,0,1.0,2026-09-19T02:25:15.339979+03:00,"[{""price"":34.0,""api_unit_price"":459.45944,""source_id"":""depot:bim-5712"",""market"":""bim"",""depot_name"":""Çiçekçi  Üsküdar"",""index_time"":""18.09.2026 12:27""},{""price"":49.5,""api_unit_price"":668.9189,""source_id"":""depot:sok-4711"",""market"":""sok"",""depot_name"":""Şok Minitamer Yeni"",""index_time"":""18.09.2026 12:27""},{""price"":49.5,""api_unit_price"":668.9189,""source_id"":""depot:hakmar-5521"",""market"":""hakmar"",""depot_name"":""Ahmediye  Üsküdar"",""index_time"":""18.09.2026 12:27""},{""price"":49.95,""api_unit_price"":675.0,""source_id"":""depot:migros-6679"",""market"":""migros"",""depot_name"":""Mjet Kadıköy Rasımpaşa Istanbu"",""index_time"":""18.09.2026 12:27""}]","{""mode"":""pinned-relative"",""previous_prices"":{""depot:bim-5712"":34.0,""depot:hakmar-5521"":49.5,""depot:migros-6679"":49.95,""depot:sok-4711"":49.5},""previous_level"":43.31948789084341,""link_factor"":1.0}"
2026-09-19,other_food,soup,Hazır çorba,id:1UZW,id:1UZW,Knorr Kremalı Domates Çorbası 69 Gr,0.069,kg,41.975,608.333333,590.234684,2,608.333365,0.0,api-refined,Hazır Çorbalar,sub_category,3,2,"[""depot:bim-5712"",""depot:migros-6679""]","[""bim"",""migros""]",pinned-relative,18.09.2026 12:27,0,1.0,2026-09-19T02:25:15.339981+03:00,"[{""price"":34.0,""api_unit_price"":492.75363,""source_id"":""depot:bim-5712"",""market"":""bim"",""depot_name"":""Çiçekçi  Üsküdar"",""index_time"":""18.09.2026 12:27""},{""price"":49.95,""api_unit_price"":723.9131,""source_id"":""depot:migros-6679"",""market"":""migros"",""depot_name"":""Mjet Kadıköy Rasımpaşa Istanbu"",""index_time"":""18.09.2026 12:27""}]","{""mode"":""pinned-relative"",""previous_prices"":{""depot:bim-5712"":34.0,""depot:migros-6679"":49.95},""previous_level"":40.72619320678417,""link_factor"":1.0}"
2026-09-19,other_food,soup,Hazır çorba,id:1YGU,id:1YGU,Knorr Kremalı Tavuk Çorbası 65 Gr,0.065,kg,49.5,761.538462,756.580624,4,761.53845,0.0,api-refined,Hazır Çorbalar,sub_category,5,4,"[""depot:bim-5712"",""depot:hakmar-5521"",""depot:migros-4479"",""depot:sok-4707""]","[""bim"",""hakmar"",""migros"",""sok""]",pinned-relative,18.09.2026 12:27,0,1.0,2026-09-19T02:25:15.339983+03:00,"[{""price"":34.0,""api_unit_price"":523.07697,""source_id"":""depot:bim-5712"",""market"":""bim"",""depot_name"":""Çiçekçi  Üsküdar"",""index_time"":""18.09.2026 12:27""},{""price"":49.5,""api_unit_price"":761.53845,""source_id"":""depot:sok-4707"",""market"":""sok"",""depot_name"":""Şok Minifevziçakmak"",""index_time"":""18.09.2026 12:27""},{""price"":49.5,""api_unit_price"":761.53845,""source_id"":""depot:hakmar-5521"",""market"":""hakmar"",""depot_name"":""Ahmediye  Üsküdar"",""index_time"":""18.09.2026 12:27""},{""price"":49.95,""api_unit_price"":768.46155,""source_id"":""depot:migros-4479"",""market"":""migros"",""depot_name"":""Mjet Üsküdar Paşakapısı"",""index_time"":""18.09.2026 12:27""}]","{""mode"":""pinned-relative"",""previous_prices"":{""depot:bim-5712"":34.0,""depot:hakmar-5521"":49.5,""depot:migros-4479"":49.95,""depot:sok-4707"":49.5},""previous_level"":49.17774055738714,""link_factor"":1.0}"
2026-09-19,other_food,soup,Hazır çorba,id:1PVA,id:1PVA,Knorr Çabuk Mercimek Çorbası 22 Gr,0.022,kg,19.95,906.818182,906.818182,1,906.81824,0.0,api-refined,Hazır Çorbalar,sub_category,1,1,"[""depot:sok-4707""]","[""sok""]",pinned-relative,18.09.2026 12:22,0,1.0,2026-09-19T02:25:15.339985+03:00,"[{""price"":19.95,""api_unit_price"":906.81824,""source_id"":""depot:sok-4707"",""market"":""sok"",""depot_name"":""Şok Minifevziçakmak"",""index_time"":""18.09.2026 12:22""}]","{""mode"":""pinned-relative"",""previous_prices"":{""depot:sok-4707"":19.95},""previous_level"":19.95,""link_factor"":1.0}"
2026-09-19,other_food,soup,Hazır çorba,id:023D,id:023D,Ferrero Kremalı Mantar/Kremalı Tavuk Çorbası 65 Gr,0.065,kg,21.75,334.615385,334.615385,1,334.6154,0.0,api-refined,Hazır Çorbalar,sub_category,1,1,"[""depot:hakmar-5521""]","[""hakmar""]",pinned-relative,18.09.2026 12:25,0,1.0,2026-09-19T02:25:15.339987+03:00,"[{""price"":21.75,""api_unit_price"":334.6154,""source_id"":""depot:hakmar-5521"",""market"":""hakmar"",""depot_name"":""Ahmediye  Üsküdar"",""index_time"":""18.09.2026 12:25""}]","{""mode"":""pinned-relative"",""previous_prices"":{""depot:hakmar-5521"":21.75},""previous_level"":21.75,""link_factor"":1.0}"
2026-09-19,other_food,soup,Hazır çorba,id:3WDE,id:3WDE,Yayla Şehriyeli Tavuk Çorbası 65 Gr,0.065,kg,21.75,334.615385,334.615385,1,334.6154,0.0,api-refined,Hazır Çorbalar,sub_category,1,1,"[""depot:hakmar-5521""]","[""hakmar""]",pinned-relative,18.09.2026 12:25,0,1.0,2026-09-19T02:25:15.339989+03:00,"[{""price"":21.75,""api_unit_price"":334.6154,""source_id"":""depot:hakmar-5521"",""market"":""hakmar"",""depot_name"":""Ahmediye  Üsküdar"",""index_time"":""18.09.2026 12:25""}]","{""mode"":""pinned-relative"",""previous_prices"":{""depot:hakmar-5521"":21.75},""previous_level"":21.75,""link_factor"":1.0}"
2026-09-19,other_food,soup,Hazır çorba,id:0ZYR,id:0ZYR,Piyale Yayla Çorbası 80 Gr,0.08,kg,32.9,411.25,411.25,1,411.25003,0.0,api-refined,Hazır Çorbalar,sub_category,1,1,"[""depot:sok-4707""]","[""sok""]",pinned-relative,18.09.2026 12:22,0,1.0,2026-09-19T02:25:15.339992+03:00,"[{""price"":32.9,""api_unit_price"":411.25003,""source_id"":""depot:sok-4707"",""market"":""sok"",""depot_name"":""Şok Minifevziçakmak"",""index_time"":""18.09.2026 12:22""}]","{""mode"":""pinned-relative"",""previous_prices"":{""depot:sok-4707"":32.9},""previous_level"":32.9,""link_factor"":1.0}"
2026-09-19,other_food,soup,Hazır çorba,id:0YLX,id:0YLX,Piyale Kremalı Tavuk Çorbası 62 Gr,0.062,kg,32.9,530.645161,530.645161,1,530.6452,0.0,api-refined,Hazır Çorbalar,sub_category,1,1,"[""depot:sok-4707""]","[""sok""]",pinned-relative,18.09.2026 12:22,0,1.0,2026-09-19T02:25:15.339994+03:00,"[{""price"":32.9,""api_unit_price"":530.6452,""source_id"":""depot:sok-4707"",""market"":""sok"",""depot_name"":""Şok Minifevziçakmak"",""index_time"":""18.09.2026 12:22""}]","{""mode"":""pinned-relative"",""previous_prices"":{""depot:sok-4707"":32.9},""previous_level"":32.9,""link_factor"":1.0}"
2026-09-19,other_food,soup,Hazır çorba,id:10QL,id:10QL,Piyale Kremalı Mantar Çorbası 65 Gr,0.065,kg,32.9,506.153846,506.153846,1,506.15387,0.0,api-refined,Hazır Çorbalar,sub_category,1,1,"[""depot:sok-4707""]","[""sok""]",pinned-relative,18.09.2026 12:22,0,1.0,2026-09-19T02:25:15.339996+03:00,"[{""price"":32.9,""api_unit_price"":506.15387,""source_id"":""depot:sok-4707"",""market"":""sok"",""depot_name"":""Şok Minifevziçakmak"",""index_time"":""18.09.2026 12:22""}]","{""mode"":""pinned-relative"",""previous_prices"":{""depot:sok-4707"":32.9},""previous_level"":32.9,""link_factor"":1.0}"
2026-09-19,other_food,soup,Hazır çorba,id:0OYB,id:0OYB,Piyale İşkembe Çorbası 65 Gr,0.065,kg,32.9,506.153846,506.153846,1,506.15387,0.0,api-refined,Hazır Çorbalar,sub_category,1,1,"[""depot:sok-4707""]","[""sok""]",pinned-relative,18.09.2026 12:22,0,1.0,2026-09-19T02:25:15.339998+03:00,"[{""price"":32.9,""api_unit_price"":506.15387,""source_id"":""depot:sok-4707"",""market"":""sok"",""depot_name"":""Şok Minifevziçakmak"",""index_time"":""18.09.2026 12:22""}]","{""mode"":""pinned-relative"",""previous_prices"":{""depot:sok-4707"":32.9},""previous_level"":32.9,""link_factor"":1.0}"
2026-09-19,other_food,soup,Hazır çorba,id:0X6K,id:0X6K,Piyale Tarhana Çorbası 65 Gr,0.065,kg,32.9,506.153846,506.153846,1,506.15387,0.0,api-refined,Hazır Çorbalar,sub_category,1,1,"[""depot:sok-4707""]","[""sok""]",pinned-relative,18.09.2026 12:22,0,1.0,2026-09-19T02:25:15.340000+03:00,"[{""price"":32.9,""api_unit_price"":506.15387,""source_id"":""depot:sok-4707"",""market"":""sok"",""depot_name"":""Şok Minifevziçakmak"",""index_time"":""18.09.2026 12:22""}]","{""mode"":""pinned-relative"",""previous_prices"":{""depot:sok-4707"":32.9},""previous_level"":32.9,""link_factor"":1.0}"
2026-09-19,other_food,soup,Hazır çorba,id:20VD,id:20VD,Bizim Mutfak Yayla Çorbası 80 Gr,0.08,kg,43.9,548.75,548.75,1,548.75006,0.0,api-refined,Hazır Çorbalar,sub_category,1,1,"[""depot:carrefour-1012""]","[""carrefour""]",pinned-relative,18.09.2026 12:27,0,1.0,2026-09-19T02:25:15.340002+03:00,"[{""price"":43.9,""api_unit_price"":548.75006,""source_id"":""depot:carrefour-1012"",""market"":""carrefour"",""depot_name"":""Istanbul Acıbadem Hıper"",""index_time"":""18.09.2026 12:27""}]","{""mode"":""pinned-relative"",""previous_prices"":{""depot:carrefour-1012"":43.9},""previous_level"":43.9,""link_factor"":1.0}"
2026-09-19,other_food,soup,Hazır çorba,id:21R6,id:21R6,Knorr İşkembe Çorbası 63 Gr,0.063,kg,49.95,792.857143,792.857143,1,792.8572,0.0,api-refined,Hazır Çorbalar,sub_category,1,1,"[""depot:migros-1991""]","[""migros""]",pinned-relative,18.09.2026 12:28,0,1.0,2026-09-19T02:25:15.340004+03:00,"[{""price"":49.95,""api_unit_price"":792.8572,""source_id"":""depot:migros-1991"",""market"":""migros"",""depot_name"":""Çiçekçi M Migros"",""index_time"":""18.09.2026 12:28""}]","{""mode"":""pinned-relative"",""previous_prices"":{""depot:migros-1991"":49.95},""previous_level"":49.95,""link_factor"":1.0}"
2026-09-19,other_food,soup,Hazır çorba,id:1Q3H,id:1Q3H,Yayla Yemek Hazır Siyezli Ezogelin Çorbası 250 Gr,0.25,kg,53.95,215.8,215.8,1,215.8,0.0,api-refined,Hazır Çorbalar,sub_category,1,1,"[""depot:migros-3296""]","[""migros""]",pinned-relative,18.09.2026 12:24,0,1.0,2026-09-19T02:25:15.340006+03:00,"[{""price"":53.95,""api_unit_price"":215.8,""source_id"":""depot:migros-3296"",""market"":""migros"",""depot_name"":""Kadıköy Caferağa M Migros"",""index_time"":""18.09.2026 12:24""}]","{""mode"":""pinned-relative"",""previous_prices"":{""depot:migros-3296"":53.95},""previous_level"":53.95,""link_factor"":1.0}"
2026-09-19,other_food,soup,Hazır çorba,id:1NNP,id:1NNP,Veg & Bones Brokoli Çorbası 190 Gr,0.19,kg,64.95,341.842105,341.842105,1,341.84207,0.0,api-refined,Hazır Çorbalar,sub_category,1,1,"[""depot:carrefour-1012""]","[""carrefour""]",pinned-relative,18.09.2026 12:26,0,1.0,2026-09-19T02:25:15.340009+03:00,"[{""price"":64.95,""api_unit_price"":341.84207,""source_id"":""depot:carrefour-1012"",""market"":""carrefour"",""depot_name"":""Istanbul Acıbadem Hıper"",""index_time"":""18.09.2026 12:26""}]","{""mode"":""pinned-relative"",""previous_prices"":{""depot:carrefour-1012"":64.95},""previous_level"":64.95,""link_factor"":1.0}"
2026-09-19,other_food,ketchup,Ketçap,id:1FGB,id:1FGB,Tat Ketçap Pickle 390 Gr,0.39,kg,65.66,168.358974,168.239292,2,168.35899,0.0,api-refined,Ketçap,sub_category,2,2,"[""depot:carrefour-1012"",""depot:migros-564""]","[""carrefour"",""migros""]",pinned-relative,18.09.2026 12:27,0,1.1,2026-09-19T02:25:19.086956+03:00,"[{""price"":59.95,""api_unit_price"":153.71796,""source_id"":""depot:carrefour-1012"",""market"":""carrefour"",""depot_name"":""Istanbul Acıbadem Hıper"",""index_time"":""18.09.2026 12:27""},{""price"":71.37,""api_unit_price"":183.00002,""source_id"":""depot:migros-564"",""market"":""migros"",""depot_name"":""Kadıköy Çarşı M Migros"",""index_time"":""18.09.2026 12:27""}]","{""mode"":""pinned-relative"",""previous_prices"":{""depot:carrefour-1012"":59.95,""depot:migros-564"":71.37},""previous_level"":65.61332399959966,""link_factor"":1.0}"
2026-09-19,other_food,ketchup,Ketçap,id:1T54,id:1T54,Calve Ketçap 430 Gr,0.43,kg,126.95,295.232558,302.129862,2,295.23257,0.0,api-refined,Ketçap,sub_category,2,2,"[""depot:carrefour-1012"",""depot:migros-4479""]","[""carrefour"",""migros""]",pinned-relative,18.09.2026 12:27,0,1.1,2026-09-19T02:25:19.086968+03:00,"[{""price"":126.95,""api_unit_price"":295.23257,""source_id"":""depot:migros-4479"",""market"":""migros"",""depot_name"":""Mjet Üsküdar Paşakapısı"",""index_time"":""18.09.2026 12:27""},{""price"":126.95,""api_unit_price"":295.23257,""source_id"":""depot:carrefour-1012"",""market"":""carrefour"",""depot_name"":""Istanbul Acıbadem Hıper"",""index_time"":""18.09.2026 12:27""}]","{""mode"":""pinned-relative"",""previous_prices"":{""depot:carrefour-1012"":126.95,""depot:migros-4479"":126.95},""previous_level"":129.91584084026832,""link_factor"":1.0}"
2026-09-19,other_food,ketchup,Ketçap,id:20WK,id:20WK,Calve Ketçap 610 Gr,0.61,kg,134.95,221.229508,187.42623,1,221.2295,0.0,api-refined,Ketçap,sub_category,2,1,"[""depot:migros-1991""]","[""migros""]",pinned-relative,18.09.2026 12:26,0,1.1,2026-09-19T02:25:19.086972+03:00,"[{""price"":134.95,""api_unit_price"":221.2295,""source_id"":""depot:migros-1991"",""market"":""migros"",""depot_name"":""Çiçekçi M Migros"",""index_time"":""18.09.2026 12:26""}]","{""mode"":""pinned-relative"",""previous_prices"":{""depot:migros-1991"":134.95},""previous_level"":114.33,""link_factor"":1.0}"
2026-09-19,other_food,ketchup,Ketçap,id:0W5S,id:0W5S,Calvé Ketçap 610 Gr,0.61,kg,129.0,211.47541,211.885246,1,211.47542,0.0,api-refined,Ketçap,sub_category,1,1,"[""depot:hakmar-5521""]","[""hakmar""]",pinned-relative,18.09.2026 12:27,0,1.1,2026-09-19T02:25:19.086975+03:00,"[{""price"":129.0,""api_unit_price"":211.47542,""source_id"":""depot:hakmar-5521"",""market"":""hakmar"",""depot_name"":""Ahmediye  Üsküdar"",""index_time"":""18.09.2026 12:27""}]","{""mode"":""pinned-relative"",""previous_prices"":{""depot:hakmar-5521"":129.0},""previous_level"":129.25,""link_factor"":1.0}"
2026-09-19,other_food,ketchup,Ketçap,id:1Z57,id:1Z57,Hellmann's Ketçap 460 Gr,0.46,kg,131.925,286.793478,286.793478,2,286.79347,0.0,api-refined,Ketçap,sub_category,2,2,"[""depot:carrefour-1012"",""depot:migros-1991""]","[""carrefour"",""migros""]",pinned-relative,18.09.2026 12:27,0,1.1,2026-09-19T02:25:19.086977+03:00,"[{""price"":131.9,""api_unit_price"":286.7391,""source_id"":""depot:carrefour-1012"",""market"":""carrefour"",""depot_name"":""Istanbul Acıbadem Hıper"",""index_time"":""18.09.2026 12:27""},{""price"":131.95,""api_unit_price"":286.84784,""source_id"":""depot:migros-1991"",""market"":""migros"",""depot_name"":""Çiçekçi M Migros"",""index_time"":""18.09.2026 12:27""}]","{""mode"":""pinned-relative"",""previous_prices"":{""depot:carrefour-1012"":131.9,""depot:migros-1991"":131.95},""previous_level"":131.925,""link_factor"":1.0}"
2026-09-19,other_food,ketchup,Ketçap,id:1TUR,id:1TUR,Heinz Sarımsaklı Ketçap 375 Gr,0.375,kg,132.95,354.533333,307.400311,1,354.53333,0.0,api-refined,Ketçap,sub_category,2,1,"[""depot:carrefour-1012""]","[""carrefour""]",pinned-relative,18.09.2026 12:27,0,1.1,2026-09-19T02:25:19.086979+03:00,"[{""price"":132.95,""api_unit_price"":354.53333,""source_id"":""depot:carrefour-1012"",""market"":""carrefour"",""depot_name"":""Istanbul Acıbadem Hıper"",""index_time"":""18.09.2026 12:27""}]","{""mode"":""pinned-relative"",""previous_prices"":{""depot:carrefour-1012"":132.95},""previous_level"":115.27511656901501,""link_factor"":1.0}"
2026-09-19,other_food,ketchup,Ketçap,id:1S67,id:1S67,Heinz Ketçap 570 Gr,0.57,kg,169.95,298.157895,273.449925,2,298.1579,0.0,api-refined,Ketçap,sub_category,2,2,"[""depot:carrefour-5254"",""depot:migros-1991""]","[""carrefour"",""migros""]",pinned-relative,18.09.2026 12:26,0,1.1,2026-09-19T02:25:19.086981+03:00,"[{""price"":169.95,""api_unit_price"":298.1579,""source_id"":""depot:migros-1991"",""market"":""migros"",""depot_name"":""Çiçekçi M Migros"",""index_time"":""18.09.2026 12:26""},{""price"":169.95,""api_unit_price"":298.1579,""source_id"":""depot:carrefour-5254"",""market"":""carrefour"",""depot_name"":""Istanbul Üsküdar Salacak Mını"",""index_time"":""18.09.2026 12:26""}]","{""mode"":""pinned-relative"",""previous_prices"":{""depot:carrefour-5254"":169.95,""depot:migros-1991"":169.95},""previous_level"":155.86645726390265,""link_factor"":1.0}"
2026-09-19,other_food,ketchup,Ketçap,id:1GT3,id:1GT3,Hellmann's Ketçap 610 Gr,0.61,kg,157.925,258.893443,258.893443,2,258.893435,0.0,api-refined,Ketçap,sub_category,2,2,"[""depot:carrefour-1012"",""depot:migros-564""]","[""carrefour"",""migros""]",pinned-relative,18.09.2026 12:27,0,1.1,2026-09-19T02:25:19.086984+03:00,"[{""price"":157.9,""api_unit_price"":258.85245,""source_id"":""depot:carrefour-1012"",""market"":""carrefour"",""depot_name"":""Istanbul Acıbadem Hıper"",""index_time"":""18.09.2026 12:27""},{""price"":157.95,""api_unit_price"":258.93442,""source_id"":""depot:migros-564"",""market"":""migros"",""depot_name"":""Kadıköy Çarşı M Migros"",""index_time"":""18.09.2026 12:27""}]","{""mode"":""pinned-relative"",""previous_prices"":{""depot:carrefour-1012"":157.9,""depot:migros-564"":157.95},""previous_level"":157.925,""link_factor"":1.0}"
2026-09-19,other_food,ketchup,Ketçap,id:1Z90,id:1Z90,Heinz Organik Ketçap 580 Gr,0.58,kg,250.95,432.672414,429.914998,2,432.672435,0.0,api-refined,Ketçap,sub_category,2,2,"[""depot:carrefour-1012"",""depot:migros-1991""]","[""carrefour"",""migros""]",pinned-relative,18.09.2026 12:26,0,1.1,2026-09-19T02:25:19.086986+03:00,"[{""price"":214.95,""api_unit_price"":370.60345,""source_id"":""depot:migros-1991"",""market"":""migros"",""depot_name"":""Çiçekçi M Migros"",""index_time"":""18.09.2026 12:26""},{""price"":286.95,""api_unit_price"":494.74142,""source_id"":""depot:carrefour-1012"",""market"":""carrefour"",""depot_name"":""Istanbul Acıbadem Hıper"",""index_time"":""18.09.2026 12:26""}]","{""mode"":""pinned-relative"",""previous_prices"":{""depot:carrefour-1012"":286.95,""depot:migros-1991"":214.95},""previous_level"":249.35069869009692,""link_factor"":1.0}"
2026-09-19,other_food,ketchup,Ketçap,id:143U,id:143U,Tukaş Ketçap 1 Kg,1.0,kg,52.5,52.5,52.5,1,52.5,0.0,api-refined,Ketçap,sub_category,1,1,"[""depot:bim-5712""]","[""bim""]",pinned-relative,18.09.2026 12:25,0,1.1,2026-09-19T02:25:19.086988+03:00,"[{""price"":52.5,""api_unit_price"":52.5,""source_id"":""depot:bim-5712"",""market"":""bim"",""depot_name"":""Çiçekçi  Üsküdar"",""index_time"":""18.09.2026 12:25""}]","{""mode"":""pinned-relative"",""previous_prices"":{""depot:bim-5712"":52.5},""previous_level"":52.5,""link_factor"":1.0}"
2026-09-19,other_food,ketchup,Ketçap,id:1CZ8,id:1CZ8,Riksos Ketçap 730 Gr,0.73,kg,69.5,95.205479,95.205479,1,95.205475,0.0,api-refined,Ketçap,sub_category,1,1,"[""depot:hakmar-5521""]","[""hakmar""]",pinned-relative,18.09.2026 12:25,0,1.1,2026-09-19T02:25:19.086990+03:00,"[{""price"":69.5,""api_unit_price"":95.205475,""source_id"":""depot:hakmar-5521"",""market"":""hakmar"",""depot_name"":""Ahmediye  Üsküdar"",""index_time"":""18.09.2026 12:25""}]","{""mode"":""pinned-relative"",""previous_prices"":{""depot:hakmar-5521"":69.5},""previous_level"":69.5,""link_factor"":1.0}"
2026-09-19,other_food,ketchup,Ketçap,id:20BE,id:20BE,Tamek Ketçap 600 Gr,0.6,kg,99.95,166.583333,166.583333,1,166.58333,0.0,api-refined,Ketçap,sub_category,1,1,"[""depot:carrefour-1012""]","[""carrefour""]",pinned-relative,18.09.2026 12:27,0,1.1,2026-09-19T02:25:19.086992+03:00,"[{""price"":99.95,""api_unit_price"":166.58333,""source_id"":""depot:carrefour-1012"",""market"":""carrefour"",""depot_name"":""Istanbul Acıbadem Hıper"",""index_time"":""18.09.2026 12:27""}]","{""mode"":""pinned-relative"",""previous_prices"":{""depot:carrefour-1012"":99.95},""previous_level"":99.95,""link_factor"":1.0}"
2026-09-19,other_food,ketchup,Ketçap,id:018B,id:018B,Bolbol Acı Ketçap 1 Kg,1.0,kg,67.0,67.0,67.0,1,67.0,0.0,api-refined,Ketçap,sub_category,1,1,"[""depot:bim-5712""]","[""bim""]",pinned-relative,18.09.2026 12:25,0,1.1,2026-09-19T02:25:19.086995+03:00,"[{""price"":67.0,""api_unit_price"":67.0,""source_id"":""depot:bim-5712"",""market"":""bim"",""depot_name"":""Çiçekçi  Üsküdar"",""index_time"":""18.09.2026 12:25""}]","{""mode"":""pinned-relative"",""previous_prices"":{""depot:bim-5712"":67.0},""previous_level"":67.0,""link_factor"":1.0}"
2026-09-19,other_food,ketchup,Ketçap,id:054R,id:054R,Bolbol Ketçap 1 Kg,1.0,kg,67.0,67.0,67.0,1,67.0,0.0,api-refined,Ketçap,sub_category,1,1,"[""depot:bim-5712""]","[""bim""]",pinned-relative,18.09.2026 12:25,0,1.1,2026-09-19T02:25:19.086997+03:00,"[{""price"":67.0,""api_unit_price"":67.0,""source_id"":""depot:bim-5712"",""market"":""bim"",""depot_name"":""Çiçekçi  Üsküdar"",""index_time"":""18.09.2026 12:25""}]","{""mode"":""pinned-relative"",""previous_prices"":{""depot:bim-5712"":67.0},""previous_level"":67.0,""link_factor"":1.0}"
2026-09-19,other_food,ketchup,Ketçap,id:1P3D,id:1P3D,Tat Ketçap 390 Gr,0.39,kg,99.9,256.153846,256.153846,1,256.15384,0.0,api-refined,Ketçap,sub_category,1,1,"[""depot:sok-4707""]","[""sok""]",pinned-relative,18.09.2026 12:22,0,1.1,2026-09-19T02:25:19.086999+03:00,"[{""price"":99.9,""api_unit_price"":256.15384,""source_id"":""depot:sok-4707"",""market"":""sok"",""depot_name"":""Şok Minifevziçakmak"",""index_time"":""18.09.2026 12:22""}]","{""mode"":""pinned-relative"",""previous_prices"":{""depot:sok-4707"":99.9},""previous_level"":99.9,""link_factor"":1.0}"
2026-09-19,other_food,mayonnaise,Mayonez,id:1KOR,id:1KOR,Tat Yoğun Lezzet Mayonez 330 Gr,0.33,kg,113.475,343.863636,331.551566,2,343.86362,0.0,api-refined,Mayonez,sub_category,3,2,"[""depot:carrefour-5254"",""depot:sok-4707""]","[""carrefour"",""sok""]",pinned-relative,18.09.2026 12:27,0,1.1,2026-09-19T02:25:21.587333+03:00,"[{""price"":87.95,""api_unit_price"":266.51514,""source_id"":""depot:carrefour-5254"",""market"":""carrefour"",""depot_name"":""Istanbul Üsküdar Salacak Mını"",""index_time"":""18.09.2026 12:27""},{""price"":139.0,""api_unit_price"":421.2121,""source_id"":""depot:sok-4707"",""market"":""sok"",""depot_name"":""Şok Minifevziçakmak"",""index_time"":""18.09.2026 12:27""}]","{""mode"":""pinned-relative"",""previous_prices"":{""depot:carrefour-5254"":87.95,""depot:sok-4707"":139.0},""previous_level"":109.4120168578338,""link_factor"":1.0}"
2026-09-19,other_food,mayonnaise,Mayonez,id:1RZE,id:1RZE,Heinz Mayonez 505 Gr,0.505,kg,239.95,475.148515,420.75551,1,475.1485,0.0,api-refined,Mayonez,sub_category,2,1,"[""depot:migros-1991""]","[""migros""]",pinned-relative,18.09.2026 12:27,0,1.1,2026-09-19T02:25:21.587345+03:00,"[{""price"":239.95,""api_unit_price"":475.1485,""source_id"":""depot:migros-1991"",""market"":""migros"",""depot_name"":""Çiçekçi M Migros"",""index_time"":""18.09.2026 12:27""}]","{""mode"":""pinned-relative"",""previous_prices"":{""depot:migros-1991"":239.95},""previous_level"":212.481532696415,""link_factor"":1.0}"
2026-09-19,other_food,mayonnaise,Mayonez,id:1YQN,id:1YQN,Tat Yoğun Lezzet Mayonez 550 Gr,0.55,kg,199.95,363.545455,369.340645,2,363.54544,0.0,api-refined,Mayonez,sub_category,2,2,"[""depot:carrefour-1012"",""depot:migros-564""]","[""carrefour"",""migros""]",pinned-relative,18.09.2026 12:27,0,1.1,2026-09-19T02:25:21.587349+03:00,"[{""price"":199.95,""api_unit_price"":363.54544,""source_id"":""depot:migros-564"",""market"":""migros"",""depot_name"":""Kadıköy Çarşı M Migros"",""index_time"":""18.09.2026 12:27""},{""price"":199.95,""api_unit_price"":363.54544,""source_id"":""depot:carrefour-1012"",""market"":""carrefour"",""depot_name"":""Istanbul Acıbadem Hıper"",""index_time"":""18.09.2026 12:27""}]","{""mode"":""pinned-relative"",""previous_prices"":{""depot:carrefour-1012"":199.95,""depot:migros-564"":199.95},""previous_level"":203.13735495970735,""link_factor"":1.0}"
2026-09-19,other_food,mayonnaise,Mayonez,id:1QJH,id:1QJH,Calve Trüflü Mayonez 235 Gr,0.235,kg,196.95,838.085106,712.574468,1,838.08514,0.0,api-refined,Mayonez,sub_category,2,1,"[""depot:migros-4479""]","[""migros""]",pinned-relative,18.09.2026 12:28,0,1.1,2026-09-19T02:25:21.587351+03:00,"[{""price"":196.95,""api_unit_price"":838.08514,""source_id"":""depot:migros-4479"",""market"":""migros"",""depot_name"":""Mjet Üsküdar Paşakapısı"",""index_time"":""18.09.2026 12:28""}]","{""mode"":""pinned-relative"",""previous_prices"":{""depot:migros-4479"":196.95},""previous_level"":167.455,""link_factor"":1.0}"
2026-09-19,other_food,mayonnaise,Mayonez,id:1SMH,id:1SMH,Calvé Sriracha Mayonez 240 Gr,0.24,kg,196.95,820.625,833.658682,2,820.625,0.0,api-refined,Mayonez,sub_category,2,2,"[""depot:carrefour-1012"",""depot:migros-564""]","[""carrefour"",""migros""]",pinned-relative,18.09.2026 12:27,0,1.1,2026-09-19T02:25:21.587354+03:00,"[{""price"":196.95,""api_unit_price"":820.625,""source_id"":""depot:migros-564"",""market"":""migros"",""depot_name"":""Kadıköy Çarşı M Migros"",""index_time"":""18.09.2026 12:27""},{""price"":196.95,""api_unit_price"":820.625,""source_id"":""depot:carrefour-1012"",""market"":""carrefour"",""depot_name"":""Istanbul Acıbadem Hıper"",""index_time"":""18.09.2026 12:27""}]","{""mode"":""pinned-relative"",""previous_prices"":{""depot:carrefour-1012"":196.95,""depot:migros-564"":196.95},""previous_level"":200.0780837547404,""link_factor"":1.0}"
2026-09-19,other_food,mayonnaise,Mayonez,id:20YI,id:20YI,Calve Cam Mayonez 500 Gr,0.5,kg,290.95,581.9,589.665364,2,581.9,0.0,api-refined,Mayonez,sub_category,2,2,"[""depot:carrefour-1012"",""depot:migros-1991""]","[""carrefour"",""migros""]",pinned-relative,18.09.2026 12:27,0,1.1,2026-09-19T02:25:21.587356+03:00,"[{""price"":290.95,""api_unit_price"":581.9,""source_id"":""depot:migros-1991"",""market"":""migros"",""depot_name"":""Çiçekçi M Migros"",""index_time"":""18.09.2026 12:27""},{""price"":290.95,""api_unit_price"":581.9,""source_id"":""depot:carrefour-1012"",""market"":""carrefour"",""depot_name"":""Istanbul Acıbadem Hıper"",""index_time"":""18.09.2026 12:27""}]","{""mode"":""pinned-relative"",""previous_prices"":{""depot:carrefour-1012"":290.95,""depot:migros-1991"":290.95},""previous_level"":294.8326819259261,""link_factor"":1.0}"
2026-09-19,other_food,mayonnaise,Mayonez,id:1Q02,id:1Q02,Hellmann's Trüflü Mayonez 235 Gr,0.235,kg,230.9,982.553191,980.531915,1,982.55316,0.0,api-refined,Mayonez,sub_category,2,1,"[""depot:carrefour-1012""]","[""carrefour""]",pinned-relative,18.09.2026 12:27,0,1.1,2026-09-19T02:25:21.587358+03:00,"[{""price"":230.9,""api_unit_price"":982.55316,""source_id"":""depot:carrefour-1012"",""market"":""carrefour"",""depot_name"":""Istanbul Acıbadem Hıper"",""index_time"":""18.09.2026 12:27""}]","{""mode"":""pinned-relative"",""previous_prices"":{""depot:carrefour-1012"":230.9},""previous_level"":230.425,""link_factor"":1.0}"
2026-09-19,other_food,mayonnaise,Mayonez,id:1JO1,id:1JO1,Heinz Light Mayonez 420 Gr,0.42,kg,242.95,578.452381,578.452381,2,578.45233,0.0,api-refined,Mayonez,sub_category,2,2,"[""depot:carrefour-1012"",""depot:migros-1991""]","[""carrefour"",""migros""]",pinned-relative,18.09.2026 12:26,0,1.1,2026-09-19T02:25:21.587360+03:00,"[{""price"":242.95,""api_unit_price"":578.45233,""source_id"":""depot:migros-1991"",""market"":""migros"",""depot_name"":""Çiçekçi M Migros"",""index_time"":""18.09.2026 12:26""},{""price"":242.95,""api_unit_price"":578.45233,""source_id"":""depot:carrefour-1012"",""market"":""carrefour"",""depot_name"":""Istanbul Acıbadem Hıper"",""index_time"":""18.09.2026 12:26""}]","{""mode"":""pinned-relative"",""previous_prices"":{""depot:carrefour-1012"":242.95,""depot:migros-1991"":242.95},""previous_level"":242.95,""link_factor"":1.0}"
2026-09-19,other_food,mayonnaise,Mayonez,id:1SM6,id:1SM6,Heinz Sarımsaklı Mayonez 400 Gr,0.4,kg,279.95,699.875,699.875,2,699.87506,0.0,api-refined,Mayonez,sub_category,2,2,"[""depot:carrefour-1012"",""depot:migros-1991""]","[""carrefour"",""migros""]",pinned-relative,18.09.2026 12:27,0,1.1,2026-09-19T02:25:21.587362+03:00,"[{""price"":279.95,""api_unit_price"":699.87506,""source_id"":""depot:migros-1991"",""market"":""migros"",""depot_name"":""Çiçekçi M Migros"",""index_time"":""18.09.2026 12:27""},{""price"":279.95,""api_unit_price"":699.87506,""source_id"":""depot:carrefour-1012"",""market"":""carrefour"",""depot_name"":""Istanbul Acıbadem Hıper"",""index_time"":""18.09.2026 12:27""}]","{""mode"":""pinned-relative"",""previous_prices"":{""depot:carrefour-1012"":279.95,""depot:migros-1991"":279.95},""previous_level"":279.95,""link_factor"":1.0}"
2026-09-19,other_food,mayonnaise,Mayonez,id:145T,id:145T,Tukaş Mayonez 840 Gr,0.84,kg,58.5,69.642857,69.642857,1,69.64286,0.0,api-refined,Mayonez,sub_category,1,1,"[""depot:bim-5712""]","[""bim""]",pinned-relative,18.09.2026 12:25,0,1.1,2026-09-19T02:25:21.587364+03:00,"[{""price"":58.5,""api_unit_price"":69.64286,""source_id"":""depot:bim-5712"",""market"":""bim"",""depot_name"":""Çiçekçi  Üsküdar"",""index_time"":""18.09.2026 12:25""}]","{""mode"":""pinned-relative"",""previous_prices"":{""depot:bim-5712"":58.5},""previous_level"":58.5,""link_factor"":1.0}"
2026-09-19,other_food,mayonnaise,Mayonez,id:1D49,id:1D49,Riksos Mayonez 650 Gr,0.65,kg,89.5,137.692308,137.692308,1,137.6923,0.0,api-refined,Mayonez,sub_category,1,1,"[""depot:hakmar-5521""]","[""hakmar""]",pinned-relative,18.09.2026 12:25,0,1.1,2026-09-19T02:25:21.587366+03:00,"[{""price"":89.5,""api_unit_price"":137.6923,""source_id"":""depot:hakmar-5521"",""market"":""hakmar"",""depot_name"":""Ahmediye  Üsküdar"",""index_time"":""18.09.2026 12:25""}]","{""mode"":""pinned-relative"",""previous_prices"":{""depot:hakmar-5521"":89.5},""previous_level"":89.5,""link_factor"":1.0}"
2026-09-19,other_food,mayonnaise,Mayonez,id:0YGK,id:0YGK,Bizim Vatan Mayonez 430 Gr,0.43,kg,85.0,197.674419,197.674419,1,197.67442,0.0,api-refined,Mayonez,sub_category,1,1,"[""depot:sok-4707""]","[""sok""]",pinned-relative,18.09.2026 12:21,0,1.1,2026-09-19T02:25:21.587368+03:00,"[{""price"":85.0,""api_unit_price"":197.67442,""source_id"":""depot:sok-4707"",""market"":""sok"",""depot_name"":""Şok Minifevziçakmak"",""index_time"":""18.09.2026 12:21""}]","{""mode"":""pinned-relative"",""previous_prices"":{""depot:sok-4707"":85.0},""previous_level"":85.0,""link_factor"":1.0}"
2026-09-19,other_food,mayonnaise,Mayonez,id:06FI,id:06FI,Tat Sarımsaklı Mayonez 260 Gr,0.26,kg,64.95,249.807692,249.807692,1,249.80768,0.0,api-refined,Mayonez,sub_category,1,1,"[""depot:carrefour-1012""]","[""carrefour""]",pinned-relative,18.09.2026 12:27,0,1.1,2026-09-19T02:25:21.587370+03:00,"[{""price"":64.95,""api_unit_price"":249.80768,""source_id"":""depot:carrefour-1012"",""market"":""carrefour"",""depot_name"":""Istanbul Acıbadem Hıper"",""index_time"":""18.09.2026 12:27""}]","{""mode"":""pinned-relative"",""previous_prices"":{""depot:carrefour-1012"":64.95},""previous_level"":64.95,""link_factor"":1.0}"
2026-09-19,other_food,mayonnaise,Mayonez,id:1ZSW,id:1ZSW,Tamek Mayonez 540 Gr,0.54,kg,144.95,268.425926,268.425926,1,268.4259,0.0,api-refined,Mayonez,sub_category,1,1,"[""depot:carrefour-1012""]","[""carrefour""]",pinned-relative,18.09.2026 12:27,0,1.1,2026-09-19T02:25:21.587373+03:00,"[{""price"":144.95,""api_unit_price"":268.4259,""source_id"":""depot:carrefour-1012"",""market"":""carrefour"",""depot_name"":""Istanbul Acıbadem Hıper"",""index_time"":""18.09.2026 12:27""}]","{""mode"":""pinned-relative"",""previous_prices"":{""depot:carrefour-1012"":144.95},""previous_level"":144.95,""link_factor"":1.0}"
2026-09-19,other_food,mayonnaise,Mayonez,id:0415,id:0415,Bolbol Mayonez 840 Gr,0.84,kg,149.0,177.380952,177.380952,1,177.38095,0.0,api-refined,Mayonez,sub_category,1,1,"[""depot:bim-5712""]","[""bim""]",pinned-relative,18.09.2026 12:25,0,1.1,2026-09-19T02:25:21.587375+03:00,"[{""price"":149.0,""api_unit_price"":177.38095,""source_id"":""depot:bim-5712"",""market"":""bim"",""depot_name"":""Çiçekçi  Üsküdar"",""index_time"":""18.09.2026 12:25""}]","{""mode"":""pinned-relative"",""previous_prices"":{""depot:bim-5712"":149.0},""previous_level"":149.0,""link_factor"":1.0}"
2026-09-19,other_food,mayonnaise,Mayonez,id:2CR7,id:2CR7,Calvé Mayonez 540 Gr,0.54,kg,169.0,312.962963,312.962963,1,312.96295,0.0,api-refined,Mayonez,sub_category,1,1,"[""depot:hakmar-5521""]","[""hakmar""]",pinned-relative,18.09.2026 12:25,0,1.1,2026-09-19T02:25:21.587377+03:00,"[{""price"":169.0,""api_unit_price"":312.96295,""source_id"":""depot:hakmar-5521"",""market"":""hakmar"",""depot_name"":""Ahmediye  Üsküdar"",""index_time"":""18.09.2026 12:25""}]","{""mode"":""pinned-relative"",""previous_prices"":{""depot:hakmar-5521"":169.0},""previous_level"":169.0,""link_factor"":1.0}"
2026-09-19,other_food,mayonnaise,Mayonez,id:1KKV,id:1KKV,Tat Sriracha Mayonez 350 Gr,0.35,kg,169.95,485.571429,485.571429,1,485.5714,0.0,api-refined,Mayonez,sub_category,1,1,"[""depot:carrefour-1012""]","[""carrefour""]",pinned-relative,18.09.2026 12:26,0,1.1,2026-09-19T02:25:21.587379+03:00,"[{""price"":169.95,""api_unit_price"":485.5714,""source_id"":""depot:carrefour-1012"",""market"":""carrefour"",""depot_name"":""Istanbul Acıbadem Hıper"",""index_time"":""18.09.2026 12:26""}]","{""mode"":""pinned-relative"",""previous_prices"":{""depot:carrefour-1012"":169.95},""previous_level"":169.95,""link_factor"":1.0}"
2026-09-19,other_food,salt,Tuz,id:1PLP,id:1PLP,Billur Tuz İyotlu 750 Gr,0.75,kg,38.0,50.666667,50.0,2,50.666668,0.0,api-refined,Tuz Baharat ve Harçlar,main_category,2,2,"[""depot:migros-1991"",""depot:sok-4707""]","[""migros"",""sok""]",pinned-relative,18.09.2026 12:27,0,1.1,2026-09-19T02:25:31.641066+03:00,"[{""price"":37.5,""api_unit_price"":50.0,""source_id"":""depot:sok-4707"",""market"":""sok"",""depot_name"":""Şok Minifevziçakmak"",""index_time"":""18.09.2026 12:27""},{""price"":38.5,""api_unit_price"":51.333336,""source_id"":""depot:migros-1991"",""market"":""migros"",""depot_name"":""Çiçekçi M Migros"",""index_time"":""18.09.2026 12:27""}]","{""mode"":""pinned-relative"",""previous_prices"":{""depot:migros-1991"":38.5,""depot:sok-4707"":37.5},""previous_level"":37.5,""link_factor"":1.0}"
2026-09-19,other_food,salt,Tuz,id:1OR3,id:1OR3,Billur Tuz İyotlu Sofra Tuzu 500 Gr,0.5,kg,56.925,113.85,111.9,2,113.85,0.0,api-refined,Tuz Baharat ve Harçlar,main_category,3,2,"[""depot:carrefour-1012"",""depot:migros-1991""]","[""carrefour"",""migros""]",pinned-relative,18.09.2026 12:27,0,1.1,2026-09-19T02:25:31.641078+03:00,"[{""price"":55.95,""api_unit_price"":111.9,""source_id"":""depot:migros-1991"",""market"":""migros"",""depot_name"":""Çiçekçi M Migros"",""index_time"":""18.09.2026 12:27""},{""price"":57.9,""api_unit_price"":115.8,""source_id"":""depot:carrefour-1012"",""market"":""carrefour"",""depot_name"":""Istanbul Acıbadem Hıper"",""index_time"":""18.09.2026 12:27""}]","{""mode"":""pinned-relative"",""previous_prices"":{""depot:carrefour-1012"":57.9,""depot:migros-1991"":55.95},""previous_level"":55.95,""link_factor"":1.0}"
2026-09-19,other_food,salt,Tuz,id:0EUT,id:1VU0,Billur Tuz İyotlu Piknik Tuzu 125 Gr,0.125,kg,30.925,247.4,15.333333,2,247.4,0.0,api-refined,Tuz Baharat ve Harçlar,main_category,2,2,"[""depot:carrefour-1012"",""depot:migros-1991""]","[""carrefour"",""migros""]",pinned-relative,18.09.2026 12:26,1,1.1,2026-09-19T02:25:31.641082+03:00,"[{""price"":30.9,""api_unit_price"":247.2,""source_id"":""depot:carrefour-1012"",""market"":""carrefour"",""depot_name"":""Istanbul Acıbadem Hıper"",""index_time"":""18.09.2026 12:26""},{""price"":30.95,""api_unit_price"":247.6,""source_id"":""depot:migros-1991"",""market"":""migros"",""depot_name"":""Çiçekçi M Migros"",""index_time"":""18.09.2026 12:26""}]","{""mode"":""pinned-relative"",""previous_prices"":{""depot:carrefour-1012"":30.9,""depot:migros-1991"":30.95},""previous_level"":30.925,""link_factor"":0.06197790218270008}"
2026-09-19,other_food,salt,Tuz,id:0UZB,id:0UZB,Anadolu Mutfağı Tuz 750 Gr,0.75,kg,12.0,16.0,16.0,1,16.0,0.0,api-refined,Tuz Baharat ve Harçlar,main_category,1,1,"[""depot:sok-4707""]","[""sok""]",pinned-relative,18.09.2026 12:22,0,1.1,2026-09-19T02:25:31.641084+03:00,"[{""price"":12.0,""api_unit_price"":16.0,""source_id"":""depot:sok-4707"",""market"":""sok"",""depot_name"":""Şok Minifevziçakmak"",""index_time"":""18.09.2026 12:22""}]","{""mode"":""pinned-relative"",""previous_prices"":{""depot:sok-4707"":12.0},""previous_level"":12.0,""link_factor"":1.0}"
2026-09-19,other_food,salt,Tuz,id:00O6,id:00O6,Sofra İyotlu Tuz 750 Gr,0.75,kg,12.0,16.0,16.0,1,16.0,0.0,api-refined,Tuz Baharat ve Harçlar,main_category,1,1,"[""depot:bim-5712""]","[""bim""]",pinned-relative,18.09.2026 12:25,0,1.1,2026-09-19T02:25:31.641086+03:00,"[{""price"":12.0,""api_unit_price"":16.0,""source_id"":""depot:bim-5712"",""market"":""bim"",""depot_name"":""Çiçekçi  Üsküdar"",""index_time"":""18.09.2026 12:25""}]","{""mode"":""pinned-relative"",""previous_prices"":{""depot:bim-5712"":12.0},""previous_level"":12.0,""link_factor"":1.0}"
2026-09-19,other_food,salt,Tuz,id:008E,id:008E,Tuzum İyotlu Tuz 750 Gr,0.75,kg,12.0,16.0,16.0,1,16.0,0.0,api-refined,Tuz Baharat ve Harçlar,main_category,1,1,"[""depot:hakmar-5521""]","[""hakmar""]",pinned-relative,18.09.2026 12:25,0,1.1,2026-09-19T02:25:31.641089+03:00,"[{""price"":12.0,""api_unit_price"":16.0,""source_id"":""depot:hakmar-5521"",""market"":""hakmar"",""depot_name"":""Ahmediye  Üsküdar"",""index_time"":""18.09.2026 12:25""}]","{""mode"":""pinned-relative"",""previous_prices"":{""depot:hakmar-5521"":12.0},""previous_level"":12.0,""link_factor"":1.0}"
2026-09-19,other_food,salt,Tuz,id:00CG,id:0FLB,Bağdat Tuz Değirmen Kapak 110 Gr,0.11,kg,51.95,472.272727,9.540863,1,472.27274,0.0,api-refined,Tuz Baharat ve Harçlar,main_category,1,1,"[""depot:carrefour-1012""]","[""carrefour""]",pinned-relative,18.09.2026 12:27,1,1.1,2026-09-19T02:25:31.641091+03:00,"[{""price"":51.95,""api_unit_price"":472.27274,""source_id"":""depot:carrefour-1012"",""market"":""carrefour"",""depot_name"":""Istanbul Acıbadem Hıper"",""index_time"":""18.09.2026 12:27""}]","{""mode"":""pinned-relative"",""previous_prices"":{""depot:carrefour-1012"":51.95},""previous_level"":51.95,""link_factor"":0.020202020202020204}"
2026-09-19,other_food,salt,Tuz,id:1XUF,id:1XUF,Salina İyotlu Tuz 1.5 Kg,1.5,kg,19.5,13.0,13.0,1,13.0,0.0,api-refined,Tuz Baharat ve Harçlar,main_category,1,1,"[""depot:bim-5712""]","[""bim""]",pinned-relative,18.09.2026 12:25,0,1.1,2026-09-19T02:25:31.641093+03:00,"[{""price"":19.5,""api_unit_price"":13.0,""source_id"":""depot:bim-5712"",""market"":""bim"",""depot_name"":""Çiçekçi  Üsküdar"",""index_time"":""18.09.2026 12:25""}]","{""mode"":""pinned-relative"",""previous_prices"":{""depot:bim-5712"":19.5},""previous_level"":19.5,""link_factor"":1.0}"
2026-09-19,other_food,salt,Tuz,id:09IC,id:09IC,Pak Tuz İyotlu Tuz 1.5 Kg,1.5,kg,28.5,19.0,19.0,1,19.0,0.0,api-refined,Tuz Baharat ve Harçlar,main_category,1,1,"[""depot:hakmar-5521""]","[""hakmar""]",pinned-relative,18.09.2026 12:25,0,1.1,2026-09-19T02:25:31.641095+03:00,"[{""price"":28.5,""api_unit_price"":19.0,""source_id"":""depot:hakmar-5521"",""market"":""hakmar"",""depot_name"":""Ahmediye  Üsküdar"",""index_time"":""18.09.2026 12:25""}]","{""mode"":""pinned-relative"",""previous_prices"":{""depot:hakmar-5521"":28.5},""previous_level"":28.5,""link_factor"":1.0}"
2026-09-19,other_food,salt,Tuz,id:0JSU,id:0CDD,Bisalt Kristal Kaya İyotlu Tuz 400 Gr,0.4,kg,128.9,322.25,20.0,1,322.24997,0.0,api-refined,Tuz Baharat ve Harçlar,main_category,1,1,"[""depot:carrefour-1012""]","[""carrefour""]",pinned-relative,18.09.2026 12:26,1,1.1,2026-09-19T02:25:31.641097+03:00,"[{""price"":128.9,""api_unit_price"":322.24997,""source_id"":""depot:carrefour-1012"",""market"":""carrefour"",""depot_name"":""Istanbul Acıbadem Hıper"",""index_time"":""18.09.2026 12:26""}]","{""mode"":""pinned-relative"",""previous_prices"":{""depot:carrefour-1012"":128.9},""previous_level"":128.9,""link_factor"":0.062063615205585725}"
2026-09-19,other_food,salt,Tuz,id:0AZD,id:0AZD,Pak Tuz İri Salamura Tuz 3 Kg,3.0,kg,34.5,11.5,11.5,1,11.5,0.0,api-refined,Tuz Baharat ve Harçlar,main_category,1,1,"[""depot:hakmar-5521""]","[""hakmar""]",pinned-relative,18.09.2026 12:25,0,1.1,2026-09-19T02:25:31.641099+03:00,"[{""price"":34.5,""api_unit_price"":11.5,""source_id"":""depot:hakmar-5521"",""market"":""hakmar"",""depot_name"":""Ahmediye  Üsküdar"",""index_time"":""18.09.2026 12:25""}]","{""mode"":""pinned-relative"",""previous_prices"":{""depot:hakmar-5521"":34.5},""previous_level"":34.5,""link_factor"":1.0}"
2026-09-19,other_food,salt,Tuz,id:1V3H,id:1R6Q,Billur Tuz İyotlu 3 Kg,3.0,kg,149.9,49.966667,13.3,1,49.966663,0.0,api-refined,Tuz Baharat ve Harçlar,main_category,1,1,"[""depot:carrefour-1012""]","[""carrefour""]",pinned-relative,18.09.2026 12:26,1,1.1,2026-09-19T02:25:31.641101+03:00,"[{""price"":149.9,""api_unit_price"":49.966663,""source_id"":""depot:carrefour-1012"",""market"":""carrefour"",""depot_name"":""Istanbul Acıbadem Hıper"",""index_time"":""18.09.2026 12:26""}]","{""mode"":""pinned-relative"",""previous_prices"":{""depot:carrefour-1012"":149.9},""previous_level"":149.9,""link_factor"":0.2661774498587228}"
2026-09-19,other_food,salt,Tuz,id:20LX,id:20LX,Billur Tuz İyotsuz Sofra Tuzu 250 Gr,0.25,kg,44.9,179.6,179.6,1,179.6,0.0,api-refined,Tuz Baharat ve Harçlar,main_category,1,1,"[""depot:carrefour-1012""]","[""carrefour""]",pinned-relative,18.09.2026 12:26,0,1.1,2026-09-19T02:25:31.641103+03:00,"[{""price"":44.9,""api_unit_price"":179.6,""source_id"":""depot:carrefour-1012"",""market"":""carrefour"",""depot_name"":""Istanbul Acıbadem Hıper"",""index_time"":""18.09.2026 12:26""}]","{""mode"":""pinned-relative"",""previous_prices"":{""depot:carrefour-1012"":44.9},""previous_level"":44.9,""link_factor"":1.0}"
2026-09-19,other_food,salt,Tuz,id:29X3,id:29X3,Billur Tuz 1.5 Kg,1.5,kg,67.5,45.0,45.0,1,45.0,0.0,api-refined,Tuz Baharat ve Harçlar,main_category,1,1,"[""depot:hakmar-5521""]","[""hakmar""]",pinned-relative,18.09.2026 12:25,0,1.1,2026-09-19T02:25:31.641105+03:00,"[{""price"":67.5,""api_unit_price"":45.0,""source_id"":""depot:hakmar-5521"",""market"":""hakmar"",""depot_name"":""Ahmediye  Üsküdar"",""index_time"":""18.09.2026 12:25""}]","{""mode"":""pinned-relative"",""previous_prices"":{""depot:hakmar-5521"":67.5},""previous_level"":67.5,""link_factor"":1.0}"
2026-09-19,other_food,salt,Tuz,id:0JD0,id:1WT9,Bisalt Himalaya Kaya İyotlu Tuz 400 Gr,0.4,kg,128.9,322.25,49.666667,1,322.24997,0.0,api-refined,Tuz Baharat ve Harçlar,main_category,1,1,"[""depot:carrefour-1012""]","[""carrefour""]",pinned-relative,18.09.2026 12:27,1,1.1,2026-09-19T02:25:31.641107+03:00,"[{""price"":128.9,""api_unit_price"":322.24997,""source_id"":""depot:carrefour-1012"",""market"":""carrefour"",""depot_name"":""Istanbul Acıbadem Hıper"",""index_time"":""18.09.2026 12:27""}]","{""mode"":""pinned-relative"",""previous_prices"":{""depot:carrefour-1012"":128.9},""previous_level"":128.9,""link_factor"":0.15412464546159813}"
2026-09-19,other_food,salt,Tuz,id:1NQL,id:1NQL,Billur Tuz Rafine İyotlu Sofra Tuzu 1.5 Kg,1.5,kg,74.95,49.966667,49.966667,1,49.966663,0.0,api-refined,Tuz Baharat ve Harçlar,main_category,1,1,"[""depot:migros-1991""]","[""migros""]",pinned-relative,18.09.2026 12:24,0,1.1,2026-09-19T02:25:31.641109+03:00,"[{""price"":74.95,""api_unit_price"":49.966663,""source_id"":""depot:migros-1991"",""market"":""migros"",""depot_name"":""Çiçekçi M Migros"",""index_time"":""18.09.2026 12:24""}]","{""mode"":""pinned-relative"",""previous_prices"":{""depot:migros-1991"":74.95},""previous_level"":74.95,""link_factor"":1.0}"
2026-09-19,other_food,salt,Tuz,id:1NQK,id:1NQK,Billur Tuz Demir Mineralli İyotlu Tuz 500 Gr,0.5,kg,76.9,153.8,153.8,1,153.8,0.0,api-refined,Tuz Baharat ve Harçlar,main_category,1,1,"[""depot:carrefour-1012""]","[""carrefour""]",pinned-relative,18.09.2026 12:26,0,1.1,2026-09-19T02:25:31.641111+03:00,"[{""price"":76.9,""api_unit_price"":153.8,""source_id"":""depot:carrefour-1012"",""market"":""carrefour"",""depot_name"":""Istanbul Acıbadem Hıper"",""index_time"":""18.09.2026 12:26""}]","{""mode"":""pinned-relative"",""previous_prices"":{""depot:carrefour-1012"":76.9},""previous_level"":76.9,""link_factor"":1.0}"
2026-09-19,other_food,salt,Tuz,id:1LCC,id:1LCC,Billur Tuz Değirmen Sofrada Öğütme Deniz Tuzu 200 Gr,0.2,kg,96.9,484.5,484.5,1,484.50003,0.0,api-refined,Tuz Baharat ve Harçlar,main_category,1,1,"[""depot:carrefour-1012""]","[""carrefour""]",pinned-relative,18.09.2026 12:27,0,1.1,2026-09-19T02:25:31.641113+03:00,"[{""price"":96.9,""api_unit_price"":484.50003,""source_id"":""depot:carrefour-1012"",""market"":""carrefour"",""depot_name"":""Istanbul Acıbadem Hıper"",""index_time"":""18.09.2026 12:27""}]","{""mode"":""pinned-relative"",""previous_prices"":{""depot:carrefour-1012"":96.9},""previous_level"":96.9,""link_factor"":1.0}"
2026-09-19,other_food,vinegar,Sirke,id:1Q2R,id:1Q2R,Kühne Beyaz Sirke 2 Lt,2.0,l,119.925,59.9625,45.976088,2,59.9625,0.0,api-refined,Sirke,sub_category,2,2,"[""depot:carrefour-1012"",""depot:migros-564""]","[""carrefour"",""migros""]",pinned-relative,18.09.2026 12:27,0,1.1,2026-09-19T02:25:36.589418+03:00,"[{""price"":119.9,""api_unit_price"":59.95,""source_id"":""depot:carrefour-1012"",""market"":""carrefour"",""depot_name"":""Istanbul Acıbadem Hıper"",""index_time"":""18.09.2026 12:27""},{""price"":119.95,""api_unit_price"":59.975,""source_id"":""depot:migros-564"",""market"":""migros"",""depot_name"":""Kadıköy Çarşı M Migros"",""index_time"":""18.09.2026 12:27""}]","{""mode"":""pinned-relative"",""previous_prices"":{""depot:carrefour-1012"":119.9,""depot:migros-564"":119.95},""previous_level"":91.95217528725979,""link_factor"":1.0}"
2026-09-19,other_food,vinegar,Sirke,id:1X98,id:1X98,Fersan Balsamik Sirke 250 Ml,0.25,l,190.43,761.72,749.712183,2,761.72,0.0,api-refined,Sirke,sub_category,2,2,"[""depot:carrefour-1012"",""depot:migros-4479""]","[""carrefour"",""migros""]",pinned-relative,18.09.2026 12:27,0,1.1,2026-09-19T02:25:36.589430+03:00,"[{""price"":155.96,""api_unit_price"":623.84,""source_id"":""depot:migros-4479"",""market"":""migros"",""depot_name"":""Mjet Üsküdar Paşakapısı"",""index_time"":""18.09.2026 12:27""},{""price"":224.9,""api_unit_price"":899.6,""source_id"":""depot:carrefour-1012"",""market"":""carrefour"",""depot_name"":""Istanbul Acıbadem Hıper"",""index_time"":""18.09.2026 12:27""}]","{""mode"":""pinned-relative"",""previous_prices"":{""depot:carrefour-1012"":224.9,""depot:migros-4479"":155.96},""previous_level"":187.42804580759432,""link_factor"":1.0}"
2026-09-19,other_food,vinegar,Sirke,id:09V5,id:09V5,Carrefour Beyaz Sirke 1 Lt,1.0,l,19.5,19.5,19.5,1,19.5,0.0,api-refined,Sirke,sub_category,1,1,"[""depot:carrefour-5254""]","[""carrefour""]",pinned-relative,18.09.2026 12:27,0,1.1,2026-09-19T02:25:36.589434+03:00,"[{""price"":19.5,""api_unit_price"":19.5,""source_id"":""depot:carrefour-5254"",""market"":""carrefour"",""depot_name"":""Istanbul Üsküdar Salacak Mını"",""index_time"":""18.09.2026 12:27""}]","{""mode"":""pinned-relative"",""previous_prices"":{""depot:carrefour-5254"":19.5},""previous_level"":19.5,""link_factor"":1.0}"
2026-09-19,other_food,vinegar,Sirke,id:0ZSU,id:0ZSU,Bizim Vatan Beyaz Sirke 2 Lt,2.0,l,36.5,18.25,18.25,1,18.25,0.0,api-refined,Sirke,sub_category,1,1,"[""depot:sok-4707""]","[""sok""]",pinned-relative,18.09.2026 12:22,0,1.1,2026-09-19T02:25:36.589436+03:00,"[{""price"":36.5,""api_unit_price"":18.25,""source_id"":""depot:sok-4707"",""market"":""sok"",""depot_name"":""Şok Minifevziçakmak"",""index_time"":""18.09.2026 12:22""}]","{""mode"":""pinned-relative"",""previous_prices"":{""depot:sok-4707"":36.5},""previous_level"":36.5,""link_factor"":1.0}"
2026-09-19,other_food,vinegar,Sirke,id:03PJ,id:03PJ,Efor Beyaz Sirke 2 Lt,2.0,l,36.5,18.25,18.25,1,18.25,0.0,api-refined,Sirke,sub_category,1,1,"[""depot:bim-5712""]","[""bim""]",pinned-relative,18.09.2026 12:25,0,1.1,2026-09-19T02:25:36.589439+03:00,"[{""price"":36.5,""api_unit_price"":18.25,""source_id"":""depot:bim-5712"",""market"":""bim"",""depot_name"":""Çiçekçi  Üsküdar"",""index_time"":""18.09.2026 12:25""}]","{""mode"":""pinned-relative"",""previous_prices"":{""depot:bim-5712"":36.5},""previous_level"":36.5,""link_factor"":1.0}"
2026-09-19,other_food,vinegar,Sirke,id:05BW,id:05BW,Tarım Kredi Anadolu Beyaz Sirke 2 Lt,2.0,l,32.5,16.25,16.25,1,16.25,0.0,api-refined,Sirke,sub_category,1,1,"[""depot:tarim_kredi-5022""]","[""tarim_kredi""]",pinned-relative,18.09.2026 12:26,0,1.1,2026-09-19T02:25:36.589441+03:00,"[{""price"":32.5,""api_unit_price"":16.25,""source_id"":""depot:tarim_kredi-5022"",""market"":""tarim_kredi"",""depot_name"":""Istanbul Kadıköy Market"",""index_time"":""18.09.2026 12:26""}]","{""mode"":""pinned-relative"",""previous_prices"":{""depot:tarim_kredi-5022"":32.5},""previous_level"":32.5,""link_factor"":1.0}"
2026-09-19,other_food,vinegar,Sirke,id:1WQD,id:1WQD,Kühne Beyaz Sirke 1 Lt,1.0,l,80.95,80.95,80.95,1,80.95,0.0,api-refined,Sirke,sub_category,2,1,"[""depot:carrefour-1012""]","[""carrefour""]",pinned-relative,18.09.2026 12:26,0,1.1,2026-09-19T02:25:36.589443+03:00,"[{""price"":80.95,""api_unit_price"":80.95,""source_id"":""depot:carrefour-1012"",""market"":""carrefour"",""depot_name"":""Istanbul Acıbadem Hıper"",""index_time"":""18.09.2026 12:26""}]","{""mode"":""pinned-relative"",""previous_prices"":{""depot:carrefour-1012"":80.95},""previous_level"":80.95,""link_factor"":1.0}"
2026-09-19,other_food,vinegar,Sirke,id:10MI,id:10MI,Kilikya Beyaz Sirke 5 Lt,5.0,l,75.0,15.0,15.0,1,15.0,0.0,api-refined,Sirke,sub_category,1,1,"[""depot:bim-5712""]","[""bim""]",pinned-relative,18.09.2026 12:27,0,1.1,2026-09-19T02:25:36.589445+03:00,"[{""price"":75.0,""api_unit_price"":15.0,""source_id"":""depot:bim-5712"",""market"":""bim"",""depot_name"":""Çiçekçi  Üsküdar"",""index_time"":""18.09.2026 12:27""}]","{""mode"":""pinned-relative"",""previous_prices"":{""depot:bim-5712"":75.0},""previous_level"":75.0,""link_factor"":1.0}"
2026-09-19,other_food,vinegar,Sirke,id:0832,id:0832,Happylife Organik Sirke Cam 500 Ml,0.5,l,99.0,198.0,198.0,1,198.0,0.0,api-refined,Sirke,sub_category,1,1,"[""depot:hakmar-5521""]","[""hakmar""]",pinned-relative,18.09.2026 12:25,0,1.1,2026-09-19T02:25:36.589447+03:00,"[{""price"":99.0,""api_unit_price"":198.0,""source_id"":""depot:hakmar-5521"",""market"":""hakmar"",""depot_name"":""Ahmediye  Üsküdar"",""index_time"":""18.09.2026 12:25""}]","{""mode"":""pinned-relative"",""previous_prices"":{""depot:hakmar-5521"":99.0},""previous_level"":99.0,""link_factor"":1.0}"
2026-09-19,other_food,vinegar,Sirke,id:12DX,id:12DX,Kemal Kükrer Beyaz Sirke 2 Lt,2.0,l,71.94,35.97,35.97,1,35.97,0.0,api-refined,Sirke,sub_category,1,1,"[""depot:carrefour-1012""]","[""carrefour""]",pinned-relative,18.09.2026 12:27,0,1.1,2026-09-19T02:25:36.589449+03:00,"[{""price"":71.94,""api_unit_price"":35.97,""source_id"":""depot:carrefour-1012"",""market"":""carrefour"",""depot_name"":""Istanbul Acıbadem Hıper"",""index_time"":""18.09.2026 12:27""}]","{""mode"":""pinned-relative"",""previous_prices"":{""depot:carrefour-1012"":71.94},""previous_level"":71.94,""link_factor"":1.0}"
2026-09-19,other_food,vinegar,Sirke,id:1591,id:1591,Fersan Balsamik Sirke Condimento Rose 250 Ml,0.25,l,191.95,767.8,767.8,1,767.8,0.0,api-refined,Sirke,sub_category,1,1,"[""depot:migros-564""]","[""migros""]",pinned-relative,18.09.2026 12:24,0,1.1,2026-09-19T02:25:36.589451+03:00,"[{""price"":191.95,""api_unit_price"":767.8,""source_id"":""depot:migros-564"",""market"":""migros"",""depot_name"":""Kadıköy Çarşı M Migros"",""index_time"":""18.09.2026 12:24""}]","{""mode"":""pinned-relative"",""previous_prices"":{""depot:migros-564"":191.95},""previous_level"":191.95,""link_factor"":1.0}"
2026-09-19,other_food,vinegar,Sirke,id:1YCC,id:1YCC,Fersan Detox Doğal Sirke Analı Elma Sirkesi 500 Ml,0.5,l,146.21,292.42,292.42,1,292.42,0.0,api-refined,Sirke,sub_category,1,1,"[""depot:migros-1991""]","[""migros""]",pinned-relative,18.09.2026 12:26,0,1.1,2026-09-19T02:25:36.589454+03:00,"[{""price"":146.21,""api_unit_price"":292.42,""source_id"":""depot:migros-1991"",""market"":""migros"",""depot_name"":""Çiçekçi M Migros"",""index_time"":""18.09.2026 12:26""}]","{""mode"":""pinned-relative"",""previous_prices"":{""depot:migros-1991"":146.21},""previous_level"":146.21,""link_factor"":1.0}"
2026-09-19,other_food,vinegar,Sirke,id:20P2,id:20P2,Fersan Detox Doğal Sirke Analı Üzüm Sirkesi 500 Ml,0.5,l,146.21,292.42,292.42,1,292.42,0.0,api-refined,Sirke,sub_category,1,1,"[""depot:migros-1991""]","[""migros""]",pinned-relative,18.09.2026 12:26,0,1.1,2026-09-19T02:25:36.589456+03:00,"[{""price"":146.21,""api_unit_price"":292.42,""source_id"":""depot:migros-1991"",""market"":""migros"",""depot_name"":""Çiçekçi M Migros"",""index_time"":""18.09.2026 12:26""}]","{""mode"":""pinned-relative"",""previous_prices"":{""depot:migros-1991"":146.21},""previous_level"":146.21,""link_factor"":1.0}"
2026-09-19,other_food,vinegar,Sirke,id:203B,id:203B,Kühne Balsamik Sirke 500 Ml,0.5,l,331.95,663.9,663.9,1,663.9,0.0,api-refined,Sirke,sub_category,2,1,"[""depot:migros-1991""]","[""migros""]",pinned-relative,18.09.2026 12:26,0,1.1,2026-09-19T02:25:36.589458+03:00,"[{""price"":331.95,""api_unit_price"":663.9,""source_id"":""depot:migros-1991"",""market"":""migros"",""depot_name"":""Çiçekçi M Migros"",""index_time"":""18.09.2026 12:26""}]","{""mode"":""pinned-relative"",""previous_prices"":{""depot:migros-1991"":331.95},""previous_level"":331.95,""link_factor"":1.0}"
2026-09-19,other_food,vinegar,Sirke,id:1R6R,id:1R6R,Sarson's Malt Sirkesi 250 Ml,0.25,l,129.95,519.8,519.8,1,519.8,0.0,api-refined,Sirke,sub_category,1,1,"[""depot:carrefour-1012""]","[""carrefour""]",pinned-relative,18.09.2026 12:27,0,1.0,2026-09-19T02:25:36.589460+03:00,"[{""price"":129.95,""api_unit_price"":519.8,""source_id"":""depot:carrefour-1012"",""market"":""carrefour"",""depot_name"":""Istanbul Acıbadem Hıper"",""index_time"":""18.09.2026 12:27""}]","{""mode"":""pinned-relative"",""previous_prices"":{""depot:carrefour-1012"":129.95},""previous_level"":129.95,""link_factor"":1.0}"
2026-09-19,other_food,vinegar,Sirke,id:214Q,id:214Q,Kühne Üzüm Sirkesi 500 Ml,0.5,l,92.37,184.74,184.74,1,184.74,0.0,api-refined,Sirke,sub_category,1,1,"[""depot:migros-1991""]","[""migros""]",pinned-relative,18.09.2026 12:26,0,1.0,2026-09-19T02:25:36.589462+03:00,"[{""price"":92.37,""api_unit_price"":184.74,""source_id"":""depot:migros-1991"",""market"":""migros"",""depot_name"":""Çiçekçi M Migros"",""index_time"":""18.09.2026 12:26""}]","{""mode"":""pinned-relative"",""previous_prices"":{""depot:migros-1991"":92.37},""previous_level"":92.37,""link_factor"":1.0}"
2026-09-19,drinks,black_tea,Siyah çay,id:1L5J,id:1L5J,Efor Rize Siyah Çay 1 Kg,1.0,kg,359.95,359.95,266.97,1,359.95,0.0,api-refined,Çay ve Bitki Çayları,main_category,2,1,"[""depot:migros-1991""]","[""migros""]",pinned-relative,18.09.2026 12:26,0,1.1,2026-09-19T02:25:44.091410+03:00,"[{""price"":359.95,""api_unit_price"":359.95,""source_id"":""depot:migros-1991"",""market"":""migros"",""depot_name"":""Çiçekçi M Migros"",""index_time"":""18.09.2026 12:26""}]","{""mode"":""pinned-relative"",""previous_prices"":{""depot:migros-1991"":359.95},""previous_level"":266.97,""link_factor"":1.0}"
2026-09-19,drinks,black_tea,Siyah çay,id:1O9M,id:1O9M,Lipton Extra Dem Siyah Çay 500 Gr,0.5,kg,277.45,554.9,551.507037,2,554.9,0.0,api-refined,Çay ve Bitki Çayları,main_category,2,2,"[""depot:carrefour-1012"",""depot:migros-1991""]","[""carrefour"",""migros""]",pinned-relative,18.09.2026 12:26,0,1.1,2026-09-19T02:25:44.091422+03:00,"[{""price"":219.95,""api_unit_price"":439.9,""source_id"":""depot:migros-1991"",""market"":""migros"",""depot_name"":""Çiçekçi M Migros"",""index_time"":""18.09.2026 12:26""},{""price"":334.95,""api_unit_price"":669.9,""source_id"":""depot:carrefour-1012"",""market"":""carrefour"",""depot_name"":""Istanbul Acıbadem Hıper"",""index_time"":""18.09.2026 12:26""}]","{""mode"":""pinned-relative"",""previous_prices"":{""depot:carrefour-1012"":334.95,""depot:migros-1991"":219.95},""previous_level"":275.7535186358035,""link_factor"":1.0}"
2026-09-19,drinks,black_tea,Siyah çay,id:1SO9,id:1SO9,Ofçay Tiryaki Siyah Çay 1 Kg,1.0,kg,244.975,244.975,248.723424,2,244.975,0.0,api-refined,Çay ve Bitki Çayları,main_category,2,2,"[""depot:carrefour-5254"",""depot:hakmar-5521""]","[""carrefour"",""hakmar""]",pinned-relative,18.09.2026 12:26,0,1.1,2026-09-19T02:25:44.091426+03:00,"[{""price"":224.95,""api_unit_price"":224.95,""source_id"":""depot:carrefour-5254"",""market"":""carrefour"",""depot_name"":""Istanbul Üsküdar Salacak Mını"",""index_time"":""18.09.2026 12:26""},{""price"":265.0,""api_unit_price"":265.0,""source_id"":""depot:hakmar-5521"",""market"":""hakmar"",""depot_name"":""Ahmediye  Üsküdar"",""index_time"":""18.09.2026 12:26""}]","{""mode"":""pinned-relative"",""previous_prices"":{""depot:carrefour-5254"":224.95,""depot:hakmar-5521"":265.0},""previous_level"":248.72342372613272,""link_factor"":1.0}"
2026-09-19,drinks,black_tea,Siyah çay,id:29V3,id:29V3,Çaykur Tomurcuk Siyah Çay 125 Gr,0.125,kg,109.0,872.0,872.0,1,872.0,0.0,api-refined,Çay ve Bitki Çayları,main_category,1,1,"[""depot:hakmar-5521""]","[""hakmar""]",pinned-relative,18.09.2026 12:25,0,1.1,2026-09-19T02:25:44.091428+03:00,"[{""price"":109.0,""api_unit_price"":872.0,""source_id"":""depot:hakmar-5521"",""market"":""hakmar"",""depot_name"":""Ahmediye  Üsküdar"",""index_time"":""18.09.2026 12:25""}]","{""mode"":""pinned-relative"",""previous_prices"":{""depot:hakmar-5521"":109.0},""previous_level"":109.0,""link_factor"":1.0}"
2026-09-19,drinks,black_tea,Siyah çay,id:01KL,id:01KL,Berk Filiz Siyah Çay 500 Gr,0.5,kg,139.0,278.0,278.0,1,278.0,0.0,api-refined,Çay ve Bitki Çayları,main_category,1,1,"[""depot:bim-5712""]","[""bim""]",pinned-relative,18.09.2026 12:25,0,1.1,2026-09-19T02:25:44.091431+03:00,"[{""price"":139.0,""api_unit_price"":278.0,""source_id"":""depot:bim-5712"",""market"":""bim"",""depot_name"":""Çiçekçi  Üsküdar"",""index_time"":""18.09.2026 12:25""}]","{""mode"":""pinned-relative"",""previous_prices"":{""depot:bim-5712"":139.0},""previous_level"":139.0,""link_factor"":1.0}"
2026-09-19,drinks,black_tea,Siyah çay,id:0LDS,id:1NFN,Çaykur Rize Turist Siyah Çay 1 Kg,1.0,kg,399.0,399.0,289.9,1,399.0,0.0,api-refined,Çay ve Bitki Çayları,main_category,2,1,"[""depot:bim-5712""]","[""bim""]",pinned-relative,18.09.2026 12:26,1,1.1,2026-09-19T02:25:44.091433+03:00,"[{""price"":399.0,""api_unit_price"":399.0,""source_id"":""depot:bim-5712"",""market"":""bim"",""depot_name"":""Çiçekçi  Üsküdar"",""index_time"":""18.09.2026 12:26""}]","{""mode"":""pinned-relative"",""previous_prices"":{""depot:bim-5712"":399.0},""previous_level"":399.475,""link_factor"":0.7257024845109205}"
2026-09-19,drinks,black_tea,Siyah çay,id:0N2H,id:0N2H,Karali Organik Siyah Çay 500 Gr,0.5,kg,449.95,899.9,899.9,1,899.9,0.0,api-refined,Çay ve Bitki Çayları,main_category,1,1,"[""depot:migros-1991""]","[""migros""]",pinned-relative,18.09.2026 12:24,0,1.1,2026-09-19T02:25:44.091435+03:00,"[{""price"":449.95,""api_unit_price"":899.9,""source_id"":""depot:migros-1991"",""market"":""migros"",""depot_name"":""Çiçekçi M Migros"",""index_time"":""18.09.2026 12:24""}]","{""mode"":""pinned-relative"",""previous_prices"":{""depot:migros-1991"":449.95},""previous_level"":449.95,""link_factor"":1.0}"
2026-09-19,drinks,black_tea,Siyah çay,id:25FS,id:25FS,Çaykur Kamelya Siyah Çay 500 Gr,0.5,kg,219.0,438.0,438.0,1,438.0,0.0,api-refined,Çay ve Bitki Çayları,main_category,1,1,"[""depot:hakmar-5521""]","[""hakmar""]",pinned-relative,18.09.2026 12:27,0,1.1,2026-09-19T02:25:44.091437+03:00,"[{""price"":219.0,""api_unit_price"":438.0,""source_id"":""depot:hakmar-5521"",""market"":""hakmar"",""depot_name"":""Ahmediye  Üsküdar"",""index_time"":""18.09.2026 12:27""}]","{""mode"":""pinned-relative"",""previous_prices"":{""depot:hakmar-5521"":219.0},""previous_level"":219.0,""link_factor"":1.0}"
2026-09-19,drinks,black_tea,Siyah çay,id:0B5O,id:0B5O,Tarım Kredi Harman Siyah Çay 1 Kg,1.0,kg,235.0,235.0,235.0,1,235.0,0.0,api-refined,Çay ve Bitki Çayları,main_category,1,1,"[""depot:tarim_kredi-7488""]","[""tarim_kredi""]",pinned-relative,18.09.2026 12:26,0,1.1,2026-09-19T02:25:44.091439+03:00,"[{""price"":235.0,""api_unit_price"":235.0,""source_id"":""depot:tarim_kredi-7488"",""market"":""tarim_kredi"",""depot_name"":""Istanbul Kadıköy Kızıltoprak"",""index_time"":""18.09.2026 12:26""}]","{""mode"":""pinned-relative"",""previous_prices"":{""depot:tarim_kredi-7488"":235.0},""previous_level"":235.00000000000003,""link_factor"":1.0}"
2026-09-19,drinks,black_tea,Siyah çay,id:092Q,id:073Q,Herdem Bardak Siyah Çay 25x2 Gr,0.05,kg,43.0,860.0,233.99,1,860.0,0.0,api-refined,Çay ve Bitki Çayları,main_category,1,1,"[""depot:hakmar-5521""]","[""hakmar""]",pinned-relative,18.09.2026 12:25,1,1.1,2026-09-19T02:25:44.091441+03:00,"[{""price"":43.0,""api_unit_price"":860.0,""source_id"":""depot:hakmar-5521"",""market"":""hakmar"",""depot_name"":""Ahmediye  Üsküdar"",""index_time"":""18.09.2026 12:25""}]","{""mode"":""pinned-relative"",""previous_prices"":{""depot:hakmar-5521"":43.0},""previous_level"":43.0,""link_factor"":0.27208139534883724}"
2026-09-19,drinks,black_tea,Siyah çay,id:0XGC,id:0XGC,Migros Harman Siyah Çay 1 Kg,1.0,kg,249.95,249.95,249.95,1,249.95,0.0,api-refined,Çay ve Bitki Çayları,main_category,1,1,"[""depot:migros-1991""]","[""migros""]",pinned-relative,18.09.2026 12:24,0,1.1,2026-09-19T02:25:44.091443+03:00,"[{""price"":249.95,""api_unit_price"":249.95,""source_id"":""depot:migros-1991"",""market"":""migros"",""depot_name"":""Çiçekçi M Migros"",""index_time"":""18.09.2026 12:24""}]","{""mode"":""pinned-relative"",""previous_prices"":{""depot:migros-1991"":249.95},""previous_level"":249.95,""link_factor"":1.0}"
2026-09-19,drinks,black_tea,Siyah çay,id:02H6,id:02H6,Herdem Harman Siyah Çay 1 Kg,1.0,kg,250.0,250.0,250.0,1,250.0,0.0,api-refined,Çay ve Bitki Çayları,main_category,1,1,"[""depot:hakmar-5521""]","[""hakmar""]",pinned-relative,18.09.2026 12:25,0,1.1,2026-09-19T02:25:44.091445+03:00,"[{""price"":250.0,""api_unit_price"":250.0,""source_id"":""depot:hakmar-5521"",""market"":""hakmar"",""depot_name"":""Ahmediye  Üsküdar"",""index_time"":""18.09.2026 12:25""}]","{""mode"":""pinned-relative"",""previous_prices"":{""depot:hakmar-5521"":250.0},""previous_level"":250.0,""link_factor"":1.0}"
2026-09-19,drinks,black_tea,Siyah çay,id:05N0,id:05N0,Berk Rize Siyah Çay 1 Kg,1.0,kg,259.0,259.0,259.0,1,259.0,0.0,api-refined,Çay ve Bitki Çayları,main_category,1,1,"[""depot:bim-5712""]","[""bim""]",pinned-relative,18.09.2026 12:25,0,1.1,2026-09-19T02:25:44.091447+03:00,"[{""price"":259.0,""api_unit_price"":259.0,""source_id"":""depot:bim-5712"",""market"":""bim"",""depot_name"":""Çiçekçi  Üsküdar"",""index_time"":""18.09.2026 12:25""}]","{""mode"":""pinned-relative"",""previous_prices"":{""depot:bim-5712"":259.0},""previous_level"":259.0,""link_factor"":1.0}"
2026-09-19,drinks,black_tea,Siyah çay,id:06RO,id:06RO,Herdem Rize Siyah Çay 1 Kg,1.0,kg,259.0,259.0,259.0,1,259.0,0.0,api-refined,Çay ve Bitki Çayları,main_category,1,1,"[""depot:hakmar-5521""]","[""hakmar""]",pinned-relative,18.09.2026 12:25,0,1.1,2026-09-19T02:25:44.091450+03:00,"[{""price"":259.0,""api_unit_price"":259.0,""source_id"":""depot:hakmar-5521"",""market"":""hakmar"",""depot_name"":""Ahmediye  Üsküdar"",""index_time"":""18.09.2026 12:25""}]","{""mode"":""pinned-relative"",""previous_prices"":{""depot:hakmar-5521"":259.0},""previous_level"":259.0,""link_factor"":1.0}"
2026-09-19,drinks,black_tea,Siyah çay,id:0TQG,id:0TQG,Migros Rize Siyah Çay 1 Kg,1.0,kg,259.95,259.95,259.95,1,259.95,0.0,api-refined,Çay ve Bitki Çayları,main_category,1,1,"[""depot:migros-1991""]","[""migros""]",pinned-relative,18.09.2026 12:24,0,1.1,2026-09-19T02:25:44.091452+03:00,"[{""price"":259.95,""api_unit_price"":259.95,""source_id"":""depot:migros-1991"",""market"":""migros"",""depot_name"":""Çiçekçi M Migros"",""index_time"":""18.09.2026 12:24""}]","{""mode"":""pinned-relative"",""previous_prices"":{""depot:migros-1991"":259.95},""previous_level"":259.95,""link_factor"":1.0}"
2026-09-19,drinks,black_tea,Siyah çay,id:0A82,id:0A82,Deren Tiryaki Siyah Çay 1 Kg,1.0,kg,265.0,265.0,265.0,1,265.0,0.0,api-refined,Çay ve Bitki Çayları,main_category,1,1,"[""depot:sok-4707""]","[""sok""]",pinned-relative,18.09.2026 12:22,0,1.1,2026-09-19T02:25:44.091454+03:00,"[{""price"":265.0,""api_unit_price"":265.0,""source_id"":""depot:sok-4707"",""market"":""sok"",""depot_name"":""Şok Minifevziçakmak"",""index_time"":""18.09.2026 12:22""}]","{""mode"":""pinned-relative"",""previous_prices"":{""depot:sok-4707"":265.0},""previous_level"":265.0,""link_factor"":1.0}"
2026-09-19,drinks,black_tea,Siyah çay,id:0655,id:0655,Berk Tiryakim Siyah Çay 1 Kg,1.0,kg,265.0,265.0,265.0,1,265.0,0.0,api-refined,Çay ve Bitki Çayları,main_category,1,1,"[""depot:bim-5712""]","[""bim""]",pinned-relative,18.09.2026 12:25,0,1.1,2026-09-19T02:25:44.091456+03:00,"[{""price"":265.0,""api_unit_price"":265.0,""source_id"":""depot:bim-5712"",""market"":""bim"",""depot_name"":""Çiçekçi  Üsküdar"",""index_time"":""18.09.2026 12:25""}]","{""mode"":""pinned-relative"",""previous_prices"":{""depot:bim-5712"":265.0},""previous_level"":265.0,""link_factor"":1.0}"
2026-09-19,drinks,black_tea,Siyah çay,id:1QWZ,id:1QWZ,Efor Harman Siyah Çay 1 Kg,1.0,kg,299.95,299.95,299.95,1,299.95,0.0,api-refined,Çay ve Bitki Çayları,main_category,1,1,"[""depot:migros-1991""]","[""migros""]",pinned-relative,18.09.2026 12:26,0,1.1,2026-09-19T02:25:44.091458+03:00,"[{""price"":299.95,""api_unit_price"":299.95,""source_id"":""depot:migros-1991"",""market"":""migros"",""depot_name"":""Çiçekçi M Migros"",""index_time"":""18.09.2026 12:26""}]","{""mode"":""pinned-relative"",""previous_prices"":{""depot:migros-1991"":299.95},""previous_level"":299.95,""link_factor"":1.0}"
2026-09-19,drinks,black_tea,Siyah çay,id:1WZN,id:1WZN,Doğuş Tiryaki Siyah Çay 1 Kg,1.0,kg,249.0,249.0,249.0,1,249.0,0.0,api-refined,Çay ve Bitki Çayları,main_category,2,1,"[""depot:bim-5712""]","[""bim""]",pinned-relative,18.09.2026 12:27,0,1.1,2026-09-19T02:25:44.091460+03:00,"[{""price"":249.0,""api_unit_price"":249.0,""source_id"":""depot:bim-5712"",""market"":""bim"",""depot_name"":""Çiçekçi  Üsküdar"",""index_time"":""18.09.2026 12:27""}]","{""mode"":""pinned-relative"",""previous_prices"":{""depot:bim-5712"":249.0},""previous_level"":249.0,""link_factor"":1.0}"
2026-09-19,drinks,black_tea,Siyah çay,id:1W39,id:1W39,Doğuş Karadeniz Siyah Çay 1 Kg,1.0,kg,309.0,309.0,309.0,1,309.0,0.0,api-refined,Çay ve Bitki Çayları,main_category,1,1,"[""depot:bim-5712""]","[""bim""]",pinned-relative,18.09.2026 12:25,0,1.1,2026-09-19T02:25:44.091462+03:00,"[{""price"":309.0,""api_unit_price"":309.0,""source_id"":""depot:bim-5712"",""market"":""bim"",""depot_name"":""Çiçekçi  Üsküdar"",""index_time"":""18.09.2026 12:25""}]","{""mode"":""pinned-relative"",""previous_prices"":{""depot:bim-5712"":309.0},""previous_level"":309.0,""link_factor"":1.0}"
2026-09-19,drinks,black_tea,Siyah çay,id:0VTT,id:0VTT,Efor Çamlıca Siyah Çay 1 Kg,1.0,kg,369.95,369.95,369.95,1,369.95,0.0,api-refined,Çay ve Bitki Çayları,main_category,1,1,"[""depot:migros-4479""]","[""migros""]",pinned-relative,18.09.2026 12:24,0,1.1,2026-09-19T02:25:44.091464+03:00,"[{""price"":369.95,""api_unit_price"":369.95,""source_id"":""depot:migros-4479"",""market"":""migros"",""depot_name"":""Mjet Üsküdar Paşakapısı"",""index_time"":""18.09.2026 12:24""}]","{""mode"":""pinned-relative"",""previous_prices"":{""depot:migros-4479"":369.95},""previous_level"":369.95,""link_factor"":1.0}"
2026-09-19,drinks,black_tea,Siyah çay,id:02GO,id:0B5Y,Herdem Tomurcuk Siyah Çay 100 Gr,0.1,kg,49.5,495.0,399.95,1,495.0,0.0,api-refined,Çay ve Bitki Çayları,main_category,1,1,"[""depot:hakmar-5521""]","[""hakmar""]",pinned-relative,18.09.2026 12:26,1,1.1,2026-09-19T02:25:44.091466+03:00,"[{""price"":49.5,""api_unit_price"":495.0,""source_id"":""depot:hakmar-5521"",""market"":""hakmar"",""depot_name"":""Ahmediye  Üsküdar"",""index_time"":""18.09.2026 12:26""}]","{""mode"":""pinned-relative"",""previous_prices"":{""depot:hakmar-5521"":49.5},""previous_level"":49.5,""link_factor"":0.8079797979797979}"
2026-09-19,drinks,turkish_coffee,Türk kahvesi,id:1IO9,id:1IO9,Kocatepe Türk Kahvesi 100 Gr,0.1,kg,74.9,749.0,895.0,1,749.0,0.0,api-refined,Türk Kahvesi,sub_category,2,1,"[""depot:sok-7238""]","[""sok""]",pinned-relative,18.09.2026 12:27,0,1.1,2026-09-19T02:25:46.584099+03:00,"[{""price"":74.9,""api_unit_price"":749.0,""source_id"":""depot:sok-7238"",""market"":""sok"",""depot_name"":""Rıhtım Cdkadıköy"",""index_time"":""18.09.2026 12:27""}]","{""mode"":""pinned-relative"",""previous_prices"":{""depot:sok-7238"":74.9},""previous_level"":89.5,""link_factor"":1.0}"
2026-09-19,drinks,turkish_coffee,Türk kahvesi,id:2051,id:2051,Tchibo Türk Kahvesi 100 Gr,0.1,kg,96.95,969.5,884.25,1,969.49994,0.0,api-refined,Türk Kahvesi,sub_category,1,1,"[""depot:migros-1991""]","[""migros""]",pinned-relative,18.09.2026 12:27,0,1.1,2026-09-19T02:25:46.584111+03:00,"[{""price"":96.95,""api_unit_price"":969.49994,""source_id"":""depot:migros-1991"",""market"":""migros"",""depot_name"":""Çiçekçi M Migros"",""index_time"":""18.09.2026 12:27""}]","{""mode"":""pinned-relative"",""previous_prices"":{""depot:migros-1991"":96.95},""previous_level"":88.425,""link_factor"":1.0}"
2026-09-19,drinks,turkish_coffee,Türk kahvesi,id:0TMX,id:0TMX,Cafe Crown Türk Kahvesi 100 Gr,0.1,kg,59.0,590.0,590.0,1,590.0,0.0,api-refined,Türk Kahvesi,sub_category,1,1,"[""depot:bim-5712""]","[""bim""]",pinned-relative,18.09.2026 12:25,0,1.1,2026-09-19T02:25:46.584115+03:00,"[{""price"":59.0,""api_unit_price"":590.0,""source_id"":""depot:bim-5712"",""market"":""bim"",""depot_name"":""Çiçekçi  Üsküdar"",""index_time"":""18.09.2026 12:25""}]","{""mode"":""pinned-relative"",""previous_prices"":{""depot:bim-5712"":59.0},""previous_level"":59.0,""link_factor"":1.0}"
2026-09-19,drinks,turkish_coffee,Türk kahvesi,id:0NX4,id:0NX4,Yemeneli Türk Kahvesi 100 Gr,0.1,kg,69.5,695.0,695.0,1,695.0,0.0,api-refined,Türk Kahvesi,sub_category,1,1,"[""depot:sok-4707""]","[""sok""]",pinned-relative,18.09.2026 12:22,0,1.1,2026-09-19T02:25:46.584118+03:00,"[{""price"":69.5,""api_unit_price"":695.0,""source_id"":""depot:sok-4707"",""market"":""sok"",""depot_name"":""Şok Minifevziçakmak"",""index_time"":""18.09.2026 12:22""}]","{""mode"":""pinned-relative"",""previous_prices"":{""depot:sok-4707"":69.5},""previous_level"":69.5,""link_factor"":1.0}"
2026-09-19,drinks,turkish_coffee,Türk kahvesi,id:0695,id:0695,Halis Efendi Türk Kahvesi 100 Gr,0.1,kg,69.5,695.0,695.0,1,695.0,0.0,api-refined,Türk Kahvesi,sub_category,1,1,"[""depot:hakmar-5521""]","[""hakmar""]",pinned-relative,18.09.2026 12:25,0,1.1,2026-09-19T02:25:46.584120+03:00,"[{""price"":69.5,""api_unit_price"":695.0,""source_id"":""depot:hakmar-5521"",""market"":""hakmar"",""depot_name"":""Ahmediye  Üsküdar"",""index_time"":""18.09.2026 12:25""}]","{""mode"":""pinned-relative"",""previous_prices"":{""depot:hakmar-5521"":69.5},""previous_level"":69.5,""link_factor"":1.0}"
2026-09-19,drinks,turkish_coffee,Türk kahvesi,id:044B,id:1ZZY,Kahve Dünyası Orta Öğütülmüş Türk Kahvesi 100 Gr,0.1,kg,66.925,669.25,347.5,2,669.24997,0.0,api-refined,Türk Kahvesi,sub_category,2,2,"[""depot:carrefour-5254"",""depot:migros-1991""]","[""carrefour"",""migros""]",pinned-relative,18.09.2026 12:27,1,1.1,2026-09-19T02:25:46.584122+03:00,"[{""price"":65.95,""api_unit_price"":659.49994,""source_id"":""depot:migros-1991"",""market"":""migros"",""depot_name"":""Çiçekçi M Migros"",""index_time"":""18.09.2026 12:27""},{""price"":67.9,""api_unit_price"":679.0,""source_id"":""depot:carrefour-5254"",""market"":""carrefour"",""depot_name"":""Istanbul Üsküdar Salacak Mını"",""index_time"":""18.09.2026 12:27""}]","{""mode"":""pinned-relative"",""previous_prices"":{""depot:carrefour-5254"":67.9,""depot:migros-1991"":65.95},""previous_level"":67.9,""link_factor"":0.5117820324005891}"
2026-09-19,drinks,turkish_coffee,Türk kahvesi,id:0AHF,id:1P1J,Karaca Hatır Türk Kahvesi 100 Gr,0.1,kg,79.9,799.0,695.0,1,799.0,0.0,api-refined,Türk Kahvesi,sub_category,2,1,"[""depot:sok-1017""]","[""sok""]",pinned-relative,18.09.2026 12:27,1,1.1,2026-09-19T02:25:46.584125+03:00,"[{""price"":79.9,""api_unit_price"":799.0,""source_id"":""depot:sok-1017"",""market"":""sok"",""depot_name"":""Selimiye"",""index_time"":""18.09.2026 12:27""}]","{""mode"":""pinned-relative"",""previous_prices"":{""depot:sok-1017"":79.9},""previous_level"":94.9,""link_factor"":0.7323498419388831}"
2026-09-19,drinks,turkish_coffee,Türk kahvesi,id:1SEI,id:0SZK,Kurukahveci Mehmet Efendi Türk Kahvesi 100 Gr,0.1,kg,103.75,1037.5,867.951899,6,1037.5,0.0,api-refined,Türk Kahvesi,sub_category,6,6,"[""depot:bim-5712"",""depot:carrefour-5254"",""depot:hakmar-5521"",""depot:migros-1991"",""depot:sok-4707"",""depot:tarim_kredi-7488""]","[""bim"",""carrefour"",""hakmar"",""migros"",""sok"",""tarim_kredi""]",pinned-relative,18.09.2026 12:27,1,1.1,2026-09-19T02:25:46.584127+03:00,"[{""price"":97.5,""api_unit_price"":975.0,""source_id"":""depot:sok-4707"",""market"":""sok"",""depot_name"":""Şok Minifevziçakmak"",""index_time"":""18.09.2026 12:27""},{""price"":97.5,""api_unit_price"":975.0,""source_id"":""depot:hakmar-5521"",""market"":""hakmar"",""depot_name"":""Ahmediye  Üsküdar"",""index_time"":""18.09.2026 12:27""},{""price"":97.5,""api_unit_price"":975.0,""source_id"":""depot:tarim_kredi-7488"",""market"":""tarim_kredi"",""depot_name"":""Istanbul Kadıköy Kızıltoprak"",""index_time"":""18.09.2026 12:27""},{""price"":110.0,""api_unit_price"":1100.0,""source_id"":""depot:migros-1991"",""market"":""migros"",""depot_name"":""Çiçekçi M Migros"",""index_time"":""18.09.2026 12:27""},{""price"":110.0,""api_unit_price"":1100.0,""source_id"":""depot:bim-5712"",""market"":""bim"",""depot_name"":""Çiçekçi  Üsküdar"",""index_time"":""18.09.2026 12:27""},{""price"":110.0,""api_unit_price"":1100.0,""source_id"":""depot:carrefour-5254"",""market"":""carrefour"",""depot_name"":""Istanbul Üsküdar Salacak Mını"",""index_time"":""18.09.2026 12:27""}]","{""mode"":""pinned-relative"",""previous_prices"":{""depot:bim-5712"":110.0,""depot:carrefour-5254"":110.0,""depot:hakmar-5521"":97.5,""depot:migros-1991"":110.0,""depot:sok-4707"":97.5,""depot:tarim_kredi-7488"":97.5},""previous_level"":103.26456393462989,""link_factor"":0.8405128205128205}"
2026-09-19,drinks,turkish_coffee,Türk kahvesi,id:1FKY,id:1WTK,Kurukahveci Mehmet Efendi Türk Kahvesi 12'li 72 Gr,0.072,kg,109.5,1520.833333,968.336272,2,1520.8334,0.0,api-refined,Türk Kahvesi,sub_category,2,2,"[""depot:carrefour-1012"",""depot:migros-6679""]","[""carrefour"",""migros""]",pinned-relative,18.09.2026 12:27,1,1.1,2026-09-19T02:25:46.584129+03:00,"[{""price"":109.5,""api_unit_price"":1520.8334,""source_id"":""depot:migros-6679"",""market"":""migros"",""depot_name"":""Mjet Kadıköy Rasımpaşa Istanbu"",""index_time"":""18.09.2026 12:27""},{""price"":109.5,""api_unit_price"":1520.8334,""source_id"":""depot:carrefour-1012"",""market"":""carrefour"",""depot_name"":""Istanbul Acıbadem Hıper"",""index_time"":""18.09.2026 12:27""}]","{""mode"":""pinned-relative"",""previous_prices"":{""depot:carrefour-1012"":109.5,""depot:migros-6679"":109.5},""previous_level"":109.88984656636106,""link_factor"":0.6344554454440468}"
2026-09-19,drinks,turkish_coffee,Türk kahvesi,id:1QLD,id:1QLD,Hisar Türk Kahvesi 100 Gr,0.1,kg,89.95,899.5,899.5,1,899.49994,0.0,api-refined,Türk Kahvesi,sub_category,1,1,"[""depot:carrefour-1012""]","[""carrefour""]",pinned-relative,18.09.2026 12:27,0,1.1,2026-09-19T02:25:46.584131+03:00,"[{""price"":89.95,""api_unit_price"":899.49994,""source_id"":""depot:carrefour-1012"",""market"":""carrefour"",""depot_name"":""Istanbul Acıbadem Hıper"",""index_time"":""18.09.2026 12:27""}]","{""mode"":""pinned-relative"",""previous_prices"":{""depot:carrefour-1012"":89.95},""previous_level"":89.95,""link_factor"":1.0}"
2026-09-19,drinks,turkish_coffee,Türk kahvesi,id:1M0V,id:0D43,Kahve Dünyası Damla Sakızlı Türk Kahvesi 250 Gr,0.25,kg,316.0,1264.0,959.5,1,1264.0,0.0,api-refined,Türk Kahvesi,sub_category,1,1,"[""depot:carrefour-1012""]","[""carrefour""]",pinned-relative,18.09.2026 12:26,1,1.1,2026-09-19T02:25:46.584133+03:00,"[{""price"":316.0,""api_unit_price"":1264.0,""source_id"":""depot:carrefour-1012"",""market"":""carrefour"",""depot_name"":""Istanbul Acıbadem Hıper"",""index_time"":""18.09.2026 12:26""}]","{""mode"":""pinned-relative"",""previous_prices"":{""depot:carrefour-1012"":316.0},""previous_level"":316.0,""link_factor"":0.7590981012658228}"
2026-09-19,drinks,turkish_coffee,Türk kahvesi,id:0Y6H,id:0Y6H,Hisar Kahve Damla Sakızlı Türk Kahvesi 100 Gr,0.1,kg,89.95,899.5,899.5,1,899.49994,0.0,api-refined,Türk Kahvesi,sub_category,1,1,"[""depot:migros-6679""]","[""migros""]",pinned-relative,18.09.2026 12:24,0,1.1,2026-09-19T02:25:46.584136+03:00,"[{""price"":89.95,""api_unit_price"":899.49994,""source_id"":""depot:migros-6679"",""market"":""migros"",""depot_name"":""Mjet Kadıköy Rasımpaşa Istanbu"",""index_time"":""18.09.2026 12:24""}]","{""mode"":""pinned-relative"",""previous_prices"":{""depot:migros-6679"":89.95},""previous_level"":89.95,""link_factor"":1.0}"
2026-09-19,drinks,turkish_coffee,Türk kahvesi,id:0FJI,id:21Y5,Kurukahveci Mehmet Efendi Türk Kahvesi 250 Gr,0.25,kg,329.95,1319.8,729.594357,1,1319.8,0.0,api-refined,Türk Kahvesi,sub_category,2,1,"[""depot:migros-1991""]","[""migros""]",pinned-relative,18.09.2026 12:26,1,1.1,2026-09-19T02:25:46.584138+03:00,"[{""price"":329.95,""api_unit_price"":1319.8,""source_id"":""depot:migros-1991"",""market"":""migros"",""depot_name"":""Çiçekçi M Migros"",""index_time"":""18.09.2026 12:26""}]","{""mode"":""pinned-relative"",""previous_prices"":{""depot:migros-1991"":329.95},""previous_level"":312.8764532350085,""link_factor"":0.5829732065687122}"
2026-09-19,drinks,turkish_coffee,Türk kahvesi,id:0O3H,id:00MJ,Abdullah Efendi Aromalı Türk Kahvesi 100 Gr,0.1,kg,23.0,230.0,1399.5,1,230.0,0.0,api-refined,Türk Kahvesi,sub_category,1,1,"[""depot:bim-5712""]","[""bim""]",pinned-relative,18.09.2026 12:27,1,1.1,2026-09-19T02:25:46.584140+03:00,"[{""price"":23.0,""api_unit_price"":230.0,""source_id"":""depot:bim-5712"",""market"":""bim"",""depot_name"":""Çiçekçi  Üsküdar"",""index_time"":""18.09.2026 12:27""}]","{""mode"":""pinned-relative"",""previous_prices"":{""depot:bim-5712"":23.0},""previous_level"":23.0,""link_factor"":6.084782608695652}"
2026-09-19,drinks,turkish_coffee,Türk kahvesi,id:02E5,id:02E5,Carrefour Türk Kahvesi 250 Gr,0.25,kg,175.9,703.6,703.6,1,703.6,0.0,api-refined,Türk Kahvesi,sub_category,1,1,"[""depot:carrefour-5254""]","[""carrefour""]",pinned-relative,18.09.2026 12:27,0,1.1,2026-09-19T02:25:46.584142+03:00,"[{""price"":175.9,""api_unit_price"":703.6,""source_id"":""depot:carrefour-5254"",""market"":""carrefour"",""depot_name"":""Istanbul Üsküdar Salacak Mını"",""index_time"":""18.09.2026 12:27""}]","{""mode"":""pinned-relative"",""previous_prices"":{""depot:carrefour-5254"":175.9},""previous_level"":175.9,""link_factor"":1.0}"
2026-09-19,drinks,turkish_coffee,Türk kahvesi,id:1MKC,id:1MKC,Starbucks Türk Kahvesi Veranda Blend 100 Gr,0.1,kg,132.95,1329.5,1329.5,1,1329.5,0.0,api-refined,Türk Kahvesi,sub_category,1,1,"[""depot:carrefour-5254""]","[""carrefour""]",pinned-relative,18.09.2026 12:26,0,1.1,2026-09-19T02:25:46.584144+03:00,"[{""price"":132.95,""api_unit_price"":1329.5,""source_id"":""depot:carrefour-5254"",""market"":""carrefour"",""depot_name"":""Istanbul Üsküdar Salacak Mını"",""index_time"":""18.09.2026 12:26""}]","{""mode"":""pinned-relative"",""previous_prices"":{""depot:carrefour-5254"":132.95},""previous_level"":132.95,""link_factor"":1.0}"
2026-09-19,drinks,turkish_coffee,Türk kahvesi,id:1WND,id:1WND,Karaca Hatır Türk Kahvesi 250 Gr,0.25,kg,189.95,759.8,759.8,1,759.8,0.0,api-refined,Türk Kahvesi,sub_category,1,1,"[""depot:carrefour-1012""]","[""carrefour""]",pinned-relative,18.09.2026 12:27,0,1.1,2026-09-19T02:25:46.584146+03:00,"[{""price"":189.95,""api_unit_price"":759.8,""source_id"":""depot:carrefour-1012"",""market"":""carrefour"",""depot_name"":""Istanbul Acıbadem Hıper"",""index_time"":""18.09.2026 12:27""}]","{""mode"":""pinned-relative"",""previous_prices"":{""depot:carrefour-1012"":189.95},""previous_level"":189.95000000000002,""link_factor"":1.0}"
2026-09-19,drinks,instant_coffee,Çözünebilir kahve,id:2CPH,id:2CPH,Jacobs Gold Yoğun 3'ü 1 Arada Granül Kahve 18 Gr,0.018,kg,17.5,972.222222,972.222222,1,972.2222,0.0,api-refined,Granül Kahve,sub_category,1,1,"[""depot:hakmar-5521""]","[""hakmar""]",pinned-relative,18.09.2026 12:25,0,1.1,2026-09-19T02:25:55.376603+03:00,"[{""price"":17.5,""api_unit_price"":972.2222,""source_id"":""depot:hakmar-5521"",""market"":""hakmar"",""depot_name"":""Ahmediye  Üsküdar"",""index_time"":""18.09.2026 12:25""}]","{""mode"":""pinned-relative"",""previous_prices"":{""depot:hakmar-5521"":17.5},""previous_level"":17.5,""link_factor"":1.0}"
2026-09-19,drinks,instant_coffee,Çözünebilir kahve,id:0QD4,id:0QD4,Starbucks Cappuccino Premium Kahve Karışımı 18 Gr,0.018,kg,19.95,1108.333333,1108.333333,1,1108.3334,0.0,api-refined,Granül Kahve,sub_category,1,1,"[""depot:migros-3296""]","[""migros""]",pinned-relative,18.09.2026 12:24,0,1.1,2026-09-19T02:25:55.376615+03:00,"[{""price"":19.95,""api_unit_price"":1108.3334,""source_id"":""depot:migros-3296"",""market"":""migros"",""depot_name"":""Kadıköy Caferağa M Migros"",""index_time"":""18.09.2026 12:24""}]","{""mode"":""pinned-relative"",""previous_prices"":{""depot:migros-3296"":19.95},""previous_level"":19.95,""link_factor"":1.0}"
2026-09-19,drinks,instant_coffee,Çözünebilir kahve,id:0DR6,id:0DR6,Carrefour Gold Kahve 100 Gr,0.1,kg,110.95,1109.5,1109.5,1,1109.4999,0.0,api-refined,Granül Kahve,sub_category,1,1,"[""depot:carrefour-5254""]","[""carrefour""]",pinned-relative,18.09.2026 12:26,0,1.1,2026-09-19T02:25:55.376619+03:00,"[{""price"":110.95,""api_unit_price"":1109.4999,""source_id"":""depot:carrefour-5254"",""market"":""carrefour"",""depot_name"":""Istanbul Üsküdar Salacak Mını"",""index_time"":""18.09.2026 12:26""}]","{""mode"":""pinned-relative"",""previous_prices"":{""depot:carrefour-5254"":110.95},""previous_level"":110.95,""link_factor"":1.0}"
2026-09-19,drinks,instant_coffee,Çözünebilir kahve,id:2A4W,id:2A4W,Nescafé Gold Granül Kahve 100 Gr,0.1,kg,339.5,3395.0,3395.0,1,3395.0,0.0,api-refined,Granül Kahve,sub_category,1,1,"[""depot:hakmar-5521""]","[""hakmar""]",pinned-relative,18.09.2026 12:25,0,1.1,2026-09-19T02:25:55.376621+03:00,"[{""price"":339.5,""api_unit_price"":3395.0,""source_id"":""depot:hakmar-5521"",""market"":""hakmar"",""depot_name"":""Ahmediye  Üsküdar"",""index_time"":""18.09.2026 12:25""}]","{""mode"":""pinned-relative"",""previous_prices"":{""depot:hakmar-5521"":339.5},""previous_level"":339.5,""link_factor"":1.0}"
2026-09-19,drinks,filter_coffee,Filtre kahve,id:20XM,id:1OQJ,Tchibo Exclusive Decaf Filtre Kahve 250 Gr,0.25,kg,549.95,2199.8,939.96,1,2199.8,0.0,api-refined,Filtre Kahve,sub_category,1,1,"[""depot:migros-1991""]","[""migros""]",pinned-relative,18.09.2026 12:24,1,1.1,2026-09-19T02:26:00.349289+03:00,"[{""price"":549.95,""api_unit_price"":2199.8,""source_id"":""depot:migros-1991"",""market"":""migros"",""depot_name"":""Çiçekçi M Migros"",""index_time"":""18.09.2026 12:24""}]","{""mode"":""pinned-relative"",""previous_prices"":{""depot:migros-1991"":549.95},""previous_level"":549.95,""link_factor"":0.42729339030820984}"
2026-09-19,drinks,filter_coffee,Filtre kahve,id:1L5V,id:1L5V,Jacobs Selection Filtre Kahve 250 Gr,0.25,kg,319.475,1277.9,1294.204622,2,1277.9,0.0,api-refined,Filtre Kahve,sub_category,3,2,"[""depot:migros-1991"",""depot:sok-4707""]","[""migros"",""sok""]",pinned-relative,18.09.2026 12:27,0,1.1,2026-09-19T02:26:00.349301+03:00,"[{""price"":299.95,""api_unit_price"":1199.8,""source_id"":""depot:migros-1991"",""market"":""migros"",""depot_name"":""Çiçekçi M Migros"",""index_time"":""18.09.2026 12:27""},{""price"":339.0,""api_unit_price"":1356.0,""source_id"":""depot:sok-4707"",""market"":""sok"",""depot_name"":""Şok Minifevziçakmak"",""index_time"":""18.09.2026 12:27""}]","{""mode"":""pinned-relative"",""previous_prices"":{""depot:migros-1991"":299.95,""depot:sok-4707"":339.0},""previous_level"":323.5511555823797,""link_factor"":1.0}"
2026-09-19,drinks,filter_coffee,Filtre kahve,id:20TC,id:20TC,Nescafé Gold Filtre Kahve 250 Gr,0.25,kg,389.95,1559.8,1647.601391,2,1559.8,0.0,api-refined,Filtre Kahve,sub_category,2,2,"[""depot:carrefour-1012"",""depot:migros-564""]","[""carrefour"",""migros""]",pinned-relative,18.09.2026 12:27,0,1.1,2026-09-19T02:26:00.349304+03:00,"[{""price"":389.95,""api_unit_price"":1559.8,""source_id"":""depot:migros-564"",""market"":""migros"",""depot_name"":""Kadıköy Çarşı M Migros"",""index_time"":""18.09.2026 12:27""},{""price"":389.95,""api_unit_price"":1559.8,""source_id"":""depot:carrefour-1012"",""market"":""carrefour"",""depot_name"":""Istanbul Acıbadem Hıper"",""index_time"":""18.09.2026 12:27""}]","{""mode"":""pinned-relative"",""previous_prices"":{""depot:carrefour-1012"":389.95,""depot:migros-564"":389.95},""previous_level"":411.9003477462642,""link_factor"":1.0}"
2026-09-19,drinks,filter_coffee,Filtre kahve,id:201M,id:201M,Kahve Dünyası Filtre Kahve 250 Gr,0.25,kg,249.665,998.66,991.523784,2,998.66,0.0,api-refined,Filtre Kahve,sub_category,2,2,"[""depot:carrefour-1012"",""depot:migros-1991""]","[""carrefour"",""migros""]",pinned-relative,18.09.2026 12:27,0,1.1,2026-09-19T02:26:00.349307+03:00,"[{""price"":219.38,""api_unit_price"":877.52,""source_id"":""depot:carrefour-1012"",""market"":""carrefour"",""depot_name"":""Istanbul Acıbadem Hıper"",""index_time"":""18.09.2026 12:27""},{""price"":279.95,""api_unit_price"":1119.8,""source_id"":""depot:migros-1991"",""market"":""migros"",""depot_name"":""Çiçekçi M Migros"",""index_time"":""18.09.2026 12:27""}]","{""mode"":""pinned-relative"",""previous_prices"":{""depot:carrefour-1012"":219.38,""depot:migros-1991"":279.95},""previous_level"":247.8809460039993,""link_factor"":1.0}"
2026-09-19,drinks,filter_coffee,Filtre kahve,id:1QGK,id:1HW0,Jacobs Origins Fusion Brazil & Colombia Filtre Kahve 200 Gr,0.2,kg,598.95,2994.75,2878.322817,1,2994.75,0.0,api-refined,Filtre Kahve,sub_category,1,1,"[""depot:migros-564""]","[""migros""]",pinned-relative,18.09.2026 12:24,1,1.1,2026-09-19T02:26:00.349309+03:00,"[{""price"":598.95,""api_unit_price"":2994.75,""source_id"":""depot:migros-564"",""market"":""migros"",""depot_name"":""Kadıköy Çarşı M Migros"",""index_time"":""18.09.2026 12:24""}]","{""mode"":""pinned-relative"",""previous_prices"":{""depot:migros-564"":598.95},""previous_level"":598.95,""link_factor"":0.9611229040952131}"
2026-09-19,drinks,filter_coffee,Filtre kahve,id:0EHN,id:1JZ3,Tchibo Gold Selection Filtre Kahve 250 Gr,0.25,kg,306.165,1224.66,984.030739,2,1224.66,0.0,api-refined,Filtre Kahve,sub_category,3,2,"[""depot:carrefour-1012"",""depot:sok-4707""]","[""carrefour"",""sok""]",pinned-relative,18.09.2026 12:27,1,1.1,2026-09-19T02:26:00.349311+03:00,"[{""price"":262.43,""api_unit_price"":1049.72,""source_id"":""depot:carrefour-1012"",""market"":""carrefour"",""depot_name"":""Istanbul Acıbadem Hıper"",""index_time"":""18.09.2026 12:27""},{""price"":349.9,""api_unit_price"":1399.6,""source_id"":""depot:sok-4707"",""market"":""sok"",""depot_name"":""Şok Minifevziçakmak"",""index_time"":""18.09.2026 12:27""}]","{""mode"":""pinned-relative"",""previous_prices"":{""depot:carrefour-1012"":262.43,""depot:sok-4707"":349.9},""previous_level"":303.0251755217708,""link_factor"":0.8118390968848243}"
2026-09-19,drinks,filter_coffee,Filtre kahve,id:1ANH,id:1ANH,Migros Filtre Kahve Kenya 225 Gr,0.225,kg,179.0,795.555556,795.555556,1,795.55554,0.0,api-refined,Filtre Kahve,sub_category,1,1,"[""depot:migros-564""]","[""migros""]",pinned-relative,18.09.2026 12:24,0,1.1,2026-09-19T02:26:00.349313+03:00,"[{""price"":179.0,""api_unit_price"":795.55554,""source_id"":""depot:migros-564"",""market"":""migros"",""depot_name"":""Kadıköy Çarşı M Migros"",""index_time"":""18.09.2026 12:24""}]","{""mode"":""pinned-relative"",""previous_prices"":{""depot:migros-564"":179.0},""previous_level"":179.0,""link_factor"":1.0}"
2026-09-19,drinks,filter_coffee,Filtre kahve,id:103Q,id:103Q,Lezzcafe Filtre Kahve 250 Gr,0.25,kg,189.0,756.0,756.0,1,756.0,0.0,api-refined,Filtre Kahve,sub_category,1,1,"[""depot:sok-4707""]","[""sok""]",pinned-relative,18.09.2026 12:22,0,1.1,2026-09-19T02:26:00.349315+03:00,"[{""price"":189.0,""api_unit_price"":756.0,""source_id"":""depot:sok-4707"",""market"":""sok"",""depot_name"":""Şok Minifevziçakmak"",""index_time"":""18.09.2026 12:22""}]","{""mode"":""pinned-relative"",""previous_prices"":{""depot:sok-4707"":189.0},""previous_level"":189.0,""link_factor"":1.0}"
2026-09-19,drinks,filter_coffee,Filtre kahve,id:1AFH,id:1AFH,Bonheur Colombia Filtre Kahve 250 Gr,0.25,kg,269.9,1079.6,1079.6,1,1079.6,0.0,api-refined,Filtre Kahve,sub_category,1,1,"[""depot:carrefour-5254""]","[""carrefour""]",pinned-relative,18.09.2026 12:27,0,1.1,2026-09-19T02:26:00.349317+03:00,"[{""price"":269.9,""api_unit_price"":1079.6,""source_id"":""depot:carrefour-5254"",""market"":""carrefour"",""depot_name"":""Istanbul Üsküdar Salacak Mını"",""index_time"":""18.09.2026 12:27""}]","{""mode"":""pinned-relative"",""previous_prices"":{""depot:carrefour-5254"":269.9},""previous_level"":269.9,""link_factor"":1.0}"
2026-09-19,drinks,filter_coffee,Filtre kahve,id:1B50,id:1KY8,Moliendo House Blend Filtre Kahve Öğütülmüş 250 Gr,0.25,kg,484.35,1937.4,804.659849,2,1937.4,0.0,api-refined,Filtre Kahve,sub_category,2,2,"[""depot:carrefour-1012"",""depot:migros-564""]","[""carrefour"",""migros""]",pinned-relative,18.09.2026 12:27,1,1.1,2026-09-19T02:26:00.349319+03:00,"[{""price"":393.75,""api_unit_price"":1575.0,""source_id"":""depot:carrefour-1012"",""market"":""carrefour"",""depot_name"":""Istanbul Acıbadem Hıper"",""index_time"":""18.09.2026 12:27""},{""price"":574.95,""api_unit_price"":2299.8,""source_id"":""depot:migros-564"",""market"":""migros"",""depot_name"":""Kadıköy Çarşı M Migros"",""index_time"":""18.09.2026 12:27""}]","{""mode"":""pinned-relative"",""previous_prices"":{""depot:carrefour-1012"":393.75,""depot:migros-564"":574.95},""previous_level"":475.80116381107405,""link_factor"":0.42279207716827627}"
2026-09-19,drinks,filter_coffee,Filtre kahve,id:0AXI,id:20QL,Kahve Dünyası Kolombiya Filtre Kahve 250 Gr,0.25,kg,262.13,1048.52,666.512714,1,1048.52,0.0,api-refined,Filtre Kahve,sub_category,1,1,"[""depot:carrefour-1012""]","[""carrefour""]",pinned-relative,18.09.2026 12:26,1,1.1,2026-09-19T02:26:00.349322+03:00,"[{""price"":262.13,""api_unit_price"":1048.52,""source_id"":""depot:carrefour-1012"",""market"":""carrefour"",""depot_name"":""Istanbul Acıbadem Hıper"",""index_time"":""18.09.2026 12:26""}]","{""mode"":""pinned-relative"",""previous_prices"":{""depot:carrefour-1012"":262.13},""previous_level"":262.13,""link_factor"":0.6356700050071531}"
2026-09-19,drinks,filter_coffee,Filtre kahve,id:1P2Z,id:1P2Z,Kurukahveci Colombian Filtre Kahve 250 Gr,0.25,kg,345.0,1380.0,1380.0,1,1380.0,0.0,api-refined,Filtre Kahve,sub_category,1,1,"[""depot:sok-4711""]","[""sok""]",pinned-relative,18.09.2026 12:23,0,1.1,2026-09-19T02:26:00.349324+03:00,"[{""price"":345.0,""api_unit_price"":1380.0,""source_id"":""depot:sok-4711"",""market"":""sok"",""depot_name"":""Şok Minitamer Yeni"",""index_time"":""18.09.2026 12:23""}]","{""mode"":""pinned-relative"",""previous_prices"":{""depot:sok-4711"":345.0},""previous_level"":345.0,""link_factor"":1.0}"
2026-09-19,drinks,filter_coffee,Filtre kahve,id:1NDA,id:1NDA,Kurukahveci Mehmet Efendi Colombian Filtre Kahve 250 Gr,0.25,kg,345.0,1380.0,1380.0,1,1380.0,0.0,api-refined,Filtre Kahve,sub_category,1,1,"[""depot:migros-564""]","[""migros""]",pinned-relative,18.09.2026 12:27,0,1.1,2026-09-19T02:26:00.349326+03:00,"[{""price"":345.0,""api_unit_price"":1380.0,""source_id"":""depot:migros-564"",""market"":""migros"",""depot_name"":""Kadıköy Çarşı M Migros"",""index_time"":""18.09.2026 12:27""}]","{""mode"":""pinned-relative"",""previous_prices"":{""depot:migros-564"":345.0},""previous_level"":345.0,""link_factor"":1.0}"
2026-09-19,drinks,filter_coffee,Filtre kahve,id:1SGZ,id:1SGZ,Jacobs Monarch Filtre Kahve 250 Gr,0.25,kg,349.95,1399.8,1399.8,1,1399.8,0.0,api-refined,Filtre Kahve,sub_category,1,1,"[""depot:migros-1991""]","[""migros""]",pinned-relative,18.09.2026 12:24,0,1.1,2026-09-19T02:26:00.349328+03:00,"[{""price"":349.95,""api_unit_price"":1399.8,""source_id"":""depot:migros-1991"",""market"":""migros"",""depot_name"":""Çiçekçi M Migros"",""index_time"":""18.09.2026 12:24""}]","{""mode"":""pinned-relative"",""previous_prices"":{""depot:migros-1991"":349.95},""previous_level"":349.95,""link_factor"":1.0}"
2026-09-19,drinks,filter_coffee,Filtre kahve,id:0LKE,id:0LKE,Jacobs Monarch Filtre Kahve 500 Gr,0.5,kg,464.95,929.9,929.9,1,929.9,0.0,api-refined,Filtre Kahve,sub_category,1,1,"[""depot:carrefour-5254""]","[""carrefour""]",pinned-relative,18.09.2026 12:27,0,1.1,2026-09-19T02:26:00.349330+03:00,"[{""price"":464.95,""api_unit_price"":929.9,""source_id"":""depot:carrefour-5254"",""market"":""carrefour"",""depot_name"":""Istanbul Üsküdar Salacak Mını"",""index_time"":""18.09.2026 12:27""}]","{""mode"":""pinned-relative"",""previous_prices"":{""depot:carrefour-5254"":464.95},""previous_level"":464.95,""link_factor"":1.0}"
2026-09-19,drinks,filter_coffee,Filtre kahve,id:2NHS,id:2NHS,Jacobs Monarch Filtre Kahve 250 Gr,0.25,kg,537.9,2151.6,2151.6,1,2151.6,0.0,api-refined,Filtre Kahve,sub_category,1,1,"[""depot:carrefour-1012""]","[""carrefour""]",pinned-relative,18.09.2026 12:27,0,1.1,2026-09-19T02:26:00.349332+03:00,"[{""price"":537.9,""api_unit_price"":2151.6,""source_id"":""depot:carrefour-1012"",""market"":""carrefour"",""depot_name"":""Istanbul Acıbadem Hıper"",""index_time"":""18.09.2026 12:27""}]","{""mode"":""pinned-relative"",""previous_prices"":{""depot:carrefour-1012"":537.9},""previous_level"":537.9,""link_factor"":1.0}"
2026-09-19,drinks,filter_coffee,Filtre kahve,id:1GYO,id:1GYO,Moliendo Breakfast Blend Filtre Kahve 250 Gr,0.25,kg,431.25,1725.0,1725.0,1,1725.0,0.0,api-refined,Filtre Kahve,sub_category,1,1,"[""depot:carrefour-1012""]","[""carrefour""]",pinned-relative,18.09.2026 12:26,0,1.1,2026-09-19T02:26:00.349334+03:00,"[{""price"":431.25,""api_unit_price"":1725.0,""source_id"":""depot:carrefour-1012"",""market"":""carrefour"",""depot_name"":""Istanbul Acıbadem Hıper"",""index_time"":""18.09.2026 12:26""}]","{""mode"":""pinned-relative"",""previous_prices"":{""depot:carrefour-1012"":431.25},""previous_level"":431.25,""link_factor"":1.0}"
2026-09-19,drinks,filter_coffee,Filtre kahve,id:1OKN,id:1OKN,Davidoff Rich Aroma Filtre Kahve 250 Gr,0.25,kg,679.9,2719.6,2719.6,1,2719.6,0.0,api-refined,Filtre Kahve,sub_category,1,1,"[""depot:carrefour-1012""]","[""carrefour""]",pinned-relative,18.09.2026 12:27,0,1.1,2026-09-19T02:26:00.349336+03:00,"[{""price"":679.9,""api_unit_price"":2719.6,""source_id"":""depot:carrefour-1012"",""market"":""carrefour"",""depot_name"":""Istanbul Acıbadem Hıper"",""index_time"":""18.09.2026 12:27""}]","{""mode"":""pinned-relative"",""previous_prices"":{""depot:carrefour-1012"":679.9},""previous_level"":679.9,""link_factor"":1.0}"
2026-09-19,drinks,cola,Kola,id:0ZI9,id:0ZI9,Sarıyer Kola Gazlı İçecek 250 Ml,0.25,l,14.0,56.0,59.0,1,56.0,0.0,api-refined,Kolalar,sub_category,1,1,"[""depot:hakmar-5521""]","[""hakmar""]",pinned-relative,18.09.2026 12:27,0,1.1,2026-09-19T02:26:05.380726+03:00,"[{""price"":14.0,""api_unit_price"":56.0,""source_id"":""depot:hakmar-5521"",""market"":""hakmar"",""depot_name"":""Ahmediye  Üsküdar"",""index_time"":""18.09.2026 12:27""}]","{""mode"":""pinned-relative"",""previous_prices"":{""depot:hakmar-5521"":14.0},""previous_level"":14.75,""link_factor"":1.0}"
2026-09-19,drinks,cola,Kola,id:0ZLP,id:0ZLP,Pepsi Kola 330 Ml,0.33,l,47.5,143.939394,161.931818,1,143.93939,0.0,api-refined,Kolalar,sub_category,1,1,"[""depot:bim-5712""]","[""bim""]",pinned-relative,18.09.2026 12:27,0,1.1,2026-09-19T02:26:05.380738+03:00,"[{""price"":47.5,""api_unit_price"":143.93939,""source_id"":""depot:bim-5712"",""market"":""bim"",""depot_name"":""Çiçekçi  Üsküdar"",""index_time"":""18.09.2026 12:27""}]","{""mode"":""pinned-relative"",""previous_prices"":{""depot:bim-5712"":47.5},""previous_level"":53.4375,""link_factor"":1.0}"
2026-09-19,drinks,cola,Kola,id:0YAB,id:0YAB,Pepsi Kola 1 Lt,1.0,l,45.0,45.0,51.0,1,45.0,0.0,api-refined,Kolalar,sub_category,1,1,"[""depot:bim-5712""]","[""bim""]",pinned-relative,18.09.2026 12:27,0,1.1,2026-09-19T02:26:05.380742+03:00,"[{""price"":45.0,""api_unit_price"":45.0,""source_id"":""depot:bim-5712"",""market"":""bim"",""depot_name"":""Çiçekçi  Üsküdar"",""index_time"":""18.09.2026 12:27""}]","{""mode"":""pinned-relative"",""previous_prices"":{""depot:bim-5712"":45.0},""previous_level"":51.0,""link_factor"":1.0}"
2026-09-19,drinks,cola,Kola,id:11CT,id:03GI,Le'Cola Şekersiz Kola Gazlı İçecek 330 Ml,0.33,l,23.0,69.69697,56.0,1,69.69697,0.0,api-refined,Kolalar,sub_category,1,1,"[""depot:bim-5712""]","[""bim""]",pinned-relative,18.09.2026 12:25,1,1.1,2026-09-19T02:26:05.380762+03:00,"[{""price"":23.0,""api_unit_price"":69.69697,""source_id"":""depot:bim-5712"",""market"":""bim"",""depot_name"":""Çiçekçi  Üsküdar"",""index_time"":""18.09.2026 12:25""}]","{""mode"":""pinned-relative"",""previous_prices"":{""depot:bim-5712"":23.0},""previous_level"":23.0,""link_factor"":0.8034782573761816}"
2026-09-19,drinks,cola,Kola,id:3WZQ,id:3WZQ,Crown Şekersiz Kola Kutu 330 Ml,0.33,l,23.0,69.69697,69.69697,1,69.69697,0.0,api-refined,Kolalar,sub_category,1,1,"[""depot:sok-4707""]","[""sok""]",pinned-relative,18.09.2026 12:22,0,1.1,2026-09-19T02:26:05.380764+03:00,"[{""price"":23.0,""api_unit_price"":69.69697,""source_id"":""depot:sok-4707"",""market"":""sok"",""depot_name"":""Şok Minifevziçakmak"",""index_time"":""18.09.2026 12:22""}]","{""mode"":""pinned-relative"",""previous_prices"":{""depot:sok-4707"":23.0},""previous_level"":23.0,""link_factor"":1.0}"
2026-09-19,drinks,cola,Kola,id:1GPJ,id:1KXA,Sarıyer Kola 250 Ml,0.25,l,11.0,44.0,33.0,1,44.0,0.0,api-refined,Kolalar,sub_category,1,1,"[""depot:tarim_kredi-7488""]","[""tarim_kredi""]",pinned-relative,18.09.2026 12:26,1,1.1,2026-09-19T02:26:05.380767+03:00,"[{""price"":11.0,""api_unit_price"":44.0,""source_id"":""depot:tarim_kredi-7488"",""market"":""tarim_kredi"",""depot_name"":""Istanbul Kadıköy Kızıltoprak"",""index_time"":""18.09.2026 12:26""}]","{""mode"":""pinned-relative"",""previous_prices"":{""depot:tarim_kredi-7488"":11.0},""previous_level"":11.0,""link_factor"":0.75}"
2026-09-19,drinks,cola,Kola,id:1MNY,id:1EGH,Sarıyer Şekersiz Kola 330 Ml,0.33,l,23.0,69.69697,23.6,1,69.69697,0.0,api-refined,Kolalar,sub_category,1,1,"[""depot:tarim_kredi-7488""]","[""tarim_kredi""]",pinned-relative,18.09.2026 12:26,1,1.1,2026-09-19T02:26:05.380769+03:00,"[{""price"":23.0,""api_unit_price"":69.69697,""source_id"":""depot:tarim_kredi-7488"",""market"":""tarim_kredi"",""depot_name"":""Istanbul Kadıköy Kızıltoprak"",""index_time"":""18.09.2026 12:26""}]","{""mode"":""pinned-relative"",""previous_prices"":{""depot:tarim_kredi-7488"":23.0},""previous_level"":23.0,""link_factor"":0.33860869417996226}"
2026-09-19,drinks,cola,Kola,id:1INJ,id:1DYU,Sarıyer Kola 330 Ml,0.33,l,25.0,75.757576,25.6,1,75.757576,0.0,api-refined,Kolalar,sub_category,1,1,"[""depot:tarim_kredi-7488""]","[""tarim_kredi""]",pinned-relative,18.09.2026 12:27,1,1.1,2026-09-19T02:26:05.380771+03:00,"[{""price"":25.0,""api_unit_price"":75.757576,""source_id"":""depot:tarim_kredi-7488"",""market"":""tarim_kredi"",""depot_name"":""Istanbul Kadıköy Kızıltoprak"",""index_time"":""18.09.2026 12:27""}]","{""mode"":""pinned-relative"",""previous_prices"":{""depot:tarim_kredi-7488"":25.0},""previous_level"":25.0,""link_factor"":0.33791999891865604}"
2026-09-19,drinks,cola,Kola,id:20X2,id:20X2,Kristal Şekersiz Kola Gazlı İçecek 2.5 Lt,2.5,l,65.0,26.0,26.0,1,26.0,0.0,api-refined,Kolalar,sub_category,1,1,"[""depot:bim-5712""]","[""bim""]",pinned-relative,18.09.2026 12:27,0,1.1,2026-09-19T02:26:05.380773+03:00,"[{""price"":65.0,""api_unit_price"":26.0,""source_id"":""depot:bim-5712"",""market"":""bim"",""depot_name"":""Çiçekçi  Üsküdar"",""index_time"":""18.09.2026 12:27""}]","{""mode"":""pinned-relative"",""previous_prices"":{""depot:bim-5712"":65.0},""previous_level"":65.0,""link_factor"":1.0}"
2026-09-19,drinks,cola,Kola,id:1DTE,id:1DTE,Sarıyer Kola 4x1 Lt,4.0,l,145.0,36.25,36.25,1,36.25,0.0,api-refined,Kolalar,sub_category,1,1,"[""depot:tarim_kredi-5022""]","[""tarim_kredi""]",pinned-relative,18.09.2026 12:26,0,1.1,2026-09-19T02:26:05.380775+03:00,"[{""price"":145.0,""api_unit_price"":36.25,""source_id"":""depot:tarim_kredi-5022"",""market"":""tarim_kredi"",""depot_name"":""Istanbul Kadıköy Market"",""index_time"":""18.09.2026 12:26""}]","{""mode"":""pinned-relative"",""previous_prices"":{""depot:tarim_kredi-5022"":145.0},""previous_level"":145.0,""link_factor"":1.0}"
2026-09-19,drinks,cola,Kola,id:1N3U,id:1N3U,Pepsi Kola 4x1 Lt,4.0,l,169.0,42.25,42.25,1,42.25,0.0,api-refined,Kolalar,sub_category,1,1,"[""depot:bim-5712""]","[""bim""]",pinned-relative,18.09.2026 12:25,0,1.1,2026-09-19T02:26:05.380777+03:00,"[{""price"":169.0,""api_unit_price"":42.25,""source_id"":""depot:bim-5712"",""market"":""bim"",""depot_name"":""Çiçekçi  Üsküdar"",""index_time"":""18.09.2026 12:25""}]","{""mode"":""pinned-relative"",""previous_prices"":{""depot:bim-5712"":169.0},""previous_level"":169.0,""link_factor"":1.0}"
2026-09-19,drinks,iced_tea,Soğuk çay,id:1T40,id:1BD1,Çaykur Didi Şeftali Soğuk Çay 330 Ml,0.33,l,30.75,93.181818,57.942149,1,93.181816,0.0,api-refined,Soğuk Çay,sub_category,1,1,"[""depot:carrefour-1012""]","[""carrefour""]",pinned-relative,18.09.2026 12:27,1,1.1,2026-09-19T02:26:21.615502+03:00,"[{""price"":30.75,""api_unit_price"":93.181816,""source_id"":""depot:carrefour-1012"",""market"":""carrefour"",""depot_name"":""Istanbul Acıbadem Hıper"",""index_time"":""18.09.2026 12:27""}]","{""mode"":""pinned-relative"",""previous_prices"":{""depot:carrefour-1012"":30.75},""previous_level"":30.75,""link_factor"":0.6218181795570248}"
2026-09-19,drinks,iced_tea,Soğuk çay,id:1IXH,id:1IXH,Didi Soğuk Çay Şeftali 2.5 Lt,2.5,l,58.75,23.5,23.5,2,23.5,0.0,api-refined,Soğuk Çay,sub_category,2,2,"[""depot:bim-5712"",""depot:hakmar-5521""]","[""bim"",""hakmar""]",pinned-relative,18.09.2026 12:26,0,1.1,2026-09-19T02:26:21.615515+03:00,"[{""price"":48.0,""api_unit_price"":19.2,""source_id"":""depot:bim-5712"",""market"":""bim"",""depot_name"":""Çiçekçi  Üsküdar"",""index_time"":""18.09.2026 12:26""},{""price"":69.5,""api_unit_price"":27.8,""source_id"":""depot:hakmar-5521"",""market"":""hakmar"",""depot_name"":""Ahmediye  Üsküdar"",""index_time"":""18.09.2026 12:26""}]","{""mode"":""pinned-relative"",""previous_prices"":{""depot:bim-5712"":48.0,""depot:hakmar-5521"":69.5},""previous_level"":58.75,""link_factor"":1.0}"
2026-09-19,drinks,iced_tea,Soğuk çay,id:0459,id:0459,Juss Soğuk Çay Şeftali 330 Ml,0.33,l,24.5,74.242424,74.242424,1,74.24243,0.0,api-refined,Soğuk Çay,sub_category,1,1,"[""depot:tarim_kredi-5022""]","[""tarim_kredi""]",pinned-relative,18.09.2026 12:26,0,1.1,2026-09-19T02:26:21.615518+03:00,"[{""price"":24.5,""api_unit_price"":74.24243,""source_id"":""depot:tarim_kredi-5022"",""market"":""tarim_kredi"",""depot_name"":""Istanbul Kadıköy Market"",""index_time"":""18.09.2026 12:26""}]","{""mode"":""pinned-relative"",""previous_prices"":{""depot:tarim_kredi-5022"":24.5},""previous_level"":24.5,""link_factor"":1.0}"
2026-09-19,drinks,iced_tea,Soğuk çay,id:09GQ,id:1R62,Didi Limon Soğuk Çay Kutu 250 Ml,0.25,l,28.5,114.0,77.64804,1,114.0,0.0,api-refined,Soğuk Çay,sub_category,1,1,"[""depot:carrefour-1012""]","[""carrefour""]",pinned-relative,18.09.2026 12:27,1,1.1,2026-09-19T02:26:21.615521+03:00,"[{""price"":28.5,""api_unit_price"":114.0,""source_id"":""depot:carrefour-1012"",""market"":""carrefour"",""depot_name"":""Istanbul Acıbadem Hıper"",""index_time"":""18.09.2026 12:27""}]","{""mode"":""pinned-relative"",""previous_prices"":{""depot:carrefour-1012"":28.5},""previous_level"":28.5,""link_factor"":0.6811231559633028}"
2026-09-19,drinks,iced_tea,Soğuk çay,id:1PJL,id:1PJL,Didi Çilek Soğuk Çay Kutu 250 Ml,0.25,l,28.5,114.0,114.0,1,114.0,0.0,api-refined,Soğuk Çay,sub_category,1,1,"[""depot:carrefour-1012""]","[""carrefour""]",pinned-relative,18.09.2026 12:27,0,1.1,2026-09-19T02:26:21.615523+03:00,"[{""price"":28.5,""api_unit_price"":114.0,""source_id"":""depot:carrefour-1012"",""market"":""carrefour"",""depot_name"":""Istanbul Acıbadem Hıper"",""index_time"":""18.09.2026 12:27""}]","{""mode"":""pinned-relative"",""previous_prices"":{""depot:carrefour-1012"":28.5},""previous_level"":28.5,""link_factor"":1.0}"
2026-09-19,drinks,iced_tea,Soğuk çay,id:1MTA,id:1MTA,Didi Şeftali Aromalı Soğuk Çay Kutu 500 Ml,0.5,l,37.75,75.5,75.5,1,75.5,0.0,api-refined,Soğuk Çay,sub_category,1,1,"[""depot:carrefour-1012""]","[""carrefour""]",pinned-relative,18.09.2026 12:26,0,1.1,2026-09-19T02:26:21.615525+03:00,"[{""price"":37.75,""api_unit_price"":75.5,""source_id"":""depot:carrefour-1012"",""market"":""carrefour"",""depot_name"":""Istanbul Acıbadem Hıper"",""index_time"":""18.09.2026 12:26""}]","{""mode"":""pinned-relative"",""previous_prices"":{""depot:carrefour-1012"":37.75},""previous_level"":37.75,""link_factor"":1.0}"
2026-09-19,drinks,iced_tea,Soğuk çay,id:04P6,id:04P6,Juss Şeftalili Soğuk Çay 1 Lt,1.0,l,30.0,30.0,30.0,1,30.0,0.0,api-refined,Soğuk Çay,sub_category,1,1,"[""depot:hakmar-5521""]","[""hakmar""]",pinned-relative,18.09.2026 12:25,0,1.1,2026-09-19T02:26:21.615527+03:00,"[{""price"":30.0,""api_unit_price"":30.0,""source_id"":""depot:hakmar-5521"",""market"":""hakmar"",""depot_name"":""Ahmediye  Üsküdar"",""index_time"":""18.09.2026 12:25""}]","{""mode"":""pinned-relative"",""previous_prices"":{""depot:hakmar-5521"":30.0},""previous_level"":30.0,""link_factor"":1.0}"
2026-09-19,drinks,iced_tea,Soğuk çay,id:0AS3,id:1RE6,Didi Şeftali Soğuk Çay Kutu 250 Ml,0.25,l,28.5,114.0,32.422018,1,114.0,0.0,api-refined,Soğuk Çay,sub_category,1,1,"[""depot:carrefour-1012""]","[""carrefour""]",pinned-relative,18.09.2026 12:27,1,1.1,2026-09-19T02:26:21.615540+03:00,"[{""price"":28.5,""api_unit_price"":114.0,""source_id"":""depot:carrefour-1012"",""market"":""carrefour"",""depot_name"":""Istanbul Acıbadem Hıper"",""index_time"":""18.09.2026 12:27""}]","{""mode"":""pinned-relative"",""previous_prices"":{""depot:carrefour-1012"":28.5},""previous_level"":28.5,""link_factor"":0.28440366972477066}"
2026-09-19,drinks,iced_tea,Soğuk çay,id:029J,id:029J,Didi Soğuk Çay 500 Ml,0.5,l,34.5,69.0,69.0,1,69.0,0.0,api-refined,Soğuk Çay,sub_category,1,1,"[""depot:hakmar-5521""]","[""hakmar""]",pinned-relative,18.09.2026 12:25,0,1.1,2026-09-19T02:26:21.615542+03:00,"[{""price"":34.5,""api_unit_price"":69.0,""source_id"":""depot:hakmar-5521"",""market"":""hakmar"",""depot_name"":""Ahmediye  Üsküdar"",""index_time"":""18.09.2026 12:25""}]","{""mode"":""pinned-relative"",""previous_prices"":{""depot:hakmar-5521"":34.5},""previous_level"":34.5,""link_factor"":1.0}"
2026-09-19,drinks,iced_tea,Soğuk çay,id:1MSP,id:0AS3,Tarım Kredi Şeftali Aromalı Soğuk Çay 1 Lt,1.0,l,25.9,25.9,158.0,1,25.9,0.0,api-refined,Soğuk Çay,sub_category,1,1,"[""depot:tarim_kredi-7488""]","[""tarim_kredi""]",pinned-relative,18.09.2026 12:26,1,1.1,2026-09-19T02:26:21.615544+03:00,"[{""price"":25.9,""api_unit_price"":25.9,""source_id"":""depot:tarim_kredi-7488"",""market"":""tarim_kredi"",""depot_name"":""Istanbul Kadıköy Kızıltoprak"",""index_time"":""18.09.2026 12:26""}]","{""mode"":""pinned-relative"",""previous_prices"":{""depot:tarim_kredi-7488"":25.9},""previous_level"":25.9,""link_factor"":6.100386100386101}"
2026-09-19,drinks,iced_tea,Soğuk çay,id:1Z03,id:1ITL,Lipton Ice Tea Şeftali Aromalı Soğuk Çay 1 Lt,1.0,l,57.0,57.0,45.5,3,57.0,0.0,api-refined,Soğuk Çay,sub_category,3,3,"[""depot:carrefour-5254"",""depot:migros-4479"",""depot:sok-4707""]","[""carrefour"",""migros"",""sok""]",pinned-relative,18.09.2026 12:26,1,1.1,2026-09-19T02:26:21.615546+03:00,"[{""price"":57.0,""api_unit_price"":57.0,""source_id"":""depot:sok-4707"",""market"":""sok"",""depot_name"":""Şok Minifevziçakmak"",""index_time"":""18.09.2026 12:26""},{""price"":57.0,""api_unit_price"":57.0,""source_id"":""depot:migros-4479"",""market"":""migros"",""depot_name"":""Mjet Üsküdar Paşakapısı"",""index_time"":""18.09.2026 12:26""},{""price"":57.0,""api_unit_price"":57.0,""source_id"":""depot:carrefour-5254"",""market"":""carrefour"",""depot_name"":""Istanbul Üsküdar Salacak Mını"",""index_time"":""18.09.2026 12:26""}]","{""mode"":""pinned-relative"",""previous_prices"":{""depot:carrefour-5254"":57.0,""depot:migros-4479"":57.0,""depot:sok-4707"":57.0},""previous_level"":57.0,""link_factor"":0.7982456140350878}"
2026-09-19,drinks,iced_tea,Soğuk çay,id:29Z1,id:29Z1,Lipton Şeftali Soğuk Çay 330 Ml,0.33,l,47.5,143.939394,143.939394,1,143.93939,0.0,api-refined,Soğuk Çay,sub_category,1,1,"[""depot:hakmar-5521""]","[""hakmar""]",pinned-relative,18.09.2026 12:25,0,1.1,2026-09-19T02:26:21.615548+03:00,"[{""price"":47.5,""api_unit_price"":143.93939,""source_id"":""depot:hakmar-5521"",""market"":""hakmar"",""depot_name"":""Ahmediye  Üsküdar"",""index_time"":""18.09.2026 12:25""}]","{""mode"":""pinned-relative"",""previous_prices"":{""depot:hakmar-5521"":47.5},""previous_level"":47.5,""link_factor"":1.0}"
2026-09-19,drinks,iced_tea,Soğuk çay,id:2CNY,id:2CNY,Fuse Tea Karpuzlu Soğuk Çay 330 Ml,0.33,l,60.0,181.818182,181.818182,1,181.81819,0.0,api-refined,Soğuk Çay,sub_category,1,1,"[""depot:hakmar-5521""]","[""hakmar""]",pinned-relative,18.09.2026 12:25,0,1.1,2026-09-19T02:26:21.615550+03:00,"[{""price"":60.0,""api_unit_price"":181.81819,""source_id"":""depot:hakmar-5521"",""market"":""hakmar"",""depot_name"":""Ahmediye  Üsküdar"",""index_time"":""18.09.2026 12:25""}]","{""mode"":""pinned-relative"",""previous_prices"":{""depot:hakmar-5521"":60.0},""previous_level"":60.0,""link_factor"":1.0}"
2026-09-19,drinks,iced_tea,Soğuk çay,id:2CA7,id:2CA7,Fuse Tea Mango Ananas Soğuk Çay 330 Ml,0.33,l,60.0,181.818182,181.818182,1,181.81819,0.0,api-refined,Soğuk Çay,sub_category,1,1,"[""depot:hakmar-5521""]","[""hakmar""]",pinned-relative,18.09.2026 12:26,0,1.1,2026-09-19T02:26:21.615552+03:00,"[{""price"":60.0,""api_unit_price"":181.81819,""source_id"":""depot:hakmar-5521"",""market"":""hakmar"",""depot_name"":""Ahmediye  Üsküdar"",""index_time"":""18.09.2026 12:26""}]","{""mode"":""pinned-relative"",""previous_prices"":{""depot:hakmar-5521"":60.0},""previous_level"":60.0,""link_factor"":1.0}"
2026-09-19,drinks,iced_tea,Soğuk çay,id:0087,id:0087,Fuse Tea Limonlu Soğuk Çay 1 Lt,1.0,l,70.0,70.0,70.0,1,70.0,0.0,api-refined,Soğuk Çay,sub_category,1,1,"[""depot:hakmar-5521""]","[""hakmar""]",pinned-relative,18.09.2026 12:25,0,1.1,2026-09-19T02:26:21.615554+03:00,"[{""price"":70.0,""api_unit_price"":70.0,""source_id"":""depot:hakmar-5521"",""market"":""hakmar"",""depot_name"":""Ahmediye  Üsküdar"",""index_time"":""18.09.2026 12:25""}]","{""mode"":""pinned-relative"",""previous_prices"":{""depot:hakmar-5521"":70.0},""previous_level"":70.0,""link_factor"":1.0}"
2026-09-19,drinks,iced_tea,Soğuk çay,id:2CH9,id:2CH9,Fuse Tea Soğuk Çay Karpuz 1 Lt,1.0,l,70.0,70.0,70.0,1,70.0,0.0,api-refined,Soğuk Çay,sub_category,1,1,"[""depot:hakmar-5521""]","[""hakmar""]",pinned-relative,18.09.2026 12:25,0,1.1,2026-09-19T02:26:21.615556+03:00,"[{""price"":70.0,""api_unit_price"":70.0,""source_id"":""depot:hakmar-5521"",""market"":""hakmar"",""depot_name"":""Ahmediye  Üsküdar"",""index_time"":""18.09.2026 12:25""}]","{""mode"":""pinned-relative"",""previous_prices"":{""depot:hakmar-5521"":70.0},""previous_level"":70.0,""link_factor"":1.0}"
2026-09-19,drinks,iced_tea,Soğuk çay,id:1K4O,id:1J0G,Lipton Şeftali Soğuk Çay 4x1 Lt,4.0,l,224.95,56.2375,29.8,1,56.2375,0.0,api-refined,Soğuk Çay,sub_category,1,1,"[""depot:carrefour-1012""]","[""carrefour""]",pinned-relative,18.09.2026 12:26,1,1.1,2026-09-19T02:26:21.615559+03:00,"[{""price"":224.95,""api_unit_price"":56.2375,""source_id"":""depot:carrefour-1012"",""market"":""carrefour"",""depot_name"":""Istanbul Acıbadem Hıper"",""index_time"":""18.09.2026 12:26""}]","{""mode"":""pinned-relative"",""previous_prices"":{""depot:carrefour-1012"":224.95},""previous_level"":224.95,""link_factor"":0.5298955323405201}"
2026-09-19,drinks,mineral_water,Maden suyu,id:1KI7,id:1KI7,Beypazarı Doğal Maden Suyu 200 Ml,0.2,l,12.0,60.0,60.0,2,60.0,0.0,api-refined,Maden Suyu,main_category,3,2,"[""depot:bim-5712"",""depot:sok-7238""]","[""bim"",""sok""]",pinned-relative,18.09.2026 12:27,0,1.1,2026-09-19T02:26:29.105216+03:00,"[{""price"":12.0,""api_unit_price"":60.0,""source_id"":""depot:bim-5712"",""market"":""bim"",""depot_name"":""Çiçekçi  Üsküdar"",""index_time"":""18.09.2026 12:27""},{""price"":12.0,""api_unit_price"":60.0,""source_id"":""depot:sok-7238"",""market"":""sok"",""depot_name"":""Rıhtım Cdkadıköy"",""index_time"":""18.09.2026 12:27""}]","{""mode"":""pinned-relative"",""previous_prices"":{""depot:bim-5712"":12.0,""depot:sok-7238"":12.0},""previous_level"":12.0,""link_factor"":1.0}"
2026-09-19,drinks,mineral_water,Maden suyu,id:1P7S,id:1P7S,Maden Suyu 6x250 Ml,1.5,l,66.0,44.0,44.0,3,44.0,0.0,api-refined,Maden Suyu,main_category,3,3,"[""depot:bim-5712"",""depot:carrefour-1012"",""depot:sok-4707""]","[""bim"",""carrefour"",""sok""]",pinned-relative,18.09.2026 12:27,0,1.1,2026-09-19T02:26:29.105229+03:00,"[{""price"":66.0,""api_unit_price"":44.0,""source_id"":""depot:sok-4707"",""market"":""sok"",""depot_name"":""Şok Minifevziçakmak"",""index_time"":""18.09.2026 12:27""},{""price"":66.0,""api_unit_price"":44.0,""source_id"":""depot:bim-5712"",""market"":""bim"",""depot_name"":""Çiçekçi  Üsküdar"",""index_time"":""18.09.2026 12:27""},{""price"":86.0,""api_unit_price"":57.333332,""source_id"":""depot:carrefour-1012"",""market"":""carrefour"",""depot_name"":""Istanbul Acıbadem Hıper"",""index_time"":""18.09.2026 12:27""}]","{""mode"":""pinned-relative"",""previous_prices"":{""depot:bim-5712"":66.0,""depot:carrefour-1012"":86.0,""depot:sok-4707"":66.0},""previous_level"":66.0,""link_factor"":1.0}"
2026-09-19,drinks,mineral_water,Maden suyu,id:1WEU,id:1WEU,Kızılay Maden Suyu 200 Ml,0.2,l,13.0,65.0,65.0,2,65.0,0.0,api-refined,Maden Suyu,main_category,2,2,"[""depot:migros-6679"",""depot:sok-4711""]","[""migros"",""sok""]",pinned-relative,18.09.2026 12:27,0,1.1,2026-09-19T02:26:29.105233+03:00,"[{""price"":12.0,""api_unit_price"":60.0,""source_id"":""depot:sok-4711"",""market"":""sok"",""depot_name"":""Şok Minitamer Yeni"",""index_time"":""18.09.2026 12:27""},{""price"":14.0,""api_unit_price"":70.0,""source_id"":""depot:migros-6679"",""market"":""migros"",""depot_name"":""Mjet Kadıköy Rasımpaşa Istanbu"",""index_time"":""18.09.2026 12:27""}]","{""mode"":""pinned-relative"",""previous_prices"":{""depot:migros-6679"":14.0,""depot:sok-4711"":12.0},""previous_level"":13.0,""link_factor"":1.0}"
2026-09-19,drinks,mineral_water,Maden suyu,id:0XZC,id:0XZC,Kızılay Limonlu Maden Suyu 200 Ml,0.2,l,15.5,77.5,77.5,2,77.5,0.0,api-refined,Maden Suyu,main_category,3,2,"[""depot:hakmar-5521"",""depot:sok-7238""]","[""hakmar"",""sok""]",pinned-relative,18.09.2026 12:27,0,1.1,2026-09-19T02:26:29.105235+03:00,"[{""price"":15.0,""api_unit_price"":75.0,""source_id"":""depot:hakmar-5521"",""market"":""hakmar"",""depot_name"":""Ahmediye  Üsküdar"",""index_time"":""18.09.2026 12:27""},{""price"":16.0,""api_unit_price"":80.0,""source_id"":""depot:sok-7238"",""market"":""sok"",""depot_name"":""Rıhtım Cdkadıköy"",""index_time"":""18.09.2026 12:27""}]","{""mode"":""pinned-relative"",""previous_prices"":{""depot:hakmar-5521"":15.0,""depot:sok-7238"":16.0},""previous_level"":15.5,""link_factor"":1.0}"
2026-09-19,drinks,mineral_water,Maden suyu,id:1K49,id:1K49,Kızılay Sade Maden Suyu 6x200 Ml,1.2,l,66.0,55.0,55.0,1,55.0,0.0,api-refined,Maden Suyu,main_category,1,1,"[""depot:sok-4707""]","[""sok""]",pinned-relative,18.09.2026 12:27,0,1.1,2026-09-19T02:26:29.105237+03:00,"[{""price"":66.0,""api_unit_price"":55.0,""source_id"":""depot:sok-4707"",""market"":""sok"",""depot_name"":""Şok Minifevziçakmak"",""index_time"":""18.09.2026 12:27""}]","{""mode"":""pinned-relative"",""previous_prices"":{""depot:sok-4707"":66.0},""previous_level"":66.0,""link_factor"":1.0}"
2026-09-19,drinks,mineral_water,Maden suyu,id:1KJQ,id:1KJQ,Uludağ Doğal Maden Suyu 6x200 Ml,1.2,l,72.375,60.3125,60.3125,2,60.312498,0.0,api-refined,Maden Suyu,main_category,2,2,"[""depot:carrefour-1012"",""depot:migros-4479""]","[""carrefour"",""migros""]",pinned-relative,18.09.2026 12:27,0,1.1,2026-09-19T02:26:29.105240+03:00,"[{""price"":72.25,""api_unit_price"":60.208332,""source_id"":""depot:carrefour-1012"",""market"":""carrefour"",""depot_name"":""Istanbul Acıbadem Hıper"",""index_time"":""18.09.2026 12:27""},{""price"":72.5,""api_unit_price"":60.416664,""source_id"":""depot:migros-4479"",""market"":""migros"",""depot_name"":""Mjet Üsküdar Paşakapısı"",""index_time"":""18.09.2026 12:27""}]","{""mode"":""pinned-relative"",""previous_prices"":{""depot:carrefour-1012"":72.25,""depot:migros-4479"":72.5},""previous_level"":72.375,""link_factor"":1.0}"
2026-09-19,drinks,mineral_water,Maden suyu,id:0T23,id:0T23,Kızılcahamam Sade Maden Suyu 200 Ml,0.2,l,11.5,57.5,57.5,1,57.5,0.0,api-refined,Maden Suyu,main_category,1,1,"[""depot:tarim_kredi-5022""]","[""tarim_kredi""]",pinned-relative,18.09.2026 12:27,0,1.1,2026-09-19T02:26:29.105242+03:00,"[{""price"":11.5,""api_unit_price"":57.5,""source_id"":""depot:tarim_kredi-5022"",""market"":""tarim_kredi"",""depot_name"":""Istanbul Kadıköy Market"",""index_time"":""18.09.2026 12:27""}]","{""mode"":""pinned-relative"",""previous_prices"":{""depot:tarim_kredi-5022"":11.5},""previous_level"":11.5,""link_factor"":1.0}"
2026-09-19,drinks,mineral_water,Maden suyu,id:25HA,id:25HA,Maden Suyu 200 Ml,0.2,l,12.0,60.0,60.0,1,60.0,0.0,api-refined,Maden Suyu,main_category,1,1,"[""depot:bim-5712""]","[""bim""]",pinned-relative,18.09.2026 12:25,0,1.1,2026-09-19T02:26:29.105244+03:00,"[{""price"":12.0,""api_unit_price"":60.0,""source_id"":""depot:bim-5712"",""market"":""bim"",""depot_name"":""Çiçekçi  Üsküdar"",""index_time"":""18.09.2026 12:25""}]","{""mode"":""pinned-relative"",""previous_prices"":{""depot:bim-5712"":12.0},""previous_level"":12.0,""link_factor"":1.0}"
2026-09-19,drinks,mineral_water,Maden suyu,id:1PBB,id:1PBB,Uludağ Doğal Maden Suyu 200 Ml,0.2,l,13.0,65.0,65.0,1,65.0,0.0,api-refined,Maden Suyu,main_category,1,1,"[""depot:migros-3296""]","[""migros""]",pinned-relative,18.09.2026 12:24,0,1.1,2026-09-19T02:26:29.105246+03:00,"[{""price"":13.0,""api_unit_price"":65.0,""source_id"":""depot:migros-3296"",""market"":""migros"",""depot_name"":""Kadıköy Caferağa M Migros"",""index_time"":""18.09.2026 12:24""}]","{""mode"":""pinned-relative"",""previous_prices"":{""depot:migros-3296"":13.0},""previous_level"":13.0,""link_factor"":1.0}"
2026-09-19,drinks,mineral_water,Maden suyu,id:2AFW,id:2AFW,Avşar Mango Ananas Maden Suyu 200 Ml,0.2,l,16.0,80.0,80.0,1,80.0,0.0,api-refined,Maden Suyu,main_category,1,1,"[""depot:hakmar-5521""]","[""hakmar""]",pinned-relative,18.09.2026 12:25,0,1.1,2026-09-19T02:26:29.105248+03:00,"[{""price"":16.0,""api_unit_price"":80.0,""source_id"":""depot:hakmar-5521"",""market"":""hakmar"",""depot_name"":""Ahmediye  Üsküdar"",""index_time"":""18.09.2026 12:25""}]","{""mode"":""pinned-relative"",""previous_prices"":{""depot:hakmar-5521"":16.0},""previous_level"":16.0,""link_factor"":1.0}"
2026-09-19,drinks,mineral_water,Maden suyu,id:002Z,id:002Z,Damla Mineral Sade Maden Suyu 200 Ml,0.2,l,34.0,170.0,170.0,1,170.0,0.0,api-refined,Maden Suyu,main_category,1,1,"[""depot:carrefour-1012""]","[""carrefour""]",pinned-relative,18.09.2026 12:27,0,1.1,2026-09-19T02:26:29.105250+03:00,"[{""price"":34.0,""api_unit_price"":170.0,""source_id"":""depot:carrefour-1012"",""market"":""carrefour"",""depot_name"":""Istanbul Acıbadem Hıper"",""index_time"":""18.09.2026 12:27""}]","{""mode"":""pinned-relative"",""previous_prices"":{""depot:carrefour-1012"":34.0},""previous_level"":34.0,""link_factor"":1.0}"
2026-09-19,drinks,mineral_water,Maden suyu,id:1LPP,id:1LPP,Akmina Maden Suyu 1 Lt,1.0,l,41.5,41.5,41.5,1,41.5,0.0,api-refined,Maden Suyu,main_category,1,1,"[""depot:sok-4707""]","[""sok""]",pinned-relative,18.09.2026 12:27,0,1.1,2026-09-19T02:26:29.105252+03:00,"[{""price"":41.5,""api_unit_price"":41.5,""source_id"":""depot:sok-4707"",""market"":""sok"",""depot_name"":""Şok Minifevziçakmak"",""index_time"":""18.09.2026 12:27""}]","{""mode"":""pinned-relative"",""previous_prices"":{""depot:sok-4707"":41.5},""previous_level"":41.5,""link_factor"":1.0}"
2026-09-19,drinks,mineral_water,Maden suyu,id:1L0U,id:1L0U,Akmina Maden Suyu Pet 1 Lt,1.0,l,43.5,43.5,43.5,1,43.5,0.0,api-refined,Maden Suyu,main_category,1,1,"[""depot:carrefour-1012""]","[""carrefour""]",pinned-relative,18.09.2026 12:26,0,1.1,2026-09-19T02:26:29.105254+03:00,"[{""price"":43.5,""api_unit_price"":43.5,""source_id"":""depot:carrefour-1012"",""market"":""carrefour"",""depot_name"":""Istanbul Acıbadem Hıper"",""index_time"":""18.09.2026 12:26""}]","{""mode"":""pinned-relative"",""previous_prices"":{""depot:carrefour-1012"":43.5},""previous_level"":43.5,""link_factor"":1.0}"
2026-09-19,drinks,mineral_water,Maden suyu,id:02XX,id:02XX,Karlıtepe Limon Aromalı Maden Suyu 1.2 Lt,1.2,l,62.0,51.666667,51.666667,1,51.666664,0.0,api-refined,Maden Suyu,main_category,1,1,"[""depot:bim-5712""]","[""bim""]",pinned-relative,18.09.2026 12:25,0,1.1,2026-09-19T02:26:29.105256+03:00,"[{""price"":62.0,""api_unit_price"":51.666664,""source_id"":""depot:bim-5712"",""market"":""bim"",""depot_name"":""Çiçekçi  Üsküdar"",""index_time"":""18.09.2026 12:25""}]","{""mode"":""pinned-relative"",""previous_prices"":{""depot:bim-5712"":62.0},""previous_level"":62.0,""link_factor"":1.0}"
2026-09-19,drinks,mineral_water,Maden suyu,id:1NFI,id:1NFI,Maden Suyu 6x200 Ml,1.2,l,66.0,55.0,55.0,1,55.0,0.0,api-refined,Maden Suyu,main_category,1,1,"[""depot:bim-5712""]","[""bim""]",pinned-relative,18.09.2026 12:25,0,1.1,2026-09-19T02:26:29.105259+03:00,"[{""price"":66.0,""api_unit_price"":55.0,""source_id"":""depot:bim-5712"",""market"":""bim"",""depot_name"":""Çiçekçi  Üsküdar"",""index_time"":""18.09.2026 12:25""}]","{""mode"":""pinned-relative"",""previous_prices"":{""depot:bim-5712"":66.0},""previous_level"":66.0,""link_factor"":1.0}"
2026-09-19,drinks,mineral_water,Maden suyu,id:1NME,id:1NME,Kınık Maden Suyu 6x200 Ml,1.2,l,66.7,55.583333,55.583333,1,55.583332,0.0,api-refined,Maden Suyu,main_category,1,1,"[""depot:migros-564""]","[""migros""]",pinned-relative,18.09.2026 12:24,0,1.1,2026-09-19T02:26:29.105261+03:00,"[{""price"":66.7,""api_unit_price"":55.583332,""source_id"":""depot:migros-564"",""market"":""migros"",""depot_name"":""Kadıköy Çarşı M Migros"",""index_time"":""18.09.2026 12:24""}]","{""mode"":""pinned-relative"",""previous_prices"":{""depot:migros-564"":66.7},""previous_level"":66.7,""link_factor"":1.0}"
2026-09-19,drinks,mineral_water,Maden suyu,id:1MJP,id:1MJP,Kızılay Doğal Maden Suyu 6x200 Ml,1.2,l,66.7,55.583333,55.583333,1,55.583332,0.0,api-refined,Maden Suyu,main_category,2,1,"[""depot:carrefour-5254""]","[""carrefour""]",pinned-relative,18.09.2026 12:27,0,1.1,2026-09-19T02:26:29.105263+03:00,"[{""price"":66.7,""api_unit_price"":55.583332,""source_id"":""depot:carrefour-5254"",""market"":""carrefour"",""depot_name"":""Istanbul Üsküdar Salacak Mını"",""index_time"":""18.09.2026 12:27""}]","{""mode"":""pinned-relative"",""previous_prices"":{""depot:carrefour-5254"":66.7},""previous_level"":66.7,""link_factor"":1.0}"
2026-09-19,drinks,mineral_water,Maden suyu,id:0M3W,id:0M3W,Damla Minera Sade Maden Suyu 1.2 Lt,1.2,l,72.0,60.0,60.0,1,60.0,0.0,api-refined,Maden Suyu,main_category,1,1,"[""depot:carrefour-1012""]","[""carrefour""]",pinned-relative,18.09.2026 12:26,0,1.1,2026-09-19T02:26:29.105265+03:00,"[{""price"":72.0,""api_unit_price"":60.0,""source_id"":""depot:carrefour-1012"",""market"":""carrefour"",""depot_name"":""Istanbul Acıbadem Hıper"",""index_time"":""18.09.2026 12:26""}]","{""mode"":""pinned-relative"",""previous_prices"":{""depot:carrefour-1012"":72.0},""previous_level"":72.0,""link_factor"":1.0}"
2026-09-19,drinks,water,İçme suyu,id:0006,id:0006,Erikli Su 500 Ml,0.5,l,15.0,30.0,47.9,1,30.0,0.0,api-refined,Pet Su,sub_category,3,1,"[""depot:hakmar-5521""]","[""hakmar""]",pinned-relative,18.09.2026 12:27,0,1.1,2026-09-19T02:26:34.122571+03:00,"[{""price"":15.0,""api_unit_price"":30.0,""source_id"":""depot:hakmar-5521"",""market"":""hakmar"",""depot_name"":""Ahmediye  Üsküdar"",""index_time"":""18.09.2026 12:27""}]","{""mode"":""pinned-relative"",""previous_prices"":{""depot:hakmar-5521"":15.0},""previous_level"":23.95,""link_factor"":1.0}"
2026-09-19,drinks,water,İçme suyu,id:0YTN,id:0YTN,Elmacık Su 500 Ml,0.5,l,6.75,13.5,13.5,2,13.5,0.0,api-refined,Pet Su,sub_category,2,2,"[""depot:sok-1017"",""depot:tarim_kredi-5022""]","[""sok"",""tarim_kredi""]",pinned-relative,18.09.2026 12:26,0,1.1,2026-09-19T02:26:34.122584+03:00,"[{""price"":6.75,""api_unit_price"":13.5,""source_id"":""depot:sok-1017"",""market"":""sok"",""depot_name"":""Selimiye"",""index_time"":""18.09.2026 12:26""},{""price"":6.75,""api_unit_price"":13.5,""source_id"":""depot:tarim_kredi-5022"",""market"":""tarim_kredi"",""depot_name"":""Istanbul Kadıköy Market"",""index_time"":""18.09.2026 12:26""}]","{""mode"":""pinned-relative"",""previous_prices"":{""depot:sok-1017"":6.75,""depot:tarim_kredi-5022"":6.75},""previous_level"":6.75,""link_factor"":1.0}"
2026-09-19,drinks,water,İçme suyu,id:16JA,id:16JA,Su 1.5 Lt,1.5,l,10.0,6.666667,6.666667,1,6.666667,0.0,api-refined,Pet Su,sub_category,1,1,"[""depot:bim-5712""]","[""bim""]",pinned-relative,18.09.2026 12:27,0,1.1,2026-09-19T02:26:34.122587+03:00,"[{""price"":10.0,""api_unit_price"":6.666667,""source_id"":""depot:bim-5712"",""market"":""bim"",""depot_name"":""Çiçekçi  Üsküdar"",""index_time"":""18.09.2026 12:27""}]","{""mode"":""pinned-relative"",""previous_prices"":{""depot:bim-5712"":10.0},""previous_level"":10.0,""link_factor"":1.0}"
2026-09-19,drinks,water,İçme suyu,id:1NHT,id:1YXW,Elmacık Su 1.5 Lt,1.5,l,12.2,8.133333,8.5,2,8.133333,0.0,api-refined,Pet Su,sub_category,2,2,"[""depot:sok-7238"",""depot:tarim_kredi-5022""]","[""sok"",""tarim_kredi""]",pinned-relative,18.09.2026 12:26,1,1.1,2026-09-19T02:26:34.122590+03:00,"[{""price"":12.15,""api_unit_price"":8.1,""source_id"":""depot:sok-7238"",""market"":""sok"",""depot_name"":""Rıhtım Cdkadıköy"",""index_time"":""18.09.2026 12:26""},{""price"":12.25,""api_unit_price"":8.166667,""source_id"":""depot:tarim_kredi-5022"",""market"":""tarim_kredi"",""depot_name"":""Istanbul Kadıköy Market"",""index_time"":""18.09.2026 12:26""}]","{""mode"":""pinned-relative"",""previous_prices"":{""depot:sok-7238"":12.15,""depot:tarim_kredi-5022"":12.25},""previous_level"":12.2,""link_factor"":1.0450820100443445}"
2026-09-19,drinks,water,İçme suyu,id:10BC,id:10BC,Hayat Su 1.5 Lt,1.5,l,36.5,24.333333,21.317181,1,24.333334,0.0,api-refined,Pet Su,sub_category,1,1,"[""depot:carrefour-1012""]","[""carrefour""]",pinned-relative,18.09.2026 12:27,0,1.1,2026-09-19T02:26:34.122592+03:00,"[{""price"":36.5,""api_unit_price"":24.333334,""source_id"":""depot:carrefour-1012"",""market"":""carrefour"",""depot_name"":""Istanbul Acıbadem Hıper"",""index_time"":""18.09.2026 12:27""}]","{""mode"":""pinned-relative"",""previous_prices"":{""depot:carrefour-1012"":36.5},""previous_level"":31.97577207824699,""link_factor"":1.0}"
2026-09-19,drinks,water,İçme suyu,id:12HG,id:12HG,Su 5 Lt,5.0,l,36.0,7.2,7.2,1,7.2,0.0,api-refined,Pet Su,sub_category,1,1,"[""depot:bim-5712""]","[""bim""]",pinned-relative,18.09.2026 12:27,0,1.1,2026-09-19T02:26:34.122594+03:00,"[{""price"":36.0,""api_unit_price"":7.2,""source_id"":""depot:bim-5712"",""market"":""bim"",""depot_name"":""Çiçekçi  Üsküdar"",""index_time"":""18.09.2026 12:27""}]","{""mode"":""pinned-relative"",""previous_prices"":{""depot:bim-5712"":36.0},""previous_level"":35.99999999999999,""link_factor"":1.0}"
2026-09-19,drinks,water,İçme suyu,id:1YC3,id:1YC3,Hayat Su 5 Lt,5.0,l,52.95,10.59,8.754376,1,10.59,0.0,api-refined,Pet Su,sub_category,1,1,"[""depot:carrefour-1012""]","[""carrefour""]",pinned-relative,18.09.2026 12:27,0,1.1,2026-09-19T02:26:34.122596+03:00,"[{""price"":52.95,""api_unit_price"":10.59,""source_id"":""depot:carrefour-1012"",""market"":""carrefour"",""depot_name"":""Istanbul Acıbadem Hıper"",""index_time"":""18.09.2026 12:27""}]","{""mode"":""pinned-relative"",""previous_prices"":{""depot:carrefour-1012"":52.95},""previous_level"":43.771881365659496,""link_factor"":1.0}"
2026-09-19,drinks,water,İçme suyu,id:1WRN,id:1WRN,Erikli Su 6 Lt,6.0,l,119.0,19.833333,24.48192,1,19.833334,0.0,api-refined,Pet Su,sub_category,1,1,"[""depot:carrefour-1012""]","[""carrefour""]",pinned-relative,18.09.2026 12:27,0,1.1,2026-09-19T02:26:34.122598+03:00,"[{""price"":119.0,""api_unit_price"":19.833334,""source_id"":""depot:carrefour-1012"",""market"":""carrefour"",""depot_name"":""Istanbul Acıbadem Hıper"",""index_time"":""18.09.2026 12:27""}]","{""mode"":""pinned-relative"",""previous_prices"":{""depot:carrefour-1012"":119.0},""previous_level"":146.8915228897003,""link_factor"":1.0}"
2026-09-19,drinks,water,İçme suyu,id:0NIR,id:0NIR,Kardelen Su 500 Ml,0.5,l,6.75,13.5,13.5,1,13.5,0.0,api-refined,Pet Su,sub_category,1,1,"[""depot:sok-1017""]","[""sok""]",pinned-relative,18.09.2026 12:28,0,1.1,2026-09-19T02:26:34.122600+03:00,"[{""price"":6.75,""api_unit_price"":13.5,""source_id"":""depot:sok-1017"",""market"":""sok"",""depot_name"":""Selimiye"",""index_time"":""18.09.2026 12:28""}]","{""mode"":""pinned-relative"",""previous_prices"":{""depot:sok-1017"":6.75},""previous_level"":6.75,""link_factor"":1.0}"
2026-09-19,drinks,water,İçme suyu,id:0PQA,id:0PQA,Assu Su 500 Ml,0.5,l,6.75,13.5,13.5,1,13.5,0.0,api-refined,Pet Su,sub_category,1,1,"[""depot:hakmar-5521""]","[""hakmar""]",pinned-relative,18.09.2026 12:25,0,1.1,2026-09-19T02:26:34.122602+03:00,"[{""price"":6.75,""api_unit_price"":13.5,""source_id"":""depot:hakmar-5521"",""market"":""hakmar"",""depot_name"":""Ahmediye  Üsküdar"",""index_time"":""18.09.2026 12:25""}]","{""mode"":""pinned-relative"",""previous_prices"":{""depot:hakmar-5521"":6.75},""previous_level"":6.75,""link_factor"":1.0}"
2026-09-19,drinks,water,İçme suyu,id:0XUK,id:1KCS,Erikli Su 5 Lt,5.0,l,74.95,14.99,51.230614,3,14.989999,0.0,api-refined,Pet Su,sub_category,3,3,"[""depot:carrefour-5254"",""depot:hakmar-5521"",""depot:migros-1991""]","[""carrefour"",""hakmar"",""migros""]",pinned-relative,18.09.2026 12:27,1,1.1,2026-09-19T02:26:34.122604+03:00,"[{""price"":55.0,""api_unit_price"":11.0,""source_id"":""depot:hakmar-5521"",""market"":""hakmar"",""depot_name"":""Ahmediye  Üsküdar"",""index_time"":""18.09.2026 12:27""},{""price"":74.95,""api_unit_price"":14.989999,""source_id"":""depot:migros-1991"",""market"":""migros"",""depot_name"":""Çiçekçi M Migros"",""index_time"":""18.09.2026 12:27""},{""price"":79.95,""api_unit_price"":15.99,""source_id"":""depot:carrefour-5254"",""market"":""carrefour"",""depot_name"":""Istanbul Üsküdar Salacak Mını"",""index_time"":""18.09.2026 12:27""}]","{""mode"":""pinned-relative"",""previous_prices"":{""depot:carrefour-5254"":79.95,""depot:hakmar-5521"":55.0,""depot:migros-1991"":74.95},""previous_level"":64.17778428453585,""link_factor"":3.991304347826087}"
2026-09-19,drinks,water,İçme suyu,id:1E4Y,id:0RZ2,Hayat Su 500 Ml,0.5,l,22.5,45.0,17.266667,1,45.0,0.0,api-refined,Pet Su,sub_category,1,1,"[""depot:carrefour-1012""]","[""carrefour""]",pinned-relative,18.09.2026 12:27,1,1.1,2026-09-19T02:26:34.122606+03:00,"[{""price"":22.5,""api_unit_price"":45.0,""source_id"":""depot:carrefour-1012"",""market"":""carrefour"",""depot_name"":""Istanbul Acıbadem Hıper"",""index_time"":""18.09.2026 12:27""}]","{""mode"":""pinned-relative"",""previous_prices"":{""depot:carrefour-1012"":22.5},""previous_level"":19.0,""link_factor"":0.4543859736842106}"
2026-09-19,drinks,water,İçme suyu,id:1E57,id:1XY9,Elmacık Su 5 Lt,5.0,l,36.0,7.2,8.98,2,7.2,0.0,api-refined,Pet Su,sub_category,2,2,"[""depot:sok-7238"",""depot:tarim_kredi-5022""]","[""sok"",""tarim_kredi""]",pinned-relative,18.09.2026 12:26,1,1.1,2026-09-19T02:26:34.122608+03:00,"[{""price"":36.0,""api_unit_price"":7.2,""source_id"":""depot:sok-7238"",""market"":""sok"",""depot_name"":""Rıhtım Cdkadıköy"",""index_time"":""18.09.2026 12:26""},{""price"":36.0,""api_unit_price"":7.2,""source_id"":""depot:tarim_kredi-5022"",""market"":""tarim_kredi"",""depot_name"":""Istanbul Kadıköy Market"",""index_time"":""18.09.2026 12:26""}]","{""mode"":""pinned-relative"",""previous_prices"":{""depot:sok-7238"":36.0,""depot:tarim_kredi-5022"":36.0},""previous_level"":36.0,""link_factor"":1.2472222222222222}"
2026-09-19,drinks,water,İçme suyu,id:0XGR,id:0XGR,Güzelpınar Su 12x250 Ml,3.0,l,63.25,21.083333,21.083333,1,21.083332,0.0,api-refined,Pet Su,sub_category,1,1,"[""depot:sok-4707""]","[""sok""]",pinned-relative,18.09.2026 12:22,0,1.1,2026-09-19T02:26:34.122610+03:00,"[{""price"":63.25,""api_unit_price"":21.083332,""source_id"":""depot:sok-4707"",""market"":""sok"",""depot_name"":""Şok Minifevziçakmak"",""index_time"":""18.09.2026 12:22""}]","{""mode"":""pinned-relative"",""previous_prices"":{""depot:sok-4707"":63.25},""previous_level"":63.25,""link_factor"":1.0}"
2026-09-19,drinks,water,İçme suyu,id:07SC,id:07SC,Assu Su 12x250 Ml,3.0,l,63.25,21.083333,21.083333,1,21.083332,0.0,api-refined,Pet Su,sub_category,1,1,"[""depot:bim-5712""]","[""bim""]",pinned-relative,18.09.2026 12:25,0,1.1,2026-09-19T02:26:34.122612+03:00,"[{""price"":63.25,""api_unit_price"":21.083332,""source_id"":""depot:bim-5712"",""market"":""bim"",""depot_name"":""Çiçekçi  Üsküdar"",""index_time"":""18.09.2026 12:25""}]","{""mode"":""pinned-relative"",""previous_prices"":{""depot:bim-5712"":63.25},""previous_level"":63.25,""link_factor"":1.0}"
2026-09-19,drinks,water,İçme suyu,id:2B1T,id:2B1T,Assu Su 3 Lt,3.0,l,63.25,21.083333,21.083333,1,21.083332,0.0,api-refined,Pet Su,sub_category,1,1,"[""depot:hakmar-5521""]","[""hakmar""]",pinned-relative,18.09.2026 12:26,0,1.1,2026-09-19T02:26:34.122614+03:00,"[{""price"":63.25,""api_unit_price"":21.083332,""source_id"":""depot:hakmar-5521"",""market"":""hakmar"",""depot_name"":""Ahmediye  Üsküdar"",""index_time"":""18.09.2026 12:26""}]","{""mode"":""pinned-relative"",""previous_prices"":{""depot:hakmar-5521"":63.25},""previous_level"":63.25,""link_factor"":1.0}"
2026-09-19,drinks,water,İçme suyu,id:19KN,id:19KN,Su 12x330 Ml,3.96,l,66.75,16.856061,16.856061,1,16.856062,0.0,api-refined,Pet Su,sub_category,1,1,"[""depot:bim-5712""]","[""bim""]",pinned-relative,18.09.2026 12:25,0,1.1,2026-09-19T02:26:34.122616+03:00,"[{""price"":66.75,""api_unit_price"":16.856062,""source_id"":""depot:bim-5712"",""market"":""bim"",""depot_name"":""Çiçekçi  Üsküdar"",""index_time"":""18.09.2026 12:25""}]","{""mode"":""pinned-relative"",""previous_prices"":{""depot:bim-5712"":66.75},""previous_level"":66.75,""link_factor"":1.0}"
2026-09-19,drinks,water,İçme suyu,id:1P6M,id:1P6M,Saka Su 10 Lt,10.0,l,74.9,7.49,7.49,1,7.49,0.0,api-refined,Pet Su,sub_category,1,1,"[""depot:sok-1017""]","[""sok""]",pinned-relative,18.09.2026 12:22,0,1.1,2026-09-19T02:26:34.122618+03:00,"[{""price"":74.9,""api_unit_price"":7.4900002,""source_id"":""depot:sok-1017"",""market"":""sok"",""depot_name"":""Selimiye"",""index_time"":""18.09.2026 12:22""}]","{""mode"":""pinned-relative"",""previous_prices"":{""depot:sok-1017"":74.9},""previous_level"":74.9,""link_factor"":1.0}"
2026-09-19,drinks,water,İçme suyu,id:0V4P,id:0V4P,Damla Su 6 Lt,6.0,l,118.0,19.666667,19.666667,1,19.666666,0.0,api-refined,Pet Su,sub_category,1,1,"[""depot:carrefour-1012""]","[""carrefour""]",pinned-relative,18.09.2026 12:27,0,1.1,2026-09-19T02:26:34.122620+03:00,"[{""price"":118.0,""api_unit_price"":19.666666,""source_id"":""depot:carrefour-1012"",""market"":""carrefour"",""depot_name"":""Istanbul Acıbadem Hıper"",""index_time"":""18.09.2026 12:27""}]","{""mode"":""pinned-relative"",""previous_prices"":{""depot:carrefour-1012"":118.0},""previous_level"":117.99999999999999,""link_factor"":1.0}"
2026-09-19,drinks,energy_drink,Enerji içeceği,id:1LMO,id:1LMO,Red Bull Enerji İçeceği 250 Ml,0.25,l,70.0,280.0,280.0,4,280.0,0.0,api-refined,Enerji İçecekleri,sub_category,5,4,"[""depot:bim-5712"",""depot:hakmar-5521"",""depot:migros-1991"",""depot:sok-4707""]","[""bim"",""hakmar"",""migros"",""sok""]",pinned-relative,18.09.2026 12:27,0,1.1,2026-09-19T02:26:36.612208+03:00,"[{""price"":70.0,""api_unit_price"":280.0,""source_id"":""depot:sok-4707"",""market"":""sok"",""depot_name"":""Şok Minifevziçakmak"",""index_time"":""18.09.2026 12:27""},{""price"":70.0,""api_unit_price"":280.0,""source_id"":""depot:bim-5712"",""market"":""bim"",""depot_name"":""Çiçekçi  Üsküdar"",""index_time"":""18.09.2026 12:27""},{""price"":70.0,""api_unit_price"":280.0,""source_id"":""depot:hakmar-5521"",""market"":""hakmar"",""depot_name"":""Ahmediye  Üsküdar"",""index_time"":""18.09.2026 12:27""},{""price"":70.95,""api_unit_price"":283.8,""source_id"":""depot:migros-1991"",""market"":""migros"",""depot_name"":""Çiçekçi M Migros"",""index_time"":""18.09.2026 12:27""}]","{""mode"":""pinned-relative"",""previous_prices"":{""depot:bim-5712"":70.0,""depot:hakmar-5521"":70.0,""depot:migros-1991"":70.95,""depot:sok-4707"":70.0},""previous_level"":70.0,""link_factor"":1.0}"
2026-09-19,drinks,energy_drink,Enerji içeceği,id:0U2P,id:0U2P,Hotline Enerji İçeceği 1 Lt,1.0,l,49.25,49.25,55.0,2,49.25,0.0,api-refined,Enerji İçecekleri,sub_category,2,2,"[""depot:bim-5712"",""depot:sok-4711""]","[""bim"",""sok""]",pinned-relative,18.09.2026 12:27,0,1.1,2026-09-19T02:26:36.612220+03:00,"[{""price"":43.5,""api_unit_price"":43.5,""source_id"":""depot:bim-5712"",""market"":""bim"",""depot_name"":""Çiçekçi  Üsküdar"",""index_time"":""18.09.2026 12:27""},{""price"":55.0,""api_unit_price"":55.0,""source_id"":""depot:sok-4711"",""market"":""sok"",""depot_name"":""Şok Minitamer Yeni"",""index_time"":""18.09.2026 12:27""}]","{""mode"":""pinned-relative"",""previous_prices"":{""depot:bim-5712"":43.5,""depot:sok-4711"":55.0},""previous_level"":55.0,""link_factor"":1.0}"
2026-09-19,drinks,energy_drink,Enerji içeceği,id:1NXI,id:1NXI,Monster Energy Enerji İçeceği 500 Ml,0.5,l,80.0,160.0,157.414732,3,160.0,0.0,api-refined,Enerji İçecekleri,sub_category,3,3,"[""depot:carrefour-1012"",""depot:migros-1991"",""depot:sok-4707""]","[""carrefour"",""migros"",""sok""]",pinned-relative,18.09.2026 12:27,0,1.1,2026-09-19T02:26:36.612224+03:00,"[{""price"":59.9,""api_unit_price"":119.8,""source_id"":""depot:migros-1991"",""market"":""migros"",""depot_name"":""Çiçekçi M Migros"",""index_time"":""18.09.2026 12:27""},{""price"":80.0,""api_unit_price"":160.0,""source_id"":""depot:sok-4707"",""market"":""sok"",""depot_name"":""Şok Minifevziçakmak"",""index_time"":""18.09.2026 12:27""},{""price"":80.0,""api_unit_price"":160.0,""source_id"":""depot:carrefour-1012"",""market"":""carrefour"",""depot_name"":""Istanbul Acıbadem Hıper"",""index_time"":""18.09.2026 12:27""}]","{""mode"":""pinned-relative"",""previous_prices"":{""depot:carrefour-1012"":80.0,""depot:migros-1991"":59.9,""depot:sok-4707"":80.0},""previous_level"":78.70736611817335,""link_factor"":1.0}"
2026-09-19,drinks,energy_drink,Enerji içeceği,id:1ZQB,id:1ZQB,Red Bull Enerji İçeceği 473 Ml,0.473,l,120.0,253.699789,253.699789,2,253.69978,0.0,api-refined,Enerji İçecekleri,sub_category,2,2,"[""depot:carrefour-1012"",""depot:migros-1991""]","[""carrefour"",""migros""]",pinned-relative,18.09.2026 12:27,0,1.1,2026-09-19T02:26:36.612226+03:00,"[{""price"":120.0,""api_unit_price"":253.69978,""source_id"":""depot:migros-1991"",""market"":""migros"",""depot_name"":""Çiçekçi M Migros"",""index_time"":""18.09.2026 12:27""},{""price"":120.0,""api_unit_price"":253.69978,""source_id"":""depot:carrefour-1012"",""market"":""carrefour"",""depot_name"":""Istanbul Acıbadem Hıper"",""index_time"":""18.09.2026 12:27""}]","{""mode"":""pinned-relative"",""previous_prices"":{""depot:carrefour-1012"":120.0,""depot:migros-1991"":120.0},""previous_level"":120.00000000000001,""link_factor"":1.0}"
2026-09-19,drinks,energy_drink,Enerji içeceği,id:0ZII,id:0ZII,Black Bruin Enerji İçeceği 1 Lt,1.0,l,49.9,49.9,54.95,1,49.9,0.0,api-refined,Enerji İçecekleri,sub_category,2,1,"[""depot:tarim_kredi-5022""]","[""tarim_kredi""]",pinned-relative,18.09.2026 12:27,0,1.1,2026-09-19T02:26:36.612228+03:00,"[{""price"":49.9,""api_unit_price"":49.9,""source_id"":""depot:tarim_kredi-5022"",""market"":""tarim_kredi"",""depot_name"":""Istanbul Kadıköy Market"",""index_time"":""18.09.2026 12:27""}]","{""mode"":""pinned-relative"",""previous_prices"":{""depot:tarim_kredi-5022"":49.9},""previous_level"":54.95,""link_factor"":1.0}"
2026-09-19,drinks,energy_drink,Enerji içeceği,id:1QIE,id:1QIE,Monster Ultra Tropical Enerji İçeceği 500 Ml,0.5,l,69.95,139.9,139.450578,2,139.9,0.0,api-refined,Enerji İçecekleri,sub_category,2,2,"[""depot:carrefour-1012"",""depot:migros-1991""]","[""carrefour"",""migros""]",pinned-relative,18.09.2026 12:28,0,1.1,2026-09-19T02:26:36.612230+03:00,"[{""price"":59.9,""api_unit_price"":119.8,""source_id"":""depot:migros-1991"",""market"":""migros"",""depot_name"":""Çiçekçi M Migros"",""index_time"":""18.09.2026 12:28""},{""price"":80.0,""api_unit_price"":160.0,""source_id"":""depot:carrefour-1012"",""market"":""carrefour"",""depot_name"":""Istanbul Acıbadem Hıper"",""index_time"":""18.09.2026 12:28""}]","{""mode"":""pinned-relative"",""previous_prices"":{""depot:carrefour-1012"":80.0,""depot:migros-1991"":59.9},""previous_level"":69.72528877155426,""link_factor"":1.0}"
2026-09-19,drinks,energy_drink,Enerji içeceği,id:1K1H,id:1K1H,Red Bull Enerji İçeceği 355 Ml,0.355,l,95.0,267.605634,267.605634,2,267.60562,0.0,api-refined,Enerji İçecekleri,sub_category,2,2,"[""depot:carrefour-1012"",""depot:migros-1991""]","[""carrefour"",""migros""]",pinned-relative,18.09.2026 12:27,0,1.1,2026-09-19T02:26:36.612232+03:00,"[{""price"":95.0,""api_unit_price"":267.60562,""source_id"":""depot:migros-1991"",""market"":""migros"",""depot_name"":""Çiçekçi M Migros"",""index_time"":""18.09.2026 12:27""},{""price"":95.0,""api_unit_price"":267.60562,""source_id"":""depot:carrefour-1012"",""market"":""carrefour"",""depot_name"":""Istanbul Acıbadem Hıper"",""index_time"":""18.09.2026 12:27""}]","{""mode"":""pinned-relative"",""previous_prices"":{""depot:carrefour-1012"":95.0,""depot:migros-1991"":95.0},""previous_level"":95.0,""link_factor"":1.0}"
2026-09-19,drinks,energy_drink,Enerji içeceği,id:0N3R,id:0N3R,Red Bull Enerji İçeceği 6x250 Ml,1.5,l,385.0,256.666667,238.3,1,256.66666,0.0,api-refined,Enerji İçecekleri,sub_category,2,1,"[""depot:carrefour-1012""]","[""carrefour""]",pinned-relative,18.09.2026 12:26,0,1.1,2026-09-19T02:26:36.612234+03:00,"[{""price"":385.0,""api_unit_price"":256.66666,""source_id"":""depot:carrefour-1012"",""market"":""carrefour"",""depot_name"":""Istanbul Acıbadem Hıper"",""index_time"":""18.09.2026 12:26""}]","{""mode"":""pinned-relative"",""previous_prices"":{""depot:carrefour-1012"":385.0},""previous_level"":357.45,""link_factor"":1.0}"
2026-09-19,drinks,energy_drink,Enerji içeceği,id:0ORG,id:0ORG,Tornado Enerji İçeceği 250 Ml,0.25,l,29.9,119.6,119.6,1,119.6,0.0,api-refined,Enerji İçecekleri,sub_category,1,1,"[""depot:sok-4707""]","[""sok""]",pinned-relative,18.09.2026 12:22,0,1.1,2026-09-19T02:26:36.612237+03:00,"[{""price"":29.9,""api_unit_price"":119.6,""source_id"":""depot:sok-4707"",""market"":""sok"",""depot_name"":""Şok Minifevziçakmak"",""index_time"":""18.09.2026 12:22""}]","{""mode"":""pinned-relative"",""previous_prices"":{""depot:sok-4707"":29.9},""previous_level"":29.9,""link_factor"":1.0}"
2026-09-19,drinks,energy_drink,Enerji içeceği,id:06TO,id:06TO,Black Eagle Enerji İçeceği 500 Ml,0.5,l,43.5,87.0,87.0,1,87.0,0.0,api-refined,Enerji İçecekleri,sub_category,1,1,"[""depot:bim-5712""]","[""bim""]",pinned-relative,18.09.2026 12:25,0,1.1,2026-09-19T02:26:36.612239+03:00,"[{""price"":43.5,""api_unit_price"":87.0,""source_id"":""depot:bim-5712"",""market"":""bim"",""depot_name"":""Çiçekçi  Üsküdar"",""index_time"":""18.09.2026 12:25""}]","{""mode"":""pinned-relative"",""previous_prices"":{""depot:bim-5712"":43.5},""previous_level"":43.5,""link_factor"":1.0}"
2026-09-19,drinks,energy_drink,Enerji içeceği,id:1C7T,id:1C7T,Hotline Enerji İçeceği 500 Ml,0.5,l,43.5,87.0,87.0,1,87.0,0.0,api-refined,Enerji İçecekleri,sub_category,1,1,"[""depot:bim-5712""]","[""bim""]",pinned-relative,18.09.2026 12:27,0,1.1,2026-09-19T02:26:36.612241+03:00,"[{""price"":43.5,""api_unit_price"":87.0,""source_id"":""depot:bim-5712"",""market"":""bim"",""depot_name"":""Çiçekçi  Üsküdar"",""index_time"":""18.09.2026 12:27""}]","{""mode"":""pinned-relative"",""previous_prices"":{""depot:bim-5712"":43.5},""previous_level"":43.5,""link_factor"":1.0}"
2026-09-19,drinks,energy_drink,Enerji içeceği,id:1E3X,id:1E3X,Performans Multivitamin Şekersiz Enerji İçeceği 500 Ml,0.5,l,35.0,70.0,70.0,1,70.0,0.0,api-refined,Enerji İçecekleri,sub_category,1,1,"[""depot:bim-5712""]","[""bim""]",pinned-relative,18.09.2026 12:25,0,1.1,2026-09-19T02:26:36.612243+03:00,"[{""price"":35.0,""api_unit_price"":70.0,""source_id"":""depot:bim-5712"",""market"":""bim"",""depot_name"":""Çiçekçi  Üsküdar"",""index_time"":""18.09.2026 12:25""}]","{""mode"":""pinned-relative"",""previous_prices"":{""depot:bim-5712"":35.0},""previous_level"":35.0,""link_factor"":1.0}"
2026-09-19,drinks,energy_drink,Enerji içeceği,id:0ERF,id:0ERF,Tornado Enerji İçeceği 1 Lt,1.0,l,49.9,49.9,49.9,1,49.9,0.0,api-refined,Enerji İçecekleri,sub_category,1,1,"[""depot:sok-4707""]","[""sok""]",pinned-relative,18.09.2026 12:22,0,1.1,2026-09-19T02:26:36.612245+03:00,"[{""price"":49.9,""api_unit_price"":49.9,""source_id"":""depot:sok-4707"",""market"":""sok"",""depot_name"":""Şok Minifevziçakmak"",""index_time"":""18.09.2026 12:22""}]","{""mode"":""pinned-relative"",""previous_prices"":{""depot:sok-4707"":49.9},""previous_level"":49.9,""link_factor"":1.0}"
2026-09-19,drinks,soda,Gazoz,id:1I5Z,id:1I5Z,Fruko Gazoz 2.5 Lt,2.5,l,60.0,24.0,21.81362,2,24.0,0.0,api-refined,Gazozlar,sub_category,4,2,"[""depot:bim-5712"",""depot:carrefour-1012""]","[""bim"",""carrefour""]",pinned-relative,18.09.2026 12:27,0,1.1,2026-09-19T02:26:44.107163+03:00,"[{""price"":53.0,""api_unit_price"":21.199999,""source_id"":""depot:bim-5712"",""market"":""bim"",""depot_name"":""Çiçekçi  Üsküdar"",""index_time"":""18.09.2026 12:27""},{""price"":67.0,""api_unit_price"":26.8,""source_id"":""depot:carrefour-1012"",""market"":""carrefour"",""depot_name"":""Istanbul Acıbadem Hıper"",""index_time"":""18.09.2026 12:27""}]","{""mode"":""pinned-relative"",""previous_prices"":{""depot:bim-5712"":53.0,""depot:carrefour-1012"":67.0},""previous_level"":54.53404899693401,""link_factor"":1.0}"
2026-09-19,drinks,soda,Gazoz,id:1ZCH,id:1ZCH,Uludağ Efsane Gazoz 6x250 Ml,1.5,l,224.5,149.666667,149.666667,2,149.66667,0.0,api-refined,Gazozlar,sub_category,2,2,"[""depot:carrefour-1012"",""depot:migros-1991""]","[""carrefour"",""migros""]",pinned-relative,18.09.2026 12:26,0,1.1,2026-09-19T02:26:44.107175+03:00,"[{""price"":224.5,""api_unit_price"":149.66667,""source_id"":""depot:migros-1991"",""market"":""migros"",""depot_name"":""Çiçekçi M Migros"",""index_time"":""18.09.2026 12:26""},{""price"":224.5,""api_unit_price"":149.66667,""source_id"":""depot:carrefour-1012"",""market"":""carrefour"",""depot_name"":""Istanbul Acıbadem Hıper"",""index_time"":""18.09.2026 12:26""}]","{""mode"":""pinned-relative"",""previous_prices"":{""depot:carrefour-1012"":224.5,""depot:migros-1991"":224.5},""previous_level"":224.5,""link_factor"":1.0}"
2026-09-19,drinks,soda,Gazoz,id:1P6V,id:1P6V,Fruko Gazoz 1.5 Lt,1.5,l,59.5,39.666667,39.59798,2,39.666666,0.0,api-refined,Gazozlar,sub_category,2,2,"[""depot:carrefour-1012"",""depot:migros-1991""]","[""carrefour"",""migros""]",pinned-relative,18.09.2026 12:27,0,1.1,2026-09-19T02:26:44.107179+03:00,"[{""price"":54.0,""api_unit_price"":36.0,""source_id"":""depot:carrefour-1012"",""market"":""carrefour"",""depot_name"":""Istanbul Acıbadem Hıper"",""index_time"":""18.09.2026 12:27""},{""price"":65.0,""api_unit_price"":43.333332,""source_id"":""depot:migros-1991"",""market"":""migros"",""depot_name"":""Çiçekçi M Migros"",""index_time"":""18.09.2026 12:27""}]","{""mode"":""pinned-relative"",""previous_prices"":{""depot:carrefour-1012"":54.0,""depot:migros-1991"":65.0},""previous_level"":59.39696961967,""link_factor"":1.0}"
2026-09-19,drinks,soda,Gazoz,id:1V9I,id:1V9I,Uludağ Efsane Gazoz 2.5 Lt,2.5,l,79.5,31.8,31.8,2,31.8,0.0,api-refined,Gazozlar,sub_category,2,2,"[""depot:bim-5712"",""depot:tarim_kredi-5022""]","[""bim"",""tarim_kredi""]",pinned-relative,18.09.2026 12:26,0,1.1,2026-09-19T02:26:44.107181+03:00,"[{""price"":69.5,""api_unit_price"":27.8,""source_id"":""depot:bim-5712"",""market"":""bim"",""depot_name"":""Çiçekçi  Üsküdar"",""index_time"":""18.09.2026 12:26""},{""price"":89.5,""api_unit_price"":35.8,""source_id"":""depot:tarim_kredi-5022"",""market"":""tarim_kredi"",""depot_name"":""Istanbul Kadıköy Market"",""index_time"":""18.09.2026 12:26""}]","{""mode"":""pinned-relative"",""previous_prices"":{""depot:bim-5712"":69.5,""depot:tarim_kredi-5022"":89.5},""previous_level"":79.5,""link_factor"":1.0}"
2026-09-19,drinks,soda,Gazoz,id:3X3N,id:3X3N,Çamlıca Gazoz 200 Ml,0.2,l,21.0,105.0,105.0,1,105.0,0.0,api-refined,Gazozlar,sub_category,2,1,"[""depot:hakmar-5521""]","[""hakmar""]",pinned-relative,18.09.2026 12:25,0,1.1,2026-09-19T02:26:44.107183+03:00,"[{""price"":21.0,""api_unit_price"":105.0,""source_id"":""depot:hakmar-5521"",""market"":""hakmar"",""depot_name"":""Ahmediye  Üsküdar"",""index_time"":""18.09.2026 12:25""}]","{""mode"":""pinned-relative"",""previous_prices"":{""depot:hakmar-5521"":21.0},""previous_level"":21.0,""link_factor"":1.0}"
2026-09-19,drinks,soda,Gazoz,id:0OBJ,id:0OBJ,Crown Gazoz 1.5 Lt,1.5,l,33.0,22.0,22.0,1,22.0,0.0,api-refined,Gazozlar,sub_category,1,1,"[""depot:sok-4707""]","[""sok""]",pinned-relative,18.09.2026 12:22,0,1.1,2026-09-19T02:26:44.107185+03:00,"[{""price"":33.0,""api_unit_price"":22.0,""source_id"":""depot:sok-4707"",""market"":""sok"",""depot_name"":""Şok Minifevziçakmak"",""index_time"":""18.09.2026 12:22""}]","{""mode"":""pinned-relative"",""previous_prices"":{""depot:sok-4707"":33.0},""previous_level"":33.0,""link_factor"":1.0}"
2026-09-19,drinks,soda,Gazoz,id:1J9U,id:1J9U,Sarıyer Gazoz 1.5 Lt,1.5,l,33.0,22.0,22.0,1,22.0,0.0,api-refined,Gazozlar,sub_category,1,1,"[""depot:tarim_kredi-5022""]","[""tarim_kredi""]",pinned-relative,18.09.2026 12:26,0,1.1,2026-09-19T02:26:44.107187+03:00,"[{""price"":33.0,""api_unit_price"":22.0,""source_id"":""depot:tarim_kredi-5022"",""market"":""tarim_kredi"",""depot_name"":""Istanbul Kadıköy Market"",""index_time"":""18.09.2026 12:26""}]","{""mode"":""pinned-relative"",""previous_prices"":{""depot:tarim_kredi-5022"":33.0},""previous_level"":33.0,""link_factor"":1.0}"
2026-09-19,drinks,soda,Gazoz,id:0WZU,id:0WZU,Beyoğlu Zencefil Aromalı Gazoz 250 Ml,0.25,l,48.5,194.0,194.0,1,194.0,0.0,api-refined,Gazozlar,sub_category,1,1,"[""depot:carrefour-1012""]","[""carrefour""]",pinned-relative,18.09.2026 12:27,0,1.1,2026-09-19T02:26:44.107189+03:00,"[{""price"":48.5,""api_unit_price"":194.0,""source_id"":""depot:carrefour-1012"",""market"":""carrefour"",""depot_name"":""Istanbul Acıbadem Hıper"",""index_time"":""18.09.2026 12:27""}]","{""mode"":""pinned-relative"",""previous_prices"":{""depot:carrefour-1012"":48.5},""previous_level"":48.5,""link_factor"":1.0}"
2026-09-19,drinks,soda,Gazoz,id:0LGC,id:0LGC,Sprite Limon Aromalı Gazoz 330 Ml,0.33,l,55.0,166.666667,166.666667,1,166.66667,0.0,api-refined,Gazozlar,sub_category,1,1,"[""depot:migros-1991""]","[""migros""]",pinned-relative,18.09.2026 12:27,0,1.1,2026-09-19T02:26:44.107192+03:00,"[{""price"":55.0,""api_unit_price"":166.66667,""source_id"":""depot:migros-1991"",""market"":""migros"",""depot_name"":""Çiçekçi M Migros"",""index_time"":""18.09.2026 12:27""}]","{""mode"":""pinned-relative"",""previous_prices"":{""depot:migros-1991"":55.0},""previous_level"":55.0,""link_factor"":1.0}"
2026-09-19,drinks,soda,Gazoz,id:2B6C,id:2B6C,Uludağ Az Kalorili Gazoz 1.5 Lt,1.5,l,59.5,39.666667,39.666667,1,39.666668,0.0,api-refined,Gazozlar,sub_category,1,1,"[""depot:hakmar-5521""]","[""hakmar""]",pinned-relative,18.09.2026 12:26,0,1.1,2026-09-19T02:26:44.107194+03:00,"[{""price"":59.5,""api_unit_price"":39.666668,""source_id"":""depot:hakmar-5521"",""market"":""hakmar"",""depot_name"":""Ahmediye  Üsküdar"",""index_time"":""18.09.2026 12:26""}]","{""mode"":""pinned-relative"",""previous_prices"":{""depot:hakmar-5521"":59.5},""previous_level"":59.5,""link_factor"":1.0}"
2026-09-19,drinks,soda,Gazoz,id:0W2G,id:0W2G,Uludağ Efsane Gazoz 1 Lt,1.0,l,61.5,61.5,61.5,1,61.5,0.0,api-refined,Gazozlar,sub_category,1,1,"[""depot:carrefour-1012""]","[""carrefour""]",pinned-relative,18.09.2026 12:27,0,1.1,2026-09-19T02:26:44.107196+03:00,"[{""price"":61.5,""api_unit_price"":61.5,""source_id"":""depot:carrefour-1012"",""market"":""carrefour"",""depot_name"":""Istanbul Acıbadem Hıper"",""index_time"":""18.09.2026 12:27""}]","{""mode"":""pinned-relative"",""previous_prices"":{""depot:carrefour-1012"":61.5},""previous_level"":61.50000000000001,""link_factor"":1.0}"
2026-09-19,drinks,soda,Gazoz,id:1LHY,id:1LHY,Sprite Gazoz 2.5 Lt,2.5,l,87.5,35.0,35.0,1,35.0,0.0,api-refined,Gazozlar,sub_category,1,1,"[""depot:carrefour-1012""]","[""carrefour""]",pinned-relative,18.09.2026 12:27,0,1.1,2026-09-19T02:26:44.107198+03:00,"[{""price"":87.5,""api_unit_price"":35.0,""source_id"":""depot:carrefour-1012"",""market"":""carrefour"",""depot_name"":""Istanbul Acıbadem Hıper"",""index_time"":""18.09.2026 12:27""}]","{""mode"":""pinned-relative"",""previous_prices"":{""depot:carrefour-1012"":87.5},""previous_level"":87.5,""link_factor"":1.0}"
2026-09-19,drinks,soda,Gazoz,id:1V0F,id:1V0F,Sarıkız Gazoz 6x200 Ml,1.2,l,90.75,75.625,75.625,1,75.625,0.0,api-refined,Gazozlar,sub_category,1,1,"[""depot:bim-5712""]","[""bim""]",pinned-relative,18.09.2026 12:25,0,1.1,2026-09-19T02:26:44.107200+03:00,"[{""price"":90.75,""api_unit_price"":75.625,""source_id"":""depot:bim-5712"",""market"":""bim"",""depot_name"":""Çiçekçi  Üsküdar"",""index_time"":""18.09.2026 12:25""}]","{""mode"":""pinned-relative"",""previous_prices"":{""depot:bim-5712"":90.75},""previous_level"":90.75,""link_factor"":1.0}"
2026-09-19,household_cleaning,dish_liquid,Elde bulaşık deterjanı,id:2244,id:2244,Pril Sirkeli Sıvı Bulaşık Deterjanı 1.1 Lt,1.1,l,75.0,68.181818,113.863636,1,68.18182,0.0,api-refined,Elde Yıkama Deterjanı,sub_category,1,1,"[""depot:bim-5712""]","[""bim""]",pinned-relative,18.09.2026 12:26,0,1.1,2026-09-19T02:26:46.646926+03:00,"[{""price"":75.0,""api_unit_price"":68.18182,""source_id"":""depot:bim-5712"",""market"":""bim"",""depot_name"":""Çiçekçi  Üsküdar"",""index_time"":""18.09.2026 12:26""}]","{""mode"":""pinned-relative"",""previous_prices"":{""depot:bim-5712"":75.0},""previous_level"":125.25,""link_factor"":1.0}"
2026-09-19,household_cleaning,dish_liquid,Elde bulaşık deterjanı,id:1IOQ,id:1IOQ,Fairy Sıvı Bulaşık Deterjanı 650 Ml,0.65,l,100.0,153.846154,152.127766,2,153.84616,0.0,api-refined,Elde Yıkama Deterjanı,sub_category,2,2,"[""depot:bim-5712"",""depot:hakmar-5521""]","[""bim"",""hakmar""]",pinned-relative,18.09.2026 12:25,0,1.1,2026-09-19T02:26:46.646939+03:00,"[{""price"":85.0,""api_unit_price"":130.76924,""source_id"":""depot:bim-5712"",""market"":""bim"",""depot_name"":""Çiçekçi  Üsküdar"",""index_time"":""18.09.2026 12:25""},{""price"":115.0,""api_unit_price"":176.92308,""source_id"":""depot:hakmar-5521"",""market"":""hakmar"",""depot_name"":""Ahmediye  Üsküdar"",""index_time"":""18.09.2026 12:25""}]","{""mode"":""pinned-relative"",""previous_prices"":{""depot:bim-5712"":85.0,""depot:hakmar-5521"":115.0},""previous_level"":98.88304780323644,""link_factor"":1.0}"
2026-09-19,household_cleaning,dish_liquid,Elde bulaşık deterjanı,id:10JS,id:10JS,Mintax Sıvı Bulaşık Deterjanı Losyon 750 Ml,0.75,l,59.9,79.866667,79.866667,1,79.86667,0.0,api-refined,Elde Yıkama Deterjanı,sub_category,1,1,"[""depot:sok-1017""]","[""sok""]",pinned-relative,18.09.2026 12:22,0,1.1,2026-09-19T02:26:46.646943+03:00,"[{""price"":59.9,""api_unit_price"":79.86667,""source_id"":""depot:sok-1017"",""market"":""sok"",""depot_name"":""Selimiye"",""index_time"":""18.09.2026 12:22""}]","{""mode"":""pinned-relative"",""previous_prices"":{""depot:sok-1017"":59.9},""previous_level"":59.9,""link_factor"":1.0}"
2026-09-19,household_cleaning,dish_liquid,Elde bulaşık deterjanı,id:0YN0,id:0YN0,Mintax Sıvı Bulaşık Deterjanı Limonlu 750 Ml,0.75,l,62.5,83.333333,83.333333,1,83.333336,0.0,api-refined,Elde Yıkama Deterjanı,sub_category,1,1,"[""depot:sok-4707""]","[""sok""]",pinned-relative,18.09.2026 12:22,0,1.1,2026-09-19T02:26:46.646946+03:00,"[{""price"":62.5,""api_unit_price"":83.333336,""source_id"":""depot:sok-4707"",""market"":""sok"",""depot_name"":""Şok Minifevziçakmak"",""index_time"":""18.09.2026 12:22""}]","{""mode"":""pinned-relative"",""previous_prices"":{""depot:sok-4707"":62.5},""previous_level"":62.5,""link_factor"":1.0}"
2026-09-19,household_cleaning,dish_liquid,Elde bulaşık deterjanı,id:035S,id:035S,Desto Sıvı Bulaşık Deterjanı 750 Ml,0.75,l,62.5,83.333333,83.333333,1,83.333336,0.0,api-refined,Elde Yıkama Deterjanı,sub_category,1,1,"[""depot:bim-5712""]","[""bim""]",pinned-relative,18.09.2026 12:25,0,1.1,2026-09-19T02:26:46.646948+03:00,"[{""price"":62.5,""api_unit_price"":83.333336,""source_id"":""depot:bim-5712"",""market"":""bim"",""depot_name"":""Çiçekçi  Üsküdar"",""index_time"":""18.09.2026 12:25""}]","{""mode"":""pinned-relative"",""previous_prices"":{""depot:bim-5712"":62.5},""previous_level"":62.5,""link_factor"":1.0}"
2026-09-19,household_cleaning,dish_liquid,Elde bulaşık deterjanı,id:0RG2,id:0RG2,Migros Limon Sıvı Bulaşık Deterjanı 750 Ml,0.75,l,66.95,89.266667,89.266667,1,89.26666,0.0,api-refined,Elde Yıkama Deterjanı,sub_category,1,1,"[""depot:migros-4479""]","[""migros""]",pinned-relative,18.09.2026 12:24,0,1.1,2026-09-19T02:26:46.646950+03:00,"[{""price"":66.95,""api_unit_price"":89.26666,""source_id"":""depot:migros-4479"",""market"":""migros"",""depot_name"":""Mjet Üsküdar Paşakapısı"",""index_time"":""18.09.2026 12:24""}]","{""mode"":""pinned-relative"",""previous_prices"":{""depot:migros-4479"":66.95},""previous_level"":66.95,""link_factor"":1.0}"
2026-09-19,household_cleaning,dish_liquid,Elde bulaşık deterjanı,id:0LFT,id:0LFT,Migros Losyon Sıvı Bulaşık Deterjanı 750 Ml,0.75,l,66.95,89.266667,89.266667,1,89.26666,0.0,api-refined,Elde Yıkama Deterjanı,sub_category,1,1,"[""depot:migros-3296""]","[""migros""]",pinned-relative,18.09.2026 12:24,0,1.1,2026-09-19T02:26:46.646952+03:00,"[{""price"":66.95,""api_unit_price"":89.26666,""source_id"":""depot:migros-3296"",""market"":""migros"",""depot_name"":""Kadıköy Caferağa M Migros"",""index_time"":""18.09.2026 12:24""}]","{""mode"":""pinned-relative"",""previous_prices"":{""depot:migros-3296"":66.95},""previous_level"":66.95,""link_factor"":1.0}"
2026-09-19,household_cleaning,dish_liquid,Elde bulaşık deterjanı,id:0YFC,id:0YFC,Mintax Ultra Sıvı Bulaşık Deterjanı 750 Ml,0.75,l,78.5,104.666667,104.666667,1,104.666664,0.0,api-refined,Elde Yıkama Deterjanı,sub_category,1,1,"[""depot:sok-4707""]","[""sok""]",pinned-relative,18.09.2026 12:22,0,1.1,2026-09-19T02:26:46.646954+03:00,"[{""price"":78.5,""api_unit_price"":104.666664,""source_id"":""depot:sok-4707"",""market"":""sok"",""depot_name"":""Şok Minifevziçakmak"",""index_time"":""18.09.2026 12:22""}]","{""mode"":""pinned-relative"",""previous_prices"":{""depot:sok-4707"":78.5},""previous_level"":78.5,""link_factor"":1.0}"
2026-09-19,household_cleaning,dish_liquid,Elde bulaşık deterjanı,id:1SL5,id:1SL5,Fairy Elma Sıvı Bulaşık Deterjanı 650 Ml,0.65,l,101.95,156.846154,156.846154,1,156.84615,0.0,api-refined,Elde Yıkama Deterjanı,sub_category,1,1,"[""depot:migros-3296""]","[""migros""]",pinned-relative,18.09.2026 12:24,0,1.1,2026-09-19T02:26:46.646956+03:00,"[{""price"":101.95,""api_unit_price"":156.84615,""source_id"":""depot:migros-3296"",""market"":""migros"",""depot_name"":""Kadıköy Caferağa M Migros"",""index_time"":""18.09.2026 12:24""}]","{""mode"":""pinned-relative"",""previous_prices"":{""depot:migros-3296"":101.95},""previous_level"":101.94999999999999,""link_factor"":1.0}"
2026-09-19,household_cleaning,dish_liquid,Elde bulaşık deterjanı,id:0HPT,id:0HPT,Carrefour Eco Planet Limon Bitkisel Sıvı Bulaşık Deterjanı 750 Ml,0.75,l,119.9,159.866667,159.866667,1,159.86667,0.0,api-refined,Elde Yıkama Deterjanı,sub_category,1,1,"[""depot:carrefour-1012""]","[""carrefour""]",pinned-relative,18.09.2026 12:26,0,1.1,2026-09-19T02:26:46.646958+03:00,"[{""price"":119.9,""api_unit_price"":159.86667,""source_id"":""depot:carrefour-1012"",""market"":""carrefour"",""depot_name"":""Istanbul Acıbadem Hıper"",""index_time"":""18.09.2026 12:26""}]","{""mode"":""pinned-relative"",""previous_prices"":{""depot:carrefour-1012"":119.9},""previous_level"":119.9,""link_factor"":1.0}"
2026-09-19,household_cleaning,dish_liquid,Elde bulaşık deterjanı,id:016N,id:016N,Senfoni Sıvı Bulaşık Deterjanı 4 Lt,4.0,l,159.0,39.75,39.75,1,39.75,0.0,api-refined,Elde Yıkama Deterjanı,sub_category,1,1,"[""depot:bim-5712""]","[""bim""]",pinned-relative,18.09.2026 12:25,0,1.1,2026-09-19T02:26:46.646960+03:00,"[{""price"":159.0,""api_unit_price"":39.75,""source_id"":""depot:bim-5712"",""market"":""bim"",""depot_name"":""Çiçekçi  Üsküdar"",""index_time"":""18.09.2026 12:25""}]","{""mode"":""pinned-relative"",""previous_prices"":{""depot:bim-5712"":159.0},""previous_level"":159.0,""link_factor"":1.0}"
2026-09-19,household_cleaning,dish_liquid,Elde bulaşık deterjanı,id:1T5F,id:1T5F,Mr. Oxy Maxima Yaban Mersini Sıvı Bulaşık Deterjanı 4 Lt,4.0,l,179.0,44.75,44.75,1,44.75,0.0,api-refined,Elde Yıkama Deterjanı,sub_category,1,1,"[""depot:bim-5712""]","[""bim""]",pinned-relative,18.09.2026 12:25,0,1.1,2026-09-19T02:26:46.646962+03:00,"[{""price"":179.0,""api_unit_price"":44.75,""source_id"":""depot:bim-5712"",""market"":""bim"",""depot_name"":""Çiçekçi  Üsküdar"",""index_time"":""18.09.2026 12:25""}]","{""mode"":""pinned-relative"",""previous_prices"":{""depot:bim-5712"":179.0},""previous_level"":179.0,""link_factor"":1.0}"
2026-09-19,household_cleaning,dish_liquid,Elde bulaşık deterjanı,id:1T8X,id:1T8X,Mr. Oxy Maxima Sıvı Bulaşık Deterjanı Limon 4 Lt,4.0,l,179.0,44.75,44.75,1,44.75,0.0,api-refined,Elde Yıkama Deterjanı,sub_category,1,1,"[""depot:bim-5712""]","[""bim""]",pinned-relative,18.09.2026 12:27,0,1.1,2026-09-19T02:26:46.646964+03:00,"[{""price"":179.0,""api_unit_price"":44.75,""source_id"":""depot:bim-5712"",""market"":""bim"",""depot_name"":""Çiçekçi  Üsküdar"",""index_time"":""18.09.2026 12:27""}]","{""mode"":""pinned-relative"",""previous_prices"":{""depot:bim-5712"":179.0},""previous_level"":179.0,""link_factor"":1.0}"
2026-09-19,household_cleaning,dish_liquid,Elde bulaşık deterjanı,id:0SGA,id:0SGA,Peros Limon Sıvı Bulaşık Deterjanı 3.88 Lt,3.88,l,189.95,48.956186,48.956186,1,48.956184,0.0,api-refined,Elde Yıkama Deterjanı,sub_category,1,1,"[""depot:migros-1991""]","[""migros""]",pinned-relative,18.09.2026 12:24,0,1.1,2026-09-19T02:26:46.646967+03:00,"[{""price"":189.95,""api_unit_price"":48.956184,""source_id"":""depot:migros-1991"",""market"":""migros"",""depot_name"":""Çiçekçi M Migros"",""index_time"":""18.09.2026 12:24""}]","{""mode"":""pinned-relative"",""previous_prices"":{""depot:migros-1991"":189.95},""previous_level"":189.95,""link_factor"":1.0}"
2026-09-19,household_cleaning,dishwasher_tabs,Bulaşık makinesi tableti,id:10IT,id:10IT,Mintax 9 In 1 Bulaşık Makinesi Tablet Deterjanı 50 Adet,50.0,count,175.0,3.5,3.5,1,3.5,0.0,title,Bulaşık Makinesi Tableti,sub_category,1,1,"[""depot:sok-4707""]","[""sok""]",pinned-relative,18.09.2026 12:23,0,1.1,2026-09-19T02:26:49.092067+03:00,"[{""price"":175.0,""api_unit_price"":3.5,""source_id"":""depot:sok-4707"",""market"":""sok"",""depot_name"":""Şok Minifevziçakmak"",""index_time"":""18.09.2026 12:23""}]","{""mode"":""pinned-relative"",""previous_prices"":{""depot:sok-4707"":175.0},""previous_level"":175.0,""link_factor"":1.0}"
2026-09-19,household_cleaning,dishwasher_tabs,Bulaşık makinesi tableti,id:1W9H,id:1W9H,Finish Quantum Özel Seri Bulaşık Makinesi Tableti 50 Adet,50.0,count,339.95,6.799,6.854991,2,6.799,0.0,title,Bulaşık Makinesi Tableti,sub_category,2,2,"[""depot:carrefour-5254"",""depot:migros-1991""]","[""carrefour"",""migros""]",pinned-relative,18.09.2026 12:26,0,1.05,2026-09-19T02:26:49.092078+03:00,"[{""price"":329.95,""api_unit_price"":6.5990005,""source_id"":""depot:carrefour-5254"",""market"":""carrefour"",""depot_name"":""Istanbul Üsküdar Salacak Mını"",""index_time"":""18.09.2026 12:26""},{""price"":349.95,""api_unit_price"":6.999,""source_id"":""depot:migros-1991"",""market"":""migros"",""depot_name"":""Çiçekçi M Migros"",""index_time"":""18.09.2026 12:26""}]","{""mode"":""pinned-relative"",""previous_prices"":{""depot:carrefour-5254"":329.95,""depot:migros-1991"":349.95},""previous_level"":342.74954053597446,""link_factor"":1.0}"
2026-09-19,household_cleaning,dishwasher_tabs,Bulaşık makinesi tableti,id:20AX,id:20AX,Fairy Platinum Bulaşık Makinesi Tableti 50 Adet,50.0,count,599.95,11.999,9.644848,1,11.999001,0.0,title,Bulaşık Makinesi Tableti,sub_category,1,1,"[""depot:carrefour-1012""]","[""carrefour""]",pinned-relative,18.09.2026 12:26,0,1.05,2026-09-19T02:26:49.092081+03:00,"[{""price"":599.95,""api_unit_price"":11.999001,""source_id"":""depot:carrefour-1012"",""market"":""carrefour"",""depot_name"":""Istanbul Acıbadem Hıper"",""index_time"":""18.09.2026 12:26""}]","{""mode"":""pinned-relative"",""previous_prices"":{""depot:carrefour-1012"":599.95},""previous_level"":482.2423771996455,""link_factor"":1.0}"
2026-09-19,household_cleaning,dishwasher_tabs,Bulaşık makinesi tableti,id:0IG4,id:0IG4,Elit Bulaşık Makinesi Tableti 50 Adet,50.0,count,99.0,1.98,1.98,1,1.98,0.0,title,Bulaşık Makinesi Tableti,sub_category,1,1,"[""depot:tarim_kredi-5022""]","[""tarim_kredi""]",pinned-relative,18.09.2026 12:26,0,1.05,2026-09-19T02:26:49.092084+03:00,"[{""price"":99.0,""api_unit_price"":1.98,""source_id"":""depot:tarim_kredi-5022"",""market"":""tarim_kredi"",""depot_name"":""Istanbul Kadıköy Market"",""index_time"":""18.09.2026 12:26""}]","{""mode"":""pinned-relative"",""previous_prices"":{""depot:tarim_kredi-5022"":99.0},""previous_level"":99.0,""link_factor"":1.0}"
2026-09-19,household_cleaning,dishwasher_tabs,Bulaşık makinesi tableti,id:0Q0O,id:0Q0O,Mintax Ultra Bulaşık Makinesi Tableti 33 Adet,33.0,count,165.0,5.0,5.0,1,5.0,0.0,title,Bulaşık Makinesi Tableti,sub_category,1,1,"[""depot:sok-4707""]","[""sok""]",pinned-relative,18.09.2026 12:22,0,1.05,2026-09-19T02:26:49.092086+03:00,"[{""price"":165.0,""api_unit_price"":5.0,""source_id"":""depot:sok-4707"",""market"":""sok"",""depot_name"":""Şok Minifevziçakmak"",""index_time"":""18.09.2026 12:22""}]","{""mode"":""pinned-relative"",""previous_prices"":{""depot:sok-4707"":165.0},""previous_level"":165.0,""link_factor"":1.0}"
2026-09-19,household_cleaning,dishwasher_tabs,Bulaşık makinesi tableti,id:06IC,id:06IC,Bind Activit Bulaşık Makinesi Tableti 50 Adet,50.0,count,175.0,3.5,3.5,1,3.5,0.0,title,Bulaşık Makinesi Tableti,sub_category,1,1,"[""depot:bim-5712""]","[""bim""]",pinned-relative,18.09.2026 12:25,0,1.05,2026-09-19T02:26:49.092088+03:00,"[{""price"":175.0,""api_unit_price"":3.5,""source_id"":""depot:bim-5712"",""market"":""bim"",""depot_name"":""Çiçekçi  Üsküdar"",""index_time"":""18.09.2026 12:25""}]","{""mode"":""pinned-relative"",""previous_prices"":{""depot:bim-5712"":175.0},""previous_level"":175.0,""link_factor"":1.0}"
2026-09-19,household_cleaning,dishwasher_tabs,Bulaşık makinesi tableti,id:0317,id:0317,Carrefour Bulaşık Makinesi Tableti 50 Adet,50.0,count,175.0,3.5,3.5,1,3.5,0.0,title,Bulaşık Makinesi Tableti,sub_category,1,1,"[""depot:carrefour-5254""]","[""carrefour""]",pinned-relative,18.09.2026 12:26,0,1.05,2026-09-19T02:26:49.092091+03:00,"[{""price"":175.0,""api_unit_price"":3.5,""source_id"":""depot:carrefour-5254"",""market"":""carrefour"",""depot_name"":""Istanbul Üsküdar Salacak Mını"",""index_time"":""18.09.2026 12:26""}]","{""mode"":""pinned-relative"",""previous_prices"":{""depot:carrefour-5254"":175.0},""previous_level"":175.0,""link_factor"":1.0}"
2026-09-19,household_cleaning,dishwasher_tabs,Bulaşık makinesi tableti,id:0GQI,id:0GQI,Elit Klasik Bulaşık Makinesi Tableti 100 Adet,100.0,count,179.0,1.79,1.79,1,1.79,0.0,title,Bulaşık Makinesi Tableti,sub_category,1,1,"[""depot:tarim_kredi-5022""]","[""tarim_kredi""]",pinned-relative,18.09.2026 12:26,0,1.05,2026-09-19T02:26:49.092093+03:00,"[{""price"":179.0,""api_unit_price"":1.79,""source_id"":""depot:tarim_kredi-5022"",""market"":""tarim_kredi"",""depot_name"":""Istanbul Kadıköy Market"",""index_time"":""18.09.2026 12:26""}]","{""mode"":""pinned-relative"",""previous_prices"":{""depot:tarim_kredi-5022"":179.0},""previous_level"":179.0,""link_factor"":1.0}"
2026-09-19,household_cleaning,dishwasher_tabs,Bulaşık makinesi tableti,id:0UVE,id:0UVE,Just Green Organic Bulaşık Makinesi Tableti 30 Adet,30.0,count,439.95,14.665,14.665,1,14.665,0.0,title,Bulaşık Makinesi Tableti,sub_category,1,1,"[""depot:migros-1991""]","[""migros""]",pinned-relative,18.09.2026 12:24,0,1.05,2026-09-19T02:26:49.092095+03:00,"[{""price"":439.95,""api_unit_price"":14.665,""source_id"":""depot:migros-1991"",""market"":""migros"",""depot_name"":""Çiçekçi M Migros"",""index_time"":""18.09.2026 12:24""}]","{""mode"":""pinned-relative"",""previous_prices"":{""depot:migros-1991"":439.95},""previous_level"":439.95,""link_factor"":1.0}"
2026-09-19,household_cleaning,laundry_powder,Toz çamaşır deterjanı,id:3WV8,id:3WV8,Bingo Konsantre Ultra Beyaz Toz Çamaşır Deterjanı 1.5 Kg,1.5,kg,139.0,92.666667,92.666667,1,92.666664,0.0,api-refined,Toz Deterjanlar,sub_category,1,1,"[""depot:hakmar-5521""]","[""hakmar""]",pinned-relative,18.09.2026 12:25,0,1.05,2026-09-19T02:26:50.344555+03:00,"[{""price"":139.0,""api_unit_price"":92.666664,""source_id"":""depot:hakmar-5521"",""market"":""hakmar"",""depot_name"":""Ahmediye  Üsküdar"",""index_time"":""18.09.2026 12:25""}]","{""mode"":""pinned-relative"",""previous_prices"":{""depot:hakmar-5521"":139.0},""previous_level"":139.0,""link_factor"":1.0}"
2026-09-19,household_cleaning,laundry_powder,Toz çamaşır deterjanı,id:3WV9,id:3WV9,Bingo Ultra Beyaz Toz Çamaşır Deterjanı 4 Kg,4.0,kg,324.0,81.0,81.0,1,81.0,0.0,api-refined,Toz Deterjanlar,sub_category,1,1,"[""depot:hakmar-5521""]","[""hakmar""]",pinned-relative,18.09.2026 12:25,0,1.05,2026-09-19T02:26:50.344567+03:00,"[{""price"":324.0,""api_unit_price"":81.0,""source_id"":""depot:hakmar-5521"",""market"":""hakmar"",""depot_name"":""Ahmediye  Üsküdar"",""index_time"":""18.09.2026 12:25""}]","{""mode"":""pinned-relative"",""previous_prices"":{""depot:hakmar-5521"":324.0},""previous_level"":324.0,""link_factor"":1.0}"
2026-09-19,household_cleaning,laundry_liquid,Sıvı çamaşır deterjanı,id:1V23,id:1V23,Peros Bakım Renkliler Sıvı Çamaşır Deterjanı 3 Lt,3.0,l,199.0,66.333333,66.333333,1,66.33333,0.0,api-refined,Sıvı Deterjanlar,sub_category,5,1,"[""depot:bim-5712""]","[""bim""]",pinned-relative,18.09.2026 12:27,0,1.05,2026-09-19T02:26:52.862405+03:00,"[{""price"":199.0,""api_unit_price"":66.33333,""source_id"":""depot:bim-5712"",""market"":""bim"",""depot_name"":""Çiçekçi  Üsküdar"",""index_time"":""18.09.2026 12:27""}]","{""mode"":""pinned-relative"",""previous_prices"":{""depot:bim-5712"":199.0},""previous_level"":199.0,""link_factor"":1.0}"
2026-09-19,household_cleaning,laundry_liquid,Sıvı çamaşır deterjanı,id:1YNX,id:1YNX,Peros Siyahlar İçin Sıvı Çamaşır Deterjanı Bakım 3 Lt,3.0,l,206.975,68.991667,56.797384,4,68.991665,0.0,api-refined,Sıvı Deterjanlar,sub_category,5,4,"[""depot:bim-5712"",""depot:carrefour-1012"",""depot:migros-1991"",""depot:sok-4707""]","[""bim"",""carrefour"",""migros"",""sok""]",pinned-relative,18.09.2026 12:27,0,1.05,2026-09-19T02:26:52.862417+03:00,"[{""price"":199.0,""api_unit_price"":66.33333,""source_id"":""depot:sok-4707"",""market"":""sok"",""depot_name"":""Şok Minifevziçakmak"",""index_time"":""18.09.2026 12:27""},{""price"":199.0,""api_unit_price"":66.33333,""source_id"":""depot:bim-5712"",""market"":""bim"",""depot_name"":""Çiçekçi  Üsküdar"",""index_time"":""18.09.2026 12:27""},{""price"":214.95,""api_unit_price"":71.65,""source_id"":""depot:carrefour-1012"",""market"":""carrefour"",""depot_name"":""Istanbul Acıbadem Hıper"",""index_time"":""18.09.2026 12:27""},{""price"":399.95,""api_unit_price"":133.31667,""source_id"":""depot:migros-1991"",""market"":""migros"",""depot_name"":""Çiçekçi M Migros"",""index_time"":""18.09.2026 12:27""}]","{""mode"":""pinned-relative"",""previous_prices"":{""depot:bim-5712"":199.0,""depot:carrefour-1012"":214.95,""depot:migros-1991"":399.95,""depot:sok-4707"":199.0},""previous_level"":170.3921519148568,""link_factor"":1.0}"
2026-09-19,household_cleaning,laundry_liquid,Sıvı çamaşır deterjanı,id:204V,id:204V,Perwoll Hızlı Yıkama Sıvı Çamaşır Deterjanı 2 Lt,2.0,l,152.425,76.2125,76.2125,2,76.2125,0.0,api-refined,Sıvı Deterjanlar,sub_category,2,2,"[""depot:migros-1991"",""depot:tarim_kredi-5022""]","[""migros"",""tarim_kredi""]",pinned-relative,18.09.2026 12:27,0,1.05,2026-09-19T02:26:52.862421+03:00,"[{""price"":84.9,""api_unit_price"":42.45,""source_id"":""depot:tarim_kredi-5022"",""market"":""tarim_kredi"",""depot_name"":""Istanbul Kadıköy Market"",""index_time"":""18.09.2026 12:27""},{""price"":219.95,""api_unit_price"":109.975,""source_id"":""depot:migros-1991"",""market"":""migros"",""depot_name"":""Çiçekçi M Migros"",""index_time"":""18.09.2026 12:27""}]","{""mode"":""pinned-relative"",""previous_prices"":{""depot:migros-1991"":219.95,""depot:tarim_kredi-5022"":84.9},""previous_level"":152.425,""link_factor"":1.0}"
2026-09-19,household_cleaning,laundry_liquid,Sıvı çamaşır deterjanı,id:1N10,id:1N10,Tursil Leylak Bahçesi Sıvı Çamaşır Deterjanı 2.145 Lt,2.145,l,199.0,92.773893,111.876457,1,92.773895,0.0,api-refined,Sıvı Deterjanlar,sub_category,2,1,"[""depot:bim-5712""]","[""bim""]",pinned-relative,18.09.2026 12:25,0,1.05,2026-09-19T02:26:52.862423+03:00,"[{""price"":199.0,""api_unit_price"":92.773895,""source_id"":""depot:bim-5712"",""market"":""bim"",""depot_name"":""Çiçekçi  Üsküdar"",""index_time"":""18.09.2026 12:25""}]","{""mode"":""pinned-relative"",""previous_prices"":{""depot:bim-5712"":199.0},""previous_level"":239.975,""link_factor"":1.0}"
2026-09-19,household_cleaning,laundry_liquid,Sıvı çamaşır deterjanı,id:0LKX,id:0LKX,Mintax Sıvı Çamaşır Deterjanı 1.69 Lt,1.69,l,139.9,82.781065,82.781065,1,82.78106,0.0,api-refined,Sıvı Deterjanlar,sub_category,1,1,"[""depot:sok-4707""]","[""sok""]",pinned-relative,18.09.2026 12:22,0,1.05,2026-09-19T02:26:52.862426+03:00,"[{""price"":139.9,""api_unit_price"":82.78106,""source_id"":""depot:sok-4707"",""market"":""sok"",""depot_name"":""Şok Minifevziçakmak"",""index_time"":""18.09.2026 12:22""}]","{""mode"":""pinned-relative"",""previous_prices"":{""depot:sok-4707"":139.9},""previous_level"":139.9,""link_factor"":1.0}"
2026-09-19,household_cleaning,laundry_liquid,Sıvı çamaşır deterjanı,id:17PB,id:17PB,Peros Siyahlar İçin Sıvı Çamaşır Deterjanı 4 Lt,4.0,l,179.0,44.75,44.75,1,44.75,0.0,api-refined,Sıvı Deterjanlar,sub_category,1,1,"[""depot:bim-5712""]","[""bim""]",pinned-relative,18.09.2026 12:25,0,1.05,2026-09-19T02:26:52.862428+03:00,"[{""price"":179.0,""api_unit_price"":44.75,""source_id"":""depot:bim-5712"",""market"":""bim"",""depot_name"":""Çiçekçi  Üsküdar"",""index_time"":""18.09.2026 12:25""}]","{""mode"":""pinned-relative"",""previous_prices"":{""depot:bim-5712"":179.0},""previous_level"":179.0,""link_factor"":1.0}"
2026-09-19,household_cleaning,laundry_liquid,Sıvı çamaşır deterjanı,id:183F,id:183F,Peros Renkliler İçin Sıvı Çamaşır Deterjanı 4 Lt,4.0,l,179.0,44.75,44.75,1,44.75,0.0,api-refined,Sıvı Deterjanlar,sub_category,1,1,"[""depot:bim-5712""]","[""bim""]",pinned-relative,18.09.2026 12:25,0,1.05,2026-09-19T02:26:52.862430+03:00,"[{""price"":179.0,""api_unit_price"":44.75,""source_id"":""depot:bim-5712"",""market"":""bim"",""depot_name"":""Çiçekçi  Üsküdar"",""index_time"":""18.09.2026 12:25""}]","{""mode"":""pinned-relative"",""previous_prices"":{""depot:bim-5712"":179.0},""previous_level"":179.0,""link_factor"":1.0}"
2026-09-19,household_cleaning,laundry_liquid,Sıvı çamaşır deterjanı,id:2BUO,id:2BUO,Peros Siyahlar İçin Sıvı Çamaşır Deterjanı 3 Lt,3.0,l,179.0,59.666667,59.666667,1,59.666668,0.0,api-refined,Sıvı Deterjanlar,sub_category,1,1,"[""depot:hakmar-5521""]","[""hakmar""]",pinned-relative,18.09.2026 12:25,0,1.05,2026-09-19T02:26:52.862432+03:00,"[{""price"":179.0,""api_unit_price"":59.666668,""source_id"":""depot:hakmar-5521"",""market"":""hakmar"",""depot_name"":""Ahmediye  Üsküdar"",""index_time"":""18.09.2026 12:25""}]","{""mode"":""pinned-relative"",""previous_prices"":{""depot:hakmar-5521"":179.0},""previous_level"":179.0,""link_factor"":1.0}"
2026-09-19,household_cleaning,laundry_liquid,Sıvı çamaşır deterjanı,id:1OB5,id:1OB5,Peros Renkliler İçin Sıvı Çamaşır Deterjanı 3 Lt,3.0,l,179.0,59.666667,59.666667,1,59.666668,0.0,api-refined,Sıvı Deterjanlar,sub_category,1,1,"[""depot:hakmar-5521""]","[""hakmar""]",pinned-relative,18.09.2026 12:27,0,1.05,2026-09-19T02:26:52.862434+03:00,"[{""price"":179.0,""api_unit_price"":59.666668,""source_id"":""depot:hakmar-5521"",""market"":""hakmar"",""depot_name"":""Ahmediye  Üsküdar"",""index_time"":""18.09.2026 12:27""}]","{""mode"":""pinned-relative"",""previous_prices"":{""depot:hakmar-5521"":179.0},""previous_level"":179.0,""link_factor"":1.0}"
2026-09-19,household_cleaning,laundry_liquid,Sıvı çamaşır deterjanı,id:1H8T,id:1H8T,Omo Sıvı Çamaşır Deterjanı 1.5 Lt,1.5,l,249.0,166.0,166.0,1,166.0,0.0,api-refined,Sıvı Deterjanlar,sub_category,1,1,"[""depot:bim-5712""]","[""bim""]",pinned-relative,18.09.2026 12:25,0,1.05,2026-09-19T02:26:52.862436+03:00,"[{""price"":249.0,""api_unit_price"":166.0,""source_id"":""depot:bim-5712"",""market"":""bim"",""depot_name"":""Çiçekçi  Üsküdar"",""index_time"":""18.09.2026 12:25""}]","{""mode"":""pinned-relative"",""previous_prices"":{""depot:bim-5712"":249.0},""previous_level"":249.0,""link_factor"":1.0}"
2026-09-19,household_cleaning,laundry_liquid,Sıvı çamaşır deterjanı,id:0UVC,id:0UVC,Bingo Performans Sıvı Çamaşır Deterjanı 1.755 Lt,1.755,l,295.0,168.091168,168.091168,1,168.09116,0.0,api-refined,Sıvı Deterjanlar,sub_category,1,1,"[""depot:hakmar-5521""]","[""hakmar""]",pinned-relative,18.09.2026 12:25,0,1.05,2026-09-19T02:26:52.862439+03:00,"[{""price"":295.0,""api_unit_price"":168.09116,""source_id"":""depot:hakmar-5521"",""market"":""hakmar"",""depot_name"":""Ahmediye  Üsküdar"",""index_time"":""18.09.2026 12:25""}]","{""mode"":""pinned-relative"",""previous_prices"":{""depot:hakmar-5521"":295.0},""previous_level"":295.0,""link_factor"":1.0}"
2026-09-19,household_cleaning,laundry_liquid,Sıvı çamaşır deterjanı,id:3WMU,id:3WMU,Omo Express Beyazlar ve Renkliler Sıvı Çamaşır Deterjanı 1.48 Lt,1.48,l,299.0,202.027027,202.027027,1,202.02702,0.0,api-refined,Sıvı Deterjanlar,sub_category,1,1,"[""depot:bim-5712""]","[""bim""]",pinned-relative,18.09.2026 12:25,0,1.05,2026-09-19T02:26:52.862441+03:00,"[{""price"":299.0,""api_unit_price"":202.02702,""source_id"":""depot:bim-5712"",""market"":""bim"",""depot_name"":""Çiçekçi  Üsküdar"",""index_time"":""18.09.2026 12:25""}]","{""mode"":""pinned-relative"",""previous_prices"":{""depot:bim-5712"":299.0},""previous_level"":299.0,""link_factor"":1.0}"
2026-09-19,household_cleaning,laundry_liquid,Sıvı çamaşır deterjanı,id:12MM,id:12MM,Dalin Atopik Cilt Sıvı Çamaşır Deterjanı 1.5 Lt,1.5,l,389.95,259.966667,259.966667,1,259.96667,0.0,api-refined,Sıvı Deterjanlar,sub_category,1,1,"[""depot:carrefour-1012""]","[""carrefour""]",pinned-relative,18.09.2026 12:27,0,1.05,2026-09-19T02:26:52.862443+03:00,"[{""price"":389.95,""api_unit_price"":259.96667,""source_id"":""depot:carrefour-1012"",""market"":""carrefour"",""depot_name"":""Istanbul Acıbadem Hıper"",""index_time"":""18.09.2026 12:27""}]","{""mode"":""pinned-relative"",""previous_prices"":{""depot:carrefour-1012"":389.95},""previous_level"":389.95,""link_factor"":1.0}"
2026-09-19,household_cleaning,laundry_liquid,Sıvı çamaşır deterjanı,id:2CM1,id:2CM1,Bingo Onaran Sıvı Çamaşır Deterjanı 3 Lt,3.0,l,399.0,133.0,133.0,1,133.0,0.0,api-refined,Sıvı Deterjanlar,sub_category,1,1,"[""depot:hakmar-5521""]","[""hakmar""]",pinned-relative,18.09.2026 12:25,0,1.05,2026-09-19T02:26:52.862445+03:00,"[{""price"":399.0,""api_unit_price"":133.0,""source_id"":""depot:hakmar-5521"",""market"":""hakmar"",""depot_name"":""Ahmediye  Üsküdar"",""index_time"":""18.09.2026 12:25""}]","{""mode"":""pinned-relative"",""previous_prices"":{""depot:hakmar-5521"":399.0},""previous_level"":399.0,""link_factor"":1.0}"
2026-09-19,household_cleaning,laundry_liquid,Sıvı çamaşır deterjanı,id:2CFM,id:2CFM,Bingo Renkli Sıvı Çamaşır Deterjanı 3 Lt,3.0,l,399.0,133.0,133.0,1,133.0,0.0,api-refined,Sıvı Deterjanlar,sub_category,1,1,"[""depot:hakmar-5521""]","[""hakmar""]",pinned-relative,18.09.2026 12:25,0,1.05,2026-09-19T02:26:52.862447+03:00,"[{""price"":399.0,""api_unit_price"":133.0,""source_id"":""depot:hakmar-5521"",""market"":""hakmar"",""depot_name"":""Ahmediye  Üsküdar"",""index_time"":""18.09.2026 12:25""}]","{""mode"":""pinned-relative"",""previous_prices"":{""depot:hakmar-5521"":399.0},""previous_level"":399.0,""link_factor"":1.0}"
2026-09-19,household_cleaning,laundry_liquid,Sıvı çamaşır deterjanı,id:3WRZ,id:3WRZ,Ariel Renkliler Sıvı Çamaşır Deterjanı 21 Yıkama 945 Ml,0.945,l,359.95,380.899471,380.899471,1,380.89948,0.0,api-refined,Sıvı Deterjanlar,sub_category,1,1,"[""depot:carrefour-1012""]","[""carrefour""]",pinned-relative,18.09.2026 12:27,0,1.05,2026-09-19T02:26:52.862449+03:00,"[{""price"":359.95,""api_unit_price"":380.89948,""source_id"":""depot:carrefour-1012"",""market"":""carrefour"",""depot_name"":""Istanbul Acıbadem Hıper"",""index_time"":""18.09.2026 12:27""}]","{""mode"":""pinned-relative"",""previous_prices"":{""depot:carrefour-1012"":359.95},""previous_level"":359.95,""link_factor"":1.0}"
2026-09-19,household_cleaning,laundry_liquid,Sıvı çamaşır deterjanı,id:3WS0,id:3WS0,Ariel Dağ Esintisi Sıvı Çamaşır Deterjanı 21 Yıkama 945 Ml,0.945,l,359.95,380.899471,380.899471,1,380.89948,0.0,api-refined,Sıvı Deterjanlar,sub_category,1,1,"[""depot:carrefour-1012""]","[""carrefour""]",pinned-relative,18.09.2026 12:27,0,1.05,2026-09-19T02:26:52.862451+03:00,"[{""price"":359.95,""api_unit_price"":380.89948,""source_id"":""depot:carrefour-1012"",""market"":""carrefour"",""depot_name"":""Istanbul Acıbadem Hıper"",""index_time"":""18.09.2026 12:27""}]","{""mode"":""pinned-relative"",""previous_prices"":{""depot:carrefour-1012"":359.95},""previous_level"":359.95,""link_factor"":1.0}"
2026-09-19,household_cleaning,laundry_liquid,Sıvı çamaşır deterjanı,id:1GEW,id:1GEW,Ariel Oxi Sıvı Çamaşır Deterjanı 24 Yıkama 1.08 Lt,1.08,l,456.95,423.101852,423.101852,1,423.10187,0.0,api-refined,Sıvı Deterjanlar,sub_category,1,1,"[""depot:carrefour-1012""]","[""carrefour""]",pinned-relative,18.09.2026 12:26,0,1.05,2026-09-19T02:26:52.862453+03:00,"[{""price"":456.95,""api_unit_price"":423.10187,""source_id"":""depot:carrefour-1012"",""market"":""carrefour"",""depot_name"":""Istanbul Acıbadem Hıper"",""index_time"":""18.09.2026 12:26""}]","{""mode"":""pinned-relative"",""previous_prices"":{""depot:carrefour-1012"":456.95},""previous_level"":456.95,""link_factor"":1.0}"
2026-09-19,household_cleaning,laundry_liquid,Sıvı çamaşır deterjanı,id:3WS1,id:3WS1,Ariel Renkliler Sıvı Çamaşır Deterjanı 32 Yıkama 1.44 Lt,1.44,l,516.95,358.993056,358.993056,1,358.99304,0.0,api-refined,Sıvı Deterjanlar,sub_category,1,1,"[""depot:carrefour-1012""]","[""carrefour""]",pinned-relative,18.09.2026 12:27,0,1.05,2026-09-19T02:26:52.862456+03:00,"[{""price"":516.95,""api_unit_price"":358.99304,""source_id"":""depot:carrefour-1012"",""market"":""carrefour"",""depot_name"":""Istanbul Acıbadem Hıper"",""index_time"":""18.09.2026 12:27""}]","{""mode"":""pinned-relative"",""previous_prices"":{""depot:carrefour-1012"":516.95},""previous_level"":516.95,""link_factor"":1.0}"
2026-09-19,household_cleaning,laundry_liquid,Sıvı çamaşır deterjanı,id:0SL7,id:0SL7,Frosch Aloe Vera Sıvı Çamaşır Deterjanı 1.5 Lt,1.5,l,581.95,387.966667,387.966667,1,387.96667,0.0,api-refined,Sıvı Deterjanlar,sub_category,1,1,"[""depot:migros-1991""]","[""migros""]",pinned-relative,18.09.2026 12:24,0,1.05,2026-09-19T02:26:52.862458+03:00,"[{""price"":581.95,""api_unit_price"":387.96667,""source_id"":""depot:migros-1991"",""market"":""migros"",""depot_name"":""Çiçekçi M Migros"",""index_time"":""18.09.2026 12:24""}]","{""mode"":""pinned-relative"",""previous_prices"":{""depot:migros-1991"":581.95},""previous_level"":581.95,""link_factor"":1.0}"
2026-09-19,household_cleaning,laundry_liquid,Sıvı çamaşır deterjanı,id:07OT,id:07OT,U Green Clean Sıvı Çamaşır Deterjanı 2.7 Lt,2.7,l,999.0,370.0,370.0,1,370.0,0.0,api-refined,Sıvı Deterjanlar,sub_category,1,1,"[""depot:carrefour-1012""]","[""carrefour""]",pinned-relative,18.09.2026 12:27,0,1.05,2026-09-19T02:26:52.862460+03:00,"[{""price"":999.0,""api_unit_price"":370.0,""source_id"":""depot:carrefour-1012"",""market"":""carrefour"",""depot_name"":""Istanbul Acıbadem Hıper"",""index_time"":""18.09.2026 12:27""}]","{""mode"":""pinned-relative"",""previous_prices"":{""depot:carrefour-1012"":999.0},""previous_level"":999.0,""link_factor"":1.0}"
2026-09-19,household_cleaning,softener,Yumuşatıcı,id:0POT,id:0POT,Bebeland Sensitive Çamaşır Yumuşatıcı 1.5 Lt,1.5,l,49.0,32.666667,32.666667,1,32.666668,0.0,api-refined,Yumuşatıcılar,sub_category,1,1,"[""depot:sok-7238""]","[""sok""]",pinned-relative,18.09.2026 12:22,0,1.1,2026-09-19T02:26:54.094334+03:00,"[{""price"":49.0,""api_unit_price"":32.666668,""source_id"":""depot:sok-7238"",""market"":""sok"",""depot_name"":""Rıhtım Cdkadıköy"",""index_time"":""18.09.2026 12:22""}]","{""mode"":""pinned-relative"",""previous_prices"":{""depot:sok-7238"":49.0},""previous_level"":49.0,""link_factor"":1.0}"
2026-09-19,household_cleaning,softener,Yumuşatıcı,id:04XG,id:04XG,Bulut Soft Çamaşır Yumuşatıcı Bahar Tazeliği 3 Lt,3.0,l,135.0,45.0,45.0,1,45.0,0.0,api-refined,Yumuşatıcılar,sub_category,1,1,"[""depot:bim-5712""]","[""bim""]",pinned-relative,18.09.2026 12:25,0,1.1,2026-09-19T02:26:54.094345+03:00,"[{""price"":135.0,""api_unit_price"":45.0,""source_id"":""depot:bim-5712"",""market"":""bim"",""depot_name"":""Çiçekçi  Üsküdar"",""index_time"":""18.09.2026 12:25""}]","{""mode"":""pinned-relative"",""previous_prices"":{""depot:bim-5712"":135.0},""previous_level"":135.0,""link_factor"":1.0}"
2026-09-19,household_cleaning,softener,Yumuşatıcı,id:01QS,id:01QS,Bulut Çamaşır Yumuşatıcı Lavanta Çiçek Bahar 3 Lt,3.0,l,135.0,45.0,45.0,1,45.0,0.0,api-refined,Yumuşatıcılar,sub_category,1,1,"[""depot:bim-5712""]","[""bim""]",pinned-relative,18.09.2026 12:25,0,1.1,2026-09-19T02:26:54.094348+03:00,"[{""price"":135.0,""api_unit_price"":45.0,""source_id"":""depot:bim-5712"",""market"":""bim"",""depot_name"":""Çiçekçi  Üsküdar"",""index_time"":""18.09.2026 12:25""}]","{""mode"":""pinned-relative"",""previous_prices"":{""depot:bim-5712"":135.0},""previous_level"":135.0,""link_factor"":1.0}"
2026-09-19,household_cleaning,softener,Yumuşatıcı,id:0Q91,id:0Q91,Minies Bebek Çamaşır Yumuşatıcı 1.5 Lt,1.5,l,159.95,106.633333,106.633333,1,106.63333,0.0,api-refined,Yumuşatıcılar,sub_category,1,1,"[""depot:migros-564""]","[""migros""]",pinned-relative,18.09.2026 12:24,0,1.1,2026-09-19T02:26:54.094350+03:00,"[{""price"":159.95,""api_unit_price"":106.63333,""source_id"":""depot:migros-564"",""market"":""migros"",""depot_name"":""Kadıköy Çarşı M Migros"",""index_time"":""18.09.2026 12:24""}]","{""mode"":""pinned-relative"",""previous_prices"":{""depot:migros-564"":159.95},""previous_level"":159.95,""link_factor"":1.0}"
2026-09-19,household_cleaning,softener,Yumuşatıcı,id:0JH5,id:0JH5,Carrefour Eco Planet Bitkisel Çamaşır Yumuşatıcı 750 Ml,0.75,l,169.9,226.533333,226.533333,1,226.53333,0.0,api-refined,Yumuşatıcılar,sub_category,1,1,"[""depot:carrefour-5254""]","[""carrefour""]",pinned-relative,18.09.2026 12:27,0,1.1,2026-09-19T02:26:54.094353+03:00,"[{""price"":169.9,""api_unit_price"":226.53333,""source_id"":""depot:carrefour-5254"",""market"":""carrefour"",""depot_name"":""Istanbul Üsküdar Salacak Mını"",""index_time"":""18.09.2026 12:27""}]","{""mode"":""pinned-relative"",""previous_prices"":{""depot:carrefour-5254"":169.9},""previous_level"":169.9,""link_factor"":1.0}"
2026-09-19,household_cleaning,softener,Yumuşatıcı,id:1WT5,id:1WT5,Vernel Gülün Büyüsü Çamaşır Yumuşatıcısı 3 Lt,3.0,l,129.475,43.158333,43.158333,2,43.158333,0.0,api-refined,Yumuşatıcılar,sub_category,2,2,"[""depot:bim-5712"",""depot:migros-564""]","[""bim"",""migros""]",pinned-relative,18.09.2026 12:25,0,1.0,2026-09-19T02:26:54.094355+03:00,"[{""price"":129.0,""api_unit_price"":43.0,""source_id"":""depot:bim-5712"",""market"":""bim"",""depot_name"":""Çiçekçi  Üsküdar"",""index_time"":""18.09.2026 12:25""},{""price"":129.95,""api_unit_price"":43.316666,""source_id"":""depot:migros-564"",""market"":""migros"",""depot_name"":""Kadıköy Çarşı M Migros"",""index_time"":""18.09.2026 12:25""}]","{""mode"":""pinned-relative"",""previous_prices"":{""depot:bim-5712"":129.0,""depot:migros-564"":129.95},""previous_level"":129.475,""link_factor"":1.0}"
2026-09-19,household_cleaning,softener,Yumuşatıcı,id:1YFX,id:1YFX,Uni Baby Çamaşır Yumuşatıcı 1.5 Lt,1.5,l,210.45,140.3,140.3,2,140.299993,0.0,api-refined,Yumuşatıcılar,sub_category,2,2,"[""depot:carrefour-1012"",""depot:migros-6679""]","[""carrefour"",""migros""]",pinned-relative,18.09.2026 12:26,0,1.1,2026-09-19T02:26:54.094357+03:00,"[{""price"":175.95,""api_unit_price"":117.299995,""source_id"":""depot:carrefour-1012"",""market"":""carrefour"",""depot_name"":""Istanbul Acıbadem Hıper"",""index_time"":""18.09.2026 12:26""},{""price"":244.95,""api_unit_price"":163.29999,""source_id"":""depot:migros-6679"",""market"":""migros"",""depot_name"":""Mjet Kadıköy Rasımpaşa Istanbu"",""index_time"":""18.09.2026 12:26""}]","{""mode"":""pinned-relative"",""previous_prices"":{""depot:carrefour-1012"":175.95,""depot:migros-6679"":244.95},""previous_level"":210.45,""link_factor"":1.0}"
2026-09-19,household_cleaning,softener,Yumuşatıcı,id:1LJH,id:1LJH,Yumoş Çamaşır Yumuşatıcısı 5 Lt,5.0,l,199.0,39.8,39.8,1,39.8,0.0,api-refined,Yumuşatıcılar,sub_category,1,1,"[""depot:bim-5712""]","[""bim""]",pinned-relative,18.09.2026 12:25,0,1.0,2026-09-19T02:26:54.094359+03:00,"[{""price"":199.0,""api_unit_price"":39.8,""source_id"":""depot:bim-5712"",""market"":""bim"",""depot_name"":""Çiçekçi  Üsküdar"",""index_time"":""18.09.2026 12:25""}]","{""mode"":""pinned-relative"",""previous_prices"":{""depot:bim-5712"":199.0},""previous_level"":199.0,""link_factor"":1.0}"
2026-09-19,household_cleaning,softener,Yumuşatıcı,id:1O1J,id:1O1J,Yumoş Extra Çamaşır Yumuşatıcısı 1.44 Lt,1.44,l,219.0,152.083333,152.083333,1,152.08334,0.0,api-refined,Yumuşatıcılar,sub_category,1,1,"[""depot:bim-5712""]","[""bim""]",pinned-relative,18.09.2026 12:25,0,1.0,2026-09-19T02:26:54.094361+03:00,"[{""price"":219.0,""api_unit_price"":152.08334,""source_id"":""depot:bim-5712"",""market"":""bim"",""depot_name"":""Çiçekçi  Üsküdar"",""index_time"":""18.09.2026 12:25""}]","{""mode"":""pinned-relative"",""previous_prices"":{""depot:bim-5712"":219.0},""previous_level"":219.0,""link_factor"":1.0}"
2026-09-19,household_cleaning,softener,Yumuşatıcı,id:0OYZ,id:0OYZ,Frosch Badem Sütlü Çamaşır Yumuşatıcısı 1 Lt,1.0,l,335.95,335.95,335.95,1,335.95,0.0,api-refined,Yumuşatıcılar,sub_category,1,1,"[""depot:migros-1991""]","[""migros""]",pinned-relative,18.09.2026 12:24,0,1.0,2026-09-19T02:26:54.094363+03:00,"[{""price"":335.95,""api_unit_price"":335.95,""source_id"":""depot:migros-1991"",""market"":""migros"",""depot_name"":""Çiçekçi M Migros"",""index_time"":""18.09.2026 12:24""}]","{""mode"":""pinned-relative"",""previous_prices"":{""depot:migros-1991"":335.95},""previous_level"":335.95,""link_factor"":1.0}"
2026-09-19,household_cleaning,bleach,Çamaşır suyu,id:0XIH,id:0XIH,Domestos Ultra Çamaşır Suyu 3.24 Lt,3.24,l,252.0,77.777778,81.168047,2,77.777775,0.0,api-refined,Çamaşır Suyu,sub_category,3,2,"[""depot:bim-5712"",""depot:hakmar-5521""]","[""bim"",""hakmar""]",pinned-relative,18.09.2026 12:27,0,1.1,2026-09-19T02:26:59.118906+03:00,"[{""price"":209.0,""api_unit_price"":64.50617,""source_id"":""depot:bim-5712"",""market"":""bim"",""depot_name"":""Çiçekçi  Üsküdar"",""index_time"":""18.09.2026 12:27""},{""price"":295.0,""api_unit_price"":91.04938,""source_id"":""depot:hakmar-5521"",""market"":""hakmar"",""depot_name"":""Ahmediye  Üsküdar"",""index_time"":""18.09.2026 12:27""}]","{""mode"":""pinned-relative"",""previous_prices"":{""depot:bim-5712"":209.0,""depot:hakmar-5521"":295.0},""previous_level"":262.9844718961697,""link_factor"":1.0}"
2026-09-19,household_cleaning,bleach,Çamaşır suyu,id:0MLM,id:0MLM,Mintax Çamaşır Suyu 2.5 Lt,2.5,l,64.5,25.8,25.8,1,25.800001,0.0,api-refined,Çamaşır Suyu,sub_category,1,1,"[""depot:sok-4707""]","[""sok""]",pinned-relative,18.09.2026 12:22,0,1.1,2026-09-19T02:26:59.118928+03:00,"[{""price"":64.5,""api_unit_price"":25.800001,""source_id"":""depot:sok-4707"",""market"":""sok"",""depot_name"":""Şok Minifevziçakmak"",""index_time"":""18.09.2026 12:22""}]","{""mode"":""pinned-relative"",""previous_prices"":{""depot:sok-4707"":64.5},""previous_level"":64.5,""link_factor"":1.0}"
2026-09-19,household_cleaning,bleach,Çamaşır suyu,id:00F8,id:00F8,Güldal Çamaşır Suyu 2.5 Lt,2.5,l,64.5,25.8,25.8,1,25.800001,0.0,api-refined,Çamaşır Suyu,sub_category,1,1,"[""depot:bim-5712""]","[""bim""]",pinned-relative,18.09.2026 12:25,0,1.1,2026-09-19T02:26:59.118932+03:00,"[{""price"":64.5,""api_unit_price"":25.800001,""source_id"":""depot:bim-5712"",""market"":""bim"",""depot_name"":""Çiçekçi  Üsküdar"",""index_time"":""18.09.2026 12:25""}]","{""mode"":""pinned-relative"",""previous_prices"":{""depot:bim-5712"":64.5},""previous_level"":64.5,""link_factor"":1.0}"
2026-09-19,household_cleaning,bleach,Çamaşır suyu,id:081N,id:081N,Güldal Ultra Çamaşır Suyu 1.25 Lt,1.25,l,65.5,52.4,52.4,1,52.4,0.0,api-refined,Çamaşır Suyu,sub_category,1,1,"[""depot:bim-5712""]","[""bim""]",pinned-relative,18.09.2026 12:25,0,1.1,2026-09-19T02:26:59.118934+03:00,"[{""price"":65.5,""api_unit_price"":52.4,""source_id"":""depot:bim-5712"",""market"":""bim"",""depot_name"":""Çiçekçi  Üsküdar"",""index_time"":""18.09.2026 12:25""}]","{""mode"":""pinned-relative"",""previous_prices"":{""depot:bim-5712"":65.5},""previous_level"":65.5,""link_factor"":1.0}"
2026-09-19,household_cleaning,bleach,Çamaşır suyu,id:0AEV,id:0AEV,Carrefour Çamaşır Suyu 4 Lt,4.0,l,99.95,24.9875,24.9875,1,24.9875,0.0,api-refined,Çamaşır Suyu,sub_category,1,1,"[""depot:carrefour-1012""]","[""carrefour""]",pinned-relative,18.09.2026 12:27,0,1.1,2026-09-19T02:26:59.118937+03:00,"[{""price"":99.95,""api_unit_price"":24.9875,""source_id"":""depot:carrefour-1012"",""market"":""carrefour"",""depot_name"":""Istanbul Acıbadem Hıper"",""index_time"":""18.09.2026 12:27""}]","{""mode"":""pinned-relative"",""previous_prices"":{""depot:carrefour-1012"":99.95},""previous_level"":99.95000000000002,""link_factor"":1.0}"
2026-09-19,household_cleaning,bleach,Çamaşır suyu,id:2A15,id:2A15,Domestos Ultra Çamaşır Suyu 750 Ml,0.75,l,99.9,133.2,133.2,1,133.20001,0.0,api-refined,Çamaşır Suyu,sub_category,1,1,"[""depot:hakmar-5521""]","[""hakmar""]",pinned-relative,18.09.2026 12:25,0,1.1,2026-09-19T02:26:59.118939+03:00,"[{""price"":99.9,""api_unit_price"":133.20001,""source_id"":""depot:hakmar-5521"",""market"":""hakmar"",""depot_name"":""Ahmediye  Üsküdar"",""index_time"":""18.09.2026 12:25""}]","{""mode"":""pinned-relative"",""previous_prices"":{""depot:hakmar-5521"":99.9},""previous_level"":99.9,""link_factor"":1.0}"
2026-09-19,household_cleaning,bleach,Çamaşır suyu,id:1O6W,id:1O6W,Domestos Yoğun Çamaşır Suyu 750 Ml,0.75,l,99.95,133.266667,133.266667,1,133.26666,0.0,api-refined,Çamaşır Suyu,sub_category,1,1,"[""depot:sok-4707""]","[""sok""]",pinned-relative,18.09.2026 12:22,0,1.1,2026-09-19T02:26:59.118941+03:00,"[{""price"":99.95,""api_unit_price"":133.26666,""source_id"":""depot:sok-4707"",""market"":""sok"",""depot_name"":""Şok Minifevziçakmak"",""index_time"":""18.09.2026 12:22""}]","{""mode"":""pinned-relative"",""previous_prices"":{""depot:sok-4707"":99.95},""previous_level"":99.95,""link_factor"":1.0}"
2026-09-19,household_cleaning,bleach,Çamaşır suyu,id:01PZ,id:01PZ,Domestos Çamaşır Suyu 1.25 Lt,1.25,l,167.0,133.6,133.6,1,133.59999,0.0,api-refined,Çamaşır Suyu,sub_category,1,1,"[""depot:bim-5712""]","[""bim""]",pinned-relative,18.09.2026 12:25,0,1.1,2026-09-19T02:26:59.118943+03:00,"[{""price"":167.0,""api_unit_price"":133.59999,""source_id"":""depot:bim-5712"",""market"":""bim"",""depot_name"":""Çiçekçi  Üsküdar"",""index_time"":""18.09.2026 12:25""}]","{""mode"":""pinned-relative"",""previous_prices"":{""depot:bim-5712"":167.0},""previous_level"":167.0,""link_factor"":1.0}"
2026-09-19,household_cleaning,bleach,Çamaşır suyu,id:1JCY,id:1JCY,Ace Klasik Çamaşır Suyu 4.3 Lt,4.3,l,169.9,39.511628,39.511628,1,39.511623,0.0,api-refined,Çamaşır Suyu,sub_category,1,1,"[""depot:carrefour-1012""]","[""carrefour""]",pinned-relative,18.09.2026 12:26,0,1.1,2026-09-19T02:26:59.118945+03:00,"[{""price"":169.9,""api_unit_price"":39.511623,""source_id"":""depot:carrefour-1012"",""market"":""carrefour"",""depot_name"":""Istanbul Acıbadem Hıper"",""index_time"":""18.09.2026 12:26""}]","{""mode"":""pinned-relative"",""previous_prices"":{""depot:carrefour-1012"":169.9},""previous_level"":169.9,""link_factor"":1.0}"
2026-09-19,household_cleaning,bleach,Çamaşır suyu,id:1NEM,id:1NEM,Ace Klasik Çamaşır Suyu 4 Lt,4.0,l,252.95,63.2375,63.2375,1,63.237495,0.0,api-refined,Çamaşır Suyu,sub_category,1,1,"[""depot:migros-1991""]","[""migros""]",pinned-relative,18.09.2026 12:24,0,1.1,2026-09-19T02:26:59.118947+03:00,"[{""price"":252.95,""api_unit_price"":63.237495,""source_id"":""depot:migros-1991"",""market"":""migros"",""depot_name"":""Çiçekçi M Migros"",""index_time"":""18.09.2026 12:24""}]","{""mode"":""pinned-relative"",""previous_prices"":{""depot:migros-1991"":252.95},""previous_level"":252.95,""link_factor"":1.0}"
2026-09-19,household_cleaning,bleach,Çamaşır suyu,id:214J,id:214J,Ace Klasik Çamaşır Suyu 5 Lt,5.0,l,199.95,39.99,39.99,1,39.99,0.0,api-refined,Çamaşır Suyu,sub_category,1,1,"[""depot:migros-1991""]","[""migros""]",pinned-relative,18.09.2026 12:27,0,1.1,2026-09-19T02:26:59.118949+03:00,"[{""price"":199.95,""api_unit_price"":39.99,""source_id"":""depot:migros-1991"",""market"":""migros"",""depot_name"":""Çiçekçi M Migros"",""index_time"":""18.09.2026 12:27""}]","{""mode"":""pinned-relative"",""previous_prices"":{""depot:migros-1991"":199.95},""previous_level"":199.95,""link_factor"":1.0}"
2026-09-19,household_cleaning,bleach,Çamaşır suyu,id:1UOG,id:1UOG,Bingo Oksijen Okaliptus Çamaşır Suyu 4 Lt,4.0,l,306.95,76.7375,76.7375,1,76.7375,0.0,api-refined,Çamaşır Suyu,sub_category,1,1,"[""depot:carrefour-1012""]","[""carrefour""]",pinned-relative,18.09.2026 12:26,0,1.1,2026-09-19T02:26:59.118951+03:00,"[{""price"":306.95,""api_unit_price"":76.7375,""source_id"":""depot:carrefour-1012"",""market"":""carrefour"",""depot_name"":""Istanbul Acıbadem Hıper"",""index_time"":""18.09.2026 12:26""}]","{""mode"":""pinned-relative"",""previous_prices"":{""depot:carrefour-1012"":306.95},""previous_level"":306.95,""link_factor"":1.0}"
2026-09-19,household_cleaning,surface_cleaner,Yüzey temizleyici,id:1VOA,id:1VOA,Asperox Manolya & Frezya Yüzey Temizleyici 2.5 Lt,2.5,l,159.0,63.6,55.6,3,63.600002,0.0,api-refined,Yüzey Temizleyiciler,sub_category,4,3,"[""depot:bim-5712"",""depot:carrefour-1012"",""depot:sok-4711""]","[""bim"",""carrefour"",""sok""]",pinned-relative,18.09.2026 12:27,0,1.1,2026-09-19T02:27:05.379152+03:00,"[{""price"":119.0,""api_unit_price"":47.600002,""source_id"":""depot:bim-5712"",""market"":""bim"",""depot_name"":""Çiçekçi  Üsküdar"",""index_time"":""18.09.2026 12:27""},{""price"":159.0,""api_unit_price"":63.600002,""source_id"":""depot:sok-4711"",""market"":""sok"",""depot_name"":""Şok Minitamer Yeni"",""index_time"":""18.09.2026 12:27""},{""price"":239.95,""api_unit_price"":95.979996,""source_id"":""depot:carrefour-1012"",""market"":""carrefour"",""depot_name"":""Istanbul Acıbadem Hıper"",""index_time"":""18.09.2026 12:27""}]","{""mode"":""pinned-relative"",""previous_prices"":{""depot:bim-5712"":119.0,""depot:carrefour-1012"":239.95,""depot:sok-4711"":159.0},""previous_level"":138.99999999999997,""link_factor"":1.0}"
2026-09-19,household_cleaning,surface_cleaner,Yüzey temizleyici,id:1KXE,id:1KXE,Bingo Ferah Evim Yüzey Temizleyici 2.5 Lt,2.5,l,139.9,55.96,55.010027,1,55.959995,0.0,api-refined,Yüzey Temizleyiciler,sub_category,1,1,"[""depot:carrefour-1012""]","[""carrefour""]",pinned-relative,18.09.2026 12:27,0,1.1,2026-09-19T02:27:05.379164+03:00,"[{""price"":139.9,""api_unit_price"":55.959995,""source_id"":""depot:carrefour-1012"",""market"":""carrefour"",""depot_name"":""Istanbul Acıbadem Hıper"",""index_time"":""18.09.2026 12:27""}]","{""mode"":""pinned-relative"",""previous_prices"":{""depot:carrefour-1012"":139.9},""previous_level"":137.52506642957297,""link_factor"":1.0}"
2026-09-19,household_cleaning,surface_cleaner,Yüzey temizleyici,id:217T,id:217T,Domestos Bahar Çiçekleri Yüzey Temizleyici 1.5 Lt,1.5,l,134.95,89.966667,86.980934,2,89.966662,0.0,api-refined,Yüzey Temizleyiciler,sub_category,2,2,"[""depot:carrefour-1012"",""depot:migros-1991""]","[""carrefour"",""migros""]",pinned-relative,18.09.2026 12:27,0,1.1,2026-09-19T02:27:05.379167+03:00,"[{""price"":99.95,""api_unit_price"":66.63333,""source_id"":""depot:migros-1991"",""market"":""migros"",""depot_name"":""Çiçekçi M Migros"",""index_time"":""18.09.2026 12:27""},{""price"":169.95,""api_unit_price"":113.299995,""source_id"":""depot:carrefour-1012"",""market"":""carrefour"",""depot_name"":""Istanbul Acıbadem Hıper"",""index_time"":""18.09.2026 12:27""}]","{""mode"":""pinned-relative"",""previous_prices"":{""depot:carrefour-1012"":169.95,""depot:migros-1991"":99.95},""previous_level"":130.47140062825028,""link_factor"":1.0}"
2026-09-19,household_cleaning,surface_cleaner,Yüzey temizleyici,id:1ZC0,id:1QQV,Asperox Yüzey Temizleyici Okyanus Maviliği 2.5 Lt,2.5,l,239.95,95.98,95.98,2,95.979996,0.0,api-refined,Yüzey Temizleyiciler,sub_category,2,2,"[""depot:carrefour-1012"",""depot:migros-564""]","[""carrefour"",""migros""]",pinned-relative,18.09.2026 12:26,1,1.1,2026-09-19T02:27:05.379174+03:00,"[{""price"":239.95,""api_unit_price"":95.979996,""source_id"":""depot:migros-564"",""market"":""migros"",""depot_name"":""Kadıköy Çarşı M Migros"",""index_time"":""18.09.2026 12:26""},{""price"":239.95,""api_unit_price"":95.979996,""source_id"":""depot:carrefour-1012"",""market"":""carrefour"",""depot_name"":""Istanbul Acıbadem Hıper"",""index_time"":""18.09.2026 12:26""}]","{""mode"":""pinned-relative"",""previous_prices"":{""depot:carrefour-1012"":239.95,""depot:migros-564"":239.95},""previous_level"":239.95,""link_factor"":1.0}"
2026-09-19,household_cleaning,surface_cleaner,Yüzey temizleyici,id:07DW,id:07DW,Aks Yüzey Temizleyici 1.5 Lt,1.5,l,54.75,36.5,36.5,1,36.5,0.0,api-refined,Yüzey Temizleyiciler,sub_category,1,1,"[""depot:bim-5712""]","[""bim""]",pinned-relative,18.09.2026 12:25,0,1.1,2026-09-19T02:27:05.379176+03:00,"[{""price"":54.75,""api_unit_price"":36.5,""source_id"":""depot:bim-5712"",""market"":""bim"",""depot_name"":""Çiçekçi  Üsküdar"",""index_time"":""18.09.2026 12:25""}]","{""mode"":""pinned-relative"",""previous_prices"":{""depot:bim-5712"":54.75},""previous_level"":54.75,""link_factor"":1.0}"
2026-09-19,household_cleaning,surface_cleaner,Yüzey temizleyici,id:00FM,id:20CK,Domestos Çam Ferahlığı Yüzey Temizleyici 1.5 Lt,1.5,l,134.95,89.966667,44.633333,2,89.966662,0.0,api-refined,Yüzey Temizleyiciler,sub_category,2,2,"[""depot:carrefour-5254"",""depot:migros-1991""]","[""carrefour"",""migros""]",pinned-relative,18.09.2026 12:27,1,1.1,2026-09-19T02:27:05.379178+03:00,"[{""price"":99.95,""api_unit_price"":66.63333,""source_id"":""depot:migros-1991"",""market"":""migros"",""depot_name"":""Çiçekçi M Migros"",""index_time"":""18.09.2026 12:27""},{""price"":169.95,""api_unit_price"":113.299995,""source_id"":""depot:carrefour-5254"",""market"":""carrefour"",""depot_name"":""Istanbul Üsküdar Salacak Mını"",""index_time"":""18.09.2026 12:27""}]","{""mode"":""pinned-relative"",""previous_prices"":{""depot:carrefour-5254"":169.95,""depot:migros-1991"":99.95},""previous_level"":134.95,""link_factor"":0.49610966470504014}"
2026-09-19,household_cleaning,surface_cleaner,Yüzey temizleyici,id:091O,id:091O,Carrefour Yüzey Temizleyici Beyaz Sabun 1.5 Lt,1.5,l,66.95,44.633333,44.633333,1,44.63333,0.0,api-refined,Yüzey Temizleyiciler,sub_category,1,1,"[""depot:carrefour-5254""]","[""carrefour""]",pinned-relative,18.09.2026 12:27,0,1.1,2026-09-19T02:27:05.379180+03:00,"[{""price"":66.95,""api_unit_price"":44.63333,""source_id"":""depot:carrefour-5254"",""market"":""carrefour"",""depot_name"":""Istanbul Üsküdar Salacak Mını"",""index_time"":""18.09.2026 12:27""}]","{""mode"":""pinned-relative"",""previous_prices"":{""depot:carrefour-5254"":66.95},""previous_level"":66.95,""link_factor"":1.0}"
2026-09-19,household_cleaning,surface_cleaner,Yüzey temizleyici,id:0B10,id:0B10,Carrefour Yüzey Temizleyici Lavanta 1.5 Lt,1.5,l,66.95,44.633333,44.633333,1,44.63333,0.0,api-refined,Yüzey Temizleyiciler,sub_category,1,1,"[""depot:carrefour-5254""]","[""carrefour""]",pinned-relative,18.09.2026 12:27,0,1.1,2026-09-19T02:27:05.379182+03:00,"[{""price"":66.95,""api_unit_price"":44.63333,""source_id"":""depot:carrefour-5254"",""market"":""carrefour"",""depot_name"":""Istanbul Üsküdar Salacak Mını"",""index_time"":""18.09.2026 12:27""}]","{""mode"":""pinned-relative"",""previous_prices"":{""depot:carrefour-5254"":66.95},""previous_level"":66.95,""link_factor"":1.0}"
2026-09-19,household_cleaning,surface_cleaner,Yüzey temizleyici,id:267N,id:267N,Doa Yüzey Temizleyici 2.5 Lt,2.5,l,89.0,35.6,35.6,1,35.6,0.0,api-refined,Yüzey Temizleyiciler,sub_category,1,1,"[""depot:bim-5712""]","[""bim""]",pinned-relative,18.09.2026 12:25,0,1.1,2026-09-19T02:27:05.379184+03:00,"[{""price"":89.0,""api_unit_price"":35.6,""source_id"":""depot:bim-5712"",""market"":""bim"",""depot_name"":""Çiçekçi  Üsküdar"",""index_time"":""18.09.2026 12:25""}]","{""mode"":""pinned-relative"",""previous_prices"":{""depot:bim-5712"":89.0},""previous_level"":89.0,""link_factor"":1.0}"
2026-09-19,household_cleaning,surface_cleaner,Yüzey temizleyici,id:0WEF,id:0WEF,Mintax Yüzey Temizleyici 2.5 Lt,2.5,l,105.0,42.0,42.0,1,42.0,0.0,api-refined,Yüzey Temizleyiciler,sub_category,1,1,"[""depot:sok-4707""]","[""sok""]",pinned-relative,18.09.2026 12:23,0,1.1,2026-09-19T02:27:05.379187+03:00,"[{""price"":105.0,""api_unit_price"":42.0,""source_id"":""depot:sok-4707"",""market"":""sok"",""depot_name"":""Şok Minifevziçakmak"",""index_time"":""18.09.2026 12:23""}]","{""mode"":""pinned-relative"",""previous_prices"":{""depot:sok-4707"":105.0},""previous_level"":105.0,""link_factor"":1.0}"
2026-09-19,household_cleaning,surface_cleaner,Yüzey temizleyici,id:0YXX,id:1OGL,Domestos Yüzey Temizleyici Okyanus 1.5 Lt,1.5,l,134.95,89.966667,44.0,2,89.966662,0.0,api-refined,Yüzey Temizleyiciler,sub_category,2,2,"[""depot:carrefour-1012"",""depot:migros-1991""]","[""carrefour"",""migros""]",pinned-relative,18.09.2026 12:26,1,1.1,2026-09-19T02:27:05.379189+03:00,"[{""price"":99.95,""api_unit_price"":66.63333,""source_id"":""depot:migros-1991"",""market"":""migros"",""depot_name"":""Çiçekçi M Migros"",""index_time"":""18.09.2026 12:26""},{""price"":169.95,""api_unit_price"":113.299995,""source_id"":""depot:carrefour-1012"",""market"":""carrefour"",""depot_name"":""Istanbul Acıbadem Hıper"",""index_time"":""18.09.2026 12:26""}]","{""mode"":""pinned-relative"",""previous_prices"":{""depot:carrefour-1012"":169.95,""depot:migros-1991"":99.95},""previous_level"":134.95,""link_factor"":0.4890700241234901}"
2026-09-19,household_cleaning,surface_cleaner,Yüzey temizleyici,id:1MG7,id:1MG7,Asperox Okyanus Yüzey Temizleyici 2.5 Lt,2.5,l,119.0,47.6,47.6,1,47.600002,0.0,api-refined,Yüzey Temizleyiciler,sub_category,1,1,"[""depot:bim-5712""]","[""bim""]",pinned-relative,18.09.2026 12:25,0,1.1,2026-09-19T02:27:05.379191+03:00,"[{""price"":119.0,""api_unit_price"":47.600002,""source_id"":""depot:bim-5712"",""market"":""bim"",""depot_name"":""Çiçekçi  Üsküdar"",""index_time"":""18.09.2026 12:25""}]","{""mode"":""pinned-relative"",""previous_prices"":{""depot:bim-5712"":119.0},""previous_level"":119.0,""link_factor"":1.0}"
2026-09-19,household_cleaning,surface_cleaner,Yüzey temizleyici,id:0TZ5,id:1POL,Asperox Yüzey Temizleyici Çam & Sandal 2.5 Lt,2.5,l,239.95,95.98,36.352395,1,95.979996,0.0,api-refined,Yüzey Temizleyiciler,sub_category,1,1,"[""depot:carrefour-1012""]","[""carrefour""]",pinned-relative,18.09.2026 12:27,1,1.1,2026-09-19T02:27:05.379193+03:00,"[{""price"":239.95,""api_unit_price"":95.979996,""source_id"":""depot:carrefour-1012"",""market"":""carrefour"",""depot_name"":""Istanbul Acıbadem Hıper"",""index_time"":""18.09.2026 12:27""}]","{""mode"":""pinned-relative"",""previous_prices"":{""depot:carrefour-1012"":239.95},""previous_level"":183.25120054176998,""link_factor"":0.4959366534694728}"
2026-09-19,household_cleaning,surface_cleaner,Yüzey temizleyici,id:2CRI,id:2CRI,Glint Bitkisel Yüzey Temizleyici 1 Lt,1.0,l,119.0,119.0,119.0,1,119.0,0.0,api-refined,Yüzey Temizleyiciler,sub_category,1,1,"[""depot:hakmar-5521""]","[""hakmar""]",pinned-relative,18.09.2026 12:26,0,1.1,2026-09-19T02:27:05.379195+03:00,"[{""price"":119.0,""api_unit_price"":119.0,""source_id"":""depot:hakmar-5521"",""market"":""hakmar"",""depot_name"":""Ahmediye  Üsküdar"",""index_time"":""18.09.2026 12:26""}]","{""mode"":""pinned-relative"",""previous_prices"":{""depot:hakmar-5521"":119.0},""previous_level"":119.0,""link_factor"":1.0}"
2026-09-19,household_cleaning,surface_cleaner,Yüzey temizleyici,id:2AT1,id:2AT1,Asperox Mavi Güç Yüzey Temizleyici 1 Lt,1.0,l,159.0,159.0,159.0,1,159.0,0.0,api-refined,Yüzey Temizleyiciler,sub_category,1,1,"[""depot:hakmar-5521""]","[""hakmar""]",pinned-relative,18.09.2026 12:25,0,1.1,2026-09-19T02:27:05.379197+03:00,"[{""price"":159.0,""api_unit_price"":159.0,""source_id"":""depot:hakmar-5521"",""market"":""hakmar"",""depot_name"":""Ahmediye  Üsküdar"",""index_time"":""18.09.2026 12:25""}]","{""mode"":""pinned-relative"",""previous_prices"":{""depot:hakmar-5521"":159.0},""previous_level"":159.0,""link_factor"":1.0}"
2026-09-19,household_cleaning,surface_cleaner,Yüzey temizleyici,id:2B71,id:2B71,Asperox Yüzey Temizleyici 2.5 Lt,2.5,l,159.0,63.6,63.6,1,63.600002,0.0,api-refined,Yüzey Temizleyiciler,sub_category,1,1,"[""depot:hakmar-5521""]","[""hakmar""]",pinned-relative,18.09.2026 12:26,0,1.1,2026-09-19T02:27:05.379199+03:00,"[{""price"":159.0,""api_unit_price"":63.600002,""source_id"":""depot:hakmar-5521"",""market"":""hakmar"",""depot_name"":""Ahmediye  Üsküdar"",""index_time"":""18.09.2026 12:26""}]","{""mode"":""pinned-relative"",""previous_prices"":{""depot:hakmar-5521"":159.0},""previous_level"":159.0,""link_factor"":1.0}"
2026-09-19,household_cleaning,garbage_bags,Çöp torbası,id:1RYC,id:1RYC,Koroplast Mandarin Küçük Boy Çöp Torbası 30 Adet,30.0,count,94.95,3.165,3.055163,2,3.165,0.0,title,Çöp Torbası,sub_category,2,2,"[""depot:carrefour-1012"",""depot:migros-4479""]","[""carrefour"",""migros""]",pinned-relative,18.09.2026 12:26,0,1.05,2026-09-19T02:27:09.146369+03:00,"[{""price"":69.95,""api_unit_price"":2.3316665,""source_id"":""depot:migros-4479"",""market"":""migros"",""depot_name"":""Mjet Üsküdar Paşakapısı"",""index_time"":""18.09.2026 12:26""},{""price"":119.95,""api_unit_price"":3.9983332,""source_id"":""depot:carrefour-1012"",""market"":""carrefour"",""depot_name"":""Istanbul Acıbadem Hıper"",""index_time"":""18.09.2026 12:26""}]","{""mode"":""pinned-relative"",""previous_prices"":{""depot:carrefour-1012"":119.95,""depot:migros-4479"":69.95},""previous_level"":91.65490353244107,""link_factor"":1.0}"
2026-09-19,household_cleaning,garbage_bags,Çöp torbası,id:3WBB,id:3WBB,Macromax Büzgülü Orta Boy Çöp Torbası 10 Adet,10.0,count,35.0,3.5,3.5,1,3.5,0.0,title,Çöp Torbası,sub_category,1,1,"[""depot:bim-5712""]","[""bim""]",pinned-relative,18.09.2026 12:25,0,1.05,2026-09-19T02:27:09.146382+03:00,"[{""price"":35.0,""api_unit_price"":3.5,""source_id"":""depot:bim-5712"",""market"":""bim"",""depot_name"":""Çiçekçi  Üsküdar"",""index_time"":""18.09.2026 12:25""}]","{""mode"":""pinned-relative"",""previous_prices"":{""depot:bim-5712"":35.0},""previous_level"":35.0,""link_factor"":1.0}"
2026-09-19,household_cleaning,garbage_bags,Çöp torbası,id:17W4,id:17W4,Parex Güçlü Çöp Torbası Mini 30 Adet,30.0,count,79.9,2.663333,2.663333,1,2.663333,0.0,title,Çöp Torbası,sub_category,1,1,"[""depot:carrefour-5254""]","[""carrefour""]",pinned-relative,18.09.2026 12:26,0,1.05,2026-09-19T02:27:09.146386+03:00,"[{""price"":79.9,""api_unit_price"":2.6633334,""source_id"":""depot:carrefour-5254"",""market"":""carrefour"",""depot_name"":""Istanbul Üsküdar Salacak Mını"",""index_time"":""18.09.2026 12:26""}]","{""mode"":""pinned-relative"",""previous_prices"":{""depot:carrefour-5254"":79.9},""previous_level"":79.9,""link_factor"":1.0}"
2026-09-19,household_cleaning,garbage_bags,Çöp torbası,id:139T,id:139T,Çöp Torbası Orta Boy 30'lu Protex,30.0,count,57.5,1.916667,1.916667,1,1.916667,0.0,title,Çöp Torbası,sub_category,1,1,"[""depot:bim-5712""]","[""bim""]",pinned-relative,18.09.2026 12:27,0,1.05,2026-09-19T02:27:09.146388+03:00,"[{""price"":57.5,""api_unit_price"":1.9166666,""source_id"":""depot:bim-5712"",""market"":""bim"",""depot_name"":""Çiçekçi  Üsküdar"",""index_time"":""18.09.2026 12:27""}]","{""mode"":""pinned-relative"",""previous_prices"":{""depot:bim-5712"":57.5},""previous_level"":57.5,""link_factor"":1.0}"
2026-09-19,household_cleaning,garbage_bags,Çöp torbası,id:0289,id:0289,Gomi Pristino Orta Boy Çöp Torbası 55x60 Cm 30 Adet,30.0,count,57.5,1.916667,1.916667,1,1.916667,0.0,title,Çöp Torbaları,sub_category,1,1,"[""depot:hakmar-5521""]","[""hakmar""]",pinned-relative,18.09.2026 12:25,0,1.05,2026-09-19T02:27:09.146390+03:00,"[{""price"":57.5,""api_unit_price"":1.9166666,""source_id"":""depot:hakmar-5521"",""market"":""hakmar"",""depot_name"":""Ahmediye  Üsküdar"",""index_time"":""18.09.2026 12:25""}]","{""mode"":""pinned-relative"",""previous_prices"":{""depot:hakmar-5521"":57.5},""previous_level"":57.5,""link_factor"":1.0}"
2026-09-19,household_cleaning,garbage_bags,Çöp torbası,id:0LFY,id:0LFY,Migros Ekonomik Orta Boy Çöp Torbası 30 Adet,30.0,count,63.95,2.131667,2.131667,1,2.131667,0.0,title,Çöp Torbası,sub_category,1,1,"[""depot:migros-1991""]","[""migros""]",pinned-relative,18.09.2026 12:24,0,1.05,2026-09-19T02:27:09.146392+03:00,"[{""price"":63.95,""api_unit_price"":2.1316667,""source_id"":""depot:migros-1991"",""market"":""migros"",""depot_name"":""Çiçekçi M Migros"",""index_time"":""18.09.2026 12:24""}]","{""mode"":""pinned-relative"",""previous_prices"":{""depot:migros-1991"":63.95},""previous_level"":63.95,""link_factor"":1.0}"
2026-09-19,household_cleaning,garbage_bags,Çöp torbası,id:0W0D,id:0W0D,Migros Ekonomik Büyük Boy Çöp Torbası 20 Adet,20.0,count,79.95,3.9975,3.9975,1,3.9975,0.0,title,Çöp Torbası,sub_category,1,1,"[""depot:migros-1991""]","[""migros""]",pinned-relative,18.09.2026 12:24,0,1.05,2026-09-19T02:27:09.146394+03:00,"[{""price"":79.95,""api_unit_price"":3.9975,""source_id"":""depot:migros-1991"",""market"":""migros"",""depot_name"":""Çiçekçi M Migros"",""index_time"":""18.09.2026 12:24""}]","{""mode"":""pinned-relative"",""previous_prices"":{""depot:migros-1991"":79.95},""previous_level"":79.95,""link_factor"":1.0}"
2026-09-19,household_cleaning,garbage_bags,Çöp torbası,id:1BCK,id:1BCK,Parex Natura Büzgülü Çöp Torbası Büyük Boy 10 Adet,10.0,count,169.9,16.99,16.99,1,16.99,0.0,title,Çöp Torbası,sub_category,1,1,"[""depot:carrefour-1012""]","[""carrefour""]",pinned-relative,18.09.2026 12:27,0,1.05,2026-09-19T02:27:09.146396+03:00,"[{""price"":169.9,""api_unit_price"":16.99,""source_id"":""depot:carrefour-1012"",""market"":""carrefour"",""depot_name"":""Istanbul Acıbadem Hıper"",""index_time"":""18.09.2026 12:27""}]","{""mode"":""pinned-relative"",""previous_prices"":{""depot:carrefour-1012"":169.9},""previous_level"":169.9,""link_factor"":1.0}"
2026-09-19,household_cleaning,garbage_bags,Çöp torbası,id:138Z,id:138Z,Çöp Torbası Büzgülü 65*70 Cm 15li Protex,15.0,count,89.5,5.966667,5.966667,1,5.966667,0.0,title,Çöp Torbası,sub_category,1,1,"[""depot:bim-5712""]","[""bim""]",pinned-relative,18.09.2026 12:27,0,1.05,2026-09-19T02:27:09.146398+03:00,"[{""price"":89.5,""api_unit_price"":5.9666667,""source_id"":""depot:bim-5712"",""market"":""bim"",""depot_name"":""Çiçekçi  Üsküdar"",""index_time"":""18.09.2026 12:27""}]","{""mode"":""pinned-relative"",""previous_prices"":{""depot:bim-5712"":89.5},""previous_level"":89.5,""link_factor"":1.0}"
2026-09-19,household_cleaning,garbage_bags,Çöp torbası,id:071V,id:071V,Gomi Pristino Büzgülü Çöp Torbası 65x70 cm 15 Adet,15.0,count,89.5,5.966667,5.966667,1,5.966667,0.0,title,Çöp Torbaları,sub_category,1,1,"[""depot:hakmar-5521""]","[""hakmar""]",pinned-relative,18.09.2026 12:25,0,1.05,2026-09-19T02:27:09.146401+03:00,"[{""price"":89.5,""api_unit_price"":5.9666667,""source_id"":""depot:hakmar-5521"",""market"":""hakmar"",""depot_name"":""Ahmediye  Üsküdar"",""index_time"":""18.09.2026 12:25""}]","{""mode"":""pinned-relative"",""previous_prices"":{""depot:hakmar-5521"":89.5},""previous_level"":89.5,""link_factor"":1.0}"
2026-09-19,household_cleaning,garbage_bags,Çöp torbası,id:0GJW,id:0GJW,Parex Güçlü Çöp Torbası Battal 10 Adet,10.0,count,129.9,12.99,12.99,1,12.99,0.0,title,Çöp Torbası,sub_category,1,1,"[""depot:carrefour-1012""]","[""carrefour""]",pinned-relative,18.09.2026 12:27,0,1.05,2026-09-19T02:27:09.146403+03:00,"[{""price"":129.9,""api_unit_price"":12.99,""source_id"":""depot:carrefour-1012"",""market"":""carrefour"",""depot_name"":""Istanbul Acıbadem Hıper"",""index_time"":""18.09.2026 12:27""}]","{""mode"":""pinned-relative"",""previous_prices"":{""depot:carrefour-1012"":129.9},""previous_level"":129.9,""link_factor"":1.0}"
2026-09-19,household_cleaning,garbage_bags,Çöp torbası,id:09LV,id:09LV,Parex Büzgülü Çöp Torbası Orta Boy Limon Kokulu 15 Adet,15.0,count,149.5,9.966667,9.966667,1,9.966666,0.0,title,Çöp Torbası,sub_category,1,1,"[""depot:carrefour-1012""]","[""carrefour""]",pinned-relative,18.09.2026 12:27,0,1.05,2026-09-19T02:27:09.146405+03:00,"[{""price"":149.5,""api_unit_price"":9.966666,""source_id"":""depot:carrefour-1012"",""market"":""carrefour"",""depot_name"":""Istanbul Acıbadem Hıper"",""index_time"":""18.09.2026 12:27""}]","{""mode"":""pinned-relative"",""previous_prices"":{""depot:carrefour-1012"":149.5},""previous_level"":149.5,""link_factor"":1.0}"
2026-09-19,household_cleaning,garbage_bags,Çöp torbası,id:1Y4I,id:1Y4I,Cook Eko Büyük Boy Çöp Torbası 20 Adet,20.0,count,129.95,6.4975,6.4975,1,6.4975,0.0,title,Çöp Torbaları,sub_category,1,1,"[""depot:migros-564""]","[""migros""]",pinned-relative,18.09.2026 12:24,0,1.05,2026-09-19T02:27:09.146407+03:00,"[{""price"":129.95,""api_unit_price"":6.4975,""source_id"":""depot:migros-564"",""market"":""migros"",""depot_name"":""Kadıköy Çarşı M Migros"",""index_time"":""18.09.2026 12:24""}]","{""mode"":""pinned-relative"",""previous_prices"":{""depot:migros-564"":129.95},""previous_level"":129.95,""link_factor"":1.0}"
2026-09-19,household_cleaning,garbage_bags,Çöp torbası,id:0JGT,id:0JGT,Parex Ekstra Dayanıklı Çöp Torbası Battal 7 Adet,7.0,count,181.9,25.985714,25.985714,1,25.985714,0.0,title,Çöp Torbası,sub_category,1,1,"[""depot:carrefour-1012""]","[""carrefour""]",pinned-relative,18.09.2026 12:27,0,1.05,2026-09-19T02:27:09.146409+03:00,"[{""price"":181.9,""api_unit_price"":25.985714,""source_id"":""depot:carrefour-1012"",""market"":""carrefour"",""depot_name"":""Istanbul Acıbadem Hıper"",""index_time"":""18.09.2026 12:27""}]","{""mode"":""pinned-relative"",""previous_prices"":{""depot:carrefour-1012"":181.9},""previous_level"":181.9,""link_factor"":1.0}"
2026-09-19,household_cleaning,garbage_bags,Çöp torbası,id:1OB8,id:1OB8,Cook Büzgülü Çöp Torbası Büyük Limon Kokulu 10 Adet,10.0,count,109.95,10.995,10.995,1,10.995,0.0,title,Çöp Torbaları,sub_category,1,1,"[""depot:migros-564""]","[""migros""]",pinned-relative,18.09.2026 12:27,0,1.05,2026-09-19T02:27:09.146411+03:00,"[{""price"":109.95,""api_unit_price"":10.995,""source_id"":""depot:migros-564"",""market"":""migros"",""depot_name"":""Kadıköy Çarşı M Migros"",""index_time"":""18.09.2026 12:27""}]","{""mode"":""pinned-relative"",""previous_prices"":{""depot:migros-564"":109.95},""previous_level"":109.95,""link_factor"":1.0}"
2026-09-19,household_cleaning,garbage_bags,Çöp torbası,id:0U5D,id:0U5D,Migros Battal Boy Çöp Torbası 10 Adet,10.0,count,199.95,19.995,19.995,1,19.994999,0.0,title,Çöp Torbası,sub_category,1,1,"[""depot:migros-1991""]","[""migros""]",pinned-relative,18.09.2026 12:24,0,1.05,2026-09-19T02:27:09.146413+03:00,"[{""price"":199.95,""api_unit_price"":19.994999,""source_id"":""depot:migros-1991"",""market"":""migros"",""depot_name"":""Çiçekçi M Migros"",""index_time"":""18.09.2026 12:24""}]","{""mode"":""pinned-relative"",""previous_prices"":{""depot:migros-1991"":199.95},""previous_level"":199.95,""link_factor"":1.0}"
2026-09-19,household_cleaning,sponge,Bulaşık süngeri,id:1ZGN,id:1ZGN,Parex Klasik Yeşil Düz Sünger 5 Adet,5.0,count,79.9,15.98,15.98,1,15.98,0.0,title,Bulaşık Süngeri,sub_category,2,1,"[""depot:carrefour-1012""]","[""carrefour""]",pinned-relative,18.09.2026 12:27,0,1.1,2026-09-19T02:27:12.876496+03:00,"[{""price"":79.9,""api_unit_price"":15.9800005,""source_id"":""depot:carrefour-1012"",""market"":""carrefour"",""depot_name"":""Istanbul Acıbadem Hıper"",""index_time"":""18.09.2026 12:27""}]","{""mode"":""pinned-relative"",""previous_prices"":{""depot:carrefour-1012"":79.9},""previous_level"":79.9,""link_factor"":1.0}"
2026-09-19,household_cleaning,sponge,Bulaşık süngeri,id:08E7,id:08E7,Vileda Miraclean Silgi Sünger 2 Adet,2.0,count,171.5,85.75,85.75,1,85.75,0.0,title,Bulaşık Süngeri,sub_category,1,1,"[""depot:carrefour-1012""]","[""carrefour""]",pinned-relative,18.09.2026 12:27,0,1.1,2026-09-19T02:27:12.876509+03:00,"[{""price"":171.5,""api_unit_price"":85.75,""source_id"":""depot:carrefour-1012"",""market"":""carrefour"",""depot_name"":""Istanbul Acıbadem Hıper"",""index_time"":""18.09.2026 12:27""}]","{""mode"":""pinned-relative"",""previous_prices"":{""depot:carrefour-1012"":171.5},""previous_level"":171.5,""link_factor"":1.0}"
2026-09-19,household_cleaning,sponge,Bulaşık süngeri,id:03S2,id:03S2,Vileda Yeşil Sünger Oluklu 8 Adet,8.0,count,244.5,30.5625,30.5625,1,30.5625,0.0,title,Bulaşık Süngeri,sub_category,1,1,"[""depot:carrefour-1012""]","[""carrefour""]",pinned-relative,18.09.2026 12:27,0,1.1,2026-09-19T02:27:12.876512+03:00,"[{""price"":244.5,""api_unit_price"":30.5625,""source_id"":""depot:carrefour-1012"",""market"":""carrefour"",""depot_name"":""Istanbul Acıbadem Hıper"",""index_time"":""18.09.2026 12:27""}]","{""mode"":""pinned-relative"",""previous_prices"":{""depot:carrefour-1012"":244.5},""previous_level"":244.5,""link_factor"":1.0}"
2026-09-19,household_cleaning,sponge,Bulaşık süngeri,id:08FL,id:08FL,Carrefour Oluklu Bulaşık Süngeri 1 Adet,1.0,count,11.9,11.9,11.9,1,11.9,0.0,title,Bulaşık Süngeri,sub_category,1,1,"[""depot:carrefour-1012""]","[""carrefour""]",pinned-relative,18.09.2026 12:26,0,1.0,2026-09-19T02:27:12.876514+03:00,"[{""price"":11.9,""api_unit_price"":11.9,""source_id"":""depot:carrefour-1012"",""market"":""carrefour"",""depot_name"":""Istanbul Acıbadem Hıper"",""index_time"":""18.09.2026 12:26""}]","{""mode"":""pinned-relative"",""previous_prices"":{""depot:carrefour-1012"":11.9},""previous_level"":11.9,""link_factor"":1.0}"
2026-09-19,household_cleaning,sponge,Bulaşık süngeri,id:00NC,id:00NC,Mr. Green Oluklu Bulaşık Süngeri 5 Adet,5.0,count,34.0,6.8,6.8,1,6.8,0.0,title,Bulaşık Süngeri,sub_category,1,1,"[""depot:bim-5712""]","[""bim""]",pinned-relative,18.09.2026 12:25,0,1.0,2026-09-19T02:27:12.876517+03:00,"[{""price"":34.0,""api_unit_price"":6.8,""source_id"":""depot:bim-5712"",""market"":""bim"",""depot_name"":""Çiçekçi  Üsküdar"",""index_time"":""18.09.2026 12:25""}]","{""mode"":""pinned-relative"",""previous_prices"":{""depot:bim-5712"":34.0},""previous_level"":34.0,""link_factor"":1.0}"
2026-09-19,household_cleaning,sponge,Bulaşık süngeri,id:02T5,id:02T5,Carrefour Yeşil Oluklu Bulaşık Süngeri 5 Adet,5.0,count,37.95,7.59,7.59,1,7.59,0.0,title,Bulaşık Süngeri,sub_category,1,1,"[""depot:carrefour-5254""]","[""carrefour""]",pinned-relative,18.09.2026 12:26,0,1.0,2026-09-19T02:27:12.876519+03:00,"[{""price"":37.95,""api_unit_price"":7.59,""source_id"":""depot:carrefour-5254"",""market"":""carrefour"",""depot_name"":""Istanbul Üsküdar Salacak Mını"",""index_time"":""18.09.2026 12:26""}]","{""mode"":""pinned-relative"",""previous_prices"":{""depot:carrefour-5254"":37.95},""previous_level"":37.95,""link_factor"":1.0}"
2026-09-19,household_cleaning,sponge,Bulaşık süngeri,id:0DPB,id:0DPB,Carrefour Yeşil Düz Bulaşık Süngeri 5 Adet,5.0,count,37.95,7.59,7.59,1,7.59,0.0,title,Bulaşık Süngeri,sub_category,1,1,"[""depot:carrefour-5254""]","[""carrefour""]",pinned-relative,18.09.2026 12:27,0,1.0,2026-09-19T02:27:12.876521+03:00,"[{""price"":37.95,""api_unit_price"":7.59,""source_id"":""depot:carrefour-5254"",""market"":""carrefour"",""depot_name"":""Istanbul Üsküdar Salacak Mını"",""index_time"":""18.09.2026 12:27""}]","{""mode"":""pinned-relative"",""previous_prices"":{""depot:carrefour-5254"":37.95},""previous_level"":37.95,""link_factor"":1.0}"
2026-09-19,household_cleaning,sponge,Bulaşık süngeri,id:05YV,id:05YV,Poliner Oluklu Bulaşık Süngeri 5 Adet,5.0,count,34.0,6.8,6.8,1,6.8,0.0,title,Bulaşık Süngeri,sub_category,1,1,"[""depot:hakmar-5521""]","[""hakmar""]",pinned-relative,18.09.2026 12:25,0,1.0,2026-09-19T02:27:12.876523+03:00,"[{""price"":34.0,""api_unit_price"":6.8,""source_id"":""depot:hakmar-5521"",""market"":""hakmar"",""depot_name"":""Ahmediye  Üsküdar"",""index_time"":""18.09.2026 12:25""}]","{""mode"":""pinned-relative"",""previous_prices"":{""depot:hakmar-5521"":34.0},""previous_level"":34.0,""link_factor"":1.0}"
2026-09-19,household_cleaning,sponge,Bulaşık süngeri,id:13TZ,id:13TZ,Mr. Green Selülozik Bulaşık Süngeri 2 Adet,2.0,count,34.5,17.25,17.25,1,17.25,0.0,title,Bulaşık Süngeri,sub_category,1,1,"[""depot:bim-5712""]","[""bim""]",pinned-relative,18.09.2026 12:25,0,1.0,2026-09-19T02:27:12.876525+03:00,"[{""price"":34.5,""api_unit_price"":17.25,""source_id"":""depot:bim-5712"",""market"":""bim"",""depot_name"":""Çiçekçi  Üsküdar"",""index_time"":""18.09.2026 12:25""}]","{""mode"":""pinned-relative"",""previous_prices"":{""depot:bim-5712"":34.5},""previous_level"":34.5,""link_factor"":1.0}"
2026-09-19,household_cleaning,sponge,Bulaşık süngeri,id:0OQ4,id:0OQ4,Migros Oluklu Bulaşık Süngeri 5 Adet,5.0,count,37.95,7.59,7.59,1,7.59,0.0,title,Bulaşık Süngeri,sub_category,1,1,"[""depot:migros-1991""]","[""migros""]",pinned-relative,18.09.2026 12:24,0,1.0,2026-09-19T02:27:12.876527+03:00,"[{""price"":37.95,""api_unit_price"":7.59,""source_id"":""depot:migros-1991"",""market"":""migros"",""depot_name"":""Çiçekçi M Migros"",""index_time"":""18.09.2026 12:24""}]","{""mode"":""pinned-relative"",""previous_prices"":{""depot:migros-1991"":37.95},""previous_level"":37.95,""link_factor"":1.0}"
2026-09-19,household_cleaning,sponge,Bulaşık süngeri,id:01GT,id:01GT,Poliner Konfor Bulaşık Süngeri 2 Adet,2.0,count,54.5,27.25,27.25,1,27.25,0.0,title,Bulaşık Süngeri,sub_category,1,1,"[""depot:hakmar-5521""]","[""hakmar""]",pinned-relative,18.09.2026 12:25,0,1.0,2026-09-19T02:27:12.876530+03:00,"[{""price"":54.5,""api_unit_price"":27.25,""source_id"":""depot:hakmar-5521"",""market"":""hakmar"",""depot_name"":""Ahmediye  Üsküdar"",""index_time"":""18.09.2026 12:25""}]","{""mode"":""pinned-relative"",""previous_prices"":{""depot:hakmar-5521"":54.5},""previous_level"":54.5,""link_factor"":1.0}"
2026-09-19,household_cleaning,sponge,Bulaşık süngeri,id:3WB7,id:3WB7,Quickdish Coconut Bulaşık Süngeri 2 Adet,2.0,count,59.0,29.5,29.5,1,29.5,0.0,title,Bulaşık Süngeri,sub_category,1,1,"[""depot:bim-5712""]","[""bim""]",pinned-relative,18.09.2026 12:25,0,1.0,2026-09-19T02:27:12.876532+03:00,"[{""price"":59.0,""api_unit_price"":29.5,""source_id"":""depot:bim-5712"",""market"":""bim"",""depot_name"":""Çiçekçi  Üsküdar"",""index_time"":""18.09.2026 12:25""}]","{""mode"":""pinned-relative"",""previous_prices"":{""depot:bim-5712"":59.0},""previous_level"":59.0,""link_factor"":1.0}"
2026-09-19,household_cleaning,sponge,Bulaşık süngeri,id:1EF5,id:1EF5,Quickdish Bulaşık Süngeri 2 Adet,2.0,count,99.0,49.5,49.5,1,49.5,0.0,title,Bulaşık Süngeri,sub_category,1,1,"[""depot:bim-5712""]","[""bim""]",pinned-relative,18.09.2026 12:25,0,1.0,2026-09-19T02:27:12.876534+03:00,"[{""price"":99.0,""api_unit_price"":49.5,""source_id"":""depot:bim-5712"",""market"":""bim"",""depot_name"":""Çiçekçi  Üsküdar"",""index_time"":""18.09.2026 12:25""}]","{""mode"":""pinned-relative"",""previous_prices"":{""depot:bim-5712"":99.0},""previous_level"":99.0,""link_factor"":1.0}"
2026-09-19,household_cleaning,cleaning_cloth,Temizlik bezi,id:1NEP,id:1NEP,Macromax Rengarenk Mikrofiber Bez 4 Adet,4.0,count,179.95,44.9875,63.7375,1,44.9875,0.0,title,Temizlik Bezleri,sub_category,1,1,"[""depot:migros-1991""]","[""migros""]",pinned-relative,18.09.2026 12:26,0,1.1,2026-09-19T02:27:15.355090+03:00,"[{""price"":179.95,""api_unit_price"":44.9875,""source_id"":""depot:migros-1991"",""market"":""migros"",""depot_name"":""Çiçekçi M Migros"",""index_time"":""18.09.2026 12:26""}]","{""mode"":""pinned-relative"",""previous_prices"":{""depot:migros-1991"":179.95},""previous_level"":254.95,""link_factor"":1.0}"
2026-09-19,household_cleaning,cleaning_cloth,Temizlik bezi,id:1SBV,id:1SBV,Macromax Açık Mikrofiber Bez 4 Adet,4.0,count,179.95,44.9875,63.7375,1,44.9875,0.0,title,Temizlik Bezleri,sub_category,1,1,"[""depot:migros-4479""]","[""migros""]",pinned-relative,18.09.2026 12:26,0,1.1,2026-09-19T02:27:15.355102+03:00,"[{""price"":179.95,""api_unit_price"":44.9875,""source_id"":""depot:migros-4479"",""market"":""migros"",""depot_name"":""Mjet Üsküdar Paşakapısı"",""index_time"":""18.09.2026 12:26""}]","{""mode"":""pinned-relative"",""previous_prices"":{""depot:migros-4479"":179.95},""previous_level"":254.95,""link_factor"":1.0}"
2026-09-19,household_cleaning,cleaning_cloth,Temizlik bezi,id:20SM,id:20SM,Scotch-Brite Renkli Bez 3 Adet,3.0,count,72.95,24.316667,24.316667,1,24.316666,0.0,title,Temizlik Bezleri,sub_category,1,1,"[""depot:carrefour-5254""]","[""carrefour""]",pinned-relative,18.09.2026 12:27,0,1.1,2026-09-19T02:27:15.355106+03:00,"[{""price"":72.95,""api_unit_price"":24.316666,""source_id"":""depot:carrefour-5254"",""market"":""carrefour"",""depot_name"":""Istanbul Üsküdar Salacak Mını"",""index_time"":""18.09.2026 12:27""}]","{""mode"":""pinned-relative"",""previous_prices"":{""depot:carrefour-5254"":72.95},""previous_level"":72.95,""link_factor"":1.0}"
2026-09-19,household_cleaning,cleaning_cloth,Temizlik bezi,id:01H6,id:01H6,Mr. Green Mikrofiber Bez Desenli 3 Adet,3.0,count,85.0,28.333333,28.333333,1,28.333334,0.0,title,Temizlik Bezleri,sub_category,1,1,"[""depot:bim-5712""]","[""bim""]",pinned-relative,18.09.2026 12:25,0,1.1,2026-09-19T02:27:15.355109+03:00,"[{""price"":85.0,""api_unit_price"":28.333334,""source_id"":""depot:bim-5712"",""market"":""bim"",""depot_name"":""Çiçekçi  Üsküdar"",""index_time"":""18.09.2026 12:25""}]","{""mode"":""pinned-relative"",""previous_prices"":{""depot:bim-5712"":85.0},""previous_level"":85.0,""link_factor"":1.0}"
2026-09-19,household_cleaning,cleaning_cloth,Temizlik bezi,id:0Z7N,id:0Z7N,Mintax Mikrofiber Desenli Bez 3 Adet,3.0,count,85.0,28.333333,28.333333,1,28.333334,0.0,title,Temizlik Bezleri,sub_category,1,1,"[""depot:sok-1017""]","[""sok""]",pinned-relative,18.09.2026 12:22,0,1.1,2026-09-19T02:27:15.355111+03:00,"[{""price"":85.0,""api_unit_price"":28.333334,""source_id"":""depot:sok-1017"",""market"":""sok"",""depot_name"":""Selimiye"",""index_time"":""18.09.2026 12:22""}]","{""mode"":""pinned-relative"",""previous_prices"":{""depot:sok-1017"":85.0},""previous_level"":85.0,""link_factor"":1.0}"
2026-09-19,household_cleaning,cleaning_cloth,Temizlik bezi,id:0E3E,id:0E3E,Parex Sünger Bez 3 Adet,3.0,count,229.9,76.633333,76.633333,1,76.63333,0.0,title,Temizlik Bezleri,sub_category,1,1,"[""depot:carrefour-1012""]","[""carrefour""]",pinned-relative,18.09.2026 12:27,0,1.1,2026-09-19T02:27:15.355113+03:00,"[{""price"":229.9,""api_unit_price"":76.63333,""source_id"":""depot:carrefour-1012"",""market"":""carrefour"",""depot_name"":""Istanbul Acıbadem Hıper"",""index_time"":""18.09.2026 12:27""}]","{""mode"":""pinned-relative"",""previous_prices"":{""depot:carrefour-1012"":229.9},""previous_level"":229.9,""link_factor"":1.0}"
2026-09-19,household_cleaning,cleaning_cloth,Temizlik bezi,id:1WOF,id:1WOF,Scotch-Brite Mikrofiber Bez 3 Adet,3.0,count,302.9,100.966667,100.966667,1,100.96667,0.0,title,Temizlik Bezleri,sub_category,1,1,"[""depot:carrefour-1012""]","[""carrefour""]",pinned-relative,18.09.2026 12:27,0,1.1,2026-09-19T02:27:15.355115+03:00,"[{""price"":302.9,""api_unit_price"":100.96667,""source_id"":""depot:carrefour-1012"",""market"":""carrefour"",""depot_name"":""Istanbul Acıbadem Hıper"",""index_time"":""18.09.2026 12:27""}]","{""mode"":""pinned-relative"",""previous_prices"":{""depot:carrefour-1012"":302.9},""previous_level"":302.9,""link_factor"":1.0}"
2026-09-19,personal_paper,shampoo,Şampuan,id:1Y7J,id:1Y7J,Blendax Isırgan Otlu Şampuan 500 Ml,0.5,l,175.0,350.0,350.0,1,350.0,0.0,api-refined,Şampuanlar,sub_category,1,1,"[""depot:sok-4707""]","[""sok""]",pinned-relative,18.09.2026 12:27,0,1.1,2026-09-19T02:27:21.634334+03:00,"[{""price"":175.0,""api_unit_price"":350.0,""source_id"":""depot:sok-4707"",""market"":""sok"",""depot_name"":""Şok Minifevziçakmak"",""index_time"":""18.09.2026 12:27""}]","{""mode"":""pinned-relative"",""previous_prices"":{""depot:sok-4707"":175.0},""previous_level"":175.0,""link_factor"":1.0}"
2026-09-19,personal_paper,shampoo,Şampuan,id:1YTT,id:1YTT,Gliss Ultimate Repair Şampuan 400 Ml,0.4,l,99.95,249.875,193.045464,1,249.875,0.0,api-refined,Şampuanlar,sub_category,1,1,"[""depot:migros-1991""]","[""migros""]",pinned-relative,18.09.2026 12:27,0,1.1,2026-09-19T02:27:21.634346+03:00,"[{""price"":99.95,""api_unit_price"":249.875,""source_id"":""depot:migros-1991"",""market"":""migros"",""depot_name"":""Çiçekçi M Migros"",""index_time"":""18.09.2026 12:27""}]","{""mode"":""pinned-relative"",""previous_prices"":{""depot:migros-1991"":99.95},""previous_level"":77.21818579644909,""link_factor"":1.0}"
2026-09-19,personal_paper,shampoo,Şampuan,id:1O4A,id:1O4A,Clear Şampuan 350 Ml,0.35,l,249.0,711.428571,729.39576,2,711.4286,0.0,api-refined,Şampuanlar,sub_category,2,2,"[""depot:bim-5712"",""depot:hakmar-5521""]","[""bim"",""hakmar""]",pinned-relative,18.09.2026 12:25,0,1.1,2026-09-19T02:27:21.634349+03:00,"[{""price"":249.0,""api_unit_price"":711.4286,""source_id"":""depot:bim-5712"",""market"":""bim"",""depot_name"":""Çiçekçi  Üsküdar"",""index_time"":""18.09.2026 12:25""},{""price"":249.0,""api_unit_price"":711.4286,""source_id"":""depot:hakmar-5521"",""market"":""hakmar"",""depot_name"":""Ahmediye  Üsküdar"",""index_time"":""18.09.2026 12:25""}]","{""mode"":""pinned-relative"",""previous_prices"":{""depot:bim-5712"":249.0,""depot:hakmar-5521"":249.0},""previous_level"":255.28851602666023,""link_factor"":1.0}"
2026-09-19,personal_paper,shampoo,Şampuan,id:0MRB,id:0MRB,Elidor Güçlü Parlaklık Şampuan 650 Ml,0.65,l,199.9,307.538462,280.692308,1,307.53845,0.0,api-refined,Şampuanlar,sub_category,1,1,"[""depot:tarim_kredi-5022""]","[""tarim_kredi""]",pinned-relative,18.09.2026 12:28,0,1.1,2026-09-19T02:27:21.634352+03:00,"[{""price"":199.9,""api_unit_price"":307.53845,""source_id"":""depot:tarim_kredi-5022"",""market"":""tarim_kredi"",""depot_name"":""Istanbul Kadıköy Market"",""index_time"":""18.09.2026 12:28""}]","{""mode"":""pinned-relative"",""previous_prices"":{""depot:tarim_kredi-5022"":199.9},""previous_level"":182.45,""link_factor"":1.0}"
2026-09-19,personal_paper,shampoo,Şampuan,id:1LBX,id:1LBX,Elidor Brezilya Keratin Terapisi Şampuan 400 Ml,0.4,l,174.475,436.1875,436.1875,2,436.1875,0.0,api-refined,Şampuanlar,sub_category,2,2,"[""depot:migros-6679"",""depot:sok-7238""]","[""migros"",""sok""]",pinned-relative,18.09.2026 12:24,0,1.1,2026-09-19T02:27:21.634354+03:00,"[{""price"":169.0,""api_unit_price"":422.5,""source_id"":""depot:sok-7238"",""market"":""sok"",""depot_name"":""Rıhtım Cdkadıköy"",""index_time"":""18.09.2026 12:24""},{""price"":179.95,""api_unit_price"":449.875,""source_id"":""depot:migros-6679"",""market"":""migros"",""depot_name"":""Mjet Kadıköy Rasımpaşa Istanbu"",""index_time"":""18.09.2026 12:24""}]","{""mode"":""pinned-relative"",""previous_prices"":{""depot:migros-6679"":179.95,""depot:sok-7238"":169.0},""previous_level"":174.475,""link_factor"":1.0}"
2026-09-19,personal_paper,shampoo,Şampuan,id:1NAZ,id:1NAZ,Blendax Şampuan 500 Ml,0.5,l,175.0,350.0,350.0,2,350.0,0.0,api-refined,Şampuanlar,sub_category,2,2,"[""depot:bim-5712"",""depot:hakmar-5521""]","[""bim"",""hakmar""]",pinned-relative,18.09.2026 12:25,0,1.1,2026-09-19T02:27:21.634356+03:00,"[{""price"":175.0,""api_unit_price"":350.0,""source_id"":""depot:bim-5712"",""market"":""bim"",""depot_name"":""Çiçekçi  Üsküdar"",""index_time"":""18.09.2026 12:25""},{""price"":175.0,""api_unit_price"":350.0,""source_id"":""depot:hakmar-5521"",""market"":""hakmar"",""depot_name"":""Ahmediye  Üsküdar"",""index_time"":""18.09.2026 12:25""}]","{""mode"":""pinned-relative"",""previous_prices"":{""depot:bim-5712"":175.0,""depot:hakmar-5521"":175.0},""previous_level"":175.0,""link_factor"":1.0}"
2026-09-19,personal_paper,shampoo,Şampuan,id:1L60,id:1L60,Elidor Şampuan Çeşitleri 400 Ml,0.4,l,219.0,547.5,547.5,1,547.5,0.0,api-refined,Şampuanlar,sub_category,2,1,"[""depot:bim-5712""]","[""bim""]",pinned-relative,18.09.2026 12:26,0,1.1,2026-09-19T02:27:21.634358+03:00,"[{""price"":219.0,""api_unit_price"":547.5,""source_id"":""depot:bim-5712"",""market"":""bim"",""depot_name"":""Çiçekçi  Üsküdar"",""index_time"":""18.09.2026 12:26""}]","{""mode"":""pinned-relative"",""previous_prices"":{""depot:bim-5712"":219.0},""previous_level"":219.0,""link_factor"":1.0}"
2026-09-19,personal_paper,shampoo,Şampuan,id:00FB,id:00FB,A Plus Premium Bakım Şampuan 600 Ml,0.6,l,97.5,162.5,162.5,1,162.5,0.0,api-refined,Şampuanlar,sub_category,1,1,"[""depot:bim-5712""]","[""bim""]",pinned-relative,18.09.2026 12:25,0,1.1,2026-09-19T02:27:21.634360+03:00,"[{""price"":97.5,""api_unit_price"":162.5,""source_id"":""depot:bim-5712"",""market"":""bim"",""depot_name"":""Çiçekçi  Üsküdar"",""index_time"":""18.09.2026 12:25""}]","{""mode"":""pinned-relative"",""previous_prices"":{""depot:bim-5712"":97.5},""previous_level"":97.5,""link_factor"":1.0}"
2026-09-19,personal_paper,shampoo,Şampuan,id:1PEG,id:1PEG,İpek Yağ Hazinesi Şampuan 480 Ml,0.48,l,69.0,143.75,143.75,1,143.75,0.0,api-refined,Şampuanlar,sub_category,1,1,"[""depot:sok-4707""]","[""sok""]",pinned-relative,18.09.2026 12:27,0,1.1,2026-09-19T02:27:21.634362+03:00,"[{""price"":69.0,""api_unit_price"":143.75,""source_id"":""depot:sok-4707"",""market"":""sok"",""depot_name"":""Şok Minifevziçakmak"",""index_time"":""18.09.2026 12:27""}]","{""mode"":""pinned-relative"",""previous_prices"":{""depot:sok-4707"":69.0},""previous_level"":69.0,""link_factor"":1.0}"
2026-09-19,personal_paper,shampoo,Şampuan,id:06AZ,id:06AZ,İpek Şampuan 480 Ml,0.48,l,99.95,208.229167,208.229167,1,208.22916,0.0,api-refined,Şampuanlar,sub_category,1,1,"[""depot:hakmar-5521""]","[""hakmar""]",pinned-relative,18.09.2026 12:25,0,1.1,2026-09-19T02:27:21.634364+03:00,"[{""price"":99.95,""api_unit_price"":208.22916,""source_id"":""depot:hakmar-5521"",""market"":""hakmar"",""depot_name"":""Ahmediye  Üsküdar"",""index_time"":""18.09.2026 12:25""}]","{""mode"":""pinned-relative"",""previous_prices"":{""depot:hakmar-5521"":99.95},""previous_level"":99.95,""link_factor"":1.0}"
2026-09-19,personal_paper,shampoo,Şampuan,id:1LVQ,id:1LVQ,Blendax Şampuan Çeşitleri 500 Ml,0.5,l,175.0,350.0,350.0,1,350.0,0.0,api-refined,Şampuanlar,sub_category,1,1,"[""depot:tarim_kredi-5022""]","[""tarim_kredi""]",pinned-relative,18.09.2026 12:26,0,1.1,2026-09-19T02:27:21.634367+03:00,"[{""price"":175.0,""api_unit_price"":350.0,""source_id"":""depot:tarim_kredi-5022"",""market"":""tarim_kredi"",""depot_name"":""Istanbul Kadıköy Market"",""index_time"":""18.09.2026 12:26""}]","{""mode"":""pinned-relative"",""previous_prices"":{""depot:tarim_kredi-5022"":175.0},""previous_level"":175.0,""link_factor"":1.0}"
2026-09-19,personal_paper,shampoo,Şampuan,id:1ODU,id:1ODU,Head & Shoulders Şampuan 330 Ml,0.33,l,199.0,603.030303,603.030303,1,603.03033,0.0,api-refined,Şampuanlar,sub_category,1,1,"[""depot:bim-5712""]","[""bim""]",pinned-relative,18.09.2026 12:25,0,1.1,2026-09-19T02:27:21.634369+03:00,"[{""price"":199.0,""api_unit_price"":603.03033,""source_id"":""depot:bim-5712"",""market"":""bim"",""depot_name"":""Çiçekçi  Üsküdar"",""index_time"":""18.09.2026 12:25""}]","{""mode"":""pinned-relative"",""previous_prices"":{""depot:bim-5712"":199.0},""previous_level"":199.0,""link_factor"":1.0}"
2026-09-19,personal_paper,shampoo,Şampuan,id:1C15,id:1C15,Pantene Şampuan 400 Ml,0.4,l,199.0,497.5,497.5,1,497.5,0.0,api-refined,Şampuanlar,sub_category,1,1,"[""depot:hakmar-5521""]","[""hakmar""]",pinned-relative,18.09.2026 12:26,0,1.1,2026-09-19T02:27:21.634371+03:00,"[{""price"":199.0,""api_unit_price"":497.5,""source_id"":""depot:hakmar-5521"",""market"":""hakmar"",""depot_name"":""Ahmediye  Üsküdar"",""index_time"":""18.09.2026 12:26""}]","{""mode"":""pinned-relative"",""previous_prices"":{""depot:hakmar-5521"":199.0},""previous_level"":199.0,""link_factor"":1.0}"
2026-09-19,personal_paper,shampoo,Şampuan,id:2AFN,id:2AFN,Head&Shoulders Şampuan 330 Ml,0.33,l,199.0,603.030303,603.030303,1,603.03033,0.0,api-refined,Şampuanlar,sub_category,1,1,"[""depot:hakmar-5521""]","[""hakmar""]",pinned-relative,18.09.2026 12:25,0,1.1,2026-09-19T02:27:21.634373+03:00,"[{""price"":199.0,""api_unit_price"":603.03033,""source_id"":""depot:hakmar-5521"",""market"":""hakmar"",""depot_name"":""Ahmediye  Üsküdar"",""index_time"":""18.09.2026 12:25""}]","{""mode"":""pinned-relative"",""previous_prices"":{""depot:hakmar-5521"":199.0},""previous_level"":199.0,""link_factor"":1.0}"
2026-09-19,personal_paper,shampoo,Şampuan,id:092S,id:092S,Eyüp Sabri Tuncer Zeytinyağlı Şampuan 700 Ml,0.7,l,199.0,284.285714,284.285714,1,284.28574,0.0,api-refined,Şampuanlar,sub_category,1,1,"[""depot:hakmar-5521""]","[""hakmar""]",pinned-relative,18.09.2026 12:25,0,1.1,2026-09-19T02:27:21.634375+03:00,"[{""price"":199.0,""api_unit_price"":284.28574,""source_id"":""depot:hakmar-5521"",""market"":""hakmar"",""depot_name"":""Ahmediye  Üsküdar"",""index_time"":""18.09.2026 12:25""}]","{""mode"":""pinned-relative"",""previous_prices"":{""depot:hakmar-5521"":199.0},""previous_level"":199.0,""link_factor"":1.0}"
2026-09-19,personal_paper,shampoo,Şampuan,id:2BLL,id:2BLL,Elidor Şampuan 400 Ml,0.4,l,219.0,547.5,547.5,1,547.5,0.0,api-refined,Şampuanlar,sub_category,1,1,"[""depot:hakmar-5521""]","[""hakmar""]",pinned-relative,18.09.2026 12:25,0,1.1,2026-09-19T02:27:21.634377+03:00,"[{""price"":219.0,""api_unit_price"":547.5,""source_id"":""depot:hakmar-5521"",""market"":""hakmar"",""depot_name"":""Ahmediye  Üsküdar"",""index_time"":""18.09.2026 12:25""}]","{""mode"":""pinned-relative"",""previous_prices"":{""depot:hakmar-5521"":219.0},""previous_level"":219.0,""link_factor"":1.0}"
2026-09-19,personal_paper,shampoo,Şampuan,id:1NZ2,id:1NZ2,Elidor Superblend Güçlü Ve Parlak Şampuan 400 Ml,0.4,l,149.95,374.875,374.875,1,374.87497,0.0,api-refined,Şampuanlar,sub_category,1,1,"[""depot:migros-4479""]","[""migros""]",pinned-relative,18.09.2026 12:24,0,1.1,2026-09-19T02:27:21.634379+03:00,"[{""price"":149.95,""api_unit_price"":374.87497,""source_id"":""depot:migros-4479"",""market"":""migros"",""depot_name"":""Mjet Üsküdar Paşakapısı"",""index_time"":""18.09.2026 12:24""}]","{""mode"":""pinned-relative"",""previous_prices"":{""depot:migros-4479"":149.95},""previous_level"":149.95,""link_factor"":1.0}"
2026-09-19,personal_paper,shower_gel,Duş jeli,id:1PQO,id:1PQO,Duru Body Scrub Duş Jeli Gold 450 Ml,0.45,l,354.925,788.722222,880.453379,2,788.72225,0.0,api-refined,Duş Jelleri,sub_category,2,2,"[""depot:carrefour-1012"",""depot:migros-1991""]","[""carrefour"",""migros""]",pinned-relative,18.09.2026 12:26,0,1.05,2026-09-19T02:27:26.608543+03:00,"[{""price"":289.95,""api_unit_price"":644.3334,""source_id"":""depot:migros-1991"",""market"":""migros"",""depot_name"":""Çiçekçi M Migros"",""index_time"":""18.09.2026 12:26""},{""price"":419.9,""api_unit_price"":933.1111,""source_id"":""depot:carrefour-1012"",""market"":""carrefour"",""depot_name"":""Istanbul Acıbadem Hıper"",""index_time"":""18.09.2026 12:26""}]","{""mode"":""pinned-relative"",""previous_prices"":{""depot:carrefour-1012"":419.9,""depot:migros-1991"":289.95},""previous_level"":396.20402067427057,""link_factor"":1.0}"
2026-09-19,personal_paper,shower_gel,Duş jeli,id:1KUR,id:1KUR,Palmolive So Relaxed Duş Jeli 500 Ml,0.5,l,259.475,518.95,668.889181,2,518.95,0.0,api-refined,Duş Jelleri,sub_category,2,2,"[""depot:carrefour-1012"",""depot:sok-4707""]","[""carrefour"",""sok""]",pinned-relative,18.09.2026 12:27,0,1.05,2026-09-19T02:27:26.608554+03:00,"[{""price"":219.95,""api_unit_price"":439.9,""source_id"":""depot:carrefour-1012"",""market"":""carrefour"",""depot_name"":""Istanbul Acıbadem Hıper"",""index_time"":""18.09.2026 12:27""},{""price"":299.0,""api_unit_price"":598.0,""source_id"":""depot:sok-4707"",""market"":""sok"",""depot_name"":""Şok Minifevziçakmak"",""index_time"":""18.09.2026 12:27""}]","{""mode"":""pinned-relative"",""previous_prices"":{""depot:carrefour-1012"":219.95,""depot:sok-4707"":299.0},""previous_level"":334.44459041724787,""link_factor"":1.0}"
2026-09-19,personal_paper,shower_gel,Duş jeli,id:1QBI,id:1QBI,Duru Body Scrub Crystal Duş Jeli 450 Ml,0.45,l,354.925,788.722222,880.453379,2,788.72225,0.0,api-refined,Duş Jelleri,sub_category,2,2,"[""depot:carrefour-1012"",""depot:migros-1991""]","[""carrefour"",""migros""]",pinned-relative,18.09.2026 12:27,0,1.05,2026-09-19T02:27:26.608557+03:00,"[{""price"":289.95,""api_unit_price"":644.3334,""source_id"":""depot:migros-1991"",""market"":""migros"",""depot_name"":""Çiçekçi M Migros"",""index_time"":""18.09.2026 12:27""},{""price"":419.9,""api_unit_price"":933.1111,""source_id"":""depot:carrefour-1012"",""market"":""carrefour"",""depot_name"":""Istanbul Acıbadem Hıper"",""index_time"":""18.09.2026 12:27""}]","{""mode"":""pinned-relative"",""previous_prices"":{""depot:carrefour-1012"":419.9,""depot:migros-1991"":289.95},""previous_level"":396.20402067427057,""link_factor"":1.0}"
2026-09-19,personal_paper,shower_gel,Duş jeli,id:1UEY,id:1UEY,Duru Body Scrub Ice Light Duş Jeli 450 Ml,0.45,l,354.925,788.722222,880.453379,2,788.72225,0.0,api-refined,Duş Jelleri,sub_category,2,2,"[""depot:carrefour-1012"",""depot:migros-3296""]","[""carrefour"",""migros""]",pinned-relative,18.09.2026 12:27,0,1.05,2026-09-19T02:27:26.608560+03:00,"[{""price"":289.95,""api_unit_price"":644.3334,""source_id"":""depot:migros-3296"",""market"":""migros"",""depot_name"":""Kadıköy Caferağa M Migros"",""index_time"":""18.09.2026 12:27""},{""price"":419.9,""api_unit_price"":933.1111,""source_id"":""depot:carrefour-1012"",""market"":""carrefour"",""depot_name"":""Istanbul Acıbadem Hıper"",""index_time"":""18.09.2026 12:27""}]","{""mode"":""pinned-relative"",""previous_prices"":{""depot:carrefour-1012"":419.9,""depot:migros-3296"":289.95},""previous_level"":396.20402067427057,""link_factor"":1.0}"
2026-09-19,personal_paper,shower_gel,Duş jeli,id:1R8U,id:1R8U,Le Petit Marseillais Vanilya Sütü Duş Jeli 400 Ml,0.4,l,249.975,624.9375,604.74688,2,624.9375,0.0,api-refined,Duş Jelleri,sub_category,2,2,"[""depot:carrefour-5254"",""depot:migros-6679""]","[""carrefour"",""migros""]",pinned-relative,18.09.2026 12:27,0,1.05,2026-09-19T02:27:26.608562+03:00,"[{""price"":150.0,""api_unit_price"":375.0,""source_id"":""depot:migros-6679"",""market"":""migros"",""depot_name"":""Mjet Kadıköy Rasımpaşa Istanbu"",""index_time"":""18.09.2026 12:27""},{""price"":349.95,""api_unit_price"":874.875,""source_id"":""depot:carrefour-5254"",""market"":""carrefour"",""depot_name"":""Istanbul Üsküdar Salacak Mını"",""index_time"":""18.09.2026 12:27""}]","{""mode"":""pinned-relative"",""previous_prices"":{""depot:carrefour-5254"":349.95,""depot:migros-6679"":150.0},""previous_level"":241.89875206734035,""link_factor"":1.0}"
2026-09-19,personal_paper,shower_gel,Duş jeli,id:1TB2,id:1TB2,Duru Lux Perfumes Orkide Özleri Duş Jeli 450 Ml,0.45,l,259.925,577.611111,577.611111,2,577.611075,0.0,api-refined,Duş Jelleri,sub_category,2,2,"[""depot:carrefour-1012"",""depot:migros-564""]","[""carrefour"",""migros""]",pinned-relative,18.09.2026 12:27,0,1.05,2026-09-19T02:27:26.608564+03:00,"[{""price"":199.95,""api_unit_price"":444.3333,""source_id"":""depot:migros-564"",""market"":""migros"",""depot_name"":""Kadıköy Çarşı M Migros"",""index_time"":""18.09.2026 12:27""},{""price"":319.9,""api_unit_price"":710.88885,""source_id"":""depot:carrefour-1012"",""market"":""carrefour"",""depot_name"":""Istanbul Acıbadem Hıper"",""index_time"":""18.09.2026 12:27""}]","{""mode"":""pinned-relative"",""previous_prices"":{""depot:carrefour-1012"":319.9,""depot:migros-564"":199.95},""previous_level"":259.925,""link_factor"":1.0}"
2026-09-19,personal_paper,shower_gel,Duş jeli,id:1NS9,id:1NS9,Le Petit Marseillais Duş Jeli Vanilya Sütü 650 Ml,0.65,l,280.5,431.538462,368.172356,1,431.53845,0.0,api-refined,Duş Jelleri,sub_category,2,1,"[""depot:carrefour-1012""]","[""carrefour""]",pinned-relative,18.09.2026 12:26,0,1.05,2026-09-19T02:27:26.608566+03:00,"[{""price"":280.5,""api_unit_price"":431.53845,""source_id"":""depot:carrefour-1012"",""market"":""carrefour"",""depot_name"":""Istanbul Acıbadem Hıper"",""index_time"":""18.09.2026 12:26""}]","{""mode"":""pinned-relative"",""previous_prices"":{""depot:carrefour-1012"":280.5},""previous_level"":239.31203123982633,""link_factor"":1.0}"
2026-09-19,personal_paper,shower_gel,Duş jeli,id:0CPK,id:0CPK,Dove Deeply Nourishing Duş Jeli 450 Ml,0.45,l,469.9,1044.222222,910.944444,1,1044.2223,0.0,api-refined,Duş Jelleri,sub_category,2,1,"[""depot:carrefour-1012""]","[""carrefour""]",pinned-relative,18.09.2026 12:27,0,1.05,2026-09-19T02:27:26.608569+03:00,"[{""price"":469.9,""api_unit_price"":1044.2223,""source_id"":""depot:carrefour-1012"",""market"":""carrefour"",""depot_name"":""Istanbul Acıbadem Hıper"",""index_time"":""18.09.2026 12:27""}]","{""mode"":""pinned-relative"",""previous_prices"":{""depot:carrefour-1012"":469.9},""previous_level"":409.925,""link_factor"":1.0}"
2026-09-19,personal_paper,shower_gel,Duş jeli,id:1ST6,id:1ST6,Duru Fresh Sensation Okyanus Ferahlığı Duş Jeli 450 Ml,0.45,l,259.925,577.611111,577.611111,2,577.611075,0.0,api-refined,Duş Jelleri,sub_category,2,2,"[""depot:carrefour-1012"",""depot:migros-1991""]","[""carrefour"",""migros""]",pinned-relative,18.09.2026 12:26,0,1.05,2026-09-19T02:27:26.608571+03:00,"[{""price"":199.95,""api_unit_price"":444.3333,""source_id"":""depot:migros-1991"",""market"":""migros"",""depot_name"":""Çiçekçi M Migros"",""index_time"":""18.09.2026 12:26""},{""price"":319.9,""api_unit_price"":710.88885,""source_id"":""depot:carrefour-1012"",""market"":""carrefour"",""depot_name"":""Istanbul Acıbadem Hıper"",""index_time"":""18.09.2026 12:26""}]","{""mode"":""pinned-relative"",""previous_prices"":{""depot:carrefour-1012"":319.9,""depot:migros-1991"":199.95},""previous_level"":259.925,""link_factor"":1.0}"
2026-09-19,personal_paper,shower_gel,Duş jeli,id:02UC,id:02UC,Palmolive Body Butter Böğürtlen Duş Jeli 500 Ml,0.5,l,299.95,599.9,599.9,2,599.9,0.0,api-refined,Duş Jelleri,sub_category,2,2,"[""depot:carrefour-1012"",""depot:migros-564""]","[""carrefour"",""migros""]",pinned-relative,18.09.2026 12:26,0,1.05,2026-09-19T02:27:26.608573+03:00,"[{""price"":229.95,""api_unit_price"":459.9,""source_id"":""depot:migros-564"",""market"":""migros"",""depot_name"":""Kadıköy Çarşı M Migros"",""index_time"":""18.09.2026 12:26""},{""price"":369.95,""api_unit_price"":739.9,""source_id"":""depot:carrefour-1012"",""market"":""carrefour"",""depot_name"":""Istanbul Acıbadem Hıper"",""index_time"":""18.09.2026 12:26""}]","{""mode"":""pinned-relative"",""previous_prices"":{""depot:carrefour-1012"":369.95,""depot:migros-564"":229.95},""previous_level"":299.95,""link_factor"":1.0}"
2026-09-19,personal_paper,shower_gel,Duş jeli,id:1Z8B,id:1Z8B,Duru Body Scrub Pink Delight Duş Jeli 450 Ml,0.45,l,354.925,788.722222,880.453379,2,788.72225,0.0,api-refined,Duş Jelleri,sub_category,2,2,"[""depot:carrefour-1012"",""depot:migros-1991""]","[""carrefour"",""migros""]",pinned-relative,18.09.2026 12:26,0,1.05,2026-09-19T02:27:26.608575+03:00,"[{""price"":289.95,""api_unit_price"":644.3334,""source_id"":""depot:migros-1991"",""market"":""migros"",""depot_name"":""Çiçekçi M Migros"",""index_time"":""18.09.2026 12:26""},{""price"":419.9,""api_unit_price"":933.1111,""source_id"":""depot:carrefour-1012"",""market"":""carrefour"",""depot_name"":""Istanbul Acıbadem Hıper"",""index_time"":""18.09.2026 12:26""}]","{""mode"":""pinned-relative"",""previous_prices"":{""depot:carrefour-1012"":419.9,""depot:migros-1991"":289.95},""previous_level"":396.20402067427057,""link_factor"":1.0}"
2026-09-19,personal_paper,shower_gel,Duş jeli,id:1S1Q,id:1S1Q,Le Petit Marseillais Akdeniz Çileği Duş Jeli 400 Ml,0.4,l,249.975,624.9375,662.375,2,624.9375,0.0,api-refined,Duş Jelleri,sub_category,2,2,"[""depot:carrefour-1012"",""depot:migros-6679""]","[""carrefour"",""migros""]",pinned-relative,18.09.2026 12:27,0,1.05,2026-09-19T02:27:26.608577+03:00,"[{""price"":150.0,""api_unit_price"":375.0,""source_id"":""depot:migros-6679"",""market"":""migros"",""depot_name"":""Mjet Kadıköy Rasımpaşa Istanbu"",""index_time"":""18.09.2026 12:27""},{""price"":349.95,""api_unit_price"":874.875,""source_id"":""depot:carrefour-1012"",""market"":""carrefour"",""depot_name"":""Istanbul Acıbadem Hıper"",""index_time"":""18.09.2026 12:27""}]","{""mode"":""pinned-relative"",""previous_prices"":{""depot:carrefour-1012"":349.95,""depot:migros-6679"":150.0},""previous_level"":264.95,""link_factor"":1.0}"
2026-09-19,personal_paper,shower_gel,Duş jeli,id:1RBK,id:1RBK,Le Petit Marseillais Şeftali ve Nektarin Duş Jeli 400 Ml,0.4,l,349.95,874.875,662.375,1,874.875,0.0,api-refined,Duş Jelleri,sub_category,2,1,"[""depot:carrefour-1012""]","[""carrefour""]",pinned-relative,18.09.2026 12:26,0,1.05,2026-09-19T02:27:26.608579+03:00,"[{""price"":349.95,""api_unit_price"":874.875,""source_id"":""depot:carrefour-1012"",""market"":""carrefour"",""depot_name"":""Istanbul Acıbadem Hıper"",""index_time"":""18.09.2026 12:26""}]","{""mode"":""pinned-relative"",""previous_prices"":{""depot:carrefour-1012"":349.95},""previous_level"":264.95,""link_factor"":1.0}"
2026-09-19,personal_paper,shower_gel,Duş jeli,id:1RAB,id:1RAB,Duru Lux Perfumes Lotus Çiçeği Duş Jeli 450 Ml,0.45,l,259.925,577.611111,577.611111,2,577.611075,0.0,api-refined,Duş Jelleri,sub_category,2,2,"[""depot:carrefour-1012"",""depot:migros-564""]","[""carrefour"",""migros""]",pinned-relative,18.09.2026 12:26,0,1.05,2026-09-19T02:27:26.608581+03:00,"[{""price"":199.95,""api_unit_price"":444.3333,""source_id"":""depot:migros-564"",""market"":""migros"",""depot_name"":""Kadıköy Çarşı M Migros"",""index_time"":""18.09.2026 12:26""},{""price"":319.9,""api_unit_price"":710.88885,""source_id"":""depot:carrefour-1012"",""market"":""carrefour"",""depot_name"":""Istanbul Acıbadem Hıper"",""index_time"":""18.09.2026 12:26""}]","{""mode"":""pinned-relative"",""previous_prices"":{""depot:carrefour-1012"":319.9,""depot:migros-564"":199.95},""previous_level"":259.925,""link_factor"":1.0}"
2026-09-19,personal_paper,shower_gel,Duş jeli,id:1T73,id:1T73,Le Petit Marseillais Duş Jeli Beyaz Şeftali & Nektarin 650 Ml,0.65,l,315.225,484.961538,487.072344,2,484.961545,0.0,api-refined,Duş Jelleri,sub_category,2,2,"[""depot:carrefour-1012"",""depot:migros-1991""]","[""carrefour"",""migros""]",pinned-relative,18.09.2026 12:27,0,1.05,2026-09-19T02:27:26.608583+03:00,"[{""price"":280.5,""api_unit_price"":431.53845,""source_id"":""depot:carrefour-1012"",""market"":""carrefour"",""depot_name"":""Istanbul Acıbadem Hıper"",""index_time"":""18.09.2026 12:27""},{""price"":349.95,""api_unit_price"":538.38464,""source_id"":""depot:migros-1991"",""market"":""migros"",""depot_name"":""Çiçekçi M Migros"",""index_time"":""18.09.2026 12:27""}]","{""mode"":""pinned-relative"",""previous_prices"":{""depot:carrefour-1012"":280.5,""depot:migros-1991"":349.95},""previous_level"":316.59702363572535,""link_factor"":1.0}"
2026-09-19,personal_paper,shower_gel,Duş jeli,id:03IT,id:03IT,Dushy Duş Jeli 500 Ml,0.5,l,44.75,89.5,89.5,1,89.5,0.0,api-refined,Duş Jelleri,sub_category,1,1,"[""depot:bim-5712""]","[""bim""]",pinned-relative,18.09.2026 12:27,0,1.05,2026-09-19T02:27:26.608585+03:00,"[{""price"":44.75,""api_unit_price"":89.5,""source_id"":""depot:bim-5712"",""market"":""bim"",""depot_name"":""Çiçekçi  Üsküdar"",""index_time"":""18.09.2026 12:27""}]","{""mode"":""pinned-relative"",""previous_prices"":{""depot:bim-5712"":44.75},""previous_level"":44.75,""link_factor"":1.0}"
2026-09-19,personal_paper,shower_gel,Duş jeli,id:1GVD,id:1GVD,Cleana Duş Jeli Orkide 500 Ml,0.5,l,58.5,117.0,117.0,1,117.0,0.0,api-refined,Duş Jelleri,sub_category,1,1,"[""depot:sok-4707""]","[""sok""]",pinned-relative,18.09.2026 12:22,0,1.05,2026-09-19T02:27:26.608588+03:00,"[{""price"":58.5,""api_unit_price"":117.0,""source_id"":""depot:sok-4707"",""market"":""sok"",""depot_name"":""Şok Minifevziçakmak"",""index_time"":""18.09.2026 12:22""}]","{""mode"":""pinned-relative"",""previous_prices"":{""depot:sok-4707"":58.5},""previous_level"":58.5,""link_factor"":1.0}"
2026-09-19,personal_paper,shower_gel,Duş jeli,id:1GVJ,id:1GVJ,Cleana Duş Jeli Okyanus 500 Ml,0.5,l,58.5,117.0,117.0,1,117.0,0.0,api-refined,Duş Jelleri,sub_category,1,1,"[""depot:sok-4707""]","[""sok""]",pinned-relative,18.09.2026 12:23,0,1.05,2026-09-19T02:27:26.608590+03:00,"[{""price"":58.5,""api_unit_price"":117.0,""source_id"":""depot:sok-4707"",""market"":""sok"",""depot_name"":""Şok Minifevziçakmak"",""index_time"":""18.09.2026 12:23""}]","{""mode"":""pinned-relative"",""previous_prices"":{""depot:sok-4707"":58.5},""previous_level"":58.5,""link_factor"":1.0}"
2026-09-19,personal_paper,shower_gel,Duş jeli,id:0M2E,id:0M2E,Le Petit Marseillais Duş Jeli 750 Ml,0.75,l,89.9,119.866667,119.866667,1,119.86667,0.0,api-refined,Duş Jelleri,sub_category,1,1,"[""depot:hakmar-5521""]","[""hakmar""]",pinned-relative,18.09.2026 12:25,0,1.05,2026-09-19T02:27:26.608592+03:00,"[{""price"":89.9,""api_unit_price"":119.86667,""source_id"":""depot:hakmar-5521"",""market"":""hakmar"",""depot_name"":""Ahmediye  Üsküdar"",""index_time"":""18.09.2026 12:25""}]","{""mode"":""pinned-relative"",""previous_prices"":{""depot:hakmar-5521"":89.9},""previous_level"":89.9,""link_factor"":1.0}"
2026-09-19,personal_paper,shower_gel,Duş jeli,id:26CL,id:26CL,Palmolive Duş Jeli 500 Ml,0.5,l,99.9,199.8,199.8,1,199.8,0.0,api-refined,Duş Jelleri,sub_category,1,1,"[""depot:hakmar-5521""]","[""hakmar""]",pinned-relative,18.09.2026 12:27,0,1.05,2026-09-19T02:27:26.608594+03:00,"[{""price"":99.9,""api_unit_price"":199.8,""source_id"":""depot:hakmar-5521"",""market"":""hakmar"",""depot_name"":""Ahmediye  Üsküdar"",""index_time"":""18.09.2026 12:27""}]","{""mode"":""pinned-relative"",""previous_prices"":{""depot:hakmar-5521"":99.9},""previous_level"":99.9,""link_factor"":1.0}"
2026-09-19,personal_paper,shower_gel,Duş jeli,id:1PP0,id:1PP0,Palmolive Men Sport Duş Jeli 500 Ml,0.5,l,100.0,200.0,200.0,1,200.0,0.0,api-refined,Duş Jelleri,sub_category,1,1,"[""depot:sok-4707""]","[""sok""]",pinned-relative,18.09.2026 12:27,0,1.05,2026-09-19T02:27:26.608596+03:00,"[{""price"":100.0,""api_unit_price"":200.0,""source_id"":""depot:sok-4707"",""market"":""sok"",""depot_name"":""Şok Minifevziçakmak"",""index_time"":""18.09.2026 12:27""}]","{""mode"":""pinned-relative"",""previous_prices"":{""depot:sok-4707"":100.0},""previous_level"":100.0,""link_factor"":1.0}"
2026-09-19,personal_paper,shower_gel,Duş jeli,id:0ZLF,id:0ZLF,Duru Duş Jeli Deniz Esintisi 450 Ml,0.45,l,79.0,175.555556,175.555556,1,175.55556,0.0,api-refined,Duş Jelleri,sub_category,1,1,"[""depot:sok-4707""]","[""sok""]",pinned-relative,18.09.2026 12:22,0,1.05,2026-09-19T02:27:26.608598+03:00,"[{""price"":79.0,""api_unit_price"":175.55556,""source_id"":""depot:sok-4707"",""market"":""sok"",""depot_name"":""Şok Minifevziçakmak"",""index_time"":""18.09.2026 12:22""}]","{""mode"":""pinned-relative"",""previous_prices"":{""depot:sok-4707"":79.0},""previous_level"":79.0,""link_factor"":1.0}"
2026-09-19,personal_paper,shower_gel,Duş jeli,id:20AY,id:20AY,Nivea Creme Care Duş Jeli 250 Ml,0.25,l,179.95,719.8,719.8,1,719.8,0.0,api-refined,Duş Jelleri,sub_category,1,1,"[""depot:migros-6679""]","[""migros""]",pinned-relative,18.09.2026 12:24,0,1.05,2026-09-19T02:27:26.608600+03:00,"[{""price"":179.95,""api_unit_price"":719.8,""source_id"":""depot:migros-6679"",""market"":""migros"",""depot_name"":""Mjet Kadıköy Rasımpaşa Istanbu"",""index_time"":""18.09.2026 12:24""}]","{""mode"":""pinned-relative"",""previous_prices"":{""depot:migros-6679"":179.95},""previous_level"":179.95,""link_factor"":1.0}"
2026-09-19,personal_paper,shower_gel,Duş jeli,id:1EGN,id:1EGN,Rebul Magnolia Unisex Duş Jeli 500 Ml,0.5,l,199.95,399.9,399.9,1,399.9,0.0,api-refined,Duş Jelleri,sub_category,1,1,"[""depot:migros-564""]","[""migros""]",pinned-relative,18.09.2026 12:24,0,1.05,2026-09-19T02:27:26.608603+03:00,"[{""price"":199.95,""api_unit_price"":399.9,""source_id"":""depot:migros-564"",""market"":""migros"",""depot_name"":""Kadıköy Çarşı M Migros"",""index_time"":""18.09.2026 12:24""}]","{""mode"":""pinned-relative"",""previous_prices"":{""depot:migros-564"":199.95},""previous_level"":199.95,""link_factor"":1.0}"
2026-09-19,personal_paper,shower_gel,Duş jeli,id:0O9J,id:0O9J,Palmolive Feel The Massage Duş Jeli 250 Ml,0.25,l,219.95,879.8,879.8,1,879.8,0.0,api-refined,Duş Jelleri,sub_category,1,1,"[""depot:carrefour-1012""]","[""carrefour""]",pinned-relative,18.09.2026 12:26,0,1.05,2026-09-19T02:27:26.608605+03:00,"[{""price"":219.95,""api_unit_price"":879.8,""source_id"":""depot:carrefour-1012"",""market"":""carrefour"",""depot_name"":""Istanbul Acıbadem Hıper"",""index_time"":""18.09.2026 12:26""}]","{""mode"":""pinned-relative"",""previous_prices"":{""depot:carrefour-1012"":219.95},""previous_level"":219.95,""link_factor"":1.0}"
2026-09-19,personal_paper,soap_liquid,Sıvı sabun,id:1KWR,id:1KWR,Activex Hassas Sıvı Sabun 500 Ml,0.5,l,149.695,299.39,370.708813,2,299.39,0.0,api-refined,Sıvı Sabunlar,sub_category,3,2,"[""depot:carrefour-1012"",""depot:migros-1991""]","[""carrefour"",""migros""]",pinned-relative,18.09.2026 12:26,0,1.1,2026-09-19T02:27:31.605119+03:00,"[{""price"":149.44,""api_unit_price"":298.88,""source_id"":""depot:carrefour-1012"",""market"":""carrefour"",""depot_name"":""Istanbul Acıbadem Hıper"",""index_time"":""18.09.2026 12:26""},{""price"":149.95,""api_unit_price"":299.9,""source_id"":""depot:migros-1991"",""market"":""migros"",""depot_name"":""Çiçekçi M Migros"",""index_time"":""18.09.2026 12:26""}]","{""mode"":""pinned-relative"",""previous_prices"":{""depot:carrefour-1012"":149.44,""depot:migros-1991"":149.95},""previous_level"":185.35440647581055,""link_factor"":1.0}"
2026-09-19,personal_paper,soap_liquid,Sıvı sabun,id:1ZG8,id:1ZG8,Dalan D'Olive Zeytinyağlı Besleyici Sıvı Sabun 400 Ml,0.4,l,67.135,167.8375,167.691893,2,167.837485,0.0,api-refined,Sıvı Sabunlar,sub_category,2,2,"[""depot:carrefour-5254"",""depot:migros-1991""]","[""carrefour"",""migros""]",pinned-relative,18.09.2026 12:26,0,1.1,2026-09-19T02:27:31.605130+03:00,"[{""price"":64.32,""api_unit_price"":160.79999,""source_id"":""depot:carrefour-5254"",""market"":""carrefour"",""depot_name"":""Istanbul Üsküdar Salacak Mını"",""index_time"":""18.09.2026 12:26""},{""price"":69.95,""api_unit_price"":174.87498,""source_id"":""depot:migros-1991"",""market"":""migros"",""depot_name"":""Çiçekçi M Migros"",""index_time"":""18.09.2026 12:26""}]","{""mode"":""pinned-relative"",""previous_prices"":{""depot:carrefour-5254"":64.32,""depot:migros-1991"":69.95},""previous_level"":67.07675707188797,""link_factor"":1.0}"
2026-09-19,personal_paper,soap_liquid,Sıvı sabun,id:1ZCR,id:1ZCR,Duru Zeytinyağlı Sıvı Sabun 1.5 Lt,1.5,l,193.22,128.813333,127.843459,2,128.81333,0.0,api-refined,Sıvı Sabunlar,sub_category,2,2,"[""depot:carrefour-1012"",""depot:migros-6679""]","[""carrefour"",""migros""]",pinned-relative,18.09.2026 12:27,0,1.1,2026-09-19T02:27:31.605134+03:00,"[{""price"":159.0,""api_unit_price"":106.0,""source_id"":""depot:migros-6679"",""market"":""migros"",""depot_name"":""Mjet Kadıköy Rasımpaşa Istanbu"",""index_time"":""18.09.2026 12:27""},{""price"":227.44,""api_unit_price"":151.62666,""source_id"":""depot:carrefour-1012"",""market"":""carrefour"",""depot_name"":""Istanbul Acıbadem Hıper"",""index_time"":""18.09.2026 12:27""}]","{""mode"":""pinned-relative"",""previous_prices"":{""depot:carrefour-1012"":227.44,""depot:migros-6679"":159.0},""previous_level"":191.76518902241557,""link_factor"":1.0}"
2026-09-19,personal_paper,soap_liquid,Sıvı sabun,id:01PQ,id:01PQ,Saloon Sıvı Sabun 500 Ml,0.5,l,34.5,69.0,69.0,1,69.0,0.0,api-refined,Sıvı Sabunlar,sub_category,1,1,"[""depot:hakmar-5521""]","[""hakmar""]",pinned-relative,18.09.2026 12:25,0,1.1,2026-09-19T02:27:31.605136+03:00,"[{""price"":34.5,""api_unit_price"":69.0,""source_id"":""depot:hakmar-5521"",""market"":""hakmar"",""depot_name"":""Ahmediye  Üsküdar"",""index_time"":""18.09.2026 12:25""}]","{""mode"":""pinned-relative"",""previous_prices"":{""depot:hakmar-5521"":34.5},""previous_level"":34.5,""link_factor"":1.0}"
2026-09-19,personal_paper,soap_liquid,Sıvı sabun,id:0O0R,id:0O0R,Ebru Sıvı Sabun Okyanus Rüzgarı 750 Ml,0.75,l,48.0,64.0,64.0,1,64.0,0.0,api-refined,Sıvı Sabunlar,sub_category,1,1,"[""depot:sok-4707""]","[""sok""]",pinned-relative,18.09.2026 12:22,0,1.1,2026-09-19T02:27:31.605139+03:00,"[{""price"":48.0,""api_unit_price"":64.0,""source_id"":""depot:sok-4707"",""market"":""sok"",""depot_name"":""Şok Minifevziçakmak"",""index_time"":""18.09.2026 12:22""}]","{""mode"":""pinned-relative"",""previous_prices"":{""depot:sok-4707"":48.0},""previous_level"":48.0,""link_factor"":1.0}"
2026-09-19,personal_paper,soap_liquid,Sıvı sabun,id:06TI,id:06TI,Işıl Sıvı Sabun 750 Ml,0.75,l,48.0,64.0,64.0,1,64.0,0.0,api-refined,Sıvı Sabunlar,sub_category,1,1,"[""depot:bim-5712""]","[""bim""]",pinned-relative,18.09.2026 12:27,0,1.1,2026-09-19T02:27:31.605141+03:00,"[{""price"":48.0,""api_unit_price"":64.0,""source_id"":""depot:bim-5712"",""market"":""bim"",""depot_name"":""Çiçekçi  Üsküdar"",""index_time"":""18.09.2026 12:27""}]","{""mode"":""pinned-relative"",""previous_prices"":{""depot:bim-5712"":48.0},""previous_level"":48.0,""link_factor"":1.0}"
2026-09-19,personal_paper,soap_liquid,Sıvı sabun,id:04MF,id:1TEK,Dove Nemlendirici Sıvı Sabun 450 Ml,0.45,l,187.445,416.544444,64.0,2,416.54445,0.0,api-refined,Sıvı Sabunlar,sub_category,2,2,"[""depot:carrefour-1012"",""depot:migros-1991""]","[""carrefour"",""migros""]",pinned-relative,18.09.2026 12:27,1,1.1,2026-09-19T02:27:31.605143+03:00,"[{""price"":179.95,""api_unit_price"":399.8889,""source_id"":""depot:migros-1991"",""market"":""migros"",""depot_name"":""Çiçekçi M Migros"",""index_time"":""18.09.2026 12:27""},{""price"":194.94,""api_unit_price"":433.2,""source_id"":""depot:carrefour-1012"",""market"":""carrefour"",""depot_name"":""Istanbul Acıbadem Hıper"",""index_time"":""18.09.2026 12:27""}]","{""mode"":""pinned-relative"",""previous_prices"":{""depot:carrefour-1012"":194.94,""depot:migros-1991"":179.95},""previous_level"":222.445,""link_factor"":0.12947020617656957}"
2026-09-19,personal_paper,soap_liquid,Sıvı sabun,id:03LZ,id:1O6O,Le Petit Marseillais Şeftali Sıvı Sabun 500 Ml,0.5,l,149.95,299.9,64.0,1,299.9,0.0,api-refined,Sıvı Sabunlar,sub_category,1,1,"[""depot:migros-564""]","[""migros""]",pinned-relative,18.09.2026 12:27,1,1.1,2026-09-19T02:27:31.605145+03:00,"[{""price"":149.95,""api_unit_price"":299.9,""source_id"":""depot:migros-564"",""market"":""migros"",""depot_name"":""Kadıköy Çarşı M Migros"",""index_time"":""18.09.2026 12:27""}]","{""mode"":""pinned-relative"",""previous_prices"":{""depot:migros-564"":149.95},""previous_level"":143.19499999999996,""link_factor"":0.22347148992632426}"
2026-09-19,personal_paper,soap_liquid,Sıvı sabun,id:0D5Y,id:1N5N,Dalan Sıvı Sabun Zeytin Mucizesi 3 Lt,3.0,l,109.395,36.465,67.933332,2,36.465001,0.0,api-refined,Sıvı Sabunlar,sub_category,2,2,"[""depot:carrefour-1012"",""depot:tarim_kredi-5022""]","[""carrefour"",""tarim_kredi""]",pinned-relative,18.09.2026 12:27,1,1.1,2026-09-19T02:27:31.605147+03:00,"[{""price"":109.0,""api_unit_price"":36.333332,""source_id"":""depot:tarim_kredi-5022"",""market"":""tarim_kredi"",""depot_name"":""Istanbul Kadıköy Market"",""index_time"":""18.09.2026 12:27""},{""price"":109.79,""api_unit_price"":36.59667,""source_id"":""depot:carrefour-1012"",""market"":""carrefour"",""depot_name"":""Istanbul Acıbadem Hıper"",""index_time"":""18.09.2026 12:27""}]","{""mode"":""pinned-relative"",""previous_prices"":{""depot:carrefour-1012"":109.79,""depot:tarim_kredi-5022"":109.0},""previous_level"":109.79,""link_factor"":1.8562710369225703}"
2026-09-19,personal_paper,soap_liquid,Sıvı sabun,id:1YX7,id:1YX7,Duru Sıvı Sabun 500 Ml,0.5,l,64.0,128.0,128.0,1,128.0,0.0,api-refined,Sıvı Sabunlar,sub_category,1,1,"[""depot:bim-5712""]","[""bim""]",pinned-relative,18.09.2026 12:27,0,1.1,2026-09-19T02:27:31.605149+03:00,"[{""price"":64.0,""api_unit_price"":128.0,""source_id"":""depot:bim-5712"",""market"":""bim"",""depot_name"":""Çiçekçi  Üsküdar"",""index_time"":""18.09.2026 12:27""}]","{""mode"":""pinned-relative"",""previous_prices"":{""depot:bim-5712"":64.0},""previous_level"":64.0,""link_factor"":1.0}"
2026-09-19,personal_paper,soap_liquid,Sıvı sabun,id:1WE4,id:1WE4,Dalan Botanica Frezya Sıvı Sabun 500 Ml,0.5,l,74.69,149.38,149.38,1,149.38,0.0,api-refined,Sıvı Sabunlar,sub_category,1,1,"[""depot:carrefour-1012""]","[""carrefour""]",pinned-relative,18.09.2026 12:26,0,1.1,2026-09-19T02:27:31.605151+03:00,"[{""price"":74.69,""api_unit_price"":149.38,""source_id"":""depot:carrefour-1012"",""market"":""carrefour"",""depot_name"":""Istanbul Acıbadem Hıper"",""index_time"":""18.09.2026 12:26""}]","{""mode"":""pinned-relative"",""previous_prices"":{""depot:carrefour-1012"":74.69},""previous_level"":74.69,""link_factor"":1.0}"
2026-09-19,personal_paper,soap_liquid,Sıvı sabun,id:1P11,id:1P11,Savon De Royal Bordo İnci Sıvı Sabun 500 Ml,0.5,l,92.27,184.54,184.54,1,184.54,0.0,api-refined,Sıvı Sabunlar,sub_category,1,1,"[""depot:carrefour-1012""]","[""carrefour""]",pinned-relative,18.09.2026 12:27,0,1.1,2026-09-19T02:27:31.605153+03:00,"[{""price"":92.27,""api_unit_price"":184.54,""source_id"":""depot:carrefour-1012"",""market"":""carrefour"",""depot_name"":""Istanbul Acıbadem Hıper"",""index_time"":""18.09.2026 12:27""}]","{""mode"":""pinned-relative"",""previous_prices"":{""depot:carrefour-1012"":92.27},""previous_level"":92.27,""link_factor"":1.0}"
2026-09-19,personal_paper,soap_liquid,Sıvı sabun,id:07L2,id:07L2,Işıl Sıvı Sabun 2.5 Lt,2.5,l,105.0,42.0,42.0,1,42.0,0.0,api-refined,Sıvı Sabunlar,sub_category,1,1,"[""depot:bim-5712""]","[""bim""]",pinned-relative,18.09.2026 12:27,0,1.1,2026-09-19T02:27:31.605156+03:00,"[{""price"":105.0,""api_unit_price"":42.0,""source_id"":""depot:bim-5712"",""market"":""bim"",""depot_name"":""Çiçekçi  Üsküdar"",""index_time"":""18.09.2026 12:27""}]","{""mode"":""pinned-relative"",""previous_prices"":{""depot:bim-5712"":105.0},""previous_level"":105.0,""link_factor"":1.0}"
2026-09-19,personal_paper,soap_liquid,Sıvı sabun,id:1ZAG,id:1ZAG,Duru Sıvı Sabun Kiraz Çiçeği 500 Ml,0.5,l,98.48,196.96,196.96,1,196.96,0.0,api-refined,Sıvı Sabunlar,sub_category,1,1,"[""depot:carrefour-5254""]","[""carrefour""]",pinned-relative,18.09.2026 12:27,0,1.1,2026-09-19T02:27:31.605158+03:00,"[{""price"":98.48,""api_unit_price"":196.96,""source_id"":""depot:carrefour-5254"",""market"":""carrefour"",""depot_name"":""Istanbul Üsküdar Salacak Mını"",""index_time"":""18.09.2026 12:27""}]","{""mode"":""pinned-relative"",""previous_prices"":{""depot:carrefour-5254"":98.48},""previous_level"":98.48,""link_factor"":1.0}"
2026-09-19,personal_paper,soap_liquid,Sıvı sabun,id:0UDI,id:0UDI,Protex Cream Sıvı Sabun 300 Ml,0.3,l,100.72,335.733333,335.733333,1,335.73334,0.0,api-refined,Sıvı Sabunlar,sub_category,1,1,"[""depot:carrefour-1012""]","[""carrefour""]",pinned-relative,18.09.2026 12:27,0,1.1,2026-09-19T02:27:31.605160+03:00,"[{""price"":100.72,""api_unit_price"":335.73334,""source_id"":""depot:carrefour-1012"",""market"":""carrefour"",""depot_name"":""Istanbul Acıbadem Hıper"",""index_time"":""18.09.2026 12:27""}]","{""mode"":""pinned-relative"",""previous_prices"":{""depot:carrefour-1012"":100.72},""previous_level"":100.72,""link_factor"":1.0}"
2026-09-19,personal_paper,soap_liquid,Sıvı sabun,id:1BE3,id:1BE3,Senfoni Sıvı Sabun 4 Lt,4.0,l,119.0,29.75,29.75,1,29.75,0.0,api-refined,Sıvı Sabunlar,sub_category,1,1,"[""depot:bim-5712""]","[""bim""]",pinned-relative,18.09.2026 12:25,0,1.1,2026-09-19T02:27:31.605162+03:00,"[{""price"":119.0,""api_unit_price"":29.75,""source_id"":""depot:bim-5712"",""market"":""bim"",""depot_name"":""Çiçekçi  Üsküdar"",""index_time"":""18.09.2026 12:25""}]","{""mode"":""pinned-relative"",""previous_prices"":{""depot:bim-5712"":119.0},""previous_level"":119.0,""link_factor"":1.0}"
2026-09-19,personal_paper,soap_liquid,Sıvı sabun,id:0H73,id:1S6A,Activex Aktif Antibakteriyel Sıvı Sabun 500 Ml,0.5,l,149.695,299.39,36.371551,2,299.39,0.0,api-refined,Sıvı Sabunlar,sub_category,2,2,"[""depot:carrefour-1012"",""depot:migros-564""]","[""carrefour"",""migros""]",pinned-relative,18.09.2026 12:26,1,1.1,2026-09-19T02:27:31.605164+03:00,"[{""price"":149.44,""api_unit_price"":298.88,""source_id"":""depot:carrefour-1012"",""market"":""carrefour"",""depot_name"":""Istanbul Acıbadem Hıper"",""index_time"":""18.09.2026 12:26""},{""price"":149.95,""api_unit_price"":299.9,""source_id"":""depot:migros-564"",""market"":""migros"",""depot_name"":""Kadıköy Çarşı M Migros"",""index_time"":""18.09.2026 12:26""}]","{""mode"":""pinned-relative"",""previous_prices"":{""depot:carrefour-1012"":149.44,""depot:migros-564"":149.95},""previous_level"":151.2840024435584,""link_factor"":0.12020950799965655}"
2026-09-19,personal_paper,soap_liquid,Sıvı sabun,id:039I,id:206K,Duru Okyanus Tazeliği Sıvı Sabun 1.5 Lt,1.5,l,211.195,140.796667,42.0,2,140.79666,0.0,api-refined,Sıvı Sabunlar,sub_category,2,2,"[""depot:carrefour-1012"",""depot:migros-3296""]","[""carrefour"",""migros""]",pinned-relative,18.09.2026 12:26,1,1.1,2026-09-19T02:27:31.605166+03:00,"[{""price"":194.95,""api_unit_price"":129.96666,""source_id"":""depot:migros-3296"",""market"":""migros"",""depot_name"":""Kadıköy Caferağa M Migros"",""index_time"":""18.09.2026 12:26""},{""price"":227.44,""api_unit_price"":151.62666,""source_id"":""depot:carrefour-1012"",""market"":""carrefour"",""depot_name"":""Istanbul Acıbadem Hıper"",""index_time"":""18.09.2026 12:26""}]","{""mode"":""pinned-relative"",""previous_prices"":{""depot:carrefour-1012"":227.44,""depot:migros-3296"":194.95},""previous_level"":211.195,""link_factor"":0.2983025159253237}"
2026-09-19,personal_paper,soap_liquid,Sıvı sabun,id:1V49,id:1V49,Duru Avokado Yağı Sıvı Sabun 1.5 Lt,1.5,l,227.44,151.626667,151.626667,1,151.62666,0.0,api-refined,Sıvı Sabunlar,sub_category,1,1,"[""depot:carrefour-1012""]","[""carrefour""]",pinned-relative,18.09.2026 12:26,0,1.1,2026-09-19T02:27:31.605168+03:00,"[{""price"":227.44,""api_unit_price"":151.62666,""source_id"":""depot:carrefour-1012"",""market"":""carrefour"",""depot_name"":""Istanbul Acıbadem Hıper"",""index_time"":""18.09.2026 12:26""}]","{""mode"":""pinned-relative"",""previous_prices"":{""depot:carrefour-1012"":227.44},""previous_level"":227.44,""link_factor"":1.0}"
2026-09-19,personal_paper,soap_liquid,Sıvı sabun,id:1OY9,id:1OY9,Dove Sıvı Sabun 450 Ml,0.45,l,299.0,664.444444,664.444444,1,664.44446,0.0,api-refined,Sıvı Sabunlar,sub_category,1,1,"[""depot:sok-4707""]","[""sok""]",pinned-relative,18.09.2026 12:27,0,1.1,2026-09-19T02:27:31.605170+03:00,"[{""price"":299.0,""api_unit_price"":664.44446,""source_id"":""depot:sok-4707"",""market"":""sok"",""depot_name"":""Şok Minifevziçakmak"",""index_time"":""18.09.2026 12:27""}]","{""mode"":""pinned-relative"",""previous_prices"":{""depot:sok-4707"":299.0},""previous_level"":299.0,""link_factor"":1.0}"
2026-09-19,personal_paper,soap_liquid,Sıvı sabun,id:06QE,id:06QE,Protex Sıvı Sabun Ultra 1.5 Lt,1.5,l,337.97,225.313333,225.313333,1,225.31334,0.0,api-refined,Sıvı Sabunlar,sub_category,1,1,"[""depot:carrefour-1012""]","[""carrefour""]",pinned-relative,18.09.2026 12:27,0,1.1,2026-09-19T02:27:31.605172+03:00,"[{""price"":337.97,""api_unit_price"":225.31334,""source_id"":""depot:carrefour-1012"",""market"":""carrefour"",""depot_name"":""Istanbul Acıbadem Hıper"",""index_time"":""18.09.2026 12:27""}]","{""mode"":""pinned-relative"",""previous_prices"":{""depot:carrefour-1012"":337.97},""previous_level"":337.97,""link_factor"":1.0}"
2026-09-19,personal_paper,soap_bar,Kalıp sabun,id:1YQL,id:1YQL,Hacı Şakir Doğal Kalıp Sabun 4x150 Gr,0.6,kg,159.95,266.583333,253.65,1,266.5833,0.0,api-refined,Katı Sabunlar,sub_category,2,1,"[""depot:migros-1991""]","[""migros""]",pinned-relative,18.09.2026 12:26,0,1.1,2026-09-19T02:27:37.874537+03:00,"[{""price"":159.95,""api_unit_price"":266.5833,""source_id"":""depot:migros-1991"",""market"":""migros"",""depot_name"":""Çiçekçi M Migros"",""index_time"":""18.09.2026 12:26""}]","{""mode"":""pinned-relative"",""previous_prices"":{""depot:migros-1991"":159.95},""previous_level"":152.19,""link_factor"":1.0}"
2026-09-19,personal_paper,soap_bar,Kalıp sabun,id:1Y90,id:1Y90,Duru Saf Doğal Lavanta Kalıp Sabun 600 Gr,0.6,kg,166.32,277.2,276.548588,2,277.2,0.0,api-refined,Katı Sabunlar,sub_category,2,2,"[""depot:carrefour-1012"",""depot:migros-1991""]","[""carrefour"",""migros""]",pinned-relative,18.09.2026 12:27,0,1.1,2026-09-19T02:27:37.874550+03:00,"[{""price"":152.69,""api_unit_price"":254.48334,""source_id"":""depot:carrefour-1012"",""market"":""carrefour"",""depot_name"":""Istanbul Acıbadem Hıper"",""index_time"":""18.09.2026 12:27""},{""price"":179.95,""api_unit_price"":299.91666,""source_id"":""depot:migros-1991"",""market"":""migros"",""depot_name"":""Çiçekçi M Migros"",""index_time"":""18.09.2026 12:27""}]","{""mode"":""pinned-relative"",""previous_prices"":{""depot:carrefour-1012"":152.69,""depot:migros-1991"":179.95},""previous_level"":165.92915257409865,""link_factor"":1.0}"
2026-09-19,personal_paper,soap_bar,Kalıp sabun,id:1N5T,id:1N5T,Dove Original Cream Bar Katı Sabun 4x90 Gr,0.36,kg,199.07,552.972222,574.817774,2,552.972215,0.0,api-refined,Katı Sabunlar,sub_category,2,2,"[""depot:carrefour-1012"",""depot:migros-1991""]","[""carrefour"",""migros""]",pinned-relative,18.09.2026 12:27,0,1.1,2026-09-19T02:27:37.874553+03:00,"[{""price"":198.19,""api_unit_price"":550.52783,""source_id"":""depot:carrefour-1012"",""market"":""carrefour"",""depot_name"":""Istanbul Acıbadem Hıper"",""index_time"":""18.09.2026 12:27""},{""price"":199.95,""api_unit_price"":555.4166,""source_id"":""depot:migros-1991"",""market"":""migros"",""depot_name"":""Çiçekçi M Migros"",""index_time"":""18.09.2026 12:27""}]","{""mode"":""pinned-relative"",""previous_prices"":{""depot:carrefour-1012"":198.19,""depot:migros-1991"":199.95},""previous_level"":206.93439876831218,""link_factor"":1.0}"
2026-09-19,personal_paper,soap_bar,Kalıp sabun,id:0N9T,id:0N9T,Ebru Sabun Leylak 375 Gr,0.375,kg,70.0,186.666667,186.666667,1,186.66667,0.0,api-refined,Katı Sabunlar,sub_category,1,1,"[""depot:sok-4707""]","[""sok""]",pinned-relative,18.09.2026 12:23,0,1.1,2026-09-19T02:27:37.874556+03:00,"[{""price"":70.0,""api_unit_price"":186.66667,""source_id"":""depot:sok-4707"",""market"":""sok"",""depot_name"":""Şok Minifevziçakmak"",""index_time"":""18.09.2026 12:23""}]","{""mode"":""pinned-relative"",""previous_prices"":{""depot:sok-4707"":70.0},""previous_level"":70.0,""link_factor"":1.0}"
2026-09-19,personal_paper,soap_bar,Kalıp sabun,id:05VT,id:05VT,Işıl Güzellik Katı Sabun 375 Gr,0.375,kg,70.0,186.666667,186.666667,1,186.66667,0.0,api-refined,Katı Sabunlar,sub_category,1,1,"[""depot:bim-5712""]","[""bim""]",pinned-relative,18.09.2026 12:25,0,1.1,2026-09-19T02:27:37.874558+03:00,"[{""price"":70.0,""api_unit_price"":186.66667,""source_id"":""depot:bim-5712"",""market"":""bim"",""depot_name"":""Çiçekçi  Üsküdar"",""index_time"":""18.09.2026 12:25""}]","{""mode"":""pinned-relative"",""previous_prices"":{""depot:bim-5712"":70.0},""previous_level"":70.0,""link_factor"":1.0}"
2026-09-19,personal_paper,soap_bar,Kalıp sabun,id:13F4,id:13F4,Dove Güzellik Katı Sabun 90 Gr,0.09,kg,79.5,883.333333,883.333333,1,883.3333,0.0,api-refined,Katı Sabunlar,sub_category,1,1,"[""depot:bim-5712""]","[""bim""]",pinned-relative,18.09.2026 12:25,0,1.1,2026-09-19T02:27:37.874560+03:00,"[{""price"":79.5,""api_unit_price"":883.3333,""source_id"":""depot:bim-5712"",""market"":""bim"",""depot_name"":""Çiçekçi  Üsküdar"",""index_time"":""18.09.2026 12:25""}]","{""mode"":""pinned-relative"",""previous_prices"":{""depot:bim-5712"":79.5},""previous_level"":79.5,""link_factor"":1.0}"
2026-09-19,personal_paper,soap_bar,Kalıp sabun,id:0MOQ,id:0MOQ,Ebru Klasik Kalıp Beyaz Sabun 4x200 Gr,0.8,kg,109.0,136.25,136.25,1,136.25,0.0,api-refined,Katı Sabunlar,sub_category,1,1,"[""depot:sok-4707""]","[""sok""]",pinned-relative,18.09.2026 12:22,0,1.1,2026-09-19T02:27:37.874562+03:00,"[{""price"":109.0,""api_unit_price"":136.25,""source_id"":""depot:sok-4707"",""market"":""sok"",""depot_name"":""Şok Minifevziçakmak"",""index_time"":""18.09.2026 12:22""}]","{""mode"":""pinned-relative"",""previous_prices"":{""depot:sok-4707"":109.0},""previous_level"":109.0,""link_factor"":1.0}"
2026-09-19,personal_paper,soap_bar,Kalıp sabun,id:059W,id:059W,Işıl Doğal Katı Sabun 800 Gr,0.8,kg,109.0,136.25,136.25,1,136.25,0.0,api-refined,Katı Sabunlar,sub_category,1,1,"[""depot:bim-5712""]","[""bim""]",pinned-relative,18.09.2026 12:25,0,1.1,2026-09-19T02:27:37.874564+03:00,"[{""price"":109.0,""api_unit_price"":136.25,""source_id"":""depot:bim-5712"",""market"":""bim"",""depot_name"":""Çiçekçi  Üsküdar"",""index_time"":""18.09.2026 12:25""}]","{""mode"":""pinned-relative"",""previous_prices"":{""depot:bim-5712"":109.0},""previous_level"":109.00000000000001,""link_factor"":1.0}"
2026-09-19,personal_paper,soap_bar,Kalıp sabun,id:0QHU,id:0QHU,Migros Klasik Katı Sabun 4x200 Gr,0.8,kg,111.95,139.9375,139.9375,1,139.93748,0.0,api-refined,Katı Sabunlar,sub_category,1,1,"[""depot:migros-1991""]","[""migros""]",pinned-relative,18.09.2026 12:24,0,1.1,2026-09-19T02:27:37.874566+03:00,"[{""price"":111.95,""api_unit_price"":139.93748,""source_id"":""depot:migros-1991"",""market"":""migros"",""depot_name"":""Çiçekçi M Migros"",""index_time"":""18.09.2026 12:24""}]","{""mode"":""pinned-relative"",""previous_prices"":{""depot:migros-1991"":111.95},""previous_level"":111.95,""link_factor"":1.0}"
2026-09-19,personal_paper,soap_bar,Kalıp sabun,id:2MR2,id:2MR2,Dalin Klasik Katı Sabun 225 Gr,0.225,kg,119.0,528.888889,528.888889,1,528.88885,0.0,api-refined,Katı Sabunlar,sub_category,1,1,"[""depot:sok-4707""]","[""sok""]",pinned-relative,18.09.2026 12:22,0,1.1,2026-09-19T02:27:37.874568+03:00,"[{""price"":119.0,""api_unit_price"":528.88885,""source_id"":""depot:sok-4707"",""market"":""sok"",""depot_name"":""Şok Minifevziçakmak"",""index_time"":""18.09.2026 12:22""}]","{""mode"":""pinned-relative"",""previous_prices"":{""depot:sok-4707"":119.0},""previous_level"":119.0,""link_factor"":1.0}"
2026-09-19,personal_paper,soap_bar,Kalıp sabun,id:2BMV,id:2BMV,Hacı Şakir Kalıp Sabun 600 Gr,0.6,kg,149.0,248.333333,248.333333,1,248.33333,0.0,api-refined,Katı Sabunlar,sub_category,1,1,"[""depot:hakmar-5521""]","[""hakmar""]",pinned-relative,18.09.2026 12:25,0,1.1,2026-09-19T02:27:37.874570+03:00,"[{""price"":149.0,""api_unit_price"":248.33333,""source_id"":""depot:hakmar-5521"",""market"":""hakmar"",""depot_name"":""Ahmediye  Üsküdar"",""index_time"":""18.09.2026 12:25""}]","{""mode"":""pinned-relative"",""previous_prices"":{""depot:hakmar-5521"":149.0},""previous_level"":149.0,""link_factor"":1.0}"
2026-09-19,personal_paper,soap_bar,Kalıp sabun,id:1NWB,id:1NWB,Dalan Fresh & Minerals Deniz Tuzu Sabun 440 Gr,0.44,kg,149.95,340.795455,340.795455,1,340.79547,0.0,api-refined,Katı Sabunlar,sub_category,1,1,"[""depot:migros-1991""]","[""migros""]",pinned-relative,18.09.2026 12:24,0,1.1,2026-09-19T02:27:37.874573+03:00,"[{""price"":149.95,""api_unit_price"":340.79547,""source_id"":""depot:migros-1991"",""market"":""migros"",""depot_name"":""Çiçekçi M Migros"",""index_time"":""18.09.2026 12:24""}]","{""mode"":""pinned-relative"",""previous_prices"":{""depot:migros-1991"":149.95},""previous_level"":149.95,""link_factor"":1.0}"
2026-09-19,personal_paper,soap_bar,Kalıp sabun,id:01PK,id:01PK,Dalan Zeytinyağlı Katı Sabun 900 Gr,0.9,kg,155.0,172.222222,172.222222,1,172.22223,0.0,api-refined,Katı Sabunlar,sub_category,1,1,"[""depot:bim-5712""]","[""bim""]",pinned-relative,18.09.2026 12:25,0,1.1,2026-09-19T02:27:37.874575+03:00,"[{""price"":155.0,""api_unit_price"":172.22223,""source_id"":""depot:bim-5712"",""market"":""bim"",""depot_name"":""Çiçekçi  Üsküdar"",""index_time"":""18.09.2026 12:25""}]","{""mode"":""pinned-relative"",""previous_prices"":{""depot:bim-5712"":155.0},""previous_level"":155.0,""link_factor"":1.0}"
2026-09-19,personal_paper,soap_bar,Kalıp sabun,id:0FNZ,id:0FNZ,Hacı Şakir Kalıp Sabun Leylak 4x150 Gr,0.6,kg,152.69,254.483333,254.483333,1,254.48334,0.0,api-refined,Katı Sabunlar,sub_category,1,1,"[""depot:carrefour-1012""]","[""carrefour""]",pinned-relative,18.09.2026 12:26,0,1.1,2026-09-19T02:27:37.874577+03:00,"[{""price"":152.69,""api_unit_price"":254.48334,""source_id"":""depot:carrefour-1012"",""market"":""carrefour"",""depot_name"":""Istanbul Acıbadem Hıper"",""index_time"":""18.09.2026 12:26""}]","{""mode"":""pinned-relative"",""previous_prices"":{""depot:carrefour-1012"":152.69},""previous_level"":152.69,""link_factor"":1.0}"
2026-09-19,personal_paper,soap_bar,Kalıp sabun,id:0ARX,id:0ARX,Balmy Çilek Limon Esanslı Katı Sabun 110 Gr,0.11,kg,194.95,1772.272727,1772.272727,1,1772.2727,0.0,api-refined,Katı Sabunlar,sub_category,1,1,"[""depot:migros-564""]","[""migros""]",pinned-relative,18.09.2026 12:24,0,1.1,2026-09-19T02:27:37.874579+03:00,"[{""price"":194.95,""api_unit_price"":1772.2727,""source_id"":""depot:migros-564"",""market"":""migros"",""depot_name"":""Kadıköy Çarşı M Migros"",""index_time"":""18.09.2026 12:24""}]","{""mode"":""pinned-relative"",""previous_prices"":{""depot:migros-564"":194.95},""previous_level"":194.95,""link_factor"":1.0}"
2026-09-19,personal_paper,soap_bar,Kalıp sabun,id:1MLB,id:1MLB,Duru Duş Katı Sabun 600 Gr,0.6,kg,195.0,325.0,325.0,1,325.0,0.0,api-refined,Katı Sabunlar,sub_category,1,1,"[""depot:bim-5712""]","[""bim""]",pinned-relative,18.09.2026 12:25,0,1.1,2026-09-19T02:27:37.874581+03:00,"[{""price"":195.0,""api_unit_price"":325.0,""source_id"":""depot:bim-5712"",""market"":""bim"",""depot_name"":""Çiçekçi  Üsküdar"",""index_time"":""18.09.2026 12:25""}]","{""mode"":""pinned-relative"",""previous_prices"":{""depot:bim-5712"":195.0},""previous_level"":195.0,""link_factor"":1.0}"
2026-09-19,personal_paper,soap_bar,Kalıp sabun,id:1VC6,id:1VC6,Balmy Kabak Lifli Sabun Amber Wood & White Musk 125 Gr,0.125,kg,334.95,2679.6,2679.6,1,2679.6,0.0,api-refined,Katı Sabunlar,sub_category,1,1,"[""depot:migros-564""]","[""migros""]",pinned-relative,18.09.2026 12:27,0,1.1,2026-09-19T02:27:37.874583+03:00,"[{""price"":334.95,""api_unit_price"":2679.6,""source_id"":""depot:migros-564"",""market"":""migros"",""depot_name"":""Kadıköy Çarşı M Migros"",""index_time"":""18.09.2026 12:27""}]","{""mode"":""pinned-relative"",""previous_prices"":{""depot:migros-564"":334.95},""previous_level"":334.95,""link_factor"":1.0}"
2026-09-19,personal_paper,soap_bar,Kalıp sabun,id:0VIU,id:0VIU,Sebamed Clear Face Kompakt Sabun 100 Gr,0.1,kg,399.95,3999.5,3999.5,1,3999.5,0.0,api-refined,Katı Sabunlar,sub_category,1,1,"[""depot:migros-564""]","[""migros""]",pinned-relative,18.09.2026 12:24,0,1.1,2026-09-19T02:27:37.874585+03:00,"[{""price"":399.95,""api_unit_price"":3999.5,""source_id"":""depot:migros-564"",""market"":""migros"",""depot_name"":""Kadıköy Çarşı M Migros"",""index_time"":""18.09.2026 12:24""}]","{""mode"":""pinned-relative"",""previous_prices"":{""depot:migros-564"":399.95},""previous_level"":399.95000000000005,""link_factor"":1.0}"
2026-09-19,personal_paper,soap_bar,Kalıp sabun,id:1RYB,id:1RYB,Hacı Şakir Çiçek Terapisi Güzellik Sabunu 4x70 Gr,0.28,kg,136.07,485.964286,482.477197,2,485.96432,0.0,api-refined,Katı Sabunlar,sub_category,2,2,"[""depot:carrefour-1012"",""depot:migros-564""]","[""carrefour"",""migros""]",pinned-relative,18.09.2026 12:27,0,1.0,2026-09-19T02:27:37.874587+03:00,"[{""price"":107.19,""api_unit_price"":382.82144,""source_id"":""depot:carrefour-1012"",""market"":""carrefour"",""depot_name"":""Istanbul Acıbadem Hıper"",""index_time"":""18.09.2026 12:27""},{""price"":164.95,""api_unit_price"":589.1072,""source_id"":""depot:migros-564"",""market"":""migros"",""depot_name"":""Kadıköy Çarşı M Migros"",""index_time"":""18.09.2026 12:27""}]","{""mode"":""pinned-relative"",""previous_prices"":{""depot:carrefour-1012"":107.19,""depot:migros-564"":164.95},""previous_level"":135.0936150482797,""link_factor"":1.0}"
2026-09-19,personal_paper,soap_bar,Kalıp sabun,id:20SL,id:20SL,Dalan Antik Zeytinyağlı Argan Yağlı Banyo Sabunu 600 Gr,0.6,kg,120.19,200.316667,200.316667,1,200.31667,0.0,api-refined,Katı Sabunlar,sub_category,1,1,"[""depot:carrefour-1012""]","[""carrefour""]",pinned-relative,18.09.2026 12:26,0,1.0,2026-09-19T02:27:37.874589+03:00,"[{""price"":120.19,""api_unit_price"":200.31667,""source_id"":""depot:carrefour-1012"",""market"":""carrefour"",""depot_name"":""Istanbul Acıbadem Hıper"",""index_time"":""18.09.2026 12:26""}]","{""mode"":""pinned-relative"",""previous_prices"":{""depot:carrefour-1012"":120.19},""previous_level"":120.19,""link_factor"":1.0}"
2026-09-19,personal_paper,toothpaste,Diş macunu,id:1ZOR,id:1ZOR,Signal White System Diş Macunu 75 Ml,0.075,l,72.5,966.666667,1373.183846,1,966.6666,0.0,api-refined,Diş Macunları,sub_category,4,1,"[""depot:sok-4707""]","[""sok""]",pinned-relative,18.09.2026 12:27,0,1.1,2026-09-19T02:27:42.890507+03:00,"[{""price"":72.5,""api_unit_price"":966.6666,""source_id"":""depot:sok-4707"",""market"":""sok"",""depot_name"":""Şok Minifevziçakmak"",""index_time"":""18.09.2026 12:27""}]","{""mode"":""pinned-relative"",""previous_prices"":{""depot:sok-4707"":72.5},""previous_level"":102.98878845819868,""link_factor"":1.0}"
2026-09-19,personal_paper,toothpaste,Diş macunu,id:1KQV,id:1KQV,Sensodyne Florürlü Diş Macunu 100 Ml,0.1,l,192.425,1924.25,1924.241673,2,1924.25,0.0,api-refined,Diş Macunları,sub_category,2,2,"[""depot:carrefour-1012"",""depot:migros-1991""]","[""carrefour"",""migros""]",pinned-relative,18.09.2026 12:27,0,1.1,2026-09-19T02:27:42.890519+03:00,"[{""price"":164.95,""api_unit_price"":1649.5,""source_id"":""depot:migros-1991"",""market"":""migros"",""depot_name"":""Çiçekçi M Migros"",""index_time"":""18.09.2026 12:27""},{""price"":219.9,""api_unit_price"":2199.0,""source_id"":""depot:carrefour-1012"",""market"":""carrefour"",""depot_name"":""Istanbul Acıbadem Hıper"",""index_time"":""18.09.2026 12:27""}]","{""mode"":""pinned-relative"",""previous_prices"":{""depot:carrefour-1012"":219.9,""depot:migros-1991"":164.95},""previous_level"":192.4241672855116,""link_factor"":1.0}"
2026-09-19,personal_paper,toothpaste,Diş macunu,id:1MSN,id:1MSN,Sensodyne Diş Macunu 100 Ml,0.1,l,178.5,1785.0,1785.0,2,1785.0,0.0,api-refined,Diş Macunları,sub_category,2,2,"[""depot:bim-5712"",""depot:hakmar-5521""]","[""bim"",""hakmar""]",pinned-relative,18.09.2026 12:25,0,1.1,2026-09-19T02:27:42.890522+03:00,"[{""price"":178.5,""api_unit_price"":1785.0,""source_id"":""depot:bim-5712"",""market"":""bim"",""depot_name"":""Çiçekçi  Üsküdar"",""index_time"":""18.09.2026 12:25""},{""price"":178.5,""api_unit_price"":1785.0,""source_id"":""depot:hakmar-5521"",""market"":""hakmar"",""depot_name"":""Ahmediye  Üsküdar"",""index_time"":""18.09.2026 12:25""}]","{""mode"":""pinned-relative"",""previous_prices"":{""depot:bim-5712"":178.5,""depot:hakmar-5521"":178.5},""previous_level"":178.5,""link_factor"":1.0}"
2026-09-19,personal_paper,toothpaste,Diş macunu,id:1MRO,id:1MRO,Sensodyne Ferah Nefes Diş Macunu 100 Ml,0.1,l,199.45,1994.5,1994.5,2,1994.5,0.0,api-refined,Diş Macunları,sub_category,2,2,"[""depot:carrefour-1012"",""depot:sok-4707""]","[""carrefour"",""sok""]",pinned-relative,18.09.2026 12:27,0,1.1,2026-09-19T02:27:42.890525+03:00,"[{""price"":179.0,""api_unit_price"":1790.0,""source_id"":""depot:sok-4707"",""market"":""sok"",""depot_name"":""Şok Minifevziçakmak"",""index_time"":""18.09.2026 12:27""},{""price"":219.9,""api_unit_price"":2199.0,""source_id"":""depot:carrefour-1012"",""market"":""carrefour"",""depot_name"":""Istanbul Acıbadem Hıper"",""index_time"":""18.09.2026 12:27""}]","{""mode"":""pinned-relative"",""previous_prices"":{""depot:carrefour-1012"":219.9,""depot:sok-4707"":179.0},""previous_level"":199.45,""link_factor"":1.0}"
2026-09-19,personal_paper,toothpaste,Diş macunu,id:1R0P,id:1R0P,Colgate Optik Beyaz Diş Macunu 75 Ml,0.075,l,417.45,5566.0,5566.0,2,5566.0,0.0,api-refined,Diş Macunları,sub_category,2,2,"[""depot:carrefour-1012"",""depot:migros-3296""]","[""carrefour"",""migros""]",pinned-relative,18.09.2026 12:26,0,1.1,2026-09-19T02:27:42.890527+03:00,"[{""price"":379.95,""api_unit_price"":5066.0,""source_id"":""depot:migros-3296"",""market"":""migros"",""depot_name"":""Kadıköy Caferağa M Migros"",""index_time"":""18.09.2026 12:26""},{""price"":454.95,""api_unit_price"":6066.0,""source_id"":""depot:carrefour-1012"",""market"":""carrefour"",""depot_name"":""Istanbul Acıbadem Hıper"",""index_time"":""18.09.2026 12:26""}]","{""mode"":""pinned-relative"",""previous_prices"":{""depot:carrefour-1012"":454.95,""depot:migros-3296"":379.95},""previous_level"":417.45000000000005,""link_factor"":1.0}"
2026-09-19,personal_paper,toothpaste,Diş macunu,id:10GM,id:10GM,Experdent Diş Macunu Naneli 125 Ml,0.125,l,40.0,320.0,320.0,1,320.0,0.0,api-refined,Diş Macunları,sub_category,1,1,"[""depot:sok-4707""]","[""sok""]",pinned-relative,18.09.2026 12:22,0,1.1,2026-09-19T02:27:42.890529+03:00,"[{""price"":40.0,""api_unit_price"":320.0,""source_id"":""depot:sok-4707"",""market"":""sok"",""depot_name"":""Şok Minifevziçakmak"",""index_time"":""18.09.2026 12:22""}]","{""mode"":""pinned-relative"",""previous_prices"":{""depot:sok-4707"":40.0},""previous_level"":40.0,""link_factor"":1.0}"
2026-09-19,personal_paper,toothpaste,Diş macunu,id:1O1F,id:1O1F,Colgate Diş Macunu 50 Ml,0.05,l,99.0,1980.0,1980.0,1,1980.0,0.0,api-refined,Diş Macunları,sub_category,1,1,"[""depot:bim-5712""]","[""bim""]",pinned-relative,18.09.2026 12:27,0,1.1,2026-09-19T02:27:42.890531+03:00,"[{""price"":99.0,""api_unit_price"":1980.0,""source_id"":""depot:bim-5712"",""market"":""bim"",""depot_name"":""Çiçekçi  Üsküdar"",""index_time"":""18.09.2026 12:27""}]","{""mode"":""pinned-relative"",""previous_prices"":{""depot:bim-5712"":99.0},""previous_level"":99.0,""link_factor"":1.0}"
2026-09-19,personal_paper,toothpaste,Diş macunu,id:2CL0,id:2CL0,Colgate Diş Macunu Çürüklere Karşı 150 Ml,0.15,l,99.9,666.0,666.0,1,666.0,0.0,api-refined,Diş Macunları,sub_category,1,1,"[""depot:hakmar-5521""]","[""hakmar""]",pinned-relative,18.09.2026 12:25,0,1.1,2026-09-19T02:27:42.890533+03:00,"[{""price"":99.9,""api_unit_price"":666.0,""source_id"":""depot:hakmar-5521"",""market"":""hakmar"",""depot_name"":""Ahmediye  Üsküdar"",""index_time"":""18.09.2026 12:25""}]","{""mode"":""pinned-relative"",""previous_prices"":{""depot:hakmar-5521"":99.9},""previous_level"":99.9,""link_factor"":1.0}"
2026-09-19,personal_paper,toothpaste,Diş macunu,id:05R3,id:05R3,Parodontax Tam Koruma Diş Macunu 50 Ml,0.05,l,99.9,1998.0,1998.0,1,1998.0,0.0,api-refined,Diş Macunları,sub_category,1,1,"[""depot:hakmar-5521""]","[""hakmar""]",pinned-relative,18.09.2026 12:27,0,1.1,2026-09-19T02:27:42.890535+03:00,"[{""price"":99.9,""api_unit_price"":1998.0,""source_id"":""depot:hakmar-5521"",""market"":""hakmar"",""depot_name"":""Ahmediye  Üsküdar"",""index_time"":""18.09.2026 12:27""}]","{""mode"":""pinned-relative"",""previous_prices"":{""depot:hakmar-5521"":99.9},""previous_level"":99.9,""link_factor"":1.0}"
2026-09-19,personal_paper,toothpaste,Diş macunu,id:18HB,id:18HB,Signal Arındırıcı Beyazlık Diş Macunu 2x75 Ml,0.15,l,109.9,732.666667,732.666667,1,732.6667,0.0,api-refined,Diş Macunları,sub_category,1,1,"[""depot:tarim_kredi-5022""]","[""tarim_kredi""]",pinned-relative,18.09.2026 12:26,0,1.1,2026-09-19T02:27:42.890538+03:00,"[{""price"":109.9,""api_unit_price"":732.6667,""source_id"":""depot:tarim_kredi-5022"",""market"":""tarim_kredi"",""depot_name"":""Istanbul Kadıköy Market"",""index_time"":""18.09.2026 12:26""}]","{""mode"":""pinned-relative"",""previous_prices"":{""depot:tarim_kredi-5022"":109.9},""previous_level"":109.9,""link_factor"":1.0}"
2026-09-19,personal_paper,toothpaste,Diş macunu,id:1PMO,id:1PMO,Sensodyne-F Diş Macunu 100 Ml,0.1,l,179.0,1790.0,1790.0,1,1790.0,0.0,api-refined,Diş Macunları,sub_category,1,1,"[""depot:sok-4707""]","[""sok""]",pinned-relative,18.09.2026 12:23,0,1.1,2026-09-19T02:27:42.890540+03:00,"[{""price"":179.0,""api_unit_price"":1790.0,""source_id"":""depot:sok-4707"",""market"":""sok"",""depot_name"":""Şok Minifevziçakmak"",""index_time"":""18.09.2026 12:23""}]","{""mode"":""pinned-relative"",""previous_prices"":{""depot:sok-4707"":179.0},""previous_level"":179.0,""link_factor"":1.0}"
2026-09-19,personal_paper,toothpaste,Diş macunu,id:1Y5T,id:1Y5T,Oral-B Çocuk Diş Macunu 75 Ml,0.075,l,379.9,5065.333333,5065.333333,1,5065.3335,0.0,api-refined,Diş Macunları,sub_category,1,1,"[""depot:carrefour-1012""]","[""carrefour""]",pinned-relative,18.09.2026 12:27,0,1.1,2026-09-19T02:27:42.890542+03:00,"[{""price"":379.9,""api_unit_price"":5065.3335,""source_id"":""depot:carrefour-1012"",""market"":""carrefour"",""depot_name"":""Istanbul Acıbadem Hıper"",""index_time"":""18.09.2026 12:27""}]","{""mode"":""pinned-relative"",""previous_prices"":{""depot:carrefour-1012"":379.9},""previous_level"":379.9,""link_factor"":1.0}"
2026-09-19,personal_paper,toothpaste,Diş macunu,id:0KFH,id:0KFH,Sensodyne Komple Koruma Diş Macunu 75 Ml,0.075,l,150.0,2000.0,2000.0,1,2000.0,0.0,api-refined,Diş Macunları,sub_category,1,1,"[""depot:sok-4707""]","[""sok""]",pinned-relative,18.09.2026 12:22,0,1.1,2026-09-19T02:27:42.890544+03:00,"[{""price"":150.0,""api_unit_price"":2000.0,""source_id"":""depot:sok-4707"",""market"":""sok"",""depot_name"":""Şok Minifevziçakmak"",""index_time"":""18.09.2026 12:22""}]","{""mode"":""pinned-relative"",""previous_prices"":{""depot:sok-4707"":150.0},""previous_level"":150.0,""link_factor"":1.0}"
2026-09-19,personal_paper,toothpaste,Diş macunu,id:0RQP,id:0RQP,Sensodyne Beyazlatıcı Diş Macunu 75 Ml,0.075,l,163.88,2185.066667,2185.066667,1,2185.0667,0.0,api-refined,Diş Macunları,sub_category,1,1,"[""depot:carrefour-1012""]","[""carrefour""]",pinned-relative,18.09.2026 12:27,0,1.1,2026-09-19T02:27:42.890546+03:00,"[{""price"":163.88,""api_unit_price"":2185.0667,""source_id"":""depot:carrefour-1012"",""market"":""carrefour"",""depot_name"":""Istanbul Acıbadem Hıper"",""index_time"":""18.09.2026 12:27""}]","{""mode"":""pinned-relative"",""previous_prices"":{""depot:carrefour-1012"":163.88},""previous_level"":163.88,""link_factor"":1.0}"
2026-09-19,personal_paper,toothpaste,Diş macunu,id:1EE6,id:1EE6,Sensodyne Tam Koruma Diş Macunu 75 Ml,0.075,l,232.46,3099.466667,3099.466667,1,3099.4668,0.0,api-refined,Diş Macunları,sub_category,1,1,"[""depot:carrefour-1012""]","[""carrefour""]",pinned-relative,18.09.2026 12:27,0,1.1,2026-09-19T02:27:42.890548+03:00,"[{""price"":232.46,""api_unit_price"":3099.4668,""source_id"":""depot:carrefour-1012"",""market"":""carrefour"",""depot_name"":""Istanbul Acıbadem Hıper"",""index_time"":""18.09.2026 12:27""}]","{""mode"":""pinned-relative"",""previous_prices"":{""depot:carrefour-1012"":232.46},""previous_level"":232.46,""link_factor"":1.0}"
2026-09-19,personal_paper,toothpaste,Diş macunu,id:0V8L,id:0V8L,Sensodyne Çok Yönlü Koruma Diş Macunu 75 Ml,0.075,l,232.46,3099.466667,3099.466667,1,3099.4668,0.0,api-refined,Diş Macunları,sub_category,1,1,"[""depot:carrefour-1012""]","[""carrefour""]",pinned-relative,18.09.2026 12:27,0,1.1,2026-09-19T02:27:42.890550+03:00,"[{""price"":232.46,""api_unit_price"":3099.4668,""source_id"":""depot:carrefour-1012"",""market"":""carrefour"",""depot_name"":""Istanbul Acıbadem Hıper"",""index_time"":""18.09.2026 12:27""}]","{""mode"":""pinned-relative"",""previous_prices"":{""depot:carrefour-1012"":232.46},""previous_level"":232.46,""link_factor"":1.0}"
2026-09-19,personal_paper,toothpaste,Diş macunu,id:0VT3,id:0VT3,Parodontax Tam Koruma Diş Macunu 75 Ml,0.075,l,273.71,3649.466667,3649.466667,1,3649.4666,0.0,api-refined,Diş Macunları,sub_category,1,1,"[""depot:carrefour-1012""]","[""carrefour""]",pinned-relative,18.09.2026 12:27,0,1.1,2026-09-19T02:27:42.890553+03:00,"[{""price"":273.71,""api_unit_price"":3649.4666,""source_id"":""depot:carrefour-1012"",""market"":""carrefour"",""depot_name"":""Istanbul Acıbadem Hıper"",""index_time"":""18.09.2026 12:27""}]","{""mode"":""pinned-relative"",""previous_prices"":{""depot:carrefour-1012"":273.71},""previous_level"":273.71,""link_factor"":1.0}"
2026-09-19,personal_paper,toothbrush,Diş fırçası,id:20O6,id:20O6,Signal Ergonomik Diş Fırçası 2 Adet,2.0,count,114.925,57.4625,57.4625,2,57.4625,0.0,title,Diş Fırçaları,sub_category,2,2,"[""depot:carrefour-1012"",""depot:migros-1991""]","[""carrefour"",""migros""]",pinned-relative,18.09.2026 12:27,0,1.05,2026-09-19T02:27:49.105318+03:00,"[{""price"":89.9,""api_unit_price"":44.95,""source_id"":""depot:carrefour-1012"",""market"":""carrefour"",""depot_name"":""Istanbul Acıbadem Hıper"",""index_time"":""18.09.2026 12:27""},{""price"":139.95,""api_unit_price"":69.975,""source_id"":""depot:migros-1991"",""market"":""migros"",""depot_name"":""Çiçekçi M Migros"",""index_time"":""18.09.2026 12:27""}]","{""mode"":""pinned-relative"",""previous_prices"":{""depot:carrefour-1012"":89.9,""depot:migros-1991"":139.95},""previous_level"":114.925,""link_factor"":1.0}"
2026-09-19,personal_paper,toothbrush,Diş fırçası,id:1TX6,id:1TX6,Colgate Zigzag Aktif Kömür Diş Fırçası 2 Adet,2.0,count,189.95,94.975,108.725,1,94.975,0.0,title,Diş Fırçaları,sub_category,1,1,"[""depot:migros-1991""]","[""migros""]",pinned-relative,18.09.2026 12:27,0,1.05,2026-09-19T02:27:49.105330+03:00,"[{""price"":189.95,""api_unit_price"":94.975,""source_id"":""depot:migros-1991"",""market"":""migros"",""depot_name"":""Çiçekçi M Migros"",""index_time"":""18.09.2026 12:27""}]","{""mode"":""pinned-relative"",""previous_prices"":{""depot:migros-1991"":189.95},""previous_level"":217.45,""link_factor"":1.0}"
2026-09-19,personal_paper,toothbrush,Diş fırçası,id:1Y7O,id:1Y7O,Colgate Mikro İnce Siyah Diş Fırçası 2 Adet,2.0,count,316.475,158.2375,158.2375,2,158.2375,0.0,title,Diş Fırçaları,sub_category,2,2,"[""depot:carrefour-1012"",""depot:migros-3296""]","[""carrefour"",""migros""]",pinned-relative,18.09.2026 12:27,0,1.05,2026-09-19T02:27:49.105334+03:00,"[{""price"":269.95,""api_unit_price"":134.975,""source_id"":""depot:migros-3296"",""market"":""migros"",""depot_name"":""Kadıköy Caferağa M Migros"",""index_time"":""18.09.2026 12:27""},{""price"":363.0,""api_unit_price"":181.5,""source_id"":""depot:carrefour-1012"",""market"":""carrefour"",""depot_name"":""Istanbul Acıbadem Hıper"",""index_time"":""18.09.2026 12:27""}]","{""mode"":""pinned-relative"",""previous_prices"":{""depot:carrefour-1012"":363.0,""depot:migros-3296"":269.95},""previous_level"":316.475,""link_factor"":1.0}"
2026-09-19,personal_paper,toothbrush,Diş fırçası,id:0XAF,id:0XAF,Experdent Çocuk Diş Fırçası Yumuşak 1 Adet,1.0,count,16.0,16.0,16.0,1,16.0,0.0,title,Diş Fırçaları,sub_category,1,1,"[""depot:sok-4707""]","[""sok""]",pinned-relative,18.09.2026 12:22,0,1.05,2026-09-19T02:27:49.105336+03:00,"[{""price"":16.0,""api_unit_price"":16.0,""source_id"":""depot:sok-4707"",""market"":""sok"",""depot_name"":""Şok Minifevziçakmak"",""index_time"":""18.09.2026 12:22""}]","{""mode"":""pinned-relative"",""previous_prices"":{""depot:sok-4707"":16.0},""previous_level"":16.0,""link_factor"":1.0}"
2026-09-19,personal_paper,toothbrush,Diş fırçası,id:17S6,id:17S6,Powerdent Shine Orta Soft Diş Fırçası 2 Adet,2.0,count,39.5,19.75,19.75,1,19.75,0.0,title,Diş Fırçaları,sub_category,1,1,"[""depot:bim-5712""]","[""bim""]",pinned-relative,18.09.2026 12:25,0,1.05,2026-09-19T02:27:49.105338+03:00,"[{""price"":39.5,""api_unit_price"":19.75,""source_id"":""depot:bim-5712"",""market"":""bim"",""depot_name"":""Çiçekçi  Üsküdar"",""index_time"":""18.09.2026 12:25""}]","{""mode"":""pinned-relative"",""previous_prices"":{""depot:bim-5712"":39.5},""previous_level"":39.5,""link_factor"":1.0}"
2026-09-19,personal_paper,toothbrush,Diş fırçası,id:10GG,id:10GG,Experdent Diş Fırçası Orta 2 Adet,2.0,count,40.0,20.0,20.0,1,20.0,0.0,title,Diş Fırçaları,sub_category,1,1,"[""depot:sok-4707""]","[""sok""]",pinned-relative,18.09.2026 12:22,0,1.05,2026-09-19T02:27:49.105341+03:00,"[{""price"":40.0,""api_unit_price"":20.0,""source_id"":""depot:sok-4707"",""market"":""sok"",""depot_name"":""Şok Minifevziçakmak"",""index_time"":""18.09.2026 12:22""}]","{""mode"":""pinned-relative"",""previous_prices"":{""depot:sok-4707"":40.0},""previous_level"":40.0,""link_factor"":1.0}"
2026-09-19,personal_paper,toothbrush,Diş fırçası,id:08W1,id:08W1,D-Shine Yetişkin Orta Diş Fırçası 2 Adet,2.0,count,40.0,20.0,20.0,1,20.0,0.0,title,Diş Fırçaları,sub_category,1,1,"[""depot:hakmar-5521""]","[""hakmar""]",pinned-relative,18.09.2026 12:25,0,1.05,2026-09-19T02:27:49.105343+03:00,"[{""price"":40.0,""api_unit_price"":20.0,""source_id"":""depot:hakmar-5521"",""market"":""hakmar"",""depot_name"":""Ahmediye  Üsküdar"",""index_time"":""18.09.2026 12:25""}]","{""mode"":""pinned-relative"",""previous_prices"":{""depot:hakmar-5521"":40.0},""previous_level"":40.0,""link_factor"":1.0}"
2026-09-19,personal_paper,toothbrush,Diş fırçası,id:0TGS,id:0TGS,Galaxy Diş Fırçası 2 Adet,2.0,count,44.95,22.475,22.475,1,22.475,0.0,title,Diş Fırçaları,sub_category,1,1,"[""depot:migros-6679""]","[""migros""]",pinned-relative,18.09.2026 12:24,0,1.05,2026-09-19T02:27:49.105345+03:00,"[{""price"":44.95,""api_unit_price"":22.475,""source_id"":""depot:migros-6679"",""market"":""migros"",""depot_name"":""Mjet Kadıköy Rasımpaşa Istanbu"",""index_time"":""18.09.2026 12:24""}]","{""mode"":""pinned-relative"",""previous_prices"":{""depot:migros-6679"":44.95},""previous_level"":44.95,""link_factor"":1.0}"
2026-09-19,personal_paper,toothbrush,Diş fırçası,id:0ZB4,id:0ZB4,Experdent Mikro İnce Diş Fırçası 2 Adet,2.0,count,64.9,32.45,32.45,1,32.45,0.0,title,Diş Fırçaları,sub_category,1,1,"[""depot:sok-4707""]","[""sok""]",pinned-relative,18.09.2026 12:22,0,1.05,2026-09-19T02:27:49.105347+03:00,"[{""price"":64.9,""api_unit_price"":32.45,""source_id"":""depot:sok-4707"",""market"":""sok"",""depot_name"":""Şok Minifevziçakmak"",""index_time"":""18.09.2026 12:22""}]","{""mode"":""pinned-relative"",""previous_prices"":{""depot:sok-4707"":64.9},""previous_level"":64.9,""link_factor"":1.0}"
2026-09-19,personal_paper,toothbrush,Diş fırçası,id:0K4L,id:0K4L,Signal Beyaz Güç Diş Fırçası 1 Adet,1.0,count,94.95,94.95,94.95,1,94.95,0.0,title,Diş Fırçaları,sub_category,1,1,"[""depot:migros-4479""]","[""migros""]",pinned-relative,18.09.2026 12:27,0,1.05,2026-09-19T02:27:49.105349+03:00,"[{""price"":94.95,""api_unit_price"":94.95,""source_id"":""depot:migros-4479"",""market"":""migros"",""depot_name"":""Mjet Üsküdar Paşakapısı"",""index_time"":""18.09.2026 12:27""}]","{""mode"":""pinned-relative"",""previous_prices"":{""depot:migros-4479"":94.95},""previous_level"":94.95,""link_factor"":1.0}"
2026-09-19,personal_paper,toothbrush,Diş fırçası,id:00IR,id:00IR,Colgate Max White Fresh Diş Fırçası 1 Adet,1.0,count,99.0,99.0,99.0,1,99.0,0.0,title,Diş Fırçaları,sub_category,1,1,"[""depot:bim-5712""]","[""bim""]",pinned-relative,18.09.2026 12:25,0,1.05,2026-09-19T02:27:49.105351+03:00,"[{""price"":99.0,""api_unit_price"":99.0,""source_id"":""depot:bim-5712"",""market"":""bim"",""depot_name"":""Çiçekçi  Üsküdar"",""index_time"":""18.09.2026 12:25""}]","{""mode"":""pinned-relative"",""previous_prices"":{""depot:bim-5712"":99.0},""previous_level"":99.0,""link_factor"":1.0}"
2026-09-19,personal_paper,toothbrush,Diş fırçası,id:1RG0,id:1RG0,Difaş Ultra Clean Diş Fırçası 3 Adet,3.0,count,104.97,34.99,34.99,1,34.99,0.0,title,Diş Fırçaları,sub_category,1,1,"[""depot:migros-564""]","[""migros""]",pinned-relative,18.09.2026 12:24,0,1.05,2026-09-19T02:27:49.105353+03:00,"[{""price"":104.97,""api_unit_price"":34.99,""source_id"":""depot:migros-564"",""market"":""migros"",""depot_name"":""Kadıköy Çarşı M Migros"",""index_time"":""18.09.2026 12:24""}]","{""mode"":""pinned-relative"",""previous_prices"":{""depot:migros-564"":104.97},""previous_level"":104.97,""link_factor"":1.0}"
2026-09-19,personal_paper,toothbrush,Diş fırçası,id:0WHH,id:0WHH,Colgate Gentle Clean Diş Fırçası 2 Adet,2.0,count,120.0,60.0,60.0,1,60.0,0.0,title,Diş Fırçaları,sub_category,1,1,"[""depot:sok-4707""]","[""sok""]",pinned-relative,18.09.2026 12:22,0,1.05,2026-09-19T02:27:49.105355+03:00,"[{""price"":120.0,""api_unit_price"":60.0,""source_id"":""depot:sok-4707"",""market"":""sok"",""depot_name"":""Şok Minifevziçakmak"",""index_time"":""18.09.2026 12:22""}]","{""mode"":""pinned-relative"",""previous_prices"":{""depot:sok-4707"":120.0},""previous_level"":120.0,""link_factor"":1.0}"
2026-09-19,personal_paper,toothbrush,Diş fırçası,id:0FT5,id:0FT5,Signal Clean Action Diş Fırçası 4 Adet,4.0,count,179.9,44.975,44.975,1,44.975,0.0,title,Diş Fırçaları,sub_category,1,1,"[""depot:carrefour-1012""]","[""carrefour""]",pinned-relative,18.09.2026 12:27,0,1.05,2026-09-19T02:27:49.105358+03:00,"[{""price"":179.9,""api_unit_price"":44.975,""source_id"":""depot:carrefour-1012"",""market"":""carrefour"",""depot_name"":""Istanbul Acıbadem Hıper"",""index_time"":""18.09.2026 12:27""}]","{""mode"":""pinned-relative"",""previous_prices"":{""depot:carrefour-1012"":179.9},""previous_level"":179.9,""link_factor"":1.0}"
2026-09-19,personal_paper,toothbrush,Diş fırçası,id:0LZL,id:0LZL,Sensodyne Nourish Sağlık Ve Temizlik Diş Fırçası 1 Adet,1.0,count,179.93,179.93,179.93,1,179.93,0.0,title,Diş Fırçaları,sub_category,1,1,"[""depot:carrefour-1012""]","[""carrefour""]",pinned-relative,18.09.2026 12:26,0,1.05,2026-09-19T02:27:49.105360+03:00,"[{""price"":179.93,""api_unit_price"":179.93,""source_id"":""depot:carrefour-1012"",""market"":""carrefour"",""depot_name"":""Istanbul Acıbadem Hıper"",""index_time"":""18.09.2026 12:26""}]","{""mode"":""pinned-relative"",""previous_prices"":{""depot:carrefour-1012"":179.93},""previous_level"":179.93,""link_factor"":1.0}"
2026-09-19,personal_paper,deodorant,Deodorant,id:1SVD,id:1SVD,Blade Deodorant 150 Ml,0.15,l,109.0,726.666667,916.940407,1,726.6667,0.0,api-refined,Deodorant,sub_category,2,1,"[""depot:bim-5712""]","[""bim""]",pinned-relative,18.09.2026 12:27,0,1.1,2026-09-19T02:27:55.367172+03:00,"[{""price"":109.0,""api_unit_price"":726.6667,""source_id"":""depot:bim-5712"",""market"":""bim"",""depot_name"":""Çiçekçi  Üsküdar"",""index_time"":""18.09.2026 12:27""}]","{""mode"":""pinned-relative"",""previous_prices"":{""depot:bim-5712"":109.0},""previous_level"":137.5410610151475,""link_factor"":1.0}"
2026-09-19,personal_paper,deodorant,Deodorant,id:21DO,id:21DO,Axe Erkek Deodorant 150 Ml,0.15,l,239.0,1593.333333,1686.170827,2,1593.33335,0.0,api-refined,Deodorant,sub_category,2,2,"[""depot:bim-5712"",""depot:hakmar-5521""]","[""bim"",""hakmar""]",pinned-relative,18.09.2026 12:27,0,1.1,2026-09-19T02:27:55.367183+03:00,"[{""price"":159.0,""api_unit_price"":1060.0,""source_id"":""depot:bim-5712"",""market"":""bim"",""depot_name"":""Çiçekçi  Üsküdar"",""index_time"":""18.09.2026 12:27""},{""price"":319.0,""api_unit_price"":2126.6667,""source_id"":""depot:hakmar-5521"",""market"":""hakmar"",""depot_name"":""Ahmediye  Üsküdar"",""index_time"":""18.09.2026 12:27""}]","{""mode"":""pinned-relative"",""previous_prices"":{""depot:bim-5712"":159.0,""depot:hakmar-5521"":319.0},""previous_level"":252.92562401008416,""link_factor"":1.0}"
2026-09-19,personal_paper,deodorant,Deodorant,id:1ISZ,id:1ISZ,Emotion Deodorant 150 Ml,0.15,l,109.0,726.666667,771.336318,1,726.6667,0.0,api-refined,Deodorant,sub_category,1,1,"[""depot:bim-5712""]","[""bim""]",pinned-relative,18.09.2026 12:27,0,1.1,2026-09-19T02:27:55.367187+03:00,"[{""price"":109.0,""api_unit_price"":726.6667,""source_id"":""depot:bim-5712"",""market"":""bim"",""depot_name"":""Çiçekçi  Üsküdar"",""index_time"":""18.09.2026 12:27""}]","{""mode"":""pinned-relative"",""previous_prices"":{""depot:bim-5712"":109.0},""previous_level"":115.70044774030019,""link_factor"":1.0}"
2026-09-19,personal_paper,deodorant,Deodorant,id:1VRZ,id:1VRZ,Emotion Ocean Fresh Deodorant 150 Ml,0.15,l,164.475,1096.5,1032.250234,2,1096.5,0.0,api-refined,Deodorant,sub_category,2,2,"[""depot:migros-4479"",""depot:sok-4707""]","[""migros"",""sok""]",pinned-relative,18.09.2026 12:27,0,1.1,2026-09-19T02:27:55.367189+03:00,"[{""price"":109.0,""api_unit_price"":726.6667,""source_id"":""depot:sok-4707"",""market"":""sok"",""depot_name"":""Şok Minifevziçakmak"",""index_time"":""18.09.2026 12:27""},{""price"":219.95,""api_unit_price"":1466.3333,""source_id"":""depot:migros-4479"",""market"":""migros"",""depot_name"":""Mjet Üsküdar Paşakapısı"",""index_time"":""18.09.2026 12:27""}]","{""mode"":""pinned-relative"",""previous_prices"":{""depot:migros-4479"":219.95,""depot:sok-4707"":109.0},""previous_level"":154.83753516952675,""link_factor"":1.0}"
2026-09-19,personal_paper,deodorant,Deodorant,id:1YHN,id:1YHN,Axe Dark Temptation Deodorant 150 Ml,0.15,l,239.475,1596.5,1503.657208,2,1596.5001,0.0,api-refined,Deodorant,sub_category,2,2,"[""depot:migros-1991"",""depot:sok-4707""]","[""migros"",""sok""]",pinned-relative,18.09.2026 12:24,0,1.1,2026-09-19T02:27:55.367191+03:00,"[{""price"":159.0,""api_unit_price"":1060.0,""source_id"":""depot:sok-4707"",""market"":""sok"",""depot_name"":""Şok Minifevziçakmak"",""index_time"":""18.09.2026 12:24""},{""price"":319.95,""api_unit_price"":2133.0002,""source_id"":""depot:migros-1991"",""market"":""migros"",""depot_name"":""Çiçekçi M Migros"",""index_time"":""18.09.2026 12:24""}]","{""mode"":""pinned-relative"",""previous_prices"":{""depot:migros-1991"":319.95,""depot:sok-4707"":159.0},""previous_level"":225.54858115017214,""link_factor"":1.0}"
2026-09-19,personal_paper,deodorant,Deodorant,id:0PIL,id:0PIL,Garnier Ekstra Ferahlık Sprey Deodorant 150 Ml,0.15,l,199.95,1333.0,1333.0,1,1333.0,0.0,api-refined,Deodorant,sub_category,1,1,"[""depot:migros-1991""]","[""migros""]",pinned-relative,18.09.2026 12:24,0,1.1,2026-09-19T02:27:55.367193+03:00,"[{""price"":199.95,""api_unit_price"":1333.0,""source_id"":""depot:migros-1991"",""market"":""migros"",""depot_name"":""Çiçekçi M Migros"",""index_time"":""18.09.2026 12:24""}]","{""mode"":""pinned-relative"",""previous_prices"":{""depot:migros-1991"":199.95},""previous_level"":199.95,""link_factor"":1.0}"
2026-09-19,personal_paper,deodorant,Deodorant,id:2A1F,id:2A1F,Emotion Kadın Deodorant 150 Ml,0.15,l,219.0,1460.0,1460.0,1,1460.0,0.0,api-refined,Deodorant,sub_category,1,1,"[""depot:hakmar-5521""]","[""hakmar""]",pinned-relative,18.09.2026 12:25,0,1.1,2026-09-19T02:27:55.367196+03:00,"[{""price"":219.0,""api_unit_price"":1460.0,""source_id"":""depot:hakmar-5521"",""market"":""hakmar"",""depot_name"":""Ahmediye  Üsküdar"",""index_time"":""18.09.2026 12:25""}]","{""mode"":""pinned-relative"",""previous_prices"":{""depot:hakmar-5521"":219.0},""previous_level"":219.0,""link_factor"":1.0}"
2026-09-19,personal_paper,deodorant,Deodorant,id:1OTR,id:1OTR,Nivea Deodorant Fresh Natural Kadın 75 Ml,0.075,l,290.0,3866.666667,3866.666667,1,3866.6665,0.0,api-refined,Deodorant,sub_category,1,1,"[""depot:sok-4707""]","[""sok""]",pinned-relative,18.09.2026 12:22,0,1.1,2026-09-19T02:27:55.367198+03:00,"[{""price"":290.0,""api_unit_price"":3866.6665,""source_id"":""depot:sok-4707"",""market"":""sok"",""depot_name"":""Şok Minifevziçakmak"",""index_time"":""18.09.2026 12:22""}]","{""mode"":""pinned-relative"",""previous_prices"":{""depot:sok-4707"":290.0},""previous_level"":290.0,""link_factor"":1.0}"
2026-09-19,personal_paper,deodorant,Deodorant,id:1OJK,id:1OJK,Nivea Men Deodorant Fresh Active 75 Ml,0.075,l,290.0,3866.666667,3866.666667,1,3866.6665,0.0,api-refined,Deodorant,sub_category,1,1,"[""depot:sok-4707""]","[""sok""]",pinned-relative,18.09.2026 12:23,0,1.1,2026-09-19T02:27:55.367200+03:00,"[{""price"":290.0,""api_unit_price"":3866.6665,""source_id"":""depot:sok-4707"",""market"":""sok"",""depot_name"":""Şok Minifevziçakmak"",""index_time"":""18.09.2026 12:23""}]","{""mode"":""pinned-relative"",""previous_prices"":{""depot:sok-4707"":290.0},""previous_level"":290.0,""link_factor"":1.0}"
2026-09-19,personal_paper,deodorant,Deodorant,id:1NF1,id:1NF1,Nivea Kadın Deodorant Çeşitleri 150 Ml,0.15,l,129.0,860.0,860.0,1,860.0,0.0,api-refined,Deodorant,sub_category,1,1,"[""depot:bim-5712""]","[""bim""]",pinned-relative,18.09.2026 12:25,0,1.1,2026-09-19T02:27:55.367202+03:00,"[{""price"":129.0,""api_unit_price"":860.0,""source_id"":""depot:bim-5712"",""market"":""bim"",""depot_name"":""Çiçekçi  Üsküdar"",""index_time"":""18.09.2026 12:25""}]","{""mode"":""pinned-relative"",""previous_prices"":{""depot:bim-5712"":129.0},""previous_level"":129.0,""link_factor"":1.0}"
2026-09-19,personal_paper,deodorant,Deodorant,id:0VO9,id:0VO9,Nivea Deep Dimension Sprey Deodorant 150 Ml,0.15,l,259.95,1733.0,1733.0,1,1733.0,0.0,api-refined,Deodorant,sub_category,1,1,"[""depot:migros-1991""]","[""migros""]",pinned-relative,18.09.2026 12:24,0,1.1,2026-09-19T02:27:55.367204+03:00,"[{""price"":259.95,""api_unit_price"":1733.0,""source_id"":""depot:migros-1991"",""market"":""migros"",""depot_name"":""Çiçekçi M Migros"",""index_time"":""18.09.2026 12:24""}]","{""mode"":""pinned-relative"",""previous_prices"":{""depot:migros-1991"":259.95},""previous_level"":259.95,""link_factor"":1.0}"
2026-09-19,personal_paper,deodorant,Deodorant,id:198H,id:198H,Rexona Kadın Deodorant Şeftali & Limon Otu 150 Ml,0.15,l,144.0,960.0,960.0,1,960.0,0.0,api-refined,Deodorant,sub_category,1,1,"[""depot:sok-4707""]","[""sok""]",pinned-relative,18.09.2026 12:22,0,1.1,2026-09-19T02:27:55.367206+03:00,"[{""price"":144.0,""api_unit_price"":960.0,""source_id"":""depot:sok-4707"",""market"":""sok"",""depot_name"":""Şok Minifevziçakmak"",""index_time"":""18.09.2026 12:22""}]","{""mode"":""pinned-relative"",""previous_prices"":{""depot:sok-4707"":144.0},""previous_level"":144.0,""link_factor"":1.0}"
2026-09-19,personal_paper,deodorant,Deodorant,id:1UHP,id:1UHP,Rexona Kadın Deodorant 150 Ml,0.15,l,144.0,960.0,960.0,1,960.0,0.0,api-refined,Deodorant,sub_category,1,1,"[""depot:bim-5712""]","[""bim""]",pinned-relative,18.09.2026 12:25,0,1.1,2026-09-19T02:27:55.367208+03:00,"[{""price"":144.0,""api_unit_price"":960.0,""source_id"":""depot:bim-5712"",""market"":""bim"",""depot_name"":""Çiçekçi  Üsküdar"",""index_time"":""18.09.2026 12:25""}]","{""mode"":""pinned-relative"",""previous_prices"":{""depot:bim-5712"":144.0},""previous_level"":144.0,""link_factor"":1.0}"
2026-09-19,personal_paper,deodorant,Deodorant,id:1QTM,id:1QTM,Dove Men Clean Comfort Sprey Deodorant 150 Ml,0.15,l,189.95,1266.333333,1266.333333,1,1266.3334,0.0,api-refined,Deodorant,sub_category,1,1,"[""depot:migros-564""]","[""migros""]",pinned-relative,18.09.2026 12:24,0,1.1,2026-09-19T02:27:55.367211+03:00,"[{""price"":189.95,""api_unit_price"":1266.3334,""source_id"":""depot:migros-564"",""market"":""migros"",""depot_name"":""Kadıköy Çarşı M Migros"",""index_time"":""18.09.2026 12:24""}]","{""mode"":""pinned-relative"",""previous_prices"":{""depot:migros-564"":189.95},""previous_level"":189.95,""link_factor"":1.0}"
2026-09-19,personal_paper,deodorant,Deodorant,id:216U,id:216U,Nivea Men Fresh Active Erkek Sprey Deodorant 200 Ml,0.2,l,299.95,1499.75,1499.75,1,1499.75,0.0,api-refined,Deodorant,sub_category,1,1,"[""depot:migros-564""]","[""migros""]",pinned-relative,18.09.2026 12:24,0,1.1,2026-09-19T02:27:55.367213+03:00,"[{""price"":299.95,""api_unit_price"":1499.75,""source_id"":""depot:migros-564"",""market"":""migros"",""depot_name"":""Kadıköy Çarşı M Migros"",""index_time"":""18.09.2026 12:24""}]","{""mode"":""pinned-relative"",""previous_prices"":{""depot:migros-564"":299.95},""previous_level"":299.95,""link_factor"":1.0}"
2026-09-19,personal_paper,deodorant,Deodorant,id:12RV,id:12RV,Axe Cherry Spritz Erkek Sprey Deodorant 150 Ml,0.15,l,239.95,1599.666667,1599.666667,1,1599.6666,0.0,api-refined,Deodorant,sub_category,1,1,"[""depot:migros-1991""]","[""migros""]",pinned-relative,18.09.2026 12:24,0,1.1,2026-09-19T02:27:55.367215+03:00,"[{""price"":239.95,""api_unit_price"":1599.6666,""source_id"":""depot:migros-1991"",""market"":""migros"",""depot_name"":""Çiçekçi M Migros"",""index_time"":""18.09.2026 12:24""}]","{""mode"":""pinned-relative"",""previous_prices"":{""depot:migros-1991"":239.95},""previous_level"":239.95,""link_factor"":1.0}"
2026-09-19,personal_paper,deodorant,Deodorant,id:0LWW,id:0LWW,Axe Blue Lavender Deodorant Body Sprey 150 Ml,0.15,l,239.95,1599.666667,1599.666667,1,1599.6666,0.0,api-refined,Deodorant,sub_category,1,1,"[""depot:migros-1991""]","[""migros""]",pinned-relative,18.09.2026 12:24,0,1.1,2026-09-19T02:27:55.367217+03:00,"[{""price"":239.95,""api_unit_price"":1599.6666,""source_id"":""depot:migros-1991"",""market"":""migros"",""depot_name"":""Çiçekçi M Migros"",""index_time"":""18.09.2026 12:24""}]","{""mode"":""pinned-relative"",""previous_prices"":{""depot:migros-1991"":239.95},""previous_level"":239.95,""link_factor"":1.0}"
2026-09-19,personal_paper,deodorant,Deodorant,id:1Q9E,id:1Q9E,Rexona Shower Fresh Kadın Antiperspirant Deodorant 200 Ml,0.2,l,349.95,1749.75,1749.75,1,1749.75,0.0,api-refined,Deodorant,sub_category,1,1,"[""depot:migros-564""]","[""migros""]",pinned-relative,18.09.2026 12:24,0,1.1,2026-09-19T02:27:55.367219+03:00,"[{""price"":349.95,""api_unit_price"":1749.75,""source_id"":""depot:migros-564"",""market"":""migros"",""depot_name"":""Kadıköy Çarşı M Migros"",""index_time"":""18.09.2026 12:24""}]","{""mode"":""pinned-relative"",""previous_prices"":{""depot:migros-564"":349.95},""previous_level"":349.95,""link_factor"":1.0}"
2026-09-19,personal_paper,toilet_paper,Tuvalet kağıdı,id:1Q7V,id:1Q7V,Papia Biocare Tuvalet Kağıdı 12 Adet,12.0,count,319.9,26.658333,23.5375,1,26.658333,0.0,title,Tuvalet Kağıdı,sub_category,1,1,"[""depot:carrefour-1012""]","[""carrefour""]",pinned-relative,18.09.2026 12:28,0,1.1,2026-09-19T02:27:57.858430+03:00,"[{""price"":319.9,""api_unit_price"":26.658333,""source_id"":""depot:carrefour-1012"",""market"":""carrefour"",""depot_name"":""Istanbul Acıbadem Hıper"",""index_time"":""18.09.2026 12:28""}]","{""mode"":""pinned-relative"",""previous_prices"":{""depot:carrefour-1012"":319.9},""previous_level"":282.45,""link_factor"":1.0}"
2026-09-19,personal_paper,toilet_paper,Tuvalet kağıdı,id:07K9,id:07K9,Blume Nature 2 Katlı Tuvalet Kağıdı 8 Adet,8.0,count,35.0,4.375,4.375,1,4.375,0.0,title,Tuvalet Kağıdı,sub_category,1,1,"[""depot:bim-5712""]","[""bim""]",pinned-relative,18.09.2026 12:25,0,1.1,2026-09-19T02:27:57.858443+03:00,"[{""price"":35.0,""api_unit_price"":4.375,""source_id"":""depot:bim-5712"",""market"":""bim"",""depot_name"":""Çiçekçi  Üsküdar"",""index_time"":""18.09.2026 12:25""}]","{""mode"":""pinned-relative"",""previous_prices"":{""depot:bim-5712"":35.0},""previous_level"":35.0,""link_factor"":1.0}"
2026-09-19,personal_paper,toilet_paper,Tuvalet kağıdı,id:1CQA,id:1CQA,Confort Geri Dönüşüm Tuvalet Kağıdı 16 Adet,16.0,count,105.0,6.5625,6.5625,1,6.5625,0.0,title,Tuvalet Kağıdı,sub_category,1,1,"[""depot:sok-4707""]","[""sok""]",pinned-relative,18.09.2026 12:22,0,1.1,2026-09-19T02:27:57.858446+03:00,"[{""price"":105.0,""api_unit_price"":6.5625,""source_id"":""depot:sok-4707"",""market"":""sok"",""depot_name"":""Şok Minifevziçakmak"",""index_time"":""18.09.2026 12:22""}]","{""mode"":""pinned-relative"",""previous_prices"":{""depot:sok-4707"":105.0},""previous_level"":105.0,""link_factor"":1.0}"
2026-09-19,personal_paper,toilet_paper,Tuvalet kağıdı,id:0458,id:0458,Blume Çift Katlı Tuvalet Kağıdı 16 Adet,16.0,count,123.0,7.6875,7.6875,1,7.6875,0.0,title,Tuvalet Kağıdı,sub_category,1,1,"[""depot:bim-5712""]","[""bim""]",pinned-relative,18.09.2026 12:25,0,1.1,2026-09-19T02:27:57.858448+03:00,"[{""price"":123.0,""api_unit_price"":7.6875,""source_id"":""depot:bim-5712"",""market"":""bim"",""depot_name"":""Çiçekçi  Üsküdar"",""index_time"":""18.09.2026 12:25""}]","{""mode"":""pinned-relative"",""previous_prices"":{""depot:bim-5712"":123.0},""previous_level"":123.0,""link_factor"":1.0}"
2026-09-19,personal_paper,toilet_paper,Tuvalet kağıdı,id:1WJO,id:1WJO,Carrefour Çift Katlı Tuvalet Kağıdı 16 Adet,16.0,count,123.95,7.746875,7.746875,1,7.746875,0.0,title,Tuvalet Kağıdı,sub_category,1,1,"[""depot:carrefour-5254""]","[""carrefour""]",pinned-relative,18.09.2026 12:27,0,1.1,2026-09-19T02:27:57.858451+03:00,"[{""price"":123.95,""api_unit_price"":7.746875,""source_id"":""depot:carrefour-5254"",""market"":""carrefour"",""depot_name"":""Istanbul Üsküdar Salacak Mını"",""index_time"":""18.09.2026 12:27""}]","{""mode"":""pinned-relative"",""previous_prices"":{""depot:carrefour-5254"":123.95},""previous_level"":123.95,""link_factor"":1.0}"
2026-09-19,personal_paper,toilet_paper,Tuvalet kağıdı,id:0SOX,id:14BN,Queen Bambu 3 Katlı Tuvalet Kağıdı 40 Adet,40.0,count,289.0,7.225,10.495833,1,7.225,0.0,title,Tuvalet Kağıdı,sub_category,1,1,"[""depot:bim-5712""]","[""bim""]",pinned-relative,18.09.2026 12:25,1,1.1,2026-09-19T02:27:57.858453+03:00,"[{""price"":289.0,""api_unit_price"":7.225,""source_id"":""depot:bim-5712"",""market"":""bim"",""depot_name"":""Çiçekçi  Üsküdar"",""index_time"":""18.09.2026 12:25""}]","{""mode"":""pinned-relative"",""previous_prices"":{""depot:bim-5712"":289.0},""previous_level"":289.0,""link_factor"":1.4527104498269896}"
2026-09-19,personal_paper,toilet_paper,Tuvalet kağıdı,id:1FX8,id:1FX8,Confort Tuvalet Kağıdı 16 Adet,16.0,count,123.0,7.6875,7.6875,1,7.6875,0.0,title,Tuvalet Kağıdı,sub_category,1,1,"[""depot:sok-4707""]","[""sok""]",pinned-relative,18.09.2026 12:22,0,1.1,2026-09-19T02:27:57.858455+03:00,"[{""price"":123.0,""api_unit_price"":7.6875,""source_id"":""depot:sok-4707"",""market"":""sok"",""depot_name"":""Şok Minifevziçakmak"",""index_time"":""18.09.2026 12:22""}]","{""mode"":""pinned-relative"",""previous_prices"":{""depot:sok-4707"":123.0},""previous_level"":123.0,""link_factor"":1.0}"
2026-09-19,personal_paper,toilet_paper,Tuvalet kağıdı,id:07Q1,id:07Q1,Selis Parfümlü 3 Katlı Tuvalet Kağıdı 12'li 12 Adet,12.0,count,143.0,11.916667,11.916667,1,11.916667,0.0,title,Tuvalet Kağıdı,sub_category,1,1,"[""depot:hakmar-5521""]","[""hakmar""]",pinned-relative,18.09.2026 12:25,0,1.1,2026-09-19T02:27:57.858457+03:00,"[{""price"":143.0,""api_unit_price"":11.916667,""source_id"":""depot:hakmar-5521"",""market"":""hakmar"",""depot_name"":""Ahmediye  Üsküdar"",""index_time"":""18.09.2026 12:25""}]","{""mode"":""pinned-relative"",""previous_prices"":{""depot:hakmar-5521"":143.0},""previous_level"":143.0,""link_factor"":1.0}"
2026-09-19,personal_paper,toilet_paper,Tuvalet kağıdı,id:2B28,id:2B28,Selpak 3 Katlı Tuvalet Kağıdı 16 Adet,16.0,count,199.0,12.4375,12.4375,1,12.4375,0.0,title,Tuvalet Kağıdı,sub_category,1,1,"[""depot:hakmar-5521""]","[""hakmar""]",pinned-relative,18.09.2026 12:25,0,1.1,2026-09-19T02:27:57.858459+03:00,"[{""price"":199.0,""api_unit_price"":12.4375,""source_id"":""depot:hakmar-5521"",""market"":""hakmar"",""depot_name"":""Ahmediye  Üsküdar"",""index_time"":""18.09.2026 12:25""}]","{""mode"":""pinned-relative"",""previous_prices"":{""depot:hakmar-5521"":199.0},""previous_level"":199.0,""link_factor"":1.0}"
2026-09-19,personal_paper,toilet_paper,Tuvalet kağıdı,id:1UOH,id:1UOH,Carrefour Eco Planet Tuvalet Kağıdı 32'li,32.0,count,245.9,7.684375,7.684375,1,7.684375,0.0,title,Tuvalet Kağıdı,sub_category,1,1,"[""depot:carrefour-1012""]","[""carrefour""]",pinned-relative,18.09.2026 12:26,0,1.1,2026-09-19T02:27:57.858461+03:00,"[{""price"":245.9,""api_unit_price"":7.684375,""source_id"":""depot:carrefour-1012"",""market"":""carrefour"",""depot_name"":""Istanbul Acıbadem Hıper"",""index_time"":""18.09.2026 12:26""}]","{""mode"":""pinned-relative"",""previous_prices"":{""depot:carrefour-1012"":245.9},""previous_level"":245.9,""link_factor"":1.0}"
2026-09-19,personal_paper,toilet_paper,Tuvalet kağıdı,id:1WE3,id:1WE3,Carrefour Çift Katlı Tuvalet Kağıdı 32 Adet,32.0,count,256.95,8.029687,8.029687,1,8.029688,0.0,title,Tuvalet Kağıdı,sub_category,1,1,"[""depot:carrefour-5254""]","[""carrefour""]",pinned-relative,18.09.2026 12:27,0,1.1,2026-09-19T02:27:57.858463+03:00,"[{""price"":256.95,""api_unit_price"":8.029688,""source_id"":""depot:carrefour-5254"",""market"":""carrefour"",""depot_name"":""Istanbul Üsküdar Salacak Mını"",""index_time"":""18.09.2026 12:27""}]","{""mode"":""pinned-relative"",""previous_prices"":{""depot:carrefour-5254"":256.95},""previous_level"":256.95,""link_factor"":1.0}"
2026-09-19,personal_paper,toilet_paper,Tuvalet kağıdı,id:1PDS,id:196W,Blume Eko 2 Katlı Tuvalet Kağıdı 40 Adet,40.0,count,249.0,6.225,17.496875,1,6.225,0.0,title,Tuvalet Kağıdı,sub_category,1,1,"[""depot:bim-5712""]","[""bim""]",pinned-relative,18.09.2026 12:25,1,1.1,2026-09-19T02:27:57.858465+03:00,"[{""price"":249.0,""api_unit_price"":6.225,""source_id"":""depot:bim-5712"",""market"":""bim"",""depot_name"":""Çiçekçi  Üsküdar"",""index_time"":""18.09.2026 12:25""}]","{""mode"":""pinned-relative"",""previous_prices"":{""depot:bim-5712"":249.0},""previous_level"":249.0,""link_factor"":2.8107429718875503}"
2026-09-19,personal_paper,toilet_paper,Tuvalet kağıdı,id:21JG,id:21JG,Familia Natural Tuvalet Kağıdı 48 Adet,48.0,count,329.0,6.854167,6.854167,1,6.854166,0.0,title,Tuvalet Kağıdı,sub_category,1,1,"[""depot:bim-5712""]","[""bim""]",pinned-relative,18.09.2026 12:25,0,1.1,2026-09-19T02:27:57.858472+03:00,"[{""price"":329.0,""api_unit_price"":6.8541665,""source_id"":""depot:bim-5712"",""market"":""bim"",""depot_name"":""Çiçekçi  Üsküdar"",""index_time"":""18.09.2026 12:25""}]","{""mode"":""pinned-relative"",""previous_prices"":{""depot:bim-5712"":329.0},""previous_level"":329.0,""link_factor"":1.0}"
2026-09-19,personal_paper,toilet_paper,Tuvalet kağıdı,id:1WO9,id:1WO9,Solo Bambu Tuvalet Kağıdı 48 Adet,48.0,count,349.0,7.270833,7.270833,1,7.270834,0.0,title,Tuvalet Kağıdı,sub_category,1,1,"[""depot:bim-5712""]","[""bim""]",pinned-relative,18.09.2026 12:25,0,1.1,2026-09-19T02:27:57.858475+03:00,"[{""price"":349.0,""api_unit_price"":7.2708335,""source_id"":""depot:bim-5712"",""market"":""bim"",""depot_name"":""Çiçekçi  Üsküdar"",""index_time"":""18.09.2026 12:25""}]","{""mode"":""pinned-relative"",""previous_prices"":{""depot:bim-5712"":349.0},""previous_level"":349.0,""link_factor"":1.0}"
2026-09-19,personal_paper,toilet_paper,Tuvalet kağıdı,id:1VXX,id:1VXX,Papia Tuvalet Kağıdı 4 Katlı 16 Adet,16.0,count,409.9,25.61875,25.61875,1,25.61875,0.0,title,Tuvalet Kağıdı,sub_category,1,1,"[""depot:carrefour-1012""]","[""carrefour""]",pinned-relative,18.09.2026 12:27,0,1.1,2026-09-19T02:27:57.858477+03:00,"[{""price"":409.9,""api_unit_price"":25.61875,""source_id"":""depot:carrefour-1012"",""market"":""carrefour"",""depot_name"":""Istanbul Acıbadem Hıper"",""index_time"":""18.09.2026 12:27""}]","{""mode"":""pinned-relative"",""previous_prices"":{""depot:carrefour-1012"":409.9},""previous_level"":409.9,""link_factor"":1.0}"
2026-09-19,personal_paper,toilet_paper,Tuvalet kağıdı,id:0UBB,id:1WUP,Selpak Tuvalet Kağıdı 24 Adet,24.0,count,469.95,19.58125,19.58125,1,19.581251,0.0,title,Tuvalet Kağıdı,sub_category,1,1,"[""depot:carrefour-1012""]","[""carrefour""]",pinned-relative,18.09.2026 12:27,1,1.1,2026-09-19T02:27:57.858479+03:00,"[{""price"":469.95,""api_unit_price"":19.581251,""source_id"":""depot:carrefour-1012"",""market"":""carrefour"",""depot_name"":""Istanbul Acıbadem Hıper"",""index_time"":""18.09.2026 12:27""}]","{""mode"":""pinned-relative"",""previous_prices"":{""depot:carrefour-1012"":469.95},""previous_level"":469.95,""link_factor"":1.0}"
2026-09-19,personal_paper,toilet_paper,Tuvalet kağıdı,id:1KQ6,id:1GF3,Selpak Kaşmir Katkılı Tuvalet Kağıdı 16 Adet,16.0,count,390.9,24.43125,18.746874,1,24.43125,0.0,title,Tuvalet Kağıdı,sub_category,2,1,"[""depot:carrefour-1012""]","[""carrefour""]",pinned-relative,18.09.2026 12:27,1,1.1,2026-09-19T02:27:57.858481+03:00,"[{""price"":390.9,""api_unit_price"":24.43125,""source_id"":""depot:carrefour-1012"",""market"":""carrefour"",""depot_name"":""Istanbul Acıbadem Hıper"",""index_time"":""18.09.2026 12:27""}]","{""mode"":""pinned-relative"",""previous_prices"":{""depot:carrefour-1012"":390.9},""previous_level"":295.425,""link_factor"":1.0153168888126085}"
2026-09-19,personal_paper,toilet_paper,Tuvalet kağıdı,id:1XAK,id:1XAK,Familia Kokulu Tuvalet Kağıdı 32 Adet,32.0,count,599.9,18.746875,18.746875,1,18.746876,0.0,title,Tuvalet Kağıdı,sub_category,1,1,"[""depot:carrefour-1012""]","[""carrefour""]",pinned-relative,18.09.2026 12:26,0,1.1,2026-09-19T02:27:57.858483+03:00,"[{""price"":599.9,""api_unit_price"":18.746876,""source_id"":""depot:carrefour-1012"",""market"":""carrefour"",""depot_name"":""Istanbul Acıbadem Hıper"",""index_time"":""18.09.2026 12:26""}]","{""mode"":""pinned-relative"",""previous_prices"":{""depot:carrefour-1012"":599.9},""previous_level"":599.9,""link_factor"":1.0}"
2026-09-19,personal_paper,toilet_paper,Tuvalet kağıdı,id:0O96,id:0O96,Süper Maylo Bambu Katkılı Tuvalet Kağıdı 40 Adet,40.0,count,265.0,6.625,6.625,1,6.625,0.0,title,Tuvalet Kağıdı,sub_category,1,1,"[""depot:migros-1991""]","[""migros""]",pinned-relative,18.09.2026 12:24,0,1.1,2026-09-19T02:27:57.858485+03:00,"[{""price"":265.0,""api_unit_price"":6.625,""source_id"":""depot:migros-1991"",""market"":""migros"",""depot_name"":""Çiçekçi M Migros"",""index_time"":""18.09.2026 12:24""}]","{""mode"":""pinned-relative"",""previous_prices"":{""depot:migros-1991"":265.0},""previous_level"":265.0,""link_factor"":1.0}"
2026-09-19,personal_paper,toilet_paper,Tuvalet kağıdı,id:0O5P,id:0O5P,Selpak Deluxe Pamuk Katkılı Tuvalet Kağıdı 32 Adet,32.0,count,349.95,10.935937,10.935937,1,10.935938,0.0,title,Tuvalet Kağıdı,sub_category,1,1,"[""depot:migros-1991""]","[""migros""]",pinned-relative,18.09.2026 12:24,0,1.1,2026-09-19T02:27:57.858488+03:00,"[{""price"":349.95,""api_unit_price"":10.935938,""source_id"":""depot:migros-1991"",""market"":""migros"",""depot_name"":""Çiçekçi M Migros"",""index_time"":""18.09.2026 12:24""}]","{""mode"":""pinned-relative"",""previous_prices"":{""depot:migros-1991"":349.95},""previous_level"":349.95,""link_factor"":1.0}"
2026-09-19,personal_paper,toilet_paper,Tuvalet kağıdı,id:1IAM,id:00HH,Queen Parfümlü 3 Katlı Tuvalet Kağıdı 12 Adet,12.0,count,143.0,11.916667,15.82375,1,11.916667,0.0,title,Tuvalet Kağıdı,sub_category,1,1,"[""depot:bim-5712""]","[""bim""]",pinned-relative,18.09.2026 12:25,1,1.1,2026-09-19T02:27:57.858490+03:00,"[{""price"":143.0,""api_unit_price"":11.916667,""source_id"":""depot:bim-5712"",""market"":""bim"",""depot_name"":""Çiçekçi  Üsküdar"",""index_time"":""18.09.2026 12:25""}]","{""mode"":""pinned-relative"",""previous_prices"":{""depot:bim-5712"":143.0},""previous_level"":143.0,""link_factor"":1.3278670957239973}"
2026-09-19,personal_paper,paper_towel,Kağıt havlu,id:13ZN,id:13ZN,Wells 2 Katlı Kağıt Havlu 6 Adet,6.0,count,59.0,9.833333,9.833333,1,9.833333,0.0,title,Rulo Kağıt Havlu,sub_category,1,1,"[""depot:bim-5712""]","[""bim""]",pinned-relative,18.09.2026 12:25,0,1.1,2026-09-19T02:28:00.355035+03:00,"[{""price"":59.0,""api_unit_price"":9.833333,""source_id"":""depot:bim-5712"",""market"":""bim"",""depot_name"":""Çiçekçi  Üsküdar"",""index_time"":""18.09.2026 12:25""}]","{""mode"":""pinned-relative"",""previous_prices"":{""depot:bim-5712"":59.0},""previous_level"":59.0,""link_factor"":1.0}"
2026-09-19,personal_paper,paper_towel,Kağıt havlu,id:1CF0,id:1CF0,Confort Geri Dönüşüm Kağıt Havlu 6 Adet,6.0,count,67.5,11.25,11.25,1,11.25,0.0,title,Rulo Kağıt Havlu,sub_category,1,1,"[""depot:sok-4707""]","[""sok""]",pinned-relative,18.09.2026 12:23,0,1.1,2026-09-19T02:28:00.355047+03:00,"[{""price"":67.5,""api_unit_price"":11.25,""source_id"":""depot:sok-4707"",""market"":""sok"",""depot_name"":""Şok Minifevziçakmak"",""index_time"":""18.09.2026 12:23""}]","{""mode"":""pinned-relative"",""previous_prices"":{""depot:sok-4707"":67.5},""previous_level"":67.5,""link_factor"":1.0}"
2026-09-19,personal_paper,paper_towel,Kağıt havlu,id:0QLD,id:0QLD,Ecco Yeşil Dünya Kağıt Havlu 6 Adet,6.0,count,87.95,14.658333,14.658333,1,14.658333,0.0,title,Rulo Kağıt Havlu,sub_category,1,1,"[""depot:migros-6679""]","[""migros""]",pinned-relative,18.09.2026 12:24,0,1.1,2026-09-19T02:28:00.355050+03:00,"[{""price"":87.95,""api_unit_price"":14.658333,""source_id"":""depot:migros-6679"",""market"":""migros"",""depot_name"":""Mjet Kadıköy Rasımpaşa Istanbu"",""index_time"":""18.09.2026 12:24""}]","{""mode"":""pinned-relative"",""previous_prices"":{""depot:migros-6679"":87.95},""previous_level"":87.95,""link_factor"":1.0}"
2026-09-19,personal_paper,paper_towel,Kağıt havlu,id:06HX,id:06HX,Blume Kağıt Havlu 6 Adet,6.0,count,89.0,14.833333,14.833333,1,14.833333,0.0,title,Rulo Kağıt Havlu,sub_category,1,1,"[""depot:bim-5712""]","[""bim""]",pinned-relative,18.09.2026 12:25,0,1.1,2026-09-19T02:28:00.355052+03:00,"[{""price"":89.0,""api_unit_price"":14.833333,""source_id"":""depot:bim-5712"",""market"":""bim"",""depot_name"":""Çiçekçi  Üsküdar"",""index_time"":""18.09.2026 12:25""}]","{""mode"":""pinned-relative"",""previous_prices"":{""depot:bim-5712"":89.0},""previous_level"":89.0,""link_factor"":1.0}"
2026-09-19,personal_paper,paper_towel,Kağıt havlu,id:01I5,id:01I5,Selis Çift Katlı Kağıt Havlu 6 Adet,6.0,count,89.0,14.833333,14.833333,1,14.833333,0.0,title,Rulo Kağıt Havlu,sub_category,1,1,"[""depot:hakmar-5521""]","[""hakmar""]",pinned-relative,18.09.2026 12:25,0,1.1,2026-09-19T02:28:00.355055+03:00,"[{""price"":89.0,""api_unit_price"":14.833333,""source_id"":""depot:hakmar-5521"",""market"":""hakmar"",""depot_name"":""Ahmediye  Üsküdar"",""index_time"":""18.09.2026 12:25""}]","{""mode"":""pinned-relative"",""previous_prices"":{""depot:hakmar-5521"":89.0},""previous_level"":89.0,""link_factor"":1.0}"
2026-09-19,personal_paper,paper_towel,Kağıt havlu,id:0OPV,id:0OPV,Viva Kağıt Havlu 6 Adet,6.0,count,89.95,14.991667,14.991667,1,14.991666,0.0,title,Rulo Kağıt Havlu,sub_category,1,1,"[""depot:migros-6679""]","[""migros""]",pinned-relative,18.09.2026 12:24,0,1.1,2026-09-19T02:28:00.355057+03:00,"[{""price"":89.95,""api_unit_price"":14.991666,""source_id"":""depot:migros-6679"",""market"":""migros"",""depot_name"":""Mjet Kadıköy Rasımpaşa Istanbu"",""index_time"":""18.09.2026 12:24""}]","{""mode"":""pinned-relative"",""previous_prices"":{""depot:migros-6679"":89.95},""previous_level"":89.95,""link_factor"":1.0}"
2026-09-19,personal_paper,paper_towel,Kağıt havlu,id:1VHH,id:1VHH,Carrefour Çift Katlı Kağıt Havlu 6 Adet,6.0,count,89.95,14.991667,14.991667,1,14.991666,0.0,title,Rulo Kağıt Havlu,sub_category,1,1,"[""depot:carrefour-5254""]","[""carrefour""]",pinned-relative,18.09.2026 12:27,0,1.1,2026-09-19T02:28:00.355059+03:00,"[{""price"":89.95,""api_unit_price"":14.991666,""source_id"":""depot:carrefour-5254"",""market"":""carrefour"",""depot_name"":""Istanbul Üsküdar Salacak Mını"",""index_time"":""18.09.2026 12:27""}]","{""mode"":""pinned-relative"",""previous_prices"":{""depot:carrefour-5254"":89.95},""previous_level"":89.95,""link_factor"":1.0}"
2026-09-19,personal_paper,paper_towel,Kağıt havlu,id:10IZ,id:10IZ,Confort Kağıt Havlu 6 Adet,6.0,count,89.0,14.833333,14.833333,1,14.833333,0.0,title,Rulo Kağıt Havlu,sub_category,1,1,"[""depot:sok-4707""]","[""sok""]",pinned-relative,18.09.2026 12:22,0,1.1,2026-09-19T02:28:00.355061+03:00,"[{""price"":89.0,""api_unit_price"":14.833333,""source_id"":""depot:sok-4707"",""market"":""sok"",""depot_name"":""Şok Minifevziçakmak"",""index_time"":""18.09.2026 12:22""}]","{""mode"":""pinned-relative"",""previous_prices"":{""depot:sok-4707"":89.0},""previous_level"":89.0,""link_factor"":1.0}"
2026-09-19,personal_paper,paper_towel,Kağıt havlu,id:1XK8,id:1XK8,Carrefour Eco Planet Kağıt Havlu 12 Adet,12.0,count,158.9,13.241667,13.241667,1,13.241666,0.0,title,Rulo Kağıt Havlu,sub_category,1,1,"[""depot:carrefour-5254""]","[""carrefour""]",pinned-relative,18.09.2026 12:26,0,1.1,2026-09-19T02:28:00.355063+03:00,"[{""price"":158.9,""api_unit_price"":13.241666,""source_id"":""depot:carrefour-5254"",""market"":""carrefour"",""depot_name"":""Istanbul Üsküdar Salacak Mını"",""index_time"":""18.09.2026 12:26""}]","{""mode"":""pinned-relative"",""previous_prices"":{""depot:carrefour-5254"":158.9},""previous_level"":158.9,""link_factor"":1.0}"
2026-09-19,personal_paper,paper_towel,Kağıt havlu,id:2B29,id:2B29,Selpak Yağ Emici Kağıt Havlu 8 Adet,8.0,count,159.0,19.875,19.875,1,19.875,0.0,title,Rulo Kağıt Havlu,sub_category,1,1,"[""depot:hakmar-5521""]","[""hakmar""]",pinned-relative,18.09.2026 12:26,0,1.1,2026-09-19T02:28:00.355066+03:00,"[{""price"":159.0,""api_unit_price"":19.875,""source_id"":""depot:hakmar-5521"",""market"":""hakmar"",""depot_name"":""Ahmediye  Üsküdar"",""index_time"":""18.09.2026 12:26""}]","{""mode"":""pinned-relative"",""previous_prices"":{""depot:hakmar-5521"":159.0},""previous_level"":159.0,""link_factor"":1.0}"
2026-09-19,personal_paper,paper_towel,Kağıt havlu,id:1UPA,id:1UPA,Carrefour Çift Katlı Kağıt Havlu 12 Adet,12.0,count,178.5,14.875,14.875,1,14.875,0.0,title,Rulo Kağıt Havlu,sub_category,1,1,"[""depot:carrefour-5254""]","[""carrefour""]",pinned-relative,18.09.2026 12:27,0,1.1,2026-09-19T02:28:00.355068+03:00,"[{""price"":178.5,""api_unit_price"":14.875,""source_id"":""depot:carrefour-5254"",""market"":""carrefour"",""depot_name"":""Istanbul Üsküdar Salacak Mını"",""index_time"":""18.09.2026 12:27""}]","{""mode"":""pinned-relative"",""previous_prices"":{""depot:carrefour-5254"":178.5},""previous_level"":178.5,""link_factor"":1.0}"
2026-09-19,personal_paper,paper_towel,Kağıt havlu,id:1PMS,id:1PMS,Familia Plus Natural Kağıt Havlu 6 Adet,6.0,count,199.95,33.325,33.325,1,33.325,0.0,title,Rulo Kağıt Havlu,sub_category,1,1,"[""depot:migros-6679""]","[""migros""]",pinned-relative,18.09.2026 12:27,0,1.1,2026-09-19T02:28:00.355070+03:00,"[{""price"":199.95,""api_unit_price"":33.325,""source_id"":""depot:migros-6679"",""market"":""migros"",""depot_name"":""Mjet Kadıköy Rasımpaşa Istanbu"",""index_time"":""18.09.2026 12:27""}]","{""mode"":""pinned-relative"",""previous_prices"":{""depot:migros-6679"":199.95},""previous_level"":199.95,""link_factor"":1.0}"
2026-09-19,personal_paper,paper_towel,Kağıt havlu,id:0K45,id:0K45,Sofia Kağıt Havlu 12 Adet,12.0,count,369.95,30.829167,30.829167,1,30.829168,0.0,title,Rulo Kağıt Havlu,sub_category,1,1,"[""depot:migros-564""]","[""migros""]",pinned-relative,18.09.2026 12:24,0,1.1,2026-09-19T02:28:00.355072+03:00,"[{""price"":369.95,""api_unit_price"":30.829168,""source_id"":""depot:migros-564"",""market"":""migros"",""depot_name"":""Kadıköy Çarşı M Migros"",""index_time"":""18.09.2026 12:24""}]","{""mode"":""pinned-relative"",""previous_prices"":{""depot:migros-564"":369.95},""previous_level"":369.95,""link_factor"":1.0}"
2026-09-19,personal_paper,paper_towel,Kağıt havlu,id:016M,id:016M,Maylo Süper Bambu Katkılı Kağıt Havlu 16 Adet,16.0,count,419.95,26.246875,26.246875,1,26.246876,0.0,title,Rulo Kağıt Havlu,sub_category,1,1,"[""depot:migros-1991""]","[""migros""]",pinned-relative,18.09.2026 12:24,0,1.1,2026-09-19T02:28:00.355074+03:00,"[{""price"":419.95,""api_unit_price"":26.246876,""source_id"":""depot:migros-1991"",""market"":""migros"",""depot_name"":""Çiçekçi M Migros"",""index_time"":""18.09.2026 12:24""}]","{""mode"":""pinned-relative"",""previous_prices"":{""depot:migros-1991"":419.95},""previous_level"":419.95,""link_factor"":1.0}"
2026-09-19,personal_paper,wet_wipes,Islak mendil,id:00R1,id:00R1,Selis Islak Mendil 3x15 Adet,45.0,count,23.0,0.511111,0.511111,1,0.511111,0.0,title,Islak Mendil,sub_category,1,1,"[""depot:hakmar-5521""]","[""hakmar""]",pinned-relative,18.09.2026 12:25,0,1.1,2026-09-19T02:28:02.856269+03:00,"[{""price"":23.0,""api_unit_price"":0.51111114,""source_id"":""depot:hakmar-5521"",""market"":""hakmar"",""depot_name"":""Ahmediye  Üsküdar"",""index_time"":""18.09.2026 12:25""}]","{""mode"":""pinned-relative"",""previous_prices"":{""depot:hakmar-5521"":23.0},""previous_level"":23.0,""link_factor"":1.0}"
2026-09-19,personal_paper,wet_wipes,Islak mendil,id:20PV,id:20PV,Fibril Sedir Ağacı Islak Mendil 90 Adet,90.0,count,49.95,0.555,0.555,1,0.555,0.0,title,Islak Mendil,sub_category,1,1,"[""depot:migros-564""]","[""migros""]",pinned-relative,18.09.2026 12:27,0,1.1,2026-09-19T02:28:02.856280+03:00,"[{""price"":49.95,""api_unit_price"":0.555,""source_id"":""depot:migros-564"",""market"":""migros"",""depot_name"":""Kadıköy Çarşı M Migros"",""index_time"":""18.09.2026 12:27""}]","{""mode"":""pinned-relative"",""previous_prices"":{""depot:migros-564"":49.95},""previous_level"":49.95,""link_factor"":1.0}"
2026-09-19,personal_paper,wet_wipes,Islak mendil,id:1VRC,id:1VRC,Selpak Organik Bambu & Zeytinyağı Özlü Islak Mendil 50 Adet,50.0,count,59.95,1.199,1.199,1,1.199,0.0,title,Islak Mendil,sub_category,1,1,"[""depot:migros-3296""]","[""migros""]",pinned-relative,18.09.2026 12:27,0,1.1,2026-09-19T02:28:02.856283+03:00,"[{""price"":59.95,""api_unit_price"":1.199,""source_id"":""depot:migros-3296"",""market"":""migros"",""depot_name"":""Kadıköy Caferağa M Migros"",""index_time"":""18.09.2026 12:27""}]","{""mode"":""pinned-relative"",""previous_prices"":{""depot:migros-3296"":59.95},""previous_level"":59.95,""link_factor"":1.0}"
2026-09-19,personal_paper,wet_wipes,Islak mendil,id:20C2,id:20C2,Selpak Organik Bambu Özlü & Zeytinyağlı Islak Mendil 150 Adet,150.0,count,139.95,0.933,0.933,1,0.933,0.0,title,Islak Mendil,sub_category,1,1,"[""depot:migros-4479""]","[""migros""]",pinned-relative,18.09.2026 12:24,0,1.1,2026-09-19T02:28:02.856286+03:00,"[{""price"":139.95,""api_unit_price"":0.93299997,""source_id"":""depot:migros-4479"",""market"":""migros"",""depot_name"":""Mjet Üsküdar Paşakapısı"",""index_time"":""18.09.2026 12:24""}]","{""mode"":""pinned-relative"",""previous_prices"":{""depot:migros-4479"":139.95},""previous_level"":139.95,""link_factor"":1.0}"
2026-09-19,personal_paper,wet_wipes,Islak mendil,id:0XF7,id:0XF7,Sleepy Doğal Organik Pembe Islak Cep Mendili 45 Adet,45.0,count,112.95,2.51,2.51,1,2.51,0.0,title,Islak Mendil,sub_category,1,1,"[""depot:migros-1991""]","[""migros""]",pinned-relative,18.09.2026 12:24,0,1.05,2026-09-19T02:28:02.856288+03:00,"[{""price"":112.95,""api_unit_price"":2.51,""source_id"":""depot:migros-1991"",""market"":""migros"",""depot_name"":""Çiçekçi M Migros"",""index_time"":""18.09.2026 12:24""}]","{""mode"":""pinned-relative"",""previous_prices"":{""depot:migros-1991"":112.95},""previous_level"":112.95,""link_factor"":1.0}"
2026-09-19,personal_paper,tissues,Kağıt mendil,id:1RW5,id:1RW5,Selpak Klasik Mendil 10 Adet,10.0,count,99.95,9.995,9.995,1,9.995,0.0,title,Kağıt Mendil,sub_category,2,1,"[""depot:carrefour-1012""]","[""carrefour""]",pinned-relative,18.09.2026 12:26,0,1.1,2026-09-19T02:28:04.088531+03:00,"[{""price"":99.95,""api_unit_price"":9.995,""source_id"":""depot:carrefour-1012"",""market"":""carrefour"",""depot_name"":""Istanbul Acıbadem Hıper"",""index_time"":""18.09.2026 12:26""}]","{""mode"":""pinned-relative"",""previous_prices"":{""depot:carrefour-1012"":99.95},""previous_level"":99.95,""link_factor"":1.0}"
2026-09-19,personal_paper,tissues,Kağıt mendil,id:0R6L,id:0R6L,Selpak Losyonlu Mendil 10 Adet,10.0,count,109.95,10.995,10.9475,1,10.995,0.0,title,Kağıt Mendil,sub_category,1,1,"[""depot:migros-1991""]","[""migros""]",pinned-relative,18.09.2026 12:26,0,1.1,2026-09-19T02:28:04.088542+03:00,"[{""price"":109.95,""api_unit_price"":10.995,""source_id"":""depot:migros-1991"",""market"":""migros"",""depot_name"":""Çiçekçi M Migros"",""index_time"":""18.09.2026 12:26""}]","{""mode"":""pinned-relative"",""previous_prices"":{""depot:migros-1991"":109.95},""previous_level"":109.475,""link_factor"":1.0}"
2026-09-19,personal_paper,tissues,Kağıt mendil,id:0LHI,id:0LHI,Beyaz Güvercin Mendil 10 Adet,10.0,count,30.0,3.0,3.0,1,3.0,0.0,title,Kağıt Mendil,sub_category,1,1,"[""depot:sok-4707""]","[""sok""]",pinned-relative,18.09.2026 12:22,0,1.1,2026-09-19T02:28:04.088546+03:00,"[{""price"":30.0,""api_unit_price"":3.0,""source_id"":""depot:sok-4707"",""market"":""sok"",""depot_name"":""Şok Minifevziçakmak"",""index_time"":""18.09.2026 12:22""}]","{""mode"":""pinned-relative"",""previous_prices"":{""depot:sok-4707"":30.0},""previous_level"":30.0,""link_factor"":1.0}"
2026-09-19,personal_paper,tissues,Kağıt mendil,id:02OO,id:02OO,Blume 3 Katlı Kağıt Mendil 10 Adet,10.0,count,30.0,3.0,3.0,1,3.0,0.0,title,Kağıt Mendil,sub_category,1,1,"[""depot:bim-5712""]","[""bim""]",pinned-relative,18.09.2026 12:25,0,1.1,2026-09-19T02:28:04.088548+03:00,"[{""price"":30.0,""api_unit_price"":3.0,""source_id"":""depot:bim-5712"",""market"":""bim"",""depot_name"":""Çiçekçi  Üsküdar"",""index_time"":""18.09.2026 12:25""}]","{""mode"":""pinned-relative"",""previous_prices"":{""depot:bim-5712"":30.0},""previous_level"":30.0,""link_factor"":1.0}"
2026-09-19,personal_paper,tissues,Kağıt mendil,id:2A0K,id:2A0K,Selis Kağıt Mendil 10 Adet,10.0,count,30.0,3.0,3.0,1,3.0,0.0,title,Kağıt Mendil,sub_category,1,1,"[""depot:hakmar-5521""]","[""hakmar""]",pinned-relative,18.09.2026 12:25,0,1.1,2026-09-19T02:28:04.088550+03:00,"[{""price"":30.0,""api_unit_price"":3.0,""source_id"":""depot:hakmar-5521"",""market"":""hakmar"",""depot_name"":""Ahmediye  Üsküdar"",""index_time"":""18.09.2026 12:25""}]","{""mode"":""pinned-relative"",""previous_prices"":{""depot:hakmar-5521"":30.0},""previous_level"":30.0,""link_factor"":1.0}"
2026-09-19,personal_paper,tissues,Kağıt mendil,id:0WKB,id:0WKB,Selpak Mentollü Mendil 10 Adet,10.0,count,109.0,10.9,10.9,1,10.9,0.0,title,Kağıt Mendil,sub_category,1,1,"[""depot:carrefour-1012""]","[""carrefour""]",pinned-relative,18.09.2026 12:26,0,1.1,2026-09-19T02:28:04.088553+03:00,"[{""price"":109.0,""api_unit_price"":10.9,""source_id"":""depot:carrefour-1012"",""market"":""carrefour"",""depot_name"":""Istanbul Acıbadem Hıper"",""index_time"":""18.09.2026 12:26""}]","{""mode"":""pinned-relative"",""previous_prices"":{""depot:carrefour-1012"":109.0},""previous_level"":109.0,""link_factor"":1.0}"
