date,group,type_id,type_label,slot_id,product_key,title,quantity,unit,price,unit_price,linked_unit_price,offer_count,api_unit_price,unit_price_gap_pct,quantity_source,matched_category,category_level,raw_offer_count,source_count,source_ids,markets,source_mode,source_updated_at,generation,match_score
2026-09-04,bread_cereals,bread_white,Beyaz ekmek,id:1ZO7,id:1ZO7,Uno Premium Çavdarlı Ekmek 400 Gr,0.4,kg,90.0,225.0,224.217389,2,225.0,0.0,api-refined,Somun Ekmek,sub_category,2,2,"[""depot:carrefour-1012"",""depot:migros-1991""]","[""carrefour"",""migros""]",pinned-relative,04.09.2026 08:05,0,1.1
2026-09-04,bread_cereals,bread_white,Beyaz ekmek,id:099W,id:099W,Normal Kepekli Ekmek 200 Gr,0.2,kg,17.5,87.5,87.5,1,87.5,0.0,api-refined,Somun Ekmek,sub_category,1,1,"[""depot:hakmar-5602""]","[""hakmar""]",pinned-relative,04.09.2026 08:05,0,1.1
2026-09-04,bread_cereals,bread_white,Beyaz ekmek,id:0XMO,id:0XMO,Uno Anadolu Kepekli Ekmek 400 Gr,0.4,kg,42.0,105.0,105.0,1,105.0,0.0,api-refined,Somun Ekmek,sub_category,1,1,"[""depot:sok-4711""]","[""sok""]",pinned-relative,04.09.2026 08:01,0,1.1
2026-09-04,bread_cereals,bread_white,Beyaz ekmek,id:0W8S,id:0W8S,İHE Organik Ekmek 500 Gr,0.5,kg,65.0,130.0,130.0,1,130.0,0.0,api-refined,Somun Ekmek,sub_category,1,1,"[""depot:carrefour-5254""]","[""carrefour""]",pinned-relative,04.09.2026 08:01,0,1.1
2026-09-04,bread_cereals,bread_white,Beyaz ekmek,id:1SZ0,id:1SZ0,Uno Fırından Çavdarlı Ekmek 450 Gr,0.45,kg,97.5,216.666667,216.666667,1,216.66667,0.0,api-refined,Somun Ekmek,sub_category,2,1,"[""depot:carrefour-1012""]","[""carrefour""]",pinned-relative,04.09.2026 08:04,0,1.1
2026-09-04,bread_cereals,bread_white,Beyaz ekmek,id:0UQD,id:0UQD,Unabella Pane Bianco Sade Ekmek 500 Gr,0.5,kg,235.0,470.0,470.0,1,470.0,0.0,api-refined,Somun Ekmek,sub_category,1,1,"[""depot:carrefour-1012""]","[""carrefour""]",pinned-relative,04.09.2026 08:01,0,1.1
2026-09-04,bread_cereals,bread_toast,Tost ekmeği,id:1Z1S,id:1Z1S,Ekmek Tost Süper 470 G Uno,0.47,kg,88.75,188.829787,196.808511,2,188.82979,0.0,api-refined,Tost Ekmeği,sub_category,4,2,"[""depot:a101-6815"",""depot:carrefour-1012""]","[""a101"",""carrefour""]",pinned-relative,04.09.2026 08:05,0,1.1
2026-09-04,bread_cereals,bread_wholewheat,Tam buğday ekmeği,id:2157,id:2157,Uno Denge Tam Buğday Çiya Tohumlu Ekmek 400 Gr,0.4,kg,97.5,243.75,218.060756,3,243.75,0.0,api-refined,Tam Buğday Ekmeği,sub_category,3,3,"[""depot:carrefour-1012"",""depot:migros-1991"",""depot:tarim_kredi-5022""]","[""carrefour"",""migros"",""tarim_kredi""]",pinned-relative,04.09.2026 08:03,0,1.1
2026-09-04,bread_cereals,bread_wholewheat,Tam buğday ekmeği,id:20E9,id:20E9,Uno Tam Buğday Ve Kavılca Unlu Ekmek 450 Gr,0.45,kg,97.5,216.666667,216.666667,2,216.66667,0.0,api-refined,Tam Buğday Ekmeği,sub_category,3,2,"[""depot:carrefour-1012"",""depot:tarim_kredi-5022""]","[""carrefour"",""tarim_kredi""]",pinned-relative,04.09.2026 08:02,0,1.1
2026-09-04,bread_cereals,bread_wholewheat,Tam buğday ekmeği,id:1YBP,id:1YBP,Uno Ekşi Mayalı Tam Buğday Ekmek 450 Gr,0.45,kg,97.5,216.666667,216.666667,1,216.66667,0.0,api-refined,Tam Buğday Ekmeği,sub_category,2,1,"[""depot:migros-1991""]","[""migros""]",pinned-relative,04.09.2026 08:04,0,1.1
2026-09-04,bread_cereals,bread_wholewheat,Tam buğday ekmeği,id:1261,id:1261,Uno Tam Buğday Unlu Tava Ekmek 450 Gr,0.45,kg,92.5,205.555556,205.555556,1,205.55556,0.0,api-refined,Tam Buğday Ekmeği,sub_category,1,1,"[""depot:a101-6815""]","[""a101""]",pinned-relative,04.09.2026 08:00,0,1.1
2026-09-04,bread_cereals,bread_wholewheat,Tam buğday ekmeği,id:1PB0,id:1PB0,Senzacrosta Tam Buğday Çavdarlı Ekmek 500 Gr,0.5,kg,235.0,470.0,470.0,1,470.0,0.0,api-refined,Tam Buğday Ekmeği,sub_category,1,1,"[""depot:carrefour-1012""]","[""carrefour""]",pinned-relative,04.09.2026 08:03,0,1.1
2026-09-04,bread_cereals,bread_wholewheat,Tam buğday ekmeği,id:2CT7,id:2CT7,Uno Tam Buğdaylı & Chia Tohumlu Ekmek 400 Gr,0.4,kg,79.9,199.75,199.75,1,199.75,0.0,api-refined,Tam Buğday Ekmeği,sub_category,1,1,"[""depot:hakmar-5602""]","[""hakmar""]",pinned-relative,04.09.2026 08:05,0,1.0667
2026-09-04,bread_cereals,flour_wheat,Buğday unu,id:1Z5Y,id:1Z5Y,Söke Tam Buğday Un Karışımı 500 Gr,0.5,kg,59.9,119.8,119.8,1,119.8,0.0,api-refined,Buğday Unu,sub_category,1,1,"[""depot:carrefour-1012""]","[""carrefour""]",pinned-relative,04.09.2026 08:05,0,1.1
2026-09-04,bread_cereals,rice,Pirinç,id:15TJ,id:15TJ,Reis Osmancık Pirinç 1 Kg,1.0,kg,145.47,145.47,145.47,2,145.47,0.0,api-refined,Pirinçler,sub_category,2,2,"[""depot:carrefour-1012"",""depot:migros-564""]","[""carrefour"",""migros""]",pinned-relative,04.09.2026 08:01,0,1.1
2026-09-04,bread_cereals,rice,Pirinç,id:1R0T,id:1R0T,Reis Basmati Pirinç 1 Kg,1.0,kg,279.95,279.95,279.95,2,279.95,0.0,api-refined,Pirinçler,sub_category,2,2,"[""depot:carrefour-1012"",""depot:migros-564""]","[""carrefour"",""migros""]",pinned-relative,04.09.2026 08:03,0,1.1
2026-09-04,bread_cereals,rice,Pirinç,id:07U1,id:07U1,Rençber Pilavlık Pirinç 1 Kg,1.0,kg,64.5,64.5,64.5,1,64.5,0.0,api-refined,Pirinçler,sub_category,1,1,"[""depot:hakmar-5521""]","[""hakmar""]",pinned-relative,04.09.2026 08:05,0,1.1
2026-09-04,bread_cereals,rice,Pirinç,id:1NSI,id:1NSI,Pirinç Baldo Esmerim 1000 G Yayla,1.0,kg,77.5,77.5,77.5,1,77.5,0.0,api-refined,Pirinçler,sub_category,1,1,"[""depot:a101-6815""]","[""a101""]",pinned-relative,04.09.2026 08:02,0,1.1
2026-09-04,bread_cereals,rice,Pirinç,id:0X4O,id:0X4O,Anadolu Mutfağı Osmancık Pirinç 1 Kg,1.0,kg,78.0,78.0,78.0,1,78.0,0.0,api-refined,Pirinçler,sub_category,1,1,"[""depot:sok-4707""]","[""sok""]",pinned-relative,04.09.2026 08:01,0,1.1
2026-09-04,bread_cereals,rice,Pirinç,id:0XG5,id:0XG5,Migros Osmancık Pirinç 1 Kg,1.0,kg,80.95,80.95,80.95,1,80.95,0.0,api-refined,Pirinçler,sub_category,1,1,"[""depot:migros-1991""]","[""migros""]",pinned-relative,04.09.2026 08:01,0,1.1
2026-09-04,bread_cereals,rice,Pirinç,id:10YW,id:10YW,Ovadan Baldo Pirinç 1 Kg,1.0,kg,83.5,83.5,83.5,1,83.5,0.0,api-refined,Pirinçler,sub_category,1,1,"[""depot:a101-6815""]","[""a101""]",pinned-relative,04.09.2026 08:00,0,1.1
2026-09-04,bread_cereals,rice,Pirinç,id:04LS,id:04LS,Carrefour Baldo Pirinç 1 Kg,1.0,kg,84.5,84.5,84.5,1,84.5,0.0,api-refined,Pirinçler,sub_category,1,1,"[""depot:carrefour-5254""]","[""carrefour""]",pinned-relative,04.09.2026 08:05,0,1.1
2026-09-04,bread_cereals,rice,Pirinç,id:117K,id:117K,Duru Osmancık Pilavlık Pirinç 1 Kg,1.0,kg,89.99,89.99,89.99,1,89.99,0.0,api-refined,Pirinçler,sub_category,1,1,"[""depot:carrefour-1012""]","[""carrefour""]",pinned-relative,04.09.2026 08:00,0,1.1
2026-09-04,bread_cereals,rice,Pirinç,id:2ASH,id:2ASH,Rençber Basmati Pirinç 1 Kg,1.0,kg,95.0,95.0,95.0,1,95.0,0.0,api-refined,Pirinçler,sub_category,1,1,"[""depot:hakmar-5521""]","[""hakmar""]",pinned-relative,04.09.2026 08:05,0,1.1
2026-09-04,bread_cereals,rice,Pirinç,id:1G7B,id:1G7B,Üstad Gönen Baldo Pirinç 1 Kg,1.0,kg,99.5,99.5,99.5,1,99.5,0.0,api-refined,Pirinçler,sub_category,1,1,"[""depot:a101-6815""]","[""a101""]",pinned-relative,04.09.2026 08:02,0,1.1
2026-09-04,bread_cereals,rice,Pirinç,id:1EKP,id:1EKP,Yayla Tok Tane Pirinç 1 Kg,1.0,kg,104.95,104.95,104.95,1,104.95,0.0,api-refined,Pirinçler,sub_category,1,1,"[""depot:migros-1991""]","[""migros""]",pinned-relative,04.09.2026 08:02,0,1.1
2026-09-04,bread_cereals,rice,Pirinç,id:1Z5E,id:1Z5E,Yayla Basmati Pirinç 1 Kg,1.0,kg,109.9,109.9,109.9,1,109.9,0.0,api-refined,Pirinçler,sub_category,1,1,"[""depot:tarim_kredi-5022""]","[""tarim_kredi""]",pinned-relative,04.09.2026 08:05,0,1.1
2026-09-04,bread_cereals,rice,Pirinç,id:1F0V,id:1F0V,Sade Organik Pirinç 500 Gr,0.5,kg,109.95,219.9,219.9,1,219.9,0.0,api-refined,Pirinçler,sub_category,1,1,"[""depot:carrefour-1012""]","[""carrefour""]",pinned-relative,04.09.2026 08:02,0,1.1
2026-09-04,bread_cereals,rice,Pirinç,id:0YS0,id:0YS0,Ovadan İthal Pilavlık Pirinç 2.5 Kg,2.5,kg,119.5,47.8,47.8,1,47.8,0.0,api-refined,Pirinçler,sub_category,1,1,"[""depot:a101-6815""]","[""a101""]",pinned-relative,04.09.2026 08:01,0,1.1
2026-09-04,bread_cereals,rice,Pirinç,id:0PRZ,id:0PRZ,Yayla Osmancık Yerli Pirinç 2 Kg,2.0,kg,169.95,84.975,84.975,1,84.975,0.0,api-refined,Pirinçler,sub_category,1,1,"[""depot:migros-1991""]","[""migros""]",pinned-relative,04.09.2026 08:00,0,1.1
2026-09-04,bread_cereals,rice,Pirinç,id:0CI4,id:0CI4,Ovadan Osmancık Pirinç 2.5 Kg,2.5,kg,179.0,71.6,71.6,1,71.6,0.0,api-refined,Pirinçler,sub_category,1,1,"[""depot:a101-6815""]","[""a101""]",pinned-relative,04.09.2026 08:06,0,1.1
2026-09-04,bread_cereals,rice,Pirinç,id:02MV,id:02MV,Rençber Osmancık Pirinç 2.5 Kg,2.5,kg,184.5,73.8,73.8,1,73.799995,0.0,api-refined,Pirinçler,sub_category,1,1,"[""depot:hakmar-5521""]","[""hakmar""]",pinned-relative,04.09.2026 08:04,0,1.1
2026-09-04,bread_cereals,rice,Pirinç,id:1Z8S,id:1Z8S,Reis Royal Basmati Pirinç 500 Gr,0.5,kg,209.95,419.9,419.9,1,419.9,0.0,api-refined,Pirinçler,sub_category,1,1,"[""depot:carrefour-1012""]","[""carrefour""]",pinned-relative,04.09.2026 08:05,0,1.1
2026-09-04,bread_cereals,rice,Pirinç,id:0H1X,id:0H1X,Reis Baldo Pirinç 2 Kg,2.0,kg,258.99,129.495,129.495,1,129.495,0.0,api-refined,Pirinçler,sub_category,1,1,"[""depot:carrefour-1012""]","[""carrefour""]",pinned-relative,04.09.2026 08:06,0,1.1
2026-09-04,bread_cereals,rice,Pirinç,id:1K1O,id:1K1O,Yayla Trakya Baldo Pirinç 2 Kg,2.0,kg,299.95,149.975,149.975,1,149.975,0.0,api-refined,Pirinçler,sub_category,1,1,"[""depot:migros-3296""]","[""migros""]",pinned-relative,04.09.2026 08:02,0,1.1
2026-09-04,bread_cereals,rice,Pirinç,id:06R7,id:06R7,Carrefour Osmancık Pirinç 5 Kg,5.0,kg,345.9,69.18,69.18,1,69.18,0.0,api-refined,Pirinçler,sub_category,1,1,"[""depot:carrefour-1012""]","[""carrefour""]",pinned-relative,04.09.2026 08:05,0,1.1
2026-09-04,bread_cereals,bulgur,Bulgur,id:1PU8,id:1PU8,Duru Pilavlık Bulgur 1 Kg,1.0,kg,59.825,59.825,64.271998,4,59.825,0.0,api-refined,Bulgur,sub_category,5,4,"[""depot:a101-4102"",""depot:bim-5712"",""depot:carrefour-1012"",""depot:sok-7017""]","[""a101"",""bim"",""carrefour"",""sok""]",pinned-relative,04.09.2026 08:03,0,1.1
2026-09-04,bread_cereals,bulgur,Bulgur,id:1OOR,id:1OOR,Reis Köftelik Bulgur 1 Kg,1.0,kg,79.95,79.95,80.779723,2,79.95,0.0,api-refined,Bulgur,sub_category,2,2,"[""depot:carrefour-1012"",""depot:migros-564""]","[""carrefour"",""migros""]",pinned-relative,04.09.2026 08:02,0,1.1
2026-09-04,bread_cereals,bulgur,Bulgur,id:1X4Y,id:1X4Y,Duru Başbaşı Bulgur 1 Kg,1.0,kg,70.95,70.95,70.95,2,70.95,0.0,api-refined,Bulgur,sub_category,2,2,"[""depot:carrefour-1012"",""depot:migros-1991""]","[""carrefour"",""migros""]",pinned-relative,04.09.2026 08:04,0,1.1
2026-09-04,bread_cereals,bulgur,Bulgur,id:1HI0,id:1HI0,Torku Pilavlık Bulgur 2.5 Kg,2.5,kg,102.225,40.89,40.89,2,40.89,0.0,api-refined,Bulgur,sub_category,2,2,"[""depot:a101-4141"",""depot:migros-1991""]","[""a101"",""migros""]",pinned-relative,04.09.2026 08:02,0,1.1
2026-09-04,bread_cereals,bulgur,Bulgur,id:0WCD,id:0WCD,Duru Pilavlık Bulgur 2 Kg,2.0,kg,139.95,69.975,69.975,2,69.975,0.0,api-refined,Bulgur,sub_category,2,2,"[""depot:carrefour-1012"",""depot:migros-564""]","[""carrefour"",""migros""]",pinned-relative,04.09.2026 08:01,0,1.1
2026-09-04,bread_cereals,bulgur,Bulgur,id:1LQE,id:1LQE,Doyum Bulgur Çeşitleri 1 Kg,1.0,kg,32.5,32.5,32.5,1,32.5,0.0,api-refined,Bulgur,sub_category,1,1,"[""depot:bim-5712""]","[""bim""]",pinned-relative,04.09.2026 08:02,0,1.1
2026-09-04,bread_cereals,bulgur,Bulgur,id:0YSI,id:0YSI,Anadolu Mutfağı Köftelik Bulgur 1 Kg,1.0,kg,34.0,34.0,34.0,1,34.0,0.0,api-refined,Bulgur,sub_category,1,1,"[""depot:sok-4707""]","[""sok""]",pinned-relative,04.09.2026 08:01,0,1.1
2026-09-04,bread_cereals,bulgur,Bulgur,id:0W77,id:0W77,Anadolu Mutfağı Pilavlık Bulgur 1 Kg,1.0,kg,34.0,34.0,34.0,1,34.0,0.0,api-refined,Bulgur,sub_category,1,1,"[""depot:sok-4707""]","[""sok""]",pinned-relative,04.09.2026 08:01,0,1.1
2026-09-04,bread_cereals,bulgur,Bulgur,id:00K4,id:00K4,Yöremce Köftelik Bulgur 1 Kg,1.0,kg,34.0,34.0,34.0,1,34.0,0.0,api-refined,Bulgur,sub_category,1,1,"[""depot:a101-6815""]","[""a101""]",pinned-relative,04.09.2026 08:04,0,1.1
2026-09-04,bread_cereals,bulgur,Bulgur,id:06Y3,id:06Y3,Saban Pilavlık Bulgur 1 Kg,1.0,kg,34.0,34.0,34.0,1,34.0,0.0,api-refined,Bulgur,sub_category,1,1,"[""depot:bim-5712""]","[""bim""]",pinned-relative,04.09.2026 08:05,0,1.1
2026-09-04,bread_cereals,bulgur,Bulgur,id:0577,id:0577,Saban Köftelik Bulgur 1 Kg,1.0,kg,34.0,34.0,34.0,1,34.0,0.0,api-refined,Bulgur,sub_category,1,1,"[""depot:bim-5712""]","[""bim""]",pinned-relative,04.09.2026 08:05,0,1.1
2026-09-04,bread_cereals,bulgur,Bulgur,id:08WG,id:08WG,Rençber Pilavlık Bulgur 1 Kg,1.0,kg,34.0,34.0,34.0,1,34.0,0.0,api-refined,Bulgur,sub_category,1,1,"[""depot:hakmar-5521""]","[""hakmar""]",pinned-relative,04.09.2026 08:05,0,1.1
2026-09-04,bread_cereals,bulgur,Bulgur,id:049D,id:049D,Carrefour Köftelik Bulgur 1 Kg,1.0,kg,34.95,34.95,34.95,1,34.95,0.0,api-refined,Bulgur,sub_category,1,1,"[""depot:carrefour-5254""]","[""carrefour""]",pinned-relative,04.09.2026 08:04,0,1.1
2026-09-04,bread_cereals,bulgur,Bulgur,id:1QWY,id:1QWY,Tat Köftelik Bulgur 1 Kg,1.0,kg,44.5,44.5,44.5,1,44.5,0.0,api-refined,Bulgur,sub_category,1,1,"[""depot:a101-4141""]","[""a101""]",pinned-relative,04.09.2026 08:03,0,1.1
2026-09-04,bread_cereals,bulgur,Bulgur,id:0EDB,id:0EDB,Tarım Kredi Köftelik Bulgur 1 Kg,1.0,kg,46.9,46.9,46.9,1,46.9,0.0,api-refined,Bulgur,sub_category,1,1,"[""depot:tarim_kredi-5022""]","[""tarim_kredi""]",pinned-relative,04.09.2026 08:06,0,1.1
2026-09-04,bread_cereals,bulgur,Bulgur,id:0DF8,id:0DF8,Reis Esmer Çiğköftelik Bulgur 1 Kg,1.0,kg,79.95,79.95,79.95,1,79.95,0.0,api-refined,Bulgur,sub_category,1,1,"[""depot:carrefour-1012""]","[""carrefour""]",pinned-relative,04.09.2026 08:06,0,1.1
2026-09-04,bread_cereals,bulgur,Bulgur,id:0JC4,id:0JC4,Reis İnce Pilavlık Bulgur 1 Kg,1.0,kg,79.95,79.95,79.95,1,79.95,0.0,api-refined,Bulgur,sub_category,1,1,"[""depot:carrefour-1012""]","[""carrefour""]",pinned-relative,04.09.2026 08:06,0,1.1
2026-09-04,bread_cereals,bulgur,Bulgur,id:0Q0L,id:0Q0L,Yayla Köftelik Bulgur 1 Kg,1.0,kg,65.95,65.95,65.95,1,65.95,0.0,api-refined,Bulgur,sub_category,1,1,"[""depot:migros-1991""]","[""migros""]",pinned-relative,04.09.2026 08:00,0,1.1
2026-09-04,bread_cereals,bulgur,Bulgur,id:1ROP,id:1ROP,Filiz Mardin Pilavlık Bulgur 800 Gr,0.8,kg,69.95,87.4375,87.4375,1,87.43749,0.0,api-refined,Bulgur,sub_category,1,1,"[""depot:migros-564""]","[""migros""]",pinned-relative,04.09.2026 08:03,0,1.1
2026-09-04,bread_cereals,bulgur,Bulgur,id:14G7,id:14G7,Saban Köftelik Bulgur 2.5 Kg,2.5,kg,70.0,28.0,28.0,1,28.0,0.0,api-refined,Bulgur,sub_category,1,1,"[""depot:bim-5712""]","[""bim""]",pinned-relative,04.09.2026 08:00,0,1.1
2026-09-04,bread_cereals,bulgur,Bulgur,id:0F2Q,id:0F2Q,Carrefour Pilavlık Bulgur 2.5 Kg,2.5,kg,85.95,34.38,34.38,1,34.38,0.0,api-refined,Bulgur,sub_category,1,1,"[""depot:carrefour-1012""]","[""carrefour""]",pinned-relative,04.09.2026 08:06,0,1.1
2026-09-04,bread_cereals,bulgur,Bulgur,id:1YIH,id:1YIH,Dola Glutensiz Pilavlık Bulgur 400 Gr,0.4,kg,103.9,259.75,259.75,1,259.75,0.0,api-refined,Bulgur,sub_category,1,1,"[""depot:tarim_kredi-5022""]","[""tarim_kredi""]",pinned-relative,04.09.2026 08:05,0,1.1
2026-09-04,bread_cereals,bulgur,Bulgur,id:1N0Q,id:1N0Q,City Farm Organik Pilavlık Bulgur 1 Kg,1.0,kg,134.0,134.0,134.0,1,134.0,0.0,api-refined,Bulgur,sub_category,1,1,"[""depot:carrefour-1012""]","[""carrefour""]",pinned-relative,04.09.2026 08:02,0,1.1
2026-09-04,bread_cereals,bulgur,Bulgur,id:0VWW,id:0VWW,Reis Pilavlık Bulgur 2.5 Kg,2.5,kg,184.9,73.96,73.96,1,73.96,0.0,api-refined,Bulgur,sub_category,1,1,"[""depot:carrefour-1012""]","[""carrefour""]",pinned-relative,04.09.2026 08:01,0,1.1
2026-09-04,bread_cereals,bulgur,Bulgur,id:0HR7,id:0HR7,Reis Başakbaşı Bulgur 2.5 Kg,2.5,kg,184.9,73.96,73.96,1,73.96,0.0,api-refined,Bulgur,sub_category,1,1,"[""depot:carrefour-1012""]","[""carrefour""]",pinned-relative,04.09.2026 08:06,0,1.1
2026-09-04,bread_cereals,pasta_spaghetti,Spagetti makarna,id:1YZR,id:1YZR,Nuh'un Ankara Spagetti Makarna 500 Gr,0.5,kg,34.225,68.45,68.45,2,68.45,0.0,api-refined,Spagetti,sub_category,2,2,"[""depot:hakmar-5521"",""depot:migros-1991""]","[""hakmar"",""migros""]",pinned-relative,04.09.2026 08:05,0,1.1
2026-09-04,bread_cereals,pasta_spaghetti,Spagetti makarna,id:1Q4D,id:1Q4D,Arbella Spagetti Makarna 500 Gr,0.5,kg,33.95,67.9,67.9,2,67.9,0.0,api-refined,Spagetti,sub_category,2,2,"[""depot:carrefour-1012"",""depot:migros-1991""]","[""carrefour"",""migros""]",pinned-relative,04.09.2026 08:03,0,1.1
2026-09-04,bread_cereals,pasta_spaghetti,Spagetti makarna,id:05SY,id:05SY,Carrefour Spagetti Makarna 500 Gr,0.5,kg,17.95,35.9,35.9,1,35.9,0.0,api-refined,Spagetti,sub_category,1,1,"[""depot:carrefour-5254""]","[""carrefour""]",pinned-relative,04.09.2026 08:05,0,1.1
2026-09-04,bread_cereals,pasta_spaghetti,Spagetti makarna,id:0P51,id:0P51,Bendo Spagetti Makarna 500 Gr,0.5,kg,17.0,34.0,34.0,1,34.0,0.0,api-refined,Spagetti,sub_category,1,1,"[""depot:a101-6815""]","[""a101""]",pinned-relative,04.09.2026 08:00,0,1.1
2026-09-04,bread_cereals,pasta_spaghetti,Spagetti makarna,id:16L9,id:16L9,Tat Spagetti Makarna 500 Gr,0.5,kg,17.0,34.0,34.0,1,34.0,0.0,api-refined,Spagetti,sub_category,1,1,"[""depot:hakmar-5521""]","[""hakmar""]",pinned-relative,04.09.2026 08:01,0,1.1
2026-09-04,bread_cereals,pasta_spaghetti,Spagetti makarna,id:0M0B,id:0M0B,Migros Spagetti Makarna 500 Gr,0.5,kg,17.95,35.9,35.9,1,35.9,0.0,api-refined,Spagetti,sub_category,1,1,"[""depot:migros-1991""]","[""migros""]",pinned-relative,04.09.2026 08:06,0,1.1
2026-09-04,bread_cereals,pasta_spaghetti,Spagetti makarna,id:0QZV,id:0QZV,Berona Spagetti Makarna 500 Gr,0.5,kg,23.5,47.0,47.0,1,47.0,0.0,api-refined,Spagetti,sub_category,1,1,"[""depot:a101-4141""]","[""a101""]",pinned-relative,04.09.2026 08:00,0,1.1
2026-09-04,bread_cereals,pasta_spaghetti,Spagetti makarna,id:0XHH,id:0XHH,Nuh'un Ankara Vitaminli Spagetti Makarna 500 Gr,0.5,kg,33.5,67.0,67.0,1,67.0,0.0,api-refined,Spagetti,sub_category,1,1,"[""depot:a101-6815""]","[""a101""]",pinned-relative,04.09.2026 08:01,0,1.1
2026-09-04,bread_cereals,pasta_spaghetti,Spagetti makarna,id:1XM2,id:1XM2,Pastavilla Spagetti Makarna 500 Gr,0.5,kg,46.95,93.9,93.9,1,93.9,0.0,api-refined,Spagetti,sub_category,1,1,"[""depot:carrefour-1012""]","[""carrefour""]",pinned-relative,04.09.2026 08:04,0,1.1
2026-09-04,bread_cereals,pasta_spaghetti,Spagetti makarna,id:03VE,id:03VE,Sade Organik Spagetti Makarna 500 Gr,0.5,kg,123.5,247.0,247.0,1,247.0,0.0,api-refined,Spagetti,sub_category,1,1,"[""depot:carrefour-1012""]","[""carrefour""]",pinned-relative,04.09.2026 08:04,0,1.1
2026-09-04,bread_cereals,pasta_other,Diğer makarna,id:20FP,id:20FP,Mutlu Penne Makarna 500 Gr,0.5,kg,19.75,39.5,42.360147,5,39.5,0.0,api-refined,Mantı Makarna ve Erişte,main_category,5,5,"[""depot:a101-4141"",""depot:bim-5712"",""depot:carrefour-5254"",""depot:hakmar-5521"",""depot:migros-1991""]","[""a101"",""bim"",""carrefour"",""hakmar"",""migros""]",pinned-relative,04.09.2026 08:02,0,1.1
2026-09-04,bread_cereals,pasta_other,Diğer makarna,id:1YQJ,id:1YQJ,Filiz Fiyonk Makarna 500 Gr,0.5,kg,34.2,68.4,68.4,4,68.4,0.0,api-refined,Mantı Makarna ve Erişte,main_category,4,4,"[""depot:bim-5712"",""depot:carrefour-5254"",""depot:migros-1991"",""depot:sok-1017""]","[""bim"",""carrefour"",""migros"",""sok""]",pinned-relative,04.09.2026 08:05,0,1.1
2026-09-04,bread_cereals,pasta_other,Diğer makarna,id:207R,id:207R,Filiz Boncuk Makarna 500 Gr,0.5,kg,33.5,67.0,68.4,3,67.0,0.0,api-refined,Mantı Makarna ve Erişte,main_category,4,3,"[""depot:a101-6815"",""depot:bim-5712"",""depot:carrefour-1012""]","[""a101"",""bim"",""carrefour""]",pinned-relative,04.09.2026 08:02,0,1.1
2026-09-04,bread_cereals,pasta_other,Diğer makarna,id:1P8W,id:1P8W,Arbella Burgu Makarna 500 Gr,0.5,kg,33.95,67.9,67.9,3,67.9,0.0,api-refined,Mantı Makarna ve Erişte,main_category,3,3,"[""depot:bim-5712"",""depot:carrefour-1012"",""depot:migros-1991""]","[""bim"",""carrefour"",""migros""]",pinned-relative,04.09.2026 08:03,0,1.1
2026-09-04,bread_cereals,pasta_other,Diğer makarna,id:20R6,id:20R6,Mutlu Burgu Makarna 500 Gr,0.5,kg,19.5,39.0,35.259875,3,39.0,0.0,api-refined,Mantı Makarna ve Erişte,main_category,3,3,"[""depot:a101-4141"",""depot:carrefour-5254"",""depot:migros-1991""]","[""a101"",""carrefour"",""migros""]",pinned-relative,04.09.2026 08:03,0,1.1
2026-09-04,bread_cereals,pasta_other,Diğer makarna,id:1TBA,id:1TBA,Filiz Fırın Makarna 500 Gr,0.5,kg,34.925,69.85,69.85,2,69.85,0.0,api-refined,Mantı Makarna ve Erişte,main_category,2,2,"[""depot:carrefour-5254"",""depot:migros-1991""]","[""carrefour"",""migros""]",pinned-relative,04.09.2026 08:04,0,1.1
2026-09-04,bread_cereals,pasta_other,Diğer makarna,id:2166,id:2166,Pastavilla Dirsek Makarna 500 Gr,0.5,kg,46.95,93.9,93.9,2,93.9,0.0,api-refined,Mantı Makarna ve Erişte,main_category,2,2,"[""depot:carrefour-1012"",""depot:migros-1991""]","[""carrefour"",""migros""]",pinned-relative,04.09.2026 08:03,0,1.1
2026-09-04,bread_cereals,pasta_other,Diğer makarna,id:1ZOT,id:1ZOT,Pastavilla Kelebek Makarna 500 Gr,0.5,kg,46.95,93.9,93.9,2,93.9,0.0,api-refined,Mantı Makarna ve Erişte,main_category,2,2,"[""depot:carrefour-1012"",""depot:migros-1991""]","[""carrefour"",""migros""]",pinned-relative,04.09.2026 08:05,0,1.1
2026-09-04,bread_cereals,pasta_other,Diğer makarna,id:1ON5,id:1ON5,Makaroma Caserecce Makarna 500 Gr,0.5,kg,47.57,95.14,95.52,1,95.14,0.0,api-refined,Mantı Makarna ve Erişte,main_category,2,1,"[""depot:migros-1991""]","[""migros""]",pinned-relative,04.09.2026 08:02,0,1.1
2026-09-04,bread_cereals,pasta_other,Diğer makarna,id:0B11,id:0B11,Piyale Burgu Makarna 500 Gr,0.5,kg,17.0,34.0,34.0,1,34.0,0.0,api-refined,Mantı Makarna ve Erişte,main_category,1,1,"[""depot:sok-4707""]","[""sok""]",pinned-relative,04.09.2026 08:05,0,1.1
2026-09-04,bread_cereals,pasta_other,Diğer makarna,id:083Q,id:083Q,Cardella Fiyonk Makarna 500 Gr,0.5,kg,17.0,34.0,34.0,1,34.0,0.0,api-refined,Mantı Makarna ve Erişte,main_category,1,1,"[""depot:bim-5712""]","[""bim""]",pinned-relative,04.09.2026 08:05,0,1.1
2026-09-04,bread_cereals,pasta_other,Diğer makarna,id:16L0,id:16L0,Tat Burgu Makarna 500 Gr,0.5,kg,17.0,34.0,34.0,1,34.0,0.0,api-refined,Mantı Makarna ve Erişte,main_category,1,1,"[""depot:hakmar-5521""]","[""hakmar""]",pinned-relative,04.09.2026 08:01,0,1.1
2026-09-04,bread_cereals,pasta_other,Diğer makarna,id:16JS,id:16JS,Tat Fiyonk Makarna 500 Gr,0.5,kg,17.0,34.0,34.0,1,34.0,0.0,api-refined,Mantı Makarna ve Erişte,main_category,1,1,"[""depot:hakmar-5521""]","[""hakmar""]",pinned-relative,04.09.2026 08:01,0,1.1
2026-09-04,bread_cereals,pasta_other,Diğer makarna,id:20QA,id:20QA,Arbella Rakamlar Vitaminli Makarna 350 Gr,0.35,kg,17.5,50.0,50.0,1,50.0,0.0,api-refined,Mantı Makarna ve Erişte,main_category,1,1,"[""depot:a101-4217""]","[""a101""]",pinned-relative,04.09.2026 08:03,0,1.1
2026-09-04,bread_cereals,pasta_other,Diğer makarna,id:22N4,id:22N4,Oba Çarliston Makarna 500 Gr,0.5,kg,17.5,35.0,35.0,1,35.0,0.0,api-refined,Mantı Makarna ve Erişte,main_category,1,1,"[""depot:a101-4217""]","[""a101""]",pinned-relative,04.09.2026 08:03,0,1.1
2026-09-04,bread_cereals,pasta_other,Diğer makarna,id:0LH1,id:0LH1,Migros Yüksük Makarna 500 Gr,0.5,kg,17.95,35.9,35.9,1,35.9,0.0,api-refined,Mantı Makarna ve Erişte,main_category,1,1,"[""depot:migros-1991""]","[""migros""]",pinned-relative,04.09.2026 08:06,0,1.1
2026-09-04,bread_cereals,pasta_other,Diğer makarna,id:1S7V,id:1S7V,Filiz Kalem Makarna 500 Gr,0.5,kg,34.9,69.8,69.8,1,69.8,0.0,api-refined,Mantı Makarna ve Erişte,main_category,1,1,"[""depot:carrefour-5254""]","[""carrefour""]",pinned-relative,04.09.2026 08:03,0,1.1
2026-09-04,bread_cereals,pasta_other,Diğer makarna,id:1VTR,id:1VTR,Filiz Dirsek Makarna 500 Gr,0.5,kg,34.9,69.8,69.8,1,69.8,0.0,api-refined,Mantı Makarna ve Erişte,main_category,1,1,"[""depot:carrefour-1012""]","[""carrefour""]",pinned-relative,04.09.2026 08:04,0,1.1
2026-09-04,bread_cereals,pasta_other,Diğer makarna,id:1Q9J,id:1Q9J,Veronelli Rigatoni Makarna 500 Gr,0.5,kg,45.9,91.8,91.8,1,91.8,0.0,api-refined,Mantı Makarna ve Erişte,main_category,1,1,"[""depot:carrefour-1012""]","[""carrefour""]",pinned-relative,04.09.2026 08:03,0,1.1
2026-09-04,bread_cereals,pasta_other,Diğer makarna,id:21GA,id:21GA,Barilla Kalem Makarna 500 Gr,0.5,kg,59.5,119.0,119.0,1,119.0,0.0,api-refined,Mantı Makarna ve Erişte,main_category,1,1,"[""depot:a101-6815""]","[""a101""]",pinned-relative,04.09.2026 08:03,0,1.1
2026-09-04,bread_cereals,vermicelli,Şehriye,id:201N,id:201N,Mutlu Arpa Şehriye 500 Gr,0.5,kg,16.0,32.0,29.054393,1,32.0,0.0,api-refined,Şehriye,sub_category,2,1,"[""depot:carrefour-5254""]","[""carrefour""]",pinned-relative,04.09.2026 08:02,0,1.1
2026-09-04,bread_cereals,vermicelli,Şehriye,id:20OS,id:20OS,Mutlu Tel Şehriye 500 Gr,0.5,kg,26.7,53.4,51.688107,2,53.4,0.0,api-refined,Şehriye,sub_category,2,2,"[""depot:carrefour-1012"",""depot:migros-1991""]","[""carrefour"",""migros""]",pinned-relative,04.09.2026 08:02,0,1.1
2026-09-04,bread_cereals,vermicelli,Şehriye,id:1NLE,id:1NLE,Nuh'un Ankara Arpa Şehriye 500 Gr,0.5,kg,34.925,69.85,69.85,2,69.85,0.0,api-refined,Şehriye,sub_category,2,2,"[""depot:carrefour-5254"",""depot:migros-1991""]","[""carrefour"",""migros""]",pinned-relative,04.09.2026 08:02,0,1.1
2026-09-04,bread_cereals,vermicelli,Şehriye,id:1RU2,id:1RU2,Ankara Tel Şehriye Makarna 500 Gr,0.5,kg,34.925,69.85,69.85,2,69.85,0.0,api-refined,Şehriye,sub_category,2,2,"[""depot:carrefour-5254"",""depot:migros-1991""]","[""carrefour"",""migros""]",pinned-relative,04.09.2026 08:03,0,1.1
2026-09-04,bread_cereals,vermicelli,Şehriye,id:1K2A,id:1K2A,Filiz Tel Şehriye 500 Gr,0.5,kg,34.925,69.85,69.85,2,69.85,0.0,api-refined,Şehriye,sub_category,2,2,"[""depot:carrefour-1012"",""depot:migros-1991""]","[""carrefour"",""migros""]",pinned-relative,04.09.2026 08:02,0,1.1
2026-09-04,bread_cereals,vermicelli,Şehriye,id:1Z7A,id:1Z7A,Filiz Yıldız Şehriye 500 Gr,0.5,kg,34.9,69.8,69.85,1,69.8,0.0,api-refined,Şehriye,sub_category,2,1,"[""depot:carrefour-1012""]","[""carrefour""]",pinned-relative,04.09.2026 08:05,0,1.1
2026-09-04,bread_cereals,vermicelli,Şehriye,id:20OR,id:20OR,Pastavilla Tel Şehriye 500 Gr,0.5,kg,46.95,93.9,93.9,2,93.9,0.0,api-refined,Şehriye,sub_category,2,2,"[""depot:carrefour-1012"",""depot:migros-3296""]","[""carrefour"",""migros""]",pinned-relative,04.09.2026 08:02,0,1.1
2026-09-04,bread_cereals,vermicelli,Şehriye,id:20SD,id:20SD,Pastavilla İri Arpa Şehriye 500 Gr,0.5,kg,46.95,93.9,93.9,2,93.9,0.0,api-refined,Şehriye,sub_category,2,2,"[""depot:carrefour-1012"",""depot:migros-564""]","[""carrefour"",""migros""]",pinned-relative,04.09.2026 08:03,0,1.1
2026-09-04,bread_cereals,vermicelli,Şehriye,id:0F4O,id:0F4O,Carrefour Arpa Şehriye 500 Gr,0.5,kg,17.95,35.9,35.9,1,35.9,0.0,api-refined,Şehriye,sub_category,1,1,"[""depot:carrefour-5254""]","[""carrefour""]",pinned-relative,04.09.2026 08:06,0,1.1
2026-09-04,bread_cereals,vermicelli,Şehriye,id:107G,id:107G,Piyale Arpa Şehriye 500 Gr,0.5,kg,17.0,34.0,34.0,1,34.0,0.0,api-refined,Şehriye,sub_category,1,1,"[""depot:sok-4707""]","[""sok""]",pinned-relative,04.09.2026 07:59,0,1.1
2026-09-04,bread_cereals,vermicelli,Şehriye,id:0XHX,id:0XHX,Piyale Tel Şehriye 500 Gr,0.5,kg,17.0,34.0,34.0,1,34.0,0.0,api-refined,Şehriye,sub_category,1,1,"[""depot:sok-4707""]","[""sok""]",pinned-relative,04.09.2026 08:01,0,1.1
2026-09-04,bread_cereals,vermicelli,Şehriye,id:10AB,id:10AB,Bendo Arpa Şehriye Makarna 500 Gr,0.5,kg,17.0,34.0,34.0,1,34.0,0.0,api-refined,Şehriye,sub_category,1,1,"[""depot:a101-6815""]","[""a101""]",pinned-relative,04.09.2026 07:59,0,1.1
2026-09-04,bread_cereals,vermicelli,Şehriye,id:0Z49,id:0Z49,Bendo Tel Şehriye Makarna 500 Gr,0.5,kg,17.0,34.0,34.0,1,34.0,0.0,api-refined,Şehriye,sub_category,1,1,"[""depot:a101-6815""]","[""a101""]",pinned-relative,04.09.2026 08:01,0,1.1
2026-09-04,bread_cereals,vermicelli,Şehriye,id:05LC,id:05LC,Cardella Arpa Şehriye 500 Gr,0.5,kg,17.0,34.0,34.0,1,34.0,0.0,api-refined,Şehriye,sub_category,1,1,"[""depot:bim-5712""]","[""bim""]",pinned-relative,04.09.2026 08:05,0,1.1
2026-09-04,bread_cereals,vermicelli,Şehriye,id:01Q1,id:01Q1,Cardella Tel Şehriye 500 Gr,0.5,kg,17.0,34.0,34.0,1,34.0,0.0,api-refined,Şehriye,sub_category,1,1,"[""depot:bim-5712""]","[""bim""]",pinned-relative,04.09.2026 08:04,0,1.1
2026-09-04,bread_cereals,vermicelli,Şehriye,id:03U5,id:03U5,Tarım Kredi Anadolu Arpa Şehriye 500 Gr,0.5,kg,17.0,34.0,34.0,1,34.0,0.0,api-refined,Şehriye,sub_category,1,1,"[""depot:tarim_kredi-5022""]","[""tarim_kredi""]",pinned-relative,04.09.2026 08:04,0,1.1
2026-09-04,bread_cereals,vermicelli,Şehriye,id:0VH6,id:0VH6,Migros Arpa Şehriye 500 Gr,0.5,kg,17.95,35.9,35.9,1,35.9,0.0,api-refined,Şehriye,sub_category,1,1,"[""depot:migros-1991""]","[""migros""]",pinned-relative,04.09.2026 08:01,0,1.1
2026-09-04,bread_cereals,vermicelli,Şehriye,id:0D47,id:0D47,Tarım Kredi Tel Şehriye 500 Gr,0.5,kg,25.5,51.0,51.0,1,51.0,0.0,api-refined,Şehriye,sub_category,1,1,"[""depot:tarim_kredi-5022""]","[""tarim_kredi""]",pinned-relative,04.09.2026 08:06,0,1.1
2026-09-04,bread_cereals,vermicelli,Şehriye,id:0ZVZ,id:0ZVZ,Nuh'un Ankara Vitaminli Arpa Şehriye Makarna 500 Gr,0.5,kg,33.5,67.0,67.0,1,67.0,0.0,api-refined,Şehriye,sub_category,1,1,"[""depot:a101-6815""]","[""a101""]",pinned-relative,04.09.2026 08:01,0,1.1
2026-09-04,bread_cereals,oats,Yulaf ezmesi,id:1YXF,id:1YXF,Eti Lifalif Yulaf Ezmesi 500 Gr,0.5,kg,99.5,199.0,199.0,6,199.0,0.0,api-refined,Yulaf Ezmesi,sub_category,6,6,"[""depot:a101-6815"",""depot:carrefour-5254"",""depot:hakmar-5521"",""depot:migros-1991"",""depot:sok-4707"",""depot:tarim_kredi-5022""]","[""a101"",""carrefour"",""hakmar"",""migros"",""sok"",""tarim_kredi""]",pinned-relative,04.09.2026 08:05,0,1.1
2026-09-04,bread_cereals,oats,Yulaf ezmesi,id:1WBM,id:1WBM,Eti Lifalif İnce Öğütülmüş Yulaf Ezmesi 350 Gr,0.35,kg,79.95,228.428571,256.357143,3,228.42856,0.0,api-refined,Yulaf Ezmesi,sub_category,4,3,"[""depot:carrefour-5254"",""depot:sok-4707"",""depot:tarim_kredi-5022""]","[""carrefour"",""sok"",""tarim_kredi""]",pinned-relative,04.09.2026 08:04,0,1.1
2026-09-04,bread_cereals,oats,Yulaf ezmesi,id:210J,id:210J,Fellas Glutensiz Yulaf Ezmesi 300 Gr,0.3,kg,109.95,366.5,366.5,2,366.49998,0.0,api-refined,Yulaf Ezmesi,sub_category,2,2,"[""depot:carrefour-1012"",""depot:migros-1991""]","[""carrefour"",""migros""]",pinned-relative,04.09.2026 08:02,0,1.1
2026-09-04,bread_cereals,oats,Yulaf ezmesi,id:0Z26,id:0Z26,Eti Lifalif İnce Öğütülmüş Yulaf Ezmesi 665 Gr,0.665,kg,102.475,154.097744,154.097744,2,154.097735,0.0,api-refined,Yulaf Ezmesi,sub_category,2,2,"[""depot:bim-5712"",""depot:carrefour-5254""]","[""bim"",""carrefour""]",pinned-relative,04.09.2026 08:01,0,1.1
2026-09-04,bread_cereals,oats,Yulaf ezmesi,id:20BN,id:20BN,City Farm Organik Yulaf Ezmesi 500 Gr,0.5,kg,123.25,246.5,246.5,2,246.5,0.0,api-refined,Yulaf Ezmesi,sub_category,2,2,"[""depot:carrefour-1012"",""depot:migros-1991""]","[""carrefour"",""migros""]",pinned-relative,04.09.2026 08:02,0,1.1
2026-09-04,bread_cereals,oats,Yulaf ezmesi,id:0WPG,id:0WPG,Burch Yulaf Ezmesi 500 Gr,0.5,kg,48.0,96.0,96.0,1,96.0,0.0,api-refined,Yulaf Ezmesi,sub_category,1,1,"[""depot:a101-6815""]","[""a101""]",pinned-relative,04.09.2026 08:01,0,1.1
2026-09-04,bread_cereals,oats,Yulaf ezmesi,id:19G0,id:19G0,Burch İnce Öğütülmüş Yulaf Ezmesi 350 Gr,0.35,kg,48.0,137.142857,137.142857,1,137.14285,0.0,api-refined,Yulaf Ezmesi,sub_category,1,1,"[""depot:a101-6815""]","[""a101""]",pinned-relative,04.09.2026 08:01,0,1.1
2026-09-04,bread_cereals,oats,Yulaf ezmesi,id:2ATD,id:2ATD,Eti Lifalif Yulaf Ezmesi 350 Gr,0.35,kg,99.5,284.285714,284.285714,1,284.28574,0.0,api-refined,Yulaf Ezmesi,sub_category,1,1,"[""depot:hakmar-5521""]","[""hakmar""]",pinned-relative,04.09.2026 08:05,0,1.1
2026-09-04,bread_cereals,oats,Yulaf ezmesi,id:0PQM,id:0PQM,Eti Lifalif İnce Öğütülmüş Yulaf Ezmesi 350 Gr,0.35,kg,100.0,285.714286,285.714286,1,285.7143,0.0,api-refined,Yulaf Ezmesi,sub_category,1,1,"[""depot:a101-6815""]","[""a101""]",pinned-relative,04.09.2026 08:00,0,1.1
2026-09-04,bread_cereals,oats,Yulaf ezmesi,id:0620,id:0620,Sade Organik Yulaf Ezmesi 500 Gr,0.5,kg,112.5,225.0,225.0,1,225.0,0.0,api-refined,Yulaf Ezmesi,sub_category,1,1,"[""depot:carrefour-1012""]","[""carrefour""]",pinned-relative,04.09.2026 08:05,0,1.1
2026-09-04,bread_cereals,oats,Yulaf ezmesi,id:1OUS,id:1OUS,Wefood Glutensiz Yulaf Ezmesi 300 Gr,0.3,kg,125.0,416.666667,416.666667,1,416.66666,0.0,api-refined,Yulaf Ezmesi,sub_category,1,1,"[""depot:sok-4707""]","[""sok""]",pinned-relative,04.09.2026 08:03,0,1.1
2026-09-04,bread_cereals,oats,Yulaf ezmesi,id:0XRZ,id:0XRZ,Nustil Yulaf Ezmesi 250 Gr,0.25,kg,128.0,512.0,512.0,1,512.0,0.0,api-refined,Yulaf Ezmesi,sub_category,1,1,"[""depot:carrefour-1012""]","[""carrefour""]",pinned-relative,04.09.2026 08:01,0,1.1
2026-09-04,bread_cereals,oats,Yulaf ezmesi,id:1U3E,id:1U3E,Wefood Glutensiz İnce Öğütülmüş Yulaf Ezmesi 300 Gr,0.3,kg,130.5,435.0,435.0,1,435.0,0.0,api-refined,Yulaf Ezmesi,sub_category,1,1,"[""depot:migros-4479""]","[""migros""]",pinned-relative,04.09.2026 08:04,0,1.1
2026-09-04,bread_cereals,oats,Yulaf ezmesi,id:1V68,id:1V68,Nustil Glutensiz Ve Organik Yulaf Ezmesi 250 Gr,0.25,kg,156.9,627.6,627.6,1,627.6,0.0,api-refined,Yulaf Ezmesi,sub_category,1,1,"[""depot:carrefour-1012""]","[""carrefour""]",pinned-relative,04.09.2026 08:04,0,1.1
2026-09-04,bread_cereals,semolina,İrmik,id:1JQ3,id:1JQ3,Nuh'un Ankara İrmik 500 Gr,0.5,kg,37.2,74.4,74.4,2,74.4,0.0,api-refined,İrmik,sub_category,2,2,"[""depot:a101-4102"",""depot:carrefour-1012""]","[""a101"",""carrefour""]",pinned-relative,04.09.2026 08:02,0,1.1
2026-09-04,bread_cereals,semolina,İrmik,id:0MTF,id:0MTF,Filiz İrmik 500 Gr,0.5,kg,42.925,85.85,85.85,2,85.85,0.0,api-refined,İrmik,sub_category,2,2,"[""depot:carrefour-1012"",""depot:migros-1991""]","[""carrefour"",""migros""]",pinned-relative,04.09.2026 08:06,0,1.1
2026-09-04,bread_cereals,semolina,İrmik,id:0UW3,id:0UW3,Piyale İrmik 500 Gr,0.5,kg,19.5,39.0,39.0,1,39.0,0.0,api-refined,İrmik,sub_category,1,1,"[""depot:sok-4707""]","[""sok""]",pinned-relative,04.09.2026 08:01,0,1.1
2026-09-04,bread_cereals,semolina,İrmik,id:0YQE,id:0YQE,Bendo İrmik 500 Gr,0.5,kg,19.5,39.0,39.0,1,39.0,0.0,api-refined,İrmik,sub_category,1,1,"[""depot:a101-6815""]","[""a101""]",pinned-relative,04.09.2026 08:01,0,1.1
2026-09-04,bread_cereals,semolina,İrmik,id:0765,id:0765,Yazgan İrmik 500 Gr,0.5,kg,19.5,39.0,39.0,1,39.0,0.0,api-refined,İrmik,sub_category,1,1,"[""depot:bim-5712""]","[""bim""]",pinned-relative,04.09.2026 08:05,0,1.1
2026-09-04,bread_cereals,semolina,İrmik,id:08V1,id:08V1,Carrefour İrmik 500 Gr,0.5,kg,20.5,41.0,41.0,1,41.0,0.0,api-refined,İrmik,sub_category,1,1,"[""depot:carrefour-5254""]","[""carrefour""]",pinned-relative,04.09.2026 08:05,0,1.1
2026-09-04,bread_cereals,semolina,İrmik,id:1CJS,id:1CJS,Tat İrmik 500 Gr,0.5,kg,19.5,39.0,39.0,1,39.0,0.0,api-refined,İrmik,sub_category,1,1,"[""depot:hakmar-5521""]","[""hakmar""]",pinned-relative,04.09.2026 08:01,0,1.1
2026-09-04,bread_cereals,semolina,İrmik,id:09ST,id:09ST,Tarım Kredi İrmik 500 Gr,0.5,kg,19.5,39.0,39.0,1,39.0,0.0,api-refined,İrmik,sub_category,1,1,"[""depot:tarim_kredi-5022""]","[""tarim_kredi""]",pinned-relative,04.09.2026 08:05,0,1.1
2026-09-04,bread_cereals,semolina,İrmik,id:04OZ,id:04OZ,Migros İrmik 500 Gr,0.5,kg,20.5,41.0,41.0,1,41.0,0.0,api-refined,İrmik,sub_category,1,1,"[""depot:migros-1991""]","[""migros""]",pinned-relative,04.09.2026 08:05,0,1.1
2026-09-04,bread_cereals,semolina,İrmik,id:1SUC,id:1SUC,Mutlu İrmik 500 Gr,0.5,kg,34.9,69.8,69.8,1,69.8,0.0,api-refined,İrmik,sub_category,1,1,"[""depot:carrefour-5036""]","[""carrefour""]",pinned-relative,04.09.2026 08:04,0,1.1
2026-09-04,bread_cereals,semolina,İrmik,id:00KD,id:00KD,Pastavilla Vakumlu İrmik 500 Gr,0.5,kg,42.95,85.9,85.9,1,85.9,0.0,api-refined,İrmik,sub_category,1,1,"[""depot:carrefour-1012""]","[""carrefour""]",pinned-relative,04.09.2026 08:04,0,1.1
2026-09-04,bread_cereals,semolina,İrmik,id:1YFK,id:1YFK,Sinangil İrmik 500 Gr,0.5,kg,47.9,95.8,95.8,1,95.8,0.0,api-refined,İrmik,sub_category,1,1,"[""depot:carrefour-1012""]","[""carrefour""]",pinned-relative,04.09.2026 08:05,0,1.1
2026-09-04,bread_cereals,semolina,İrmik,id:09R8,id:09R8,City Farm Organik İrmik 500 Gr,0.5,kg,51.99,103.98,103.98,1,103.98,0.0,api-refined,İrmik,sub_category,1,1,"[""depot:carrefour-1012""]","[""carrefour""]",pinned-relative,04.09.2026 08:05,0,1.1
2026-09-04,bread_cereals,semolina,İrmik,id:0GQ9,id:0GQ9,Granoro Semolina Rimacinata İrmik 1 Kg,1.0,kg,160.5,160.5,160.5,1,160.5,0.0,api-refined,İrmik,sub_category,1,1,"[""depot:carrefour-1012""]","[""carrefour""]",pinned-relative,04.09.2026 08:06,0,1.1
2026-09-04,meat,beef_mince,Dana kıyma,id:0FNW,id:0FNW,Donuk Dana Kıyma 400 Gr,0.4,kg,240.0,600.0,600.0,1,600.0,0.0,api-refined,Dana Kıyma,sub_category,1,1,"[""depot:tarim_kredi-5022""]","[""tarim_kredi""]",pinned-relative,04.09.2026 08:06,0,1.1
2026-09-04,meat,beef_mince,Dana kıyma,id:15PL,id:15PL,Haket %20 Yağlı Dana Kıyma 300 Gr,0.3,kg,299.0,996.666667,996.666667,1,996.6667,0.0,api-refined,Dana Kıyma,sub_category,1,1,"[""depot:hakmar-5521""]","[""hakmar""]",pinned-relative,04.09.2026 08:01,0,1.1
2026-09-04,meat,beef_mince,Dana kıyma,id:0MQU,id:0MQU,Lezzetlim Dana Kıyma 400 Gr,0.4,kg,330.0,825.0,825.0,1,825.0,0.0,api-refined,Dana Kıyma,sub_category,1,1,"[""depot:sok-4707""]","[""sok""]",pinned-relative,04.09.2026 08:06,0,1.1
2026-09-04,meat,beef_mince,Dana kıyma,id:12Y7,id:12Y7,Dana Kıyma 400 Gr,0.4,kg,279.0,697.5,697.5,1,697.5,0.0,api-refined,Dana Kıyma,sub_category,1,1,"[""depot:a101-6815""]","[""a101""]",pinned-relative,04.09.2026 08:00,0,1.1
2026-09-04,meat,beef_mince,Dana kıyma,id:002E,id:002E,Emin %20 Yağlı Dana Kıyma 400 Gr,0.4,kg,330.0,825.0,825.0,1,825.0,0.0,api-refined,Dana Kıyma,sub_category,1,1,"[""depot:bim-5712""]","[""bim""]",pinned-relative,04.09.2026 08:04,0,1.1
2026-09-04,meat,beef_mince,Dana kıyma,id:0666,id:0666,Haket %20 Yağlı Dana Kıyma 500 Gr,0.5,kg,430.0,860.0,860.0,1,860.0,0.0,api-refined,Dana Kıyma,sub_category,1,1,"[""depot:hakmar-5602""]","[""hakmar""]",pinned-relative,04.09.2026 08:05,0,1.1
2026-09-04,meat,beef_mince,Dana kıyma,id:147T,id:147T,Dondurulmuş Dana Kıyma 1 Kg,1.0,kg,645.0,645.0,645.0,1,645.0,0.0,api-refined,Dana Kıyma,sub_category,1,1,"[""depot:bim-5712""]","[""bim""]",pinned-relative,04.09.2026 08:00,0,1.1
2026-09-04,meat,beef_mince,Dana kıyma,id:0GYU,id:0GYU,Dana Kıyma Map 1 Kg,1.0,kg,699.9,699.9,699.9,1,699.9,0.0,api-refined,Dana Kıyma,sub_category,1,1,"[""depot:carrefour-5254""]","[""carrefour""]",pinned-relative,04.09.2026 08:06,0,1.1
2026-09-04,meat,beef_cubes,Dana kuşbaşı / sote,id:0A1H,id:0A1H,Uzman Kasap Dana Sote 300 Gr,0.3,kg,263.96,879.866667,879.866667,1,879.86664,0.0,api-refined,Dana Kuşbaşı,sub_category,1,1,"[""depot:migros-3296""]","[""migros""]",pinned-relative,04.09.2026 08:05,0,1.1
2026-09-04,meat,beef_cubes,Dana kuşbaşı / sote,id:0Y5C,id:0Y5C,Uzman Kasap Dana Kuşbaşı 400 Gr,0.4,kg,272.0,680.0,680.0,1,680.0,0.0,api-refined,Dana Kuşbaşı,sub_category,1,1,"[""depot:migros-6679""]","[""migros""]",pinned-relative,04.09.2026 08:01,0,1.1
2026-09-04,meat,beef_cubes,Dana kuşbaşı / sote,id:0ZWJ,id:0ZWJ,Dana Kuşbaşı 400 Gr,0.4,kg,299.0,747.5,747.5,1,747.5,0.0,api-refined,Dana Kuşbaşı,sub_category,1,1,"[""depot:a101-6815""]","[""a101""]",pinned-relative,04.09.2026 08:01,0,1.1
2026-09-04,meat,beef_cubes,Dana kuşbaşı / sote,id:01RG,id:01RG,Emin Dana Kuşbaşı Et 400 Gr,0.4,kg,295.0,737.5,737.5,1,737.5,0.0,api-refined,Dana Kuşbaşı,sub_category,1,1,"[""depot:bim-5712""]","[""bim""]",pinned-relative,04.09.2026 08:04,0,1.1
2026-09-04,meat,beef_cubes,Dana kuşbaşı / sote,id:0395,id:0395,Emin Dana Sote 400 Gr,0.4,kg,305.0,762.5,762.5,1,762.5,0.0,api-refined,Dana Kuşbaşı,sub_category,1,1,"[""depot:bim-5712""]","[""bim""]",pinned-relative,04.09.2026 08:04,0,1.1
2026-09-04,meat,beef_cubes,Dana kuşbaşı / sote,id:0EEI,id:0EEI,Dana Kuşbaşı 500 Gr,0.5,kg,449.9,899.8,899.8,1,899.8,0.0,api-refined,Dana Kuşbaşı,sub_category,1,1,"[""depot:carrefour-5254""]","[""carrefour""]",pinned-relative,04.09.2026 08:06,0,1.1
2026-09-04,meat,beef_cubes,Dana kuşbaşı / sote,id:2ACU,id:2ACU,Haket Yemeklik Dana Kuşbaşı 1 Kg,1.0,kg,875.0,875.0,875.0,1,875.0,0.0,api-refined,Dana Kuşbaşı,sub_category,1,1,"[""depot:hakmar-5602""]","[""hakmar""]",pinned-relative,04.09.2026 08:05,0,1.1
2026-09-04,meat,beef_cubes,Dana kuşbaşı / sote,id:024W,id:024W,Haket Dana Et Sote 1 Kg,1.0,kg,895.0,895.0,895.0,1,895.0,0.0,api-refined,Dana Kuşbaşı,sub_category,1,1,"[""depot:hakmar-5770""]","[""hakmar""]",pinned-relative,04.09.2026 08:04,0,1.1
2026-09-04,meat,chicken_breast,Tavuk göğüs,id:03XY,id:03XY,Şenpiliç Lezita Tavuk Göğüs 1 Kg,1.0,kg,179.0,179.0,179.0,1,179.0,0.0,api-refined,Tavuk Göğüs,sub_category,1,1,"[""depot:hakmar-5521""]","[""hakmar""]",pinned-relative,04.09.2026 08:04,0,1.1
2026-09-04,meat,chicken_thigh,Tavuk but / baget,id:04XI,id:04XI,Şenpiliç Lezita Kemiksiz Tavuk But 1 Kg,1.0,kg,125.0,125.0,125.0,1,125.0,0.0,api-refined,Tavuk But,sub_category,1,1,"[""depot:hakmar-5521""]","[""hakmar""]",pinned-relative,04.09.2026 08:05,0,1.05
2026-09-04,meat,chicken_thigh,Tavuk but / baget,id:1A45,id:1A45,Keskinoğlu Tavuk Kalçalı But 1 Kg,1.0,kg,129.0,129.0,129.0,1,129.0,0.0,api-refined,Tavuk But,sub_category,1,1,"[""depot:a101-9324""]","[""a101""]",pinned-relative,04.09.2026 08:01,0,1.05
2026-09-04,meat,chicken_thigh,Tavuk but / baget,id:0HRD,id:0HRD,Argentina Tavuk Baget 1 Kg,1.0,kg,499.9,499.9,499.9,1,499.9,0.0,api-refined,Tavuk But,sub_category,1,1,"[""depot:carrefour-1012""]","[""carrefour""]",pinned-relative,04.09.2026 08:06,0,1.05
2026-09-04,meat,whole_chicken,Bütün piliç,id:145C,id:145C,Donuk Bütün Piliç 1 Kg,1.0,kg,59.9,59.9,59.9,1,59.9,0.0,api-refined,Bütün Piliç,sub_category,1,1,"[""depot:bim-5712""]","[""bim""]",pinned-relative,04.09.2026 08:00,0,1.1
2026-09-04,meat,whole_chicken,Bütün piliç,id:1FUK,id:1FUK,Erpiliç Donuk Bütün Piliç 1 Kg,1.0,kg,69.9,69.9,69.9,1,69.9,0.0,api-refined,Bütün Piliç,sub_category,1,1,"[""depot:bim-5712""]","[""bim""]",pinned-relative,04.09.2026 08:02,0,1.1
2026-09-04,meat,whole_chicken,Bütün piliç,id:112Q,id:112Q,Erpiliç Dondurulmuş Bütün Poşet Piliç 1 Kg,1.0,kg,119.5,119.5,119.5,1,119.5,0.0,api-refined,Bütün Piliç,sub_category,1,1,"[""depot:a101-6815""]","[""a101""]",pinned-relative,04.09.2026 08:00,0,1.1
2026-09-04,meat,whole_chicken,Bütün piliç,id:107O,id:107O,Banvit Dondurulmuş Bütün Piliç Poşet 1 Kg,1.0,kg,119.5,119.5,119.5,1,119.5,0.0,api-refined,Bütün Piliç,sub_category,1,1,"[""depot:a101-9324""]","[""a101""]",pinned-relative,04.09.2026 07:59,0,1.1
2026-09-04,meat,whole_chicken,Bütün piliç,id:0C6T,id:0C6T,Bakpiliç Donuk Poşetli Bütün Piliç 1 Kg,1.0,kg,119.9,119.9,119.9,1,119.9,0.0,api-refined,Bütün Piliç,sub_category,1,1,"[""depot:tarim_kredi-5022""]","[""tarim_kredi""]",pinned-relative,04.09.2026 08:06,0,1.1
2026-09-04,meat,whole_chicken,Bütün piliç,id:0LNH,id:0LNH,Banvit Poşetli Bütün Piliç 1 Kg,1.0,kg,124.9,124.9,124.9,1,124.9,0.0,api-refined,Bütün Piliç,sub_category,2,1,"[""depot:carrefour-1012""]","[""carrefour""]",pinned-relative,04.09.2026 08:06,0,1.1
2026-09-04,meat,whole_chicken,Bütün piliç,id:1YZV,id:1YZV,Keskinoğlu Bütün Piliç 1 Kg,1.0,kg,125.0,125.0,125.0,1,125.0,0.0,api-refined,Bütün Piliç,sub_category,1,1,"[""depot:sok-4707""]","[""sok""]",pinned-relative,04.09.2026 08:05,0,1.1
2026-09-04,meat,whole_chicken,Bütün piliç,id:056A,id:056A,Taze Bütün Poşet Piliç 1 Kg,1.0,kg,99.0,99.0,99.0,1,99.0,0.0,api-refined,Bütün Piliç,sub_category,1,1,"[""depot:bim-5712""]","[""bim""]",pinned-relative,04.09.2026 08:05,0,1.1
2026-09-04,meat,whole_chicken,Bütün piliç,id:1839,id:1839,Gedik Bütün Piliç 1 Kg,1.0,kg,125.0,125.0,125.0,1,125.0,0.0,api-refined,Bütün Piliç,sub_category,1,1,"[""depot:sok-1017""]","[""sok""]",pinned-relative,04.09.2026 08:01,0,1.1
2026-09-04,meat,whole_chicken,Bütün piliç,id:14PK,id:14PK,Bupiliç Poşetli Bütün Piliç 1 Kg,1.0,kg,125.0,125.0,125.0,1,125.0,0.0,api-refined,Bütün Piliç,sub_category,1,1,"[""depot:a101-9324""]","[""a101""]",pinned-relative,04.09.2026 08:00,0,1.1
2026-09-04,meat,whole_chicken,Bütün piliç,id:0BT1,id:0BT1,Erpiliç Taze Poşetli Bütün Piliç 1 Kg,1.0,kg,125.0,125.0,125.0,1,125.0,0.0,api-refined,Bütün Piliç,sub_category,1,1,"[""depot:tarim_kredi-5022""]","[""tarim_kredi""]",pinned-relative,04.09.2026 08:06,0,1.1
2026-09-04,meat,whole_chicken,Bütün piliç,id:025Q,id:025Q,Lezita Fileli Bütün Roaster Piliç 1 Kg,1.0,kg,129.0,129.0,129.0,1,129.0,0.0,api-refined,Bütün Piliç,sub_category,1,1,"[""depot:hakmar-5770""]","[""hakmar""]",pinned-relative,04.09.2026 08:04,0,1.1
2026-09-04,meat,whole_chicken,Bütün piliç,id:0G6D,id:0G6D,Lezita Taze Poşetli Bütün Piliç 1 Kg,1.0,kg,99.9,99.9,99.9,1,99.9,0.0,api-refined,Bütün Piliç,sub_category,1,1,"[""depot:carrefour-1012""]","[""carrefour""]",pinned-relative,04.09.2026 08:06,0,1.1
2026-09-04,meat,whole_chicken,Bütün piliç,id:1ZDR,id:1ZDR,Gedik Poşetli Bütün Piliç 1 Kg,1.0,kg,149.95,149.95,149.95,1,149.95,0.0,api-refined,Bütün Piliç,sub_category,1,1,"[""depot:migros-6679""]","[""migros""]",pinned-relative,04.09.2026 08:05,0,1.1
2026-09-04,meat,whole_chicken,Bütün piliç,id:10LF,id:10LF,Keskinoğlu Poşetli Piliç 1 Kg,1.0,kg,139.95,139.95,139.95,1,139.95,0.0,api-refined,Bütün Piliç,sub_category,1,1,"[""depot:migros-564""]","[""migros""]",pinned-relative,04.09.2026 08:00,0,1.1
2026-09-04,meat,whole_chicken,Bütün piliç,id:05P2,id:05P2,Fırınlık Piliç 1 Kg,1.0,kg,145.0,145.0,145.0,1,145.0,0.0,api-refined,Bütün Piliç,sub_category,1,1,"[""depot:bim-5712""]","[""bim""]",pinned-relative,04.09.2026 08:05,0,1.1
2026-09-04,meat,turkey,Hindi eti,id:1NE6,id:1NE6,Bahar Hindi Pişmiş Fileto 240 Gr,0.24,kg,209.94,874.75,874.75,2,874.75,0.0,api-refined,Hindi Eti,sub_category,2,2,"[""depot:carrefour-1012"",""depot:migros-1991""]","[""carrefour"",""migros""]",pinned-relative,04.09.2026 08:02,0,1.1
2026-09-04,meat,turkey,Hindi eti,id:1M5B,id:1M5B,Bahar Hindi Pişmiş Fileto 120 Gr,0.12,kg,92.93,774.416667,774.416667,1,774.4167,0.0,api-refined,Hindi Eti,sub_category,1,1,"[""depot:carrefour-1012""]","[""carrefour""]",pinned-relative,04.09.2026 08:02,0,1.1
2026-09-04,meat,turkey,Hindi eti,id:0Q1P,id:0Q1P,Hindice Suda Hindi Fileto 140 Gr,0.14,kg,175.9,1256.428571,1256.428571,1,1256.4285,0.0,api-refined,Hindi Eti,sub_category,1,1,"[""depot:carrefour-1012""]","[""carrefour""]",pinned-relative,04.09.2026 08:00,0,1.1
2026-09-04,meat,turkey,Hindi eti,id:0SFR,id:0SFR,Bolca Bütün Fileto Hindi Göğüs 750 Gr,0.75,kg,369.95,493.266667,493.266667,1,493.26666,0.0,api-refined,Hindi Eti,sub_category,1,1,"[""depot:migros-564""]","[""migros""]",pinned-relative,04.09.2026 08:00,0,1.1
2026-09-04,meat,turkey,Hindi eti,id:0DI9,id:0DI9,Bolca Hindi Bütün Göğüs Fileto 1 Kg,1.0,kg,497.9,497.9,497.9,1,497.9,0.0,api-refined,Hindi Eti,sub_category,1,1,"[""depot:carrefour-1012""]","[""carrefour""]",pinned-relative,04.09.2026 08:06,0,1.1
2026-09-04,meat,sucuk,Sucuk,id:1Z9I,id:1Z9I,Pınar Mangal Keyfi Sucuk 300 Gr,0.3,kg,275.0,916.666667,968.042071,1,916.6667,0.0,api-refined,Sucuk,sub_category,2,1,"[""depot:carrefour-1012""]","[""carrefour""]",pinned-relative,04.09.2026 08:05,0,1.1
2026-09-04,meat,sucuk,Sucuk,id:20DZ,id:20DZ,Namet Kangal Sucuk 240 Gr,0.24,kg,519.0,2162.5,2162.5,2,2162.5,0.0,api-refined,Sucuk,sub_category,2,2,"[""depot:carrefour-1012"",""depot:migros-1991""]","[""carrefour"",""migros""]",pinned-relative,04.09.2026 08:02,0,1.1
2026-09-04,meat,sucuk,Sucuk,id:1ZQE,id:1ZQE,Polonez Kangal Sucuk 240 Gr,0.24,kg,585.0,2437.5,2437.5,1,2437.5,0.0,api-refined,Sucuk,sub_category,2,1,"[""depot:migros-1991""]","[""migros""]",pinned-relative,04.09.2026 08:05,0,1.1
2026-09-04,meat,sucuk,Sucuk,id:2BGX,id:2BGX,Banvit Baton Piliç Sucuk 300 Gr,0.3,kg,79.0,263.333333,263.333333,1,263.3333,0.0,api-refined,Sucuk,sub_category,1,1,"[""depot:hakmar-5200""]","[""hakmar""]",pinned-relative,04.09.2026 08:05,0,1.1
2026-09-04,meat,sucuk,Sucuk,id:13QS,id:13QS,Erpiliç Piliç Baton Sucuk 300 Gr,0.3,kg,89.0,296.666667,296.666667,1,296.66666,0.0,api-refined,Sucuk,sub_category,1,1,"[""depot:sok-7238""]","[""sok""]",pinned-relative,04.09.2026 08:00,0,1.1
2026-09-04,meat,sucuk,Sucuk,id:0ZQG,id:0ZQG,Lezita Piliç Büfe Sucuk 450 Gr,0.45,kg,133.5,296.666667,296.666667,1,296.66666,0.0,api-refined,Sucuk,sub_category,1,1,"[""depot:a101-6815""]","[""a101""]",pinned-relative,04.09.2026 08:01,0,1.1
2026-09-04,meat,sucuk,Sucuk,id:2AEI,id:2AEI,Beşler Hünkar Piliç Sucuk 400 Gr,0.4,kg,149.0,372.5,372.5,1,372.5,0.0,api-refined,Sucuk,sub_category,1,1,"[""depot:hakmar-5521""]","[""hakmar""]",pinned-relative,04.09.2026 08:05,0,1.1
2026-09-04,meat,sucuk,Sucuk,id:0OGT,id:0OGT,Pınar Hindi Doyum Sucuk 225 Gr,0.225,kg,165.0,733.333333,733.333333,1,733.3334,0.0,api-refined,Sucuk,sub_category,1,1,"[""depot:migros-1991""]","[""migros""]",pinned-relative,04.09.2026 08:00,0,1.1
2026-09-04,meat,sucuk,Sucuk,id:0YVS,id:0YVS,Sultan Dilimli Dana Sucuk 250 Gr,0.25,kg,209.0,836.0,836.0,1,836.0,0.0,api-refined,Sucuk,sub_category,1,1,"[""depot:sok-7238""]","[""sok""]",pinned-relative,04.09.2026 08:01,0,1.1
2026-09-04,meat,sucuk,Sucuk,id:3WZT,id:3WZT,Namet Dana Evlik Sucuk 300 Gr,0.3,kg,299.0,996.666667,996.666667,1,996.6667,0.0,api-refined,Sucuk,sub_category,1,1,"[""depot:sok-4711""]","[""sok""]",pinned-relative,04.09.2026 08:03,0,1.1
2026-09-04,meat,sucuk,Sucuk,id:10XY,id:10XY,Namet Dana Mangal Sucuk 350 Gr,0.35,kg,335.0,957.142857,957.142857,1,957.1428,0.0,api-refined,Sucuk,sub_category,1,1,"[""depot:a101-6815""]","[""a101""]",pinned-relative,04.09.2026 08:00,0,1.1
2026-09-04,meat,sucuk,Sucuk,id:0CWM,id:0CWM,Erşan Vakumlu Kangal Sucuk 200 Gr,0.2,kg,369.9,1849.5,1849.5,1,1849.5,0.0,api-refined,Sucuk,sub_category,1,1,"[""depot:carrefour-5254""]","[""carrefour""]",pinned-relative,04.09.2026 08:06,0,1.1
2026-09-04,meat,sucuk,Sucuk,id:0N0H,id:0N0H,Çatal Sucuk İlikli Dana Kangal Sucuk 450 Gr,0.45,kg,299.0,664.444444,664.444444,1,664.44446,0.0,api-refined,Sucuk,sub_category,1,1,"[""depot:bim-5712""]","[""bim""]",pinned-relative,04.09.2026 08:06,0,1.1
2026-09-04,meat,sucuk,Sucuk,id:1M20,id:1M20,Dana Fermente Mangal Sucuk 400 Gr,0.4,kg,299.0,747.5,747.5,1,747.5,0.0,api-refined,Sucuk,sub_category,1,1,"[""depot:bim-5712""]","[""bim""]",pinned-relative,04.09.2026 08:02,0,1.1
2026-09-04,meat,sucuk,Sucuk,id:1SJT,id:1SJT,Torku Vakumlu Sucuk 225 Gr,0.225,kg,425.0,1888.888889,1888.888889,1,1888.8888,0.0,api-refined,Sucuk,sub_category,1,1,"[""depot:migros-1991""]","[""migros""]",pinned-relative,04.09.2026 08:04,0,1.1
2026-09-04,meat,sucuk,Sucuk,id:1BL1,id:1BL1,Başyazıcı Kangal Sucuk 200 Gr,0.2,kg,472.9,2364.5,2364.5,1,2364.5,0.0,api-refined,Sucuk,sub_category,1,1,"[""depot:carrefour-1012""]","[""carrefour""]",pinned-relative,04.09.2026 08:01,0,1.1
2026-09-04,meat,sucuk,Sucuk,id:0U7M,id:0U7M,Apikoğlu Yarım Kangal Sucuk 300 Gr,0.3,kg,829.0,2763.333333,2763.333333,1,2763.3333,0.0,api-refined,Sucuk,sub_category,1,1,"[""depot:migros-1991""]","[""migros""]",pinned-relative,04.09.2026 08:01,0,1.1
2026-09-04,meat,sucuk,Sucuk,id:01T5,id:01T5,Coşkun Çatal Sucuk 1 Kg,1.0,kg,999.9,999.9,999.9,1,999.9,0.0,api-refined,Sucuk,sub_category,1,1,"[""depot:carrefour-1012""]","[""carrefour""]",pinned-relative,04.09.2026 08:04,0,1.1
2026-09-04,meat,sucuk,Sucuk,id:02JE,id:02JE,Polonez Dana Fermente Kangal Sucuk 1 Kg,1.0,kg,2349.9,2349.9,2349.9,1,2349.9,0.0,api-refined,Sucuk,sub_category,1,1,"[""depot:carrefour-1012""]","[""carrefour""]",pinned-relative,04.09.2026 08:04,0,1.1
2026-09-04,meat,sucuk,Sucuk,id:0A8S,id:0A8S,Namet Kangal Sucuk Acılı 1 Kg,1.0,kg,1879.9,1879.9,1879.9,1,1879.9,0.0,api-refined,Sucuk,sub_category,1,1,"[""depot:carrefour-1012""]","[""carrefour""]",pinned-relative,04.09.2026 08:05,0,1.1
2026-09-04,meat,sucuk,Sucuk,id:03FY,id:03FY,Namet Parmak Sucuk 1 Kg,1.0,kg,1879.9,1879.9,1879.9,1,1879.9,0.0,api-refined,Sucuk,sub_category,1,1,"[""depot:carrefour-1012""]","[""carrefour""]",pinned-relative,04.09.2026 08:04,0,1.1
2026-09-04,meat,sucuk,Sucuk,id:0FUM,id:0FUM,Namet Baton Sucuk 1 Kg,1.0,kg,2079.9,2079.9,2079.9,1,2079.9,0.0,api-refined,Sucuk,sub_category,1,1,"[""depot:carrefour-1012""]","[""carrefour""]",pinned-relative,04.09.2026 08:06,0,1.1
2026-09-04,meat,sucuk,Sucuk,id:04FH,id:04FH,Cumhuriyet Kangal Sucuk 1 Kg,1.0,kg,2190.0,2190.0,2190.0,1,2190.0,0.0,api-refined,Sucuk,sub_category,1,1,"[""depot:carrefour-1012""]","[""carrefour""]",pinned-relative,04.09.2026 08:05,0,1.1
2026-09-04,meat,salami,Salam,id:1OV5,id:1OV5,Banvit Piliç Büfe Salam 850 Gr,0.85,kg,117.7,138.470588,138.881102,4,138.470585,0.0,api-refined,Salam,sub_category,4,4,"[""depot:carrefour-1012"",""depot:hakmar-5521"",""depot:migros-4479"",""depot:tarim_kredi-7488""]","[""carrefour"",""hakmar"",""migros"",""tarim_kredi""]",pinned-relative,04.09.2026 08:03,0,1.1
2026-09-04,meat,salami,Salam,id:1RPF,id:1RPF,Polonez Dana Macar Salam 50 Gr,0.05,kg,99.9,1998.0,1998.0,1,1998.0,0.0,api-refined,Salam,sub_category,2,1,"[""depot:migros-4479""]","[""migros""]",pinned-relative,04.09.2026 08:03,0,1.1
2026-09-04,meat,salami,Salam,id:1SOX,id:1SOX,Polonez Fıstıklı Salam 90 Gr,0.09,kg,174.2,1935.555556,1916.63124,2,1935.5554,0.0,api-refined,Salam,sub_category,2,2,"[""depot:carrefour-1012"",""depot:migros-564""]","[""carrefour"",""migros""]",pinned-relative,04.09.2026 08:04,0,1.1
2026-09-04,meat,salami,Salam,id:147C,id:147C,Açık Büfe Hindi Salam 50 Gr,0.05,kg,14.5,290.0,290.0,1,290.0,0.0,api-refined,Salam,sub_category,1,1,"[""depot:bim-5712""]","[""bim""]",pinned-relative,04.09.2026 08:00,0,1.1
2026-09-04,meat,salami,Salam,id:0R2O,id:0R2O,Aytaç Şipşak Piliç Salam Dilimli 60 Gr,0.06,kg,24.0,400.0,400.0,1,400.0,0.0,api-refined,Salam,sub_category,1,1,"[""depot:sok-4707""]","[""sok""]",pinned-relative,04.09.2026 08:00,0,1.1
2026-09-04,meat,salami,Salam,id:1LSD,id:1LSD,Lezita Piliç Dilimli Salam 60 Gr,0.06,kg,24.0,400.0,400.0,1,400.0,0.0,api-refined,Salam,sub_category,1,1,"[""depot:a101-9324""]","[""a101""]",pinned-relative,04.09.2026 08:02,0,1.1
2026-09-04,meat,salami,Salam,id:1JZX,id:1JZX,Polonez Mini Lezzet Hindi Fıstıklı Salam 50 Gr,0.05,kg,27.5,550.0,550.0,1,550.0,0.0,api-refined,Salam,sub_category,1,1,"[""depot:sok-4707""]","[""sok""]",pinned-relative,04.09.2026 08:02,0,1.1
2026-09-04,meat,salami,Salam,id:1OLZ,id:1OLZ,Polonez Piliç Füme Salam 60 Gr,0.06,kg,37.0,616.666667,616.666667,1,616.6667,0.0,api-refined,Salam,sub_category,1,1,"[""depot:sok-4707""]","[""sok""]",pinned-relative,04.09.2026 08:02,0,1.1
2026-09-04,meat,salami,Salam,id:1OAI,id:1OAI,Aytaç Macar Salam 60 Gr,0.06,kg,42.5,708.333333,708.333333,1,708.3333,0.0,api-refined,Salam,sub_category,2,1,"[""depot:sok-4707""]","[""sok""]",pinned-relative,04.09.2026 08:02,0,1.1
2026-09-04,meat,salami,Salam,id:1210,id:1210,Namet Hindi Füme Salam 110 Gr,0.11,kg,59.5,540.909091,540.909091,1,540.9091,0.0,api-refined,Salam,sub_category,1,1,"[""depot:a101-6815""]","[""a101""]",pinned-relative,04.09.2026 08:00,0,1.1
2026-09-04,meat,salami,Salam,id:13JB,id:13JB,Dana Macar Salam 150 Gr,0.15,kg,89.0,593.333333,593.333333,1,593.3333,0.0,api-refined,Salam,sub_category,1,1,"[""depot:bim-5712""]","[""bim""]",pinned-relative,04.09.2026 08:00,0,1.1
2026-09-04,meat,salami,Salam,id:1MKI,id:1MKI,Maret Hindi Salam 500 Gr,0.5,kg,109.0,218.0,218.0,1,218.0,0.0,api-refined,Salam,sub_category,1,1,"[""depot:sok-4707""]","[""sok""]",pinned-relative,04.09.2026 08:02,0,1.1
2026-09-04,meat,salami,Salam,id:07G3,id:07G3,Piliç Salam 1 Kg,1.0,kg,119.0,119.0,119.0,1,119.0,0.0,api-refined,Salam,sub_category,1,1,"[""depot:bim-5712""]","[""bim""]",pinned-relative,04.09.2026 08:05,0,1.1
2026-09-04,meat,salami,Salam,id:0JGL,id:0JGL,Pınar Doyum Salam 700 Gr,0.7,kg,179.95,257.071429,257.071429,1,257.07144,0.0,api-refined,Salam,sub_category,1,1,"[""depot:carrefour-1012""]","[""carrefour""]",pinned-relative,04.09.2026 08:06,0,1.1
2026-09-04,meat,salami,Salam,id:0EW1,id:0EW1,Pınar Fıstıklı Salam 1 Kg,1.0,kg,1499.0,1499.0,1499.0,1,1499.0,0.0,api-refined,Salam,sub_category,1,1,"[""depot:migros-564""]","[""migros""]",pinned-relative,04.09.2026 08:06,0,1.1
2026-09-04,meat,salami,Salam,id:0683,id:0683,Namet Macar Salam 1 Kg,1.0,kg,1659.9,1659.9,1659.9,1,1659.9,0.0,api-refined,Salam,sub_category,1,1,"[""depot:carrefour-1012""]","[""carrefour""]",pinned-relative,04.09.2026 08:05,0,1.1
2026-09-04,meat,salami,Salam,id:08M8,id:08M8,Polonez Fıstıklı Macar Salam 1 Kg,1.0,kg,1699.9,1699.9,1699.9,1,1699.9,0.0,api-refined,Salam,sub_category,1,1,"[""depot:carrefour-1012""]","[""carrefour""]",pinned-relative,04.09.2026 08:05,0,1.1
2026-09-04,meat,salami,Salam,id:03X9,id:03X9,Namet Mortadella Salam 1 Kg,1.0,kg,2119.9,2119.9,2119.9,1,2119.9,0.0,api-refined,Salam,sub_category,1,1,"[""depot:carrefour-1012""]","[""carrefour""]",pinned-relative,04.09.2026 08:04,0,1.1
2026-09-04,meat,sausage,Sosis,id:1DN2,id:1DN2,Banvit Kokteyl Piliç Sosis 500 Gr,0.5,kg,105.0,210.0,221.221756,3,210.0,0.0,api-refined,Sosis,sub_category,3,3,"[""depot:carrefour-5254"",""depot:hakmar-5770"",""depot:tarim_kredi-7488""]","[""carrefour"",""hakmar"",""tarim_kredi""]",pinned-relative,04.09.2026 08:02,0,1.1
2026-09-04,meat,sausage,Sosis,id:20BC,id:20BC,Pınar Hindi Uzun Sosis 430 Gr,0.43,kg,192.475,447.616279,447.616279,2,447.616305,0.0,api-refined,Sosis,sub_category,2,2,"[""depot:carrefour-1012"",""depot:migros-1991""]","[""carrefour"",""migros""]",pinned-relative,04.09.2026 08:02,0,1.1
2026-09-04,meat,sausage,Sosis,id:1MUU,id:1MUU,Maret Hindi Sosis 130 Gr,0.13,kg,39.0,300.0,300.0,1,300.0,0.0,api-refined,Sosis,sub_category,1,1,"[""depot:sok-4707""]","[""sok""]",pinned-relative,04.09.2026 08:02,0,1.1
2026-09-04,meat,sausage,Sosis,id:1DG3,id:1DG3,Hindi Sosis 130 Gr,0.13,kg,39.0,300.0,300.0,1,300.0,0.0,api-refined,Sosis,sub_category,1,1,"[""depot:bim-5712""]","[""bim""]",pinned-relative,04.09.2026 08:02,0,1.1
2026-09-04,meat,sausage,Sosis,id:1DEC,id:1DEC,Piliç Sosis 250 Gr,0.25,kg,65.0,260.0,260.0,1,260.0,0.0,api-refined,Sosis,sub_category,1,1,"[""depot:bim-5712""]","[""bim""]",pinned-relative,04.09.2026 08:02,0,1.1
2026-09-04,meat,sausage,Sosis,id:2AFB,id:2AFB,Beşler Piliç Sosis 280 Gr,0.28,kg,79.0,282.142857,282.142857,1,282.14285,0.0,api-refined,Sosis,sub_category,1,1,"[""depot:hakmar-5521""]","[""hakmar""]",pinned-relative,04.09.2026 08:05,0,1.1
2026-09-04,meat,sausage,Sosis,id:1DED,id:1DED,Banvit Jumbo Piliç Sosis 330 Gr,0.33,kg,84.5,256.060606,256.060606,1,256.0606,0.0,api-refined,Sosis,sub_category,1,1,"[""depot:a101-6815""]","[""a101""]",pinned-relative,04.09.2026 08:02,0,1.1
2026-09-04,meat,sausage,Sosis,id:1DCT,id:1DCT,Pınar Hindi Sosis 430 Gr,0.43,kg,95.0,220.930233,220.930233,1,220.93024,0.0,api-refined,Sosis,sub_category,1,1,"[""depot:bim-5712""]","[""bim""]",pinned-relative,04.09.2026 08:02,0,1.1
2026-09-04,meat,sausage,Sosis,id:1ZIV,id:1ZIV,Beşler Piliç Kokteyl Sosis 220 Gr,0.22,kg,96.9,440.454545,440.454545,1,440.45453,0.0,api-refined,Sosis,sub_category,1,1,"[""depot:carrefour-5036""]","[""carrefour""]",pinned-relative,04.09.2026 08:05,0,1.1
2026-09-04,meat,sausage,Sosis,id:1DD8,id:1DD8,Aytaç Piliç Jülyen Sosis 500 Gr,0.5,kg,99.0,198.0,198.0,1,198.0,0.0,api-refined,Sosis,sub_category,1,1,"[""depot:bim-5712""]","[""bim""]",pinned-relative,04.09.2026 08:02,0,1.1
2026-09-04,meat,sausage,Sosis,id:1D13,id:1D13,Doyfarm Piliç Sosis 1 Kg,1.0,kg,125.0,125.0,125.0,1,125.0,0.0,api-refined,Sosis,sub_category,1,1,"[""depot:hakmar-5521""]","[""hakmar""]",pinned-relative,04.09.2026 08:01,0,1.1
2026-09-04,meat,sausage,Sosis,id:1N8K,id:1N8K,Aytaç Sosis 190 Gr,0.19,kg,135.0,710.526316,710.526316,1,710.5263,0.0,api-refined,Sosis,sub_category,1,1,"[""depot:sok-4707""]","[""sok""]",pinned-relative,04.09.2026 08:02,0,1.1
2026-09-04,meat,sausage,Sosis,id:1Y25,id:1Y25,Sultan Dana Kokteyl Sosis 250 Gr,0.25,kg,154.0,616.0,616.0,1,616.0,0.0,api-refined,Sosis,sub_category,1,1,"[""depot:sok-7238""]","[""sok""]",pinned-relative,04.09.2026 08:04,0,1.1
2026-09-04,meat,sausage,Sosis,id:1D2S,id:1D2S,Beşler Piliç Kokteyl Sosis 400 Gr,0.4,kg,164.9,412.25,412.25,1,412.24997,0.0,api-refined,Sosis,sub_category,1,1,"[""depot:carrefour-5036""]","[""carrefour""]",pinned-relative,04.09.2026 08:01,0,1.1
2026-09-04,meat,sausage,Sosis,id:1ZGL,id:1ZGL,Banvit Piliç Kokteyl Sosis 1 Kg,1.0,kg,180.95,180.95,180.95,1,180.95,0.0,api-refined,Sosis,sub_category,1,1,"[""depot:migros-4479""]","[""migros""]",pinned-relative,04.09.2026 08:05,0,1.1
2026-09-04,meat,sausage,Sosis,id:1LA1,id:1LA1,Banvit Kokteyl Sosis 1 Kg,1.0,kg,249.9,249.9,249.9,1,249.9,0.0,api-refined,Sosis,sub_category,1,1,"[""depot:carrefour-1012""]","[""carrefour""]",pinned-relative,04.09.2026 08:02,0,1.1
2026-09-04,meat,sausage,Sosis,id:1DG2,id:1DG2,Polonez Dana Kokteyl Sosis 200 Gr,0.2,kg,289.0,1445.0,1445.0,1,1445.0,0.0,api-refined,Sosis,sub_category,1,1,"[""depot:migros-3296""]","[""migros""]",pinned-relative,04.09.2026 08:02,0,1.1
2026-09-04,meat,sausage,Sosis,id:1D6A,id:1D6A,Pınar Uzun Sosis 225 Gr,0.225,kg,330.0,1466.666667,1466.666667,1,1466.6667,0.0,api-refined,Sosis,sub_category,1,1,"[""depot:migros-1991""]","[""migros""]",pinned-relative,04.09.2026 08:01,0,1.1
2026-09-04,meat,sausage,Sosis,id:1Z6D,id:1Z6D,Maret 5'li Sosis 240 Gr,0.24,kg,363.0,1512.5,1512.5,1,1512.5,0.0,api-refined,Sosis,sub_category,2,1,"[""depot:migros-1991""]","[""migros""]",pinned-relative,04.09.2026 08:05,0,1.1
2026-09-04,meat,sausage,Sosis,id:1QT6,id:1QT6,Pınar Ekonomik 10'lu Sosis 430 Gr,0.43,kg,599.0,1393.023256,1393.023256,1,1393.0232,0.0,api-refined,Sosis,sub_category,1,1,"[""depot:migros-1991""]","[""migros""]",pinned-relative,04.09.2026 08:03,0,1.1
2026-09-04,meat,sausage,Sosis,id:1DHO,id:1DHO,Pınar Sosis 430 Gr,0.43,kg,599.0,1393.023256,1393.023256,1,1393.0232,0.0,api-refined,Sosis,sub_category,1,1,"[""depot:carrefour-5254""]","[""carrefour""]",pinned-relative,04.09.2026 08:02,0,1.1
2026-09-04,meat,sausage,Sosis,id:1D1X,id:1D1X,Polonez Hindi Kokteyl Sosis 1 Kg,1.0,kg,779.9,779.9,779.9,1,779.9,0.0,api-refined,Sosis,sub_category,1,1,"[""depot:carrefour-1012""]","[""carrefour""]",pinned-relative,04.09.2026 08:01,0,1.1
2026-09-04,meat,meatballs,Köfte,id:16VO,id:16VO,Bonfilet Dondurulmuş Dana Sulu Köfte 400 Gr,0.4,kg,99.0,247.5,247.5,1,247.5,0.0,api-refined,Köfte ve Kebap,sub_category,1,1,"[""depot:a101-9324""]","[""a101""]",pinned-relative,04.09.2026 08:01,0,1.1
2026-09-04,meat,meatballs,Köfte,id:1GXU,id:1GXU,Lezita Dondurulmuş Piliç Izgara Köfte 1 Kg,1.0,kg,99.5,99.5,99.5,1,99.5,0.0,api-refined,Köfte ve Kebap,sub_category,1,1,"[""depot:a101-9324""]","[""a101""]",pinned-relative,04.09.2026 08:02,0,1.1
2026-09-04,meat,meatballs,Köfte,id:0896,id:0896,Lezita Dondurulmuş Piliç Kasap Köfte 700 Gr,0.7,kg,159.75,228.214286,228.214286,1,228.21428,0.0,api-refined,Köfte ve Kebap,sub_category,1,1,"[""depot:hakmar-5521""]","[""hakmar""]",pinned-relative,04.09.2026 08:05,0,1.1
2026-09-04,meat,meatballs,Köfte,id:0YXW,id:0YXW,Kombinet Dondurulmuş Dana Hamburger Köfte 225 Gr,0.225,kg,175.0,777.777778,777.777778,1,777.7778,0.0,api-refined,Köfte ve Kebap,sub_category,1,1,"[""depot:a101-6815""]","[""a101""]",pinned-relative,04.09.2026 08:01,0,1.1
2026-09-04,meat,meatballs,Köfte,id:0K3L,id:0K3L,Keskinoğlu Dondurulmuş Piliç Kasap Köfte 1 Kg,1.0,kg,209.0,209.0,209.0,1,209.0,0.0,api-refined,Köfte ve Kebap,sub_category,1,1,"[""depot:a101-6815""]","[""a101""]",pinned-relative,04.09.2026 08:06,0,1.1
2026-09-04,meat,meatballs,Köfte,id:1J2Q,id:1J2Q,Dondurulmuş Piliç Kasap Köfte 1 Kg,1.0,kg,209.0,209.0,209.0,1,209.0,0.0,api-refined,Köfte ve Kebap,sub_category,1,1,"[""depot:bim-5712""]","[""bim""]",pinned-relative,04.09.2026 08:02,0,1.1
2026-09-04,meat,meatballs,Köfte,id:0X7U,id:0X7U,Torku Dondurulmuş Dana Kuzu Cızbız Köfte 390 Gr,0.39,kg,239.0,612.820513,612.820513,1,612.8205,0.0,api-refined,Köfte ve Kebap,sub_category,1,1,"[""depot:a101-9324""]","[""a101""]",pinned-relative,04.09.2026 08:01,0,1.1
2026-09-04,meat,meatballs,Köfte,id:03FV,id:03FV,Emin Dondurulmuş Kaşarlı Kasap Köfte 500 Gr,0.5,kg,349.0,698.0,698.0,1,698.0,0.0,api-refined,Köfte ve Kebap,sub_category,1,1,"[""depot:bim-5712""]","[""bim""]",pinned-relative,04.09.2026 08:04,0,1.1
2026-09-04,meat,meatballs,Köfte,id:3X04,id:3X04,Aytaç Dondurulmuş Maydanozlu Dana Köfte 500 Gr,0.5,kg,399.0,798.0,798.0,1,798.0,0.0,api-refined,Köfte ve Kebap,sub_category,1,1,"[""depot:sok-4707""]","[""sok""]",pinned-relative,04.09.2026 08:03,0,1.1
2026-09-04,meat,meatballs,Köfte,id:1165,id:1165,Ramiz Dondurulmuş Dana Köfte 500 Gr,0.5,kg,399.0,798.0,798.0,1,798.0,0.0,api-refined,Köfte ve Kebap,sub_category,1,1,"[""depot:a101-6815""]","[""a101""]",pinned-relative,04.09.2026 08:00,0,1.1
2026-09-04,meat,meatballs,Köfte,id:1OAH,id:1OAH,Dondurulmuş Dana Köfte 500 Gr,0.5,kg,399.0,798.0,798.0,1,798.0,0.0,api-refined,Köfte ve Kebap,sub_category,1,1,"[""depot:bim-5712""]","[""bim""]",pinned-relative,04.09.2026 08:02,0,1.1
2026-09-04,meat,meatballs,Köfte,id:0O22,id:0O22,Uzman Kasap Dondurulmuş Mangal Köfte 500 Gr,0.5,kg,375.96,751.92,751.92,1,751.92,0.0,api-refined,Köfte ve Kebap,sub_category,1,1,"[""depot:migros-4479""]","[""migros""]",pinned-relative,04.09.2026 07:59,0,1.1
2026-09-04,meat,meatballs,Köfte,id:05L8,id:05L8,Emin Dondurulmuş Hamburger Köftesi 225 Gr,0.225,kg,175.0,777.777778,777.777778,1,777.7778,0.0,api-refined,Köfte ve Kebap,sub_category,1,1,"[""depot:bim-5712""]","[""bim""]",pinned-relative,04.09.2026 08:05,0,1.0
2026-09-04,fish,tuna,Ton balığı,id:1ZRQ,id:1ZRQ,Dardanel Zeytinyağlı Ton Balığı 2x140 Gr,0.28,kg,472.95,1689.107143,1380.089286,1,1689.1072,0.0,api-refined,Ton Balığı Konserveleri,sub_category,2,1,"[""depot:migros-1991""]","[""migros""]",pinned-relative,04.09.2026 08:05,0,1.1
2026-09-04,fish,tuna,Ton balığı,id:1ZG5,id:1ZG5,Dardanel Ayçiçekyağlı Ton Balığı 2x140 Gr,0.28,kg,429.925,1535.446429,1551.369384,2,1535.4465,0.0,api-refined,Ton Balığı Konserveleri,sub_category,2,2,"[""depot:carrefour-1012"",""depot:migros-1991""]","[""carrefour"",""migros""]",pinned-relative,04.09.2026 08:05,0,1.1
2026-09-04,fish,tuna,Ton balığı,id:211W,id:211W,Superfresh Zeytinyağlı Ton Balığı 2x140 Gr,0.28,kg,379.93,1356.892857,1356.892857,2,1356.8929,0.0,api-refined,Ton Balığı Konserveleri,sub_category,2,2,"[""depot:carrefour-1012"",""depot:migros-1991""]","[""carrefour"",""migros""]",pinned-relative,04.09.2026 08:03,0,1.1
2026-09-04,fish,tuna,Ton balığı,id:1TJE,id:1TJE,Dardanel Zeytinyağlı Ton Balığı 225 Gr,0.225,kg,439.95,1955.333333,1955.333336,2,1955.3334,0.0,api-refined,Ton Balığı Konserveleri,sub_category,2,2,"[""depot:carrefour-5254"",""depot:migros-1991""]","[""carrefour"",""migros""]",pinned-relative,04.09.2026 08:04,0,1.1
2026-09-04,fish,tuna,Ton balığı,id:0ASX,id:0ASX,Carrefour Ton Balığı 160 Gr,0.16,kg,69.9,436.875,436.875,1,436.87503,0.0,api-refined,Ton Balığı Konserveleri,sub_category,1,1,"[""depot:carrefour-5254""]","[""carrefour""]",pinned-relative,04.09.2026 08:05,0,1.1
2026-09-04,fish,tuna,Ton balığı,id:0CHX,id:0CHX,Carrefour Ton Balığı Konservesi 3x80 Gr,0.24,kg,105.0,437.5,437.5,1,437.5,0.0,api-refined,Ton Balığı Konserveleri,sub_category,1,1,"[""depot:carrefour-5254""]","[""carrefour""]",pinned-relative,04.09.2026 08:06,0,1.1
2026-09-04,fish,tuna,Ton balığı,id:0ZDE,id:0ZDE,Bizim Vatan Ton Balığı 2x160 Gr,0.32,kg,121.0,378.125,378.125,1,378.125,0.0,api-refined,Ton Balığı Konserveleri,sub_category,1,1,"[""depot:sok-4707""]","[""sok""]",pinned-relative,04.09.2026 08:01,0,1.1
2026-09-04,fish,tuna,Ton balığı,id:10Q7,id:10Q7,Wawa Konserve Ton Balığı 2x160 Gr,0.32,kg,121.0,378.125,378.125,1,378.125,0.0,api-refined,Ton Balığı Konserveleri,sub_category,1,1,"[""depot:a101-6815""]","[""a101""]",pinned-relative,04.09.2026 08:00,0,1.1
2026-09-04,fish,tuna,Ton balığı,id:05WT,id:05WT,Derya Ton Balığı 320 Gr,0.32,kg,121.0,378.125,378.125,1,378.125,0.0,api-refined,Ton Balığı Konserveleri,sub_category,1,1,"[""depot:bim-5712""]","[""bim""]",pinned-relative,04.09.2026 08:05,0,1.1
2026-09-04,fish,tuna,Ton balığı,id:0ATY,id:0ATY,Sasu Acılı Ton Balığı 2x160 Gr,0.32,kg,121.0,378.125,378.125,1,378.125,0.0,api-refined,Ton Balığı Konserveleri,sub_category,1,1,"[""depot:hakmar-5521""]","[""hakmar""]",pinned-relative,04.09.2026 08:05,0,1.1
2026-09-04,fish,tuna,Ton balığı,id:0CNK,id:0CNK,Tarım Kredi Ton Balığı 2x160 Gr,0.32,kg,121.0,378.125,378.125,1,378.125,0.0,api-refined,Ton Balığı Konserveleri,sub_category,1,1,"[""depot:tarim_kredi-5022""]","[""tarim_kredi""]",pinned-relative,04.09.2026 08:06,0,1.1
2026-09-04,fish,tuna,Ton balığı,id:04KZ,id:04KZ,Superfresh Klasik Ton Balığı 4x75 Gr,0.3,kg,199.0,663.333333,663.333333,1,663.3334,0.0,api-refined,Ton Balığı Konserveleri,sub_category,1,1,"[""depot:hakmar-5521""]","[""hakmar""]",pinned-relative,04.09.2026 08:05,0,1.1
2026-09-04,fish,tuna,Ton balığı,id:1T7L,id:1T7L,Superfresh Klasik Ton Balığı 3x75 Gr,0.225,kg,382.9,1701.777778,1701.777778,1,1701.7777,0.0,api-refined,Ton Balığı Konserveleri,sub_category,1,1,"[""depot:carrefour-5254""]","[""carrefour""]",pinned-relative,04.09.2026 08:04,0,1.1
2026-09-04,fish,tuna,Ton balığı,id:0TLE,id:0TLE,Kalite Tonla Zeytinyağlı Ton Balığı 2x150 Gr,0.3,kg,269.95,899.833333,899.833333,1,899.8334,0.0,api-refined,Ton Balığı Konserveleri,sub_category,1,1,"[""depot:migros-564""]","[""migros""]",pinned-relative,04.09.2026 08:00,0,1.1
2026-09-04,fish,tuna,Ton balığı,id:1KDC,id:1KDC,Superfresh Light Ton Balığı 3x75 Gr,0.225,kg,287.21,1276.488889,1276.488889,1,1276.4889,0.0,api-refined,Ton Balığı Konserveleri,sub_category,1,1,"[""depot:migros-1991""]","[""migros""]",pinned-relative,04.09.2026 08:02,0,1.1
2026-09-04,fish,tuna,Ton balığı,id:17YO,id:17YO,Dardanel Ekonomik Ton Balığı 3x140 G,0.42,kg,289.0,688.095238,688.095238,1,688.0952,0.0,api-refined,Ton Balığı Konserveleri,sub_category,1,1,"[""depot:tarim_kredi-5022""]","[""tarim_kredi""]",pinned-relative,04.09.2026 08:01,0,1.1
2026-09-04,fish,tuna,Ton balığı,id:0S63,id:0S63,Fide Acılı Ton Balığı 320 Gr,0.32,kg,301.95,943.59375,943.59375,1,943.5938,0.0,api-refined,Ton Balığı Konserveleri,sub_category,1,1,"[""depot:migros-564""]","[""migros""]",pinned-relative,04.09.2026 08:00,0,1.1
2026-09-04,fish,sardine,Konserve sardalya,id:0LBN,id:0LBN,Tada Sardalya Konservesi 125 Gr,0.125,kg,141.95,1135.6,1135.6,1,1135.6,0.0,api-refined,Deniz Ürünleri,main_category,1,1,"[""depot:migros-564""]","[""migros""]",pinned-relative,04.09.2026 08:06,0,1.1
2026-09-04,fish,smoked_salmon,Somon füme,id:1QHC,id:1QHC,Dardanel Somon Füme 80 Gr,0.08,kg,199.9,2498.75,2498.75,1,2498.75,0.0,api-refined,Somon,sub_category,2,1,"[""depot:migros-564""]","[""migros""]",pinned-relative,04.09.2026 08:03,0,1.1
2026-09-04,fish,smoked_salmon,Somon füme,id:1MI7,id:1MI7,Kocaman Karadeniz Somon Füme 100 Gr,0.1,kg,214.0,2140.0,2140.0,1,2140.0,0.0,api-refined,Somon,sub_category,1,1,"[""depot:carrefour-1012""]","[""carrefour""]",pinned-relative,04.09.2026 08:02,0,1.1
2026-09-04,fish,smoked_salmon,Somon füme,id:0RPP,id:0RPP,Migros Türk Somonu Füme 100 Gr,0.1,kg,269.9,2699.0,2699.0,1,2699.0,0.0,api-refined,Somon,sub_category,1,1,"[""depot:migros-3296""]","[""migros""]",pinned-relative,04.09.2026 08:00,0,1.05
2026-09-04,fish,salmon,Somon fileto,id:05T0,id:05T0,Kuzuoğlu Vakumlu Somon Dilim Fileto 400 Gr,0.4,kg,339.9,849.75,849.75,1,849.75,0.0,api-refined,Somon,sub_category,1,1,"[""depot:tarim_kredi-5022""]","[""tarim_kredi""]",pinned-relative,04.09.2026 08:05,0,1.1
2026-09-04,fish,salmon,Somon fileto,id:0H1E,id:0H1E,Somon Dilim Hazır 1 Kg,1.0,kg,649.0,649.0,649.0,1,649.0,0.0,api-refined,Somon,sub_category,1,1,"[""depot:carrefour-1012""]","[""carrefour""]",pinned-relative,04.09.2026 08:06,0,1.1
2026-09-04,fish,salmon,Somon fileto,id:0H1V,id:0H1V,Türk Somonu Temizlenmemiş 1 Kg,1.0,kg,279.0,279.0,279.0,1,279.0,0.0,api-refined,Somon,sub_category,1,1,"[""depot:carrefour-1012""]","[""carrefour""]",pinned-relative,04.09.2026 08:06,0,1.0
2026-09-04,fish,salmon,Somon fileto,id:0DMR,id:0DMR,Marines Karadeniz Somonu 500 Gr,0.5,kg,349.0,698.0,698.0,1,698.0,0.0,api-refined,Somon,sub_category,1,1,"[""depot:carrefour-1012""]","[""carrefour""]",pinned-relative,04.09.2026 08:06,0,1.0
2026-09-04,fish,frozen_fish,Dondurulmuş balık,id:1NG9,id:1NG9,Balık Dünyası Uskumru Fileto 500 Gr,0.5,kg,179.0,358.0,358.0,2,358.0,0.0,api-refined,Dondurulmuş Balık,sub_category,2,2,"[""depot:carrefour-1012"",""depot:sok-7238""]","[""carrefour"",""sok""]",pinned-relative,04.09.2026 08:02,0,1.1
2026-09-04,fish,frozen_fish,Dondurulmuş balık,id:1IL7,id:1IL7,Balık Dünyası Temizlenmiş Sardalya 500 Gr,0.5,kg,149.0,298.0,298.0,1,298.0,0.0,api-refined,Dondurulmuş Balık,sub_category,1,1,"[""depot:carrefour-1012""]","[""carrefour""]",pinned-relative,04.09.2026 08:02,0,1.1
2026-09-04,fish,frozen_fish,Dondurulmuş balık,id:042I,id:042I,Kuzey Balık Dondurulmuş Temizlenmiş Alabalık 320 Gr,0.32,kg,155.0,484.375,484.375,1,484.375,0.0,api-refined,Dondurulmuş Balık,sub_category,1,1,"[""depot:tarim_kredi-5022""]","[""tarim_kredi""]",pinned-relative,04.09.2026 08:04,0,1.1
2026-09-04,fish,frozen_fish,Dondurulmuş balık,id:1PS7,id:1PS7,Balık Dünyası Türk Somonu 440 Gr,0.44,kg,165.0,375.0,375.0,1,375.0,0.0,api-refined,Dondurulmuş Balık,sub_category,1,1,"[""depot:sok-1017""]","[""sok""]",pinned-relative,04.09.2026 08:03,0,1.1
2026-09-04,fish,frozen_fish,Dondurulmuş balık,id:1LWQ,id:1LWQ,Balık Dünyası Dondurulmuş Hamsi 500 Gr,0.5,kg,199.0,398.0,398.0,1,398.0,0.0,api-refined,Dondurulmuş Balık,sub_category,1,1,"[""depot:carrefour-1012""]","[""carrefour""]",pinned-relative,04.09.2026 08:02,0,1.1
2026-09-04,fish,frozen_fish,Dondurulmuş balık,id:05XO,id:05XO,Kuzey Balık Dondurulmuş Alabalık Fileto 500 Gr,0.5,kg,285.0,570.0,570.0,1,570.0,0.0,api-refined,Dondurulmuş Balık,sub_category,1,1,"[""depot:tarim_kredi-5022""]","[""tarim_kredi""]",pinned-relative,04.09.2026 08:05,0,1.1
2026-09-04,fish,frozen_fish,Dondurulmuş balık,id:11PX,id:11PX,Balıkdünyası Dondurulmuş Sardalya 500 Gr,0.5,kg,79.5,159.0,159.0,1,159.0,0.0,api-refined,Dondurulmuş Balık,sub_category,1,1,"[""depot:a101-4102""]","[""a101""]",pinned-relative,04.09.2026 08:00,0,1.0
2026-09-04,fish,frozen_fish,Dondurulmuş balık,id:1BB5,id:1BB5,Balıkdünyası Dondurulmuş Somon %10 Glaze 440 Gr,0.44,kg,165.0,375.0,375.0,1,375.0,0.0,api-refined,Dondurulmuş Balık,sub_category,1,1,"[""depot:a101-4102""]","[""a101""]",pinned-relative,04.09.2026 08:01,0,1.0
2026-09-04,fish,frozen_fish,Dondurulmuş balık,id:10XZ,id:10XZ,Balıkdünyası Dondurulmuş Temizlenmiş Çipura 550 Gr,0.55,kg,219.0,398.181818,398.181818,1,398.18182,0.0,api-refined,Dondurulmuş Balık,sub_category,1,1,"[""depot:a101-4141""]","[""a101""]",pinned-relative,04.09.2026 08:00,0,1.0
2026-09-04,dairy_eggs,milk,İçme sütü,id:1CFQ,id:1CFQ,Sek Laktozsuz Süt 1 Lt,1.0,l,64.725,64.725,64.725,2,64.725,0.0,api-refined,Süt,main_category,2,2,"[""depot:a101-4141"",""depot:carrefour-1012""]","[""a101"",""carrefour""]",pinned-relative,04.09.2026 08:01,0,1.1
2026-09-04,dairy_eggs,milk,İçme sütü,id:1T9S,id:1T9S,İçim Süt 1 Lt,1.0,l,69.5,69.5,64.225,1,69.5,0.0,api-refined,Süt,main_category,2,1,"[""depot:migros-1991""]","[""migros""]",pinned-relative,04.09.2026 08:04,0,1.1
2026-09-04,dairy_eggs,milk,İçme sütü,id:1RT9,id:1RT9,Pınar Organik Süt 1 Lt,1.0,l,89.95,89.95,98.950294,1,89.95,0.0,api-refined,Süt,main_category,2,1,"[""depot:carrefour-5254""]","[""carrefour""]",pinned-relative,04.09.2026 08:03,0,1.1
2026-09-04,dairy_eggs,milk,İçme sütü,id:1H2F,id:1H2F,Dost %0.5 Yağlı Süt 1 Lt,1.0,l,32.5,32.5,32.5,1,32.5,0.0,api-refined,Süt,main_category,1,1,"[""depot:bim-5712""]","[""bim""]",pinned-relative,04.09.2026 08:02,0,1.1
2026-09-04,dairy_eggs,milk,İçme sütü,id:1FJ0,id:1FJ0,Aytaç %0.5 Yağlı Süt 1 Lt,1.0,l,35.0,35.0,35.0,1,35.0,0.0,api-refined,Süt,main_category,1,1,"[""depot:bim-5712""]","[""bim""]",pinned-relative,04.09.2026 08:02,0,1.1
2026-09-04,dairy_eggs,milk,İçme sütü,id:0OGK,id:0OGK,"Pınar %0,5 Yağlı Süt 1 Lt",1.0,l,42.5,42.5,42.5,1,42.5,0.0,api-refined,Süt,main_category,1,1,"[""depot:bim-5712""]","[""bim""]",pinned-relative,04.09.2026 08:00,0,1.1
2026-09-04,dairy_eggs,milk,İçme sütü,id:0PY7,id:0PY7,Mis Yarım Yağlı Uht Süt 1 Lt,1.0,l,43.5,43.5,43.5,1,43.5,0.0,api-refined,Süt,main_category,1,1,"[""depot:sok-4707""]","[""sok""]",pinned-relative,04.09.2026 08:00,0,1.1
2026-09-04,dairy_eggs,milk,İçme sütü,id:0VK4,id:0VK4,Teksüt %1.5 Yağlı Süt 1 Lt,1.0,l,44.5,44.5,44.5,1,44.5,0.0,api-refined,Süt,main_category,1,1,"[""depot:bim-5712""]","[""bim""]",pinned-relative,04.09.2026 08:01,0,1.1
2026-09-04,dairy_eggs,milk,İçme sütü,id:0OM4,id:0OM4,Dost %3.1 Yağlı Süt 1 Lt,1.0,l,52.5,52.5,52.5,1,52.5,0.0,api-refined,Süt,main_category,1,1,"[""depot:bim-5712""]","[""bim""]",pinned-relative,04.09.2026 08:00,0,1.1
2026-09-04,dairy_eggs,milk,İçme sütü,id:06EX,id:06EX,Göynük Doğal %3.1 Yağlı Süt 1 Lt,1.0,l,52.5,52.5,52.5,1,52.5,0.0,api-refined,Süt,main_category,1,1,"[""depot:hakmar-5521""]","[""hakmar""]",pinned-relative,04.09.2026 08:05,0,1.1
2026-09-04,dairy_eggs,milk,İçme sütü,id:0G47,id:0G47,Carrefour Yağlı Süt 1 Lt,1.0,l,52.75,52.75,52.75,1,52.75,0.0,api-refined,Süt,main_category,1,1,"[""depot:carrefour-5254""]","[""carrefour""]",pinned-relative,04.09.2026 08:06,0,1.1
2026-09-04,dairy_eggs,milk,İçme sütü,id:1NNL,id:1NNL,Sek %1.5 Yağlı Süt 1 Lt,1.0,l,53.0,53.0,53.0,1,53.0,0.0,api-refined,Süt,main_category,1,1,"[""depot:bim-5712""]","[""bim""]",pinned-relative,04.09.2026 08:02,0,1.1
2026-09-04,dairy_eggs,milk,İçme sütü,id:225R,id:225R,Sek Yağlı Süt 1 Lt,1.0,l,55.0,55.0,55.0,1,55.0,0.0,api-refined,Süt,main_category,1,1,"[""depot:a101-4141""]","[""a101""]",pinned-relative,04.09.2026 08:03,0,1.1
2026-09-04,dairy_eggs,milk,İçme sütü,id:00DR,id:00DR,Dost Günlük Pastörize Süt 1 Lt,1.0,l,59.0,59.0,59.0,1,59.0,0.0,api-refined,Süt,main_category,1,1,"[""depot:bim-5712""]","[""bim""]",pinned-relative,04.09.2026 08:04,0,1.1
2026-09-04,dairy_eggs,milk,İçme sütü,id:2266,id:2266,İçim Yağlı Süt 1 Lt,1.0,l,59.5,59.5,59.5,1,59.5,0.0,api-refined,Süt,main_category,1,1,"[""depot:a101-6815""]","[""a101""]",pinned-relative,04.09.2026 08:03,0,1.1
2026-09-04,dairy_eggs,milk,İçme sütü,id:0385,id:0385,Dost Laktozsuz Süt 1 Lt,1.0,l,62.5,62.5,62.5,1,62.5,0.0,api-refined,Süt,main_category,1,1,"[""depot:bim-5712""]","[""bim""]",pinned-relative,04.09.2026 08:04,0,1.1
2026-09-04,dairy_eggs,milk,İçme sütü,id:1WEL,id:1WEL,Dost İtalyan Karamelli Pastörize Süt 1 Lt,1.0,l,65.0,65.0,65.0,1,65.0,0.0,api-refined,Süt,main_category,1,1,"[""depot:bim-5712""]","[""bim""]",pinned-relative,04.09.2026 08:04,0,1.1
2026-09-04,dairy_eggs,milk,İçme sütü,id:1E1I,id:1E1I,Yörsan %3 Yağlı Uht Süt 1 Lt,1.0,l,66.95,66.95,66.95,1,66.95,0.0,api-refined,Süt,main_category,1,1,"[""depot:migros-564""]","[""migros""]",pinned-relative,04.09.2026 08:02,0,1.1
2026-09-04,dairy_eggs,milk,İçme sütü,id:0APR,id:0APR,İçim Barista Süt 1 Lt,1.0,l,73.95,73.95,73.95,1,73.95,0.0,api-refined,Süt,main_category,1,1,"[""depot:carrefour-1012""]","[""carrefour""]",pinned-relative,04.09.2026 08:05,0,1.1
2026-09-04,dairy_eggs,milk,İçme sütü,id:1HEV,id:1HEV,"Sütaş %3,5 Tam Yağlı Süt 1 Lt",1.0,l,85.95,85.95,85.95,1,85.95,0.0,api-refined,Süt,main_category,1,1,"[""depot:carrefour-1012""]","[""carrefour""]",pinned-relative,04.09.2026 08:02,0,1.1
2026-09-04,dairy_eggs,milk,İçme sütü,id:1PDC,id:1PDC,İçim Çilekli Pastörize Süt 1 Lt,1.0,l,102.9,102.9,102.9,1,102.9,0.0,api-refined,Süt,main_category,2,1,"[""depot:migros-564""]","[""migros""]",pinned-relative,04.09.2026 08:03,0,1.1
2026-09-04,dairy_eggs,milk,İçme sütü,id:1PGU,id:1PGU,İçim Çikolatalı Pastörize Süt 1 Lt,1.0,l,102.95,102.95,102.95,1,102.95,0.0,api-refined,Süt,main_category,1,1,"[""depot:carrefour-1012""]","[""carrefour""]",pinned-relative,04.09.2026 08:03,0,1.1
2026-09-04,dairy_eggs,milk,İçme sütü,id:07MH,id:07MH,Tarım Kredi Çiğ Süt 3 Lt,3.0,l,239.0,79.666667,79.666667,1,79.666664,0.0,api-refined,Süt,main_category,1,1,"[""depot:tarim_kredi-5022""]","[""tarim_kredi""]",pinned-relative,04.09.2026 08:05,0,1.1
2026-09-04,dairy_eggs,milk_lactosefree,Laktozsuz süt,id:1YRI,id:1YRI,İçim Laktozsuz Süt 1 Lt,1.0,l,79.5,79.5,79.5,3,79.5,0.0,api-refined,Laktozsuz Süt,sub_category,4,3,"[""depot:a101-9324"",""depot:carrefour-5254"",""depot:sok-4707""]","[""a101"",""carrefour"",""sok""]",pinned-relative,04.09.2026 08:05,0,1.1
2026-09-04,dairy_eggs,milk_lactosefree,Laktozsuz süt,id:1V7V,id:1V7V,Danone Laktozsuz Süt 1 Lt,1.0,l,59.5,59.5,59.5,1,59.5,0.0,api-refined,Laktozsuz Süt,sub_category,3,1,"[""depot:a101-6815""]","[""a101""]",pinned-relative,04.09.2026 08:04,0,1.1
2026-09-04,dairy_eggs,milk_lactosefree,Laktozsuz süt,id:1NOV,id:1NOV,İçim Rahat Laktozsuz Süt 200 Ml,0.2,l,25.9,129.5,129.5,2,129.5,0.0,api-refined,Laktozsuz Süt,sub_category,2,2,"[""depot:carrefour-5254"",""depot:migros-1991""]","[""carrefour"",""migros""]",pinned-relative,04.09.2026 08:02,0,1.1
2026-09-04,dairy_eggs,milk_lactosefree,Laktozsuz süt,id:20QE,id:20QE,Pınar Denge Laktozsuz Süt 200 Ml,0.2,l,29.725,148.625,148.625,2,148.625,0.0,api-refined,Laktozsuz Süt,sub_category,2,2,"[""depot:carrefour-5254"",""depot:migros-1991""]","[""carrefour"",""migros""]",pinned-relative,04.09.2026 08:02,0,1.1
2026-09-04,dairy_eggs,milk_lactosefree,Laktozsuz süt,id:1ZP4,id:1ZP4,Pınar Laktozsuz Süt 500 Ml,0.5,l,56.725,113.45,113.45,2,113.45,0.0,api-refined,Laktozsuz Süt,sub_category,2,2,"[""depot:carrefour-1012"",""depot:migros-1991""]","[""carrefour"",""migros""]",pinned-relative,04.09.2026 08:05,0,1.1
2026-09-04,dairy_eggs,milk_lactosefree,Laktozsuz süt,id:21MB,id:21MB,Pınar Laktozsuz Süt 1 Lt,1.0,l,58.5,58.5,58.5,2,58.5,0.0,api-refined,Laktozsuz Süt,sub_category,2,2,"[""depot:a101-6815"",""depot:bim-5712""]","[""a101"",""bim""]",pinned-relative,04.09.2026 08:03,0,1.1
2026-09-04,dairy_eggs,milk_lactosefree,Laktozsuz süt,id:1WKK,id:1WKK,Pınar Denge Laktozsuz Süt 1 Lt,1.0,l,74.95,74.95,74.701821,1,74.95,0.0,api-refined,Laktozsuz Süt,sub_category,2,1,"[""depot:carrefour-5254""]","[""carrefour""]",pinned-relative,04.09.2026 08:04,0,1.1
2026-09-04,dairy_eggs,milk_lactosefree,Laktozsuz süt,id:0UOB,id:0UOB,Sütaş Laktozsuz Süt 1 Lt,1.0,l,79.225,79.225,79.225,2,79.225,0.0,api-refined,Laktozsuz Süt,sub_category,2,2,"[""depot:a101-6815"",""depot:carrefour-1012""]","[""a101"",""carrefour""]",pinned-relative,04.09.2026 08:01,0,1.1
2026-09-04,dairy_eggs,milk_lactosefree,Laktozsuz süt,id:1I9X,id:1I9X,İçim Laktozsuz Süt 500 Ml,0.5,l,49.95,99.9,99.9,1,99.9,0.0,api-refined,Laktozsuz Süt,sub_category,1,1,"[""depot:carrefour-1012""]","[""carrefour""]",pinned-relative,04.09.2026 08:02,0,1.1
2026-09-04,dairy_eggs,milk_lactosefree,Laktozsuz süt,id:06NW,id:06NW,Aynes Laktozsuz Süt 1 Lt,1.0,l,59.0,59.0,59.0,1,59.0,0.0,api-refined,Laktozsuz Süt,sub_category,1,1,"[""depot:tarim_kredi-5022""]","[""tarim_kredi""]",pinned-relative,04.09.2026 08:05,0,1.1
2026-09-04,dairy_eggs,milk_lactosefree,Laktozsuz süt,id:0GQO,id:0GQO,Mis Uht Süt Laktozsuz 1 Lt,1.0,l,62.5,62.5,62.5,1,62.5,0.0,api-refined,Laktozsuz Süt,sub_category,1,1,"[""depot:sok-4707""]","[""sok""]",pinned-relative,04.09.2026 08:06,0,1.1
2026-09-04,dairy_eggs,milk_lactosefree,Laktozsuz süt,id:11VM,id:11VM,Birşah Laktozsuz Süt 1 Lt,1.0,l,62.5,62.5,62.5,1,62.5,0.0,api-refined,Laktozsuz Süt,sub_category,1,1,"[""depot:a101-6815""]","[""a101""]",pinned-relative,04.09.2026 08:00,0,1.1
2026-09-04,dairy_eggs,milk_lactosefree,Laktozsuz süt,id:18RL,id:18RL,Carrefour Laktozsuz Süt 1 Lt,1.0,l,62.9,62.9,62.9,1,62.899998,0.0,api-refined,Laktozsuz Süt,sub_category,1,1,"[""depot:carrefour-5254""]","[""carrefour""]",pinned-relative,04.09.2026 08:01,0,1.1
2026-09-04,dairy_eggs,milk_lactosefree,Laktozsuz süt,id:26E5,id:26E5,İçim Laktozsuz Süt 1 Lt,1.0,l,74.5,74.5,74.5,1,74.5,0.0,api-refined,Laktozsuz Süt,sub_category,1,1,"[""depot:hakmar-5521""]","[""hakmar""]",pinned-relative,04.09.2026 08:04,0,1.1
2026-09-04,dairy_eggs,milk_lactosefree,Laktozsuz süt,id:0YG9,id:0YG9,Torku Süt Laktozsuz 1 Lt,1.0,l,79.5,79.5,79.5,1,79.5,0.0,api-refined,Laktozsuz Süt,sub_category,1,1,"[""depot:a101-6815""]","[""a101""]",pinned-relative,04.09.2026 08:01,0,1.1
2026-09-04,dairy_eggs,milk_lactosefree,Laktozsuz süt,id:1QT2,id:1QT2,Sek Laktozsuz Pastörize Süt 1 Lt,1.0,l,99.95,99.95,99.95,1,99.95,0.0,api-refined,Laktozsuz Süt,sub_category,2,1,"[""depot:carrefour-5036""]","[""carrefour""]",pinned-relative,04.09.2026 08:03,0,1.1
2026-09-04,dairy_eggs,yogurt,Yoğurt,id:1P6X,id:1P6X,Sütaş Hüptrik Çilekli Yoğurt 105 Gr,0.105,kg,18.95,180.47619,180.47619,2,180.4762,0.0,api-refined,Yoğurt,main_category,2,2,"[""depot:a101-6815"",""depot:sok-4707""]","[""a101"",""sok""]",pinned-relative,04.09.2026 08:03,0,1.1
2026-09-04,dairy_eggs,yogurt,Yoğurt,id:1W7E,id:1W7E,Danino Hüpper Çilekli Yoğurt 67 Gr,0.067,kg,35.75,533.58209,582.089552,2,533.582095,0.0,api-refined,Yoğurt,main_category,3,2,"[""depot:carrefour-5254"",""depot:sok-4707""]","[""carrefour"",""sok""]",pinned-relative,04.09.2026 08:04,0,1.1
2026-09-04,dairy_eggs,yogurt,Yoğurt,id:1Z3F,id:1Z3F,İçim Laktozsuz Yoğurt 750 Gr,0.75,kg,79.5,106.0,105.803933,3,106.0,0.0,api-refined,Yoğurt,main_category,3,3,"[""depot:a101-4102"",""depot:carrefour-1012"",""depot:migros-6679""]","[""a101"",""carrefour"",""migros""]",pinned-relative,04.09.2026 08:05,0,1.1
2026-09-04,dairy_eggs,yogurt,Yoğurt,id:216L,id:216L,Eker Çilekli Yoğurt 65 Gr,0.065,kg,35.0,538.461538,534.615385,1,538.46155,0.0,api-refined,Yoğurt,main_category,1,1,"[""depot:carrefour-1012""]","[""carrefour""]",pinned-relative,04.09.2026 08:03,0,1.1
2026-09-04,dairy_eggs,yogurt,Yoğurt,id:20X1,id:20X1,Eker Çırpılmış Yoğurt 500 Gr,0.5,kg,74.975,149.95,149.95,2,149.95,0.0,api-refined,Yoğurt,main_category,3,2,"[""depot:a101-4217"",""depot:migros-3296""]","[""a101"",""migros""]",pinned-relative,04.09.2026 08:03,0,1.1
2026-09-04,dairy_eggs,yogurt,Yoğurt,id:1LUK,id:1LUK,İçim Organik Yoğurt 750 Gr,0.75,kg,103.5,138.0,138.0,2,138.0,0.0,api-refined,Yoğurt,main_category,3,2,"[""depot:migros-564"",""depot:sok-4707""]","[""migros"",""sok""]",pinned-relative,04.09.2026 08:02,0,1.1
2026-09-04,dairy_eggs,yogurt,Yoğurt,id:20XX,id:20XX,Activia Probiyotik Laktozsuz Sade Yoğurt 400 Gr,0.4,kg,114.5,286.25,286.25,1,286.25,0.0,api-refined,Yoğurt,main_category,2,1,"[""depot:carrefour-1012""]","[""carrefour""]",pinned-relative,04.09.2026 08:03,0,1.1
2026-09-04,dairy_eggs,yogurt,Yoğurt,id:0TJ3,id:0TJ3,Danone Kıtırlı Meyveli Yoğurt 90 Gr,0.09,kg,29.5,327.777778,327.777778,1,327.77777,0.0,api-refined,Yoğurt,main_category,1,1,"[""depot:a101-6815""]","[""a101""]",pinned-relative,04.09.2026 08:00,0,1.1
2026-09-04,dairy_eggs,yogurt,Yoğurt,id:1XHC,id:1XHC,Mövenpick Kayısı & Mangolu Yoğurt 100 Gr,0.1,kg,44.9,449.0,449.0,1,449.0,0.0,api-refined,Yoğurt,main_category,1,1,"[""depot:carrefour-1012""]","[""carrefour""]",pinned-relative,04.09.2026 08:04,0,1.1
2026-09-04,dairy_eggs,yogurt,Yoğurt,id:1OTF,id:1OTF,Disney Vanilya Aromalı Yoğurt 2x90 Gr,0.18,kg,49.9,277.222222,277.222222,1,277.22223,0.0,api-refined,Yoğurt,main_category,1,1,"[""depot:carrefour-5254""]","[""carrefour""]",pinned-relative,04.09.2026 08:03,0,1.1
2026-09-04,dairy_eggs,yogurt,Yoğurt,id:1PJR,id:1PJR,Danone Süprix Çilek Aromalı Yoğurt 90 Gr,0.09,kg,57.5,638.888889,638.888889,1,638.8889,0.0,api-refined,Yoğurt,main_category,1,1,"[""depot:sok-4707""]","[""sok""]",pinned-relative,04.09.2026 08:03,0,1.1
2026-09-04,dairy_eggs,yogurt,Yoğurt,id:16PM,id:16PM,Mis Tam Yağlı Homojenize Yoğurt 750 Gr,0.75,kg,57.9,77.2,77.2,1,77.200005,0.0,api-refined,Yoğurt,main_category,1,1,"[""depot:sok-4707""]","[""sok""]",pinned-relative,04.09.2026 08:01,0,1.1
2026-09-04,dairy_eggs,yogurt,Yoğurt,id:2CL9,id:2CL9,Sek Meyveli Yoğurt Kayısı & Kinoa 140 Gr,0.14,kg,59.5,425.0,425.0,1,425.0,0.0,api-refined,Yoğurt,main_category,1,1,"[""depot:hakmar-5521""]","[""hakmar""]",pinned-relative,04.09.2026 08:05,0,1.1
2026-09-04,dairy_eggs,yogurt,Yoğurt,id:1QER,id:1QER,İçim Yoğurt 750 Gr,0.75,kg,82.0,109.333333,109.333333,1,109.333336,0.0,api-refined,Yoğurt,main_category,1,1,"[""depot:migros-6679""]","[""migros""]",pinned-relative,04.09.2026 08:03,0,1.1
2026-09-04,dairy_eggs,yogurt,Yoğurt,id:0R20,id:0R20,Migros Tam Yağlı Homojenize Yoğurt 1.5 Kg,1.5,kg,102.5,68.333333,68.333333,1,68.333336,0.0,api-refined,Yoğurt,main_category,1,1,"[""depot:migros-4479""]","[""migros""]",pinned-relative,04.09.2026 08:00,0,1.1
2026-09-04,dairy_eggs,yogurt,Yoğurt,id:1OJ4,id:1OJ4,Activia Probiyotik Yoğurt Orman Meyveli 4x100 Gr,0.4,kg,114.5,286.25,286.25,1,286.25,0.0,api-refined,Yoğurt,main_category,1,1,"[""depot:sok-4707""]","[""sok""]",pinned-relative,04.09.2026 08:02,0,1.1
2026-09-04,dairy_eggs,yogurt,Yoğurt,id:13MO,id:13MO,Dost %0.6 Az Yağlı Yoğurt 3 Kg,3.0,kg,129.0,43.0,43.0,1,43.0,0.0,api-refined,Yoğurt,main_category,1,1,"[""depot:bim-5712""]","[""bim""]",pinned-relative,04.09.2026 08:00,0,1.1
2026-09-04,dairy_eggs,yogurt,Yoğurt,id:06ZP,id:06ZP,Kebir Yoğurt Bidon 1.5 Kg,1.5,kg,155.0,103.333333,103.333333,1,103.33333,0.0,api-refined,Yoğurt,main_category,1,1,"[""depot:a101-9324""]","[""a101""]",pinned-relative,04.09.2026 08:05,0,1.1
2026-09-04,dairy_eggs,yogurt,Yoğurt,id:1HZJ,id:1HZJ,TK Çömlek Yoğurt 1 Kg,1.0,kg,155.0,155.0,155.0,1,155.0,0.0,api-refined,Yoğurt,main_category,1,1,"[""depot:tarim_kredi-5022""]","[""tarim_kredi""]",pinned-relative,04.09.2026 08:02,0,1.1
2026-09-04,dairy_eggs,yogurt,Yoğurt,id:0CXV,id:0CXV,Yörüksüt Çömlek Yoğurt 700 Gr,0.7,kg,171.95,245.642857,245.642857,1,245.64285,0.0,api-refined,Yoğurt,main_category,1,1,"[""depot:carrefour-1012""]","[""carrefour""]",pinned-relative,04.09.2026 08:06,0,1.1
2026-09-04,dairy_eggs,yogurt,Yoğurt,id:1HOB,id:1HOB,Sütaş Kaymaklı Yoğurt 1.75 Kg,1.75,kg,186.95,106.828571,106.828571,1,106.82857,0.0,api-refined,Yoğurt,main_category,1,1,"[""depot:carrefour-1012""]","[""carrefour""]",pinned-relative,04.09.2026 08:02,0,1.1
2026-09-04,dairy_eggs,yogurt,Yoğurt,id:02SD,id:02SD,Göynük Tam Yağlı Yoğurt 3 Kg,3.0,kg,192.0,64.0,64.0,1,64.0,0.0,api-refined,Yoğurt,main_category,1,1,"[""depot:hakmar-5521""]","[""hakmar""]",pinned-relative,04.09.2026 08:04,0,1.1
2026-09-04,dairy_eggs,strained_yogurt,Süzme yoğurt,id:1W0J,id:1W0J,Sütaş Süzme Yoğurt 750 Gr,0.75,kg,147.95,197.266667,200.456664,3,197.26666,0.0,api-refined,Süzme Yoğurt,sub_category,3,3,"[""depot:carrefour-1012"",""depot:migros-1991"",""depot:tarim_kredi-5022""]","[""carrefour"",""migros"",""tarim_kredi""]",pinned-relative,04.09.2026 08:04,0,1.1
2026-09-04,dairy_eggs,strained_yogurt,Süzme yoğurt,id:20YU,id:20YU,Sek Süzme Yoğurt 400 Gr,0.4,kg,99.95,249.875,249.875,2,249.875,0.0,api-refined,Süzme Yoğurt,sub_category,2,2,"[""depot:carrefour-1012"",""depot:migros-1991""]","[""carrefour"",""migros""]",pinned-relative,04.09.2026 08:03,0,1.1
2026-09-04,dairy_eggs,strained_yogurt,Süzme yoğurt,id:1RL3,id:1RL3,Eker Süzme Yoğurt 500 Gr,0.5,kg,137.225,274.45,274.45,2,274.45,0.0,api-refined,Süzme Yoğurt,sub_category,2,2,"[""depot:carrefour-1012"",""depot:migros-1991""]","[""carrefour"",""migros""]",pinned-relative,04.09.2026 08:03,0,1.1
2026-09-04,dairy_eggs,strained_yogurt,Süzme yoğurt,id:216M,id:216M,Eker Süzme Yoğurt 900 Gr,0.9,kg,219.475,243.861111,243.861111,2,243.861115,0.0,api-refined,Süzme Yoğurt,sub_category,2,2,"[""depot:carrefour-1012"",""depot:migros-564""]","[""carrefour"",""migros""]",pinned-relative,04.09.2026 08:03,0,1.1
2026-09-04,dairy_eggs,strained_yogurt,Süzme yoğurt,id:2AWC,id:2AWC,Eker Süzme Yoğurt Kase 500 Gr,0.5,kg,109.0,218.0,218.0,1,218.0,0.0,api-refined,Süzme Yoğurt,sub_category,1,1,"[""depot:hakmar-5521""]","[""hakmar""]",pinned-relative,04.09.2026 08:05,0,1.1
2026-09-04,dairy_eggs,strained_yogurt,Süzme yoğurt,id:1WO5,id:1WO5,İçim Süzme Yoğurt 500 Gr,0.5,kg,114.95,229.9,229.9,1,229.9,0.0,api-refined,Süzme Yoğurt,sub_category,1,1,"[""depot:carrefour-1012""]","[""carrefour""]",pinned-relative,04.09.2026 08:04,0,1.1
2026-09-04,dairy_eggs,strained_yogurt,Süzme yoğurt,id:0HP7,id:0HP7,Tarım Kredi Süzme Yoğurt 900 Gr,0.9,kg,135.0,150.0,150.0,1,150.0,0.0,api-refined,Süzme Yoğurt,sub_category,1,1,"[""depot:tarim_kredi-7488""]","[""tarim_kredi""]",pinned-relative,04.09.2026 08:06,0,1.1
2026-09-04,dairy_eggs,strained_yogurt,Süzme yoğurt,id:1214,id:1214,Birşah Süzme Yoğurt 900 Gr,0.9,kg,142.0,157.777778,157.777778,1,157.77777,0.0,api-refined,Süzme Yoğurt,sub_category,1,1,"[""depot:a101-6815""]","[""a101""]",pinned-relative,04.09.2026 08:00,0,1.1
2026-09-04,dairy_eggs,strained_yogurt,Süzme yoğurt,id:0051,id:0051,Dost Kova Süzme Yoğurt 900 Gr,0.9,kg,142.0,157.777778,157.777778,1,157.77777,0.0,api-refined,Süzme Yoğurt,sub_category,1,1,"[""depot:bim-5712""]","[""bim""]",pinned-relative,04.09.2026 08:04,0,1.1
2026-09-04,dairy_eggs,strained_yogurt,Süzme yoğurt,id:023F,id:023F,Carrefour Süzme Yoğurt 900 Gr,0.9,kg,142.9,158.777778,158.777778,1,158.77777,0.0,api-refined,Süzme Yoğurt,sub_category,1,1,"[""depot:carrefour-5254""]","[""carrefour""]",pinned-relative,04.09.2026 08:04,0,1.1
2026-09-04,dairy_eggs,ayran,Ayran,id:1Q7H,id:1Q7H,Sütaş Ayran 300 Ml,0.3,l,22.0,73.333333,73.333333,3,73.33333,0.0,api-refined,Ayran,sub_category,3,3,"[""depot:a101-6815"",""depot:carrefour-1012"",""depot:migros-1991""]","[""a101"",""carrefour"",""migros""]",pinned-relative,04.09.2026 08:03,0,1.1
2026-09-04,dairy_eggs,ayran,Ayran,id:2026,id:2026,Sütaş Ayran 200 Ml,0.2,l,16.1,80.5,80.5,2,80.500005,0.0,api-refined,Ayran,sub_category,2,2,"[""depot:carrefour-1012"",""depot:migros-1991""]","[""carrefour"",""migros""]",pinned-relative,04.09.2026 08:02,0,1.1
2026-09-04,dairy_eggs,ayran,Ayran,id:1UJR,id:1UJR,Eker Tombul Ayran 195 Ml,0.195,l,19.725,101.153846,101.153846,2,101.153848,0.0,api-refined,Ayran,sub_category,2,2,"[""depot:carrefour-1012"",""depot:migros-1991""]","[""carrefour"",""migros""]",pinned-relative,04.09.2026 08:04,0,1.1
2026-09-04,dairy_eggs,ayran,Ayran,id:17ZE,id:17ZE,Torku Ayran 1 Lt,1.0,l,54.25,54.25,54.25,2,54.25,0.0,api-refined,Ayran,sub_category,2,2,"[""depot:a101-6815"",""depot:bim-5712""]","[""a101"",""bim""]",pinned-relative,04.09.2026 08:01,0,1.1
2026-09-04,dairy_eggs,ayran,Ayran,id:1P2K,id:1P2K,Eker Tombul Ayran 6x195 Ml,1.17,l,116.95,99.957265,99.957265,2,99.95727,0.0,api-refined,Ayran,sub_category,2,2,"[""depot:carrefour-1012"",""depot:migros-1991""]","[""carrefour"",""migros""]",pinned-relative,04.09.2026 08:03,0,1.1
2026-09-04,dairy_eggs,ayran,Ayran,id:0UN1,id:0UN1,Birşah Ayran 200 Ml,0.2,l,10.0,50.0,50.0,1,50.0,0.0,api-refined,Ayran,sub_category,1,1,"[""depot:a101-6815""]","[""a101""]",pinned-relative,04.09.2026 08:01,0,1.1
2026-09-04,dairy_eggs,ayran,Ayran,id:06FT,id:06FT,Dost Bardak Ayran 200 Ml,0.2,l,10.0,50.0,50.0,1,50.0,0.0,api-refined,Ayran,sub_category,1,1,"[""depot:bim-5712""]","[""bim""]",pinned-relative,04.09.2026 08:05,0,1.1
2026-09-04,dairy_eggs,ayran,Ayran,id:06WA,id:06WA,Göynük Tam Yağlı Ayran 200 Ml,0.2,l,10.0,50.0,50.0,1,50.0,0.0,api-refined,Ayran,sub_category,1,1,"[""depot:hakmar-5521""]","[""hakmar""]",pinned-relative,04.09.2026 08:05,0,1.1
2026-09-04,dairy_eggs,ayran,Ayran,id:07LY,id:07LY,Tarım Kredi Ayran 285 Ml,0.285,l,13.5,47.368421,47.368421,1,47.368423,0.0,api-refined,Ayran,sub_category,1,1,"[""depot:tarim_kredi-7488""]","[""tarim_kredi""]",pinned-relative,04.09.2026 08:05,0,1.1
2026-09-04,dairy_eggs,ayran,Ayran,id:0DHE,id:0DHE,Yörüksüt Ayran 275 Ml,0.275,l,17.0,61.818182,61.818182,1,61.818184,0.0,api-refined,Ayran,sub_category,1,1,"[""depot:carrefour-1012""]","[""carrefour""]",pinned-relative,04.09.2026 08:06,0,1.1
2026-09-04,dairy_eggs,ayran,Ayran,id:039F,id:039F,İçim Ayran 285 Ml,0.285,l,23.95,84.035088,84.035088,1,84.03509,0.0,api-refined,Ayran,sub_category,1,1,"[""depot:carrefour-1012""]","[""carrefour""]",pinned-relative,04.09.2026 08:04,0,1.1
2026-09-04,dairy_eggs,ayran,Ayran,id:1K5Q,id:1K5Q,Eker Bardak Ayran 300 Ml,0.3,l,27.95,93.166667,93.166667,1,93.16667,0.0,api-refined,Ayran,sub_category,1,1,"[""depot:carrefour-1012""]","[""carrefour""]",pinned-relative,04.09.2026 08:02,0,1.1
2026-09-04,dairy_eggs,ayran,Ayran,id:0YZE,id:0YZE,Birşah Ayran 1.5 Lt,1.5,l,54.5,36.333333,36.333333,1,36.333332,0.0,api-refined,Ayran,sub_category,1,1,"[""depot:a101-6815""]","[""a101""]",pinned-relative,04.09.2026 08:01,0,1.1
2026-09-04,dairy_eggs,ayran,Ayran,id:0E2Y,id:0E2Y,İçim Ayran 1 Lt,1.0,l,57.95,57.95,57.95,1,57.95,0.0,api-refined,Ayran,sub_category,1,1,"[""depot:carrefour-1012""]","[""carrefour""]",pinned-relative,04.09.2026 08:06,0,1.1
2026-09-04,dairy_eggs,ayran,Ayran,id:1GJZ,id:1GJZ,Binvezir Şişe Ayran 1.5 Lt,1.5,l,62.0,41.333333,41.333333,1,41.333332,0.0,api-refined,Ayran,sub_category,1,1,"[""depot:bim-5712""]","[""bim""]",pinned-relative,04.09.2026 08:02,0,1.1
2026-09-04,dairy_eggs,ayran,Ayran,id:02GF,id:02GF,Dost Şişe Ayran 1.5 Lt,1.5,l,62.0,41.333333,41.333333,1,41.333332,0.0,api-refined,Ayran,sub_category,1,1,"[""depot:bim-5712""]","[""bim""]",pinned-relative,04.09.2026 08:04,0,1.1
2026-09-04,dairy_eggs,ayran,Ayran,id:1KGX,id:1KGX,Sütaş Ayran 1 Lt,1.0,l,69.75,69.75,69.75,1,69.75,0.0,api-refined,Ayran,sub_category,1,1,"[""depot:carrefour-1012""]","[""carrefour""]",pinned-relative,04.09.2026 08:02,0,1.1
2026-09-04,dairy_eggs,ayran,Ayran,id:1RJL,id:1RJL,Yörsan Susurluk Ayran 1 Lt,1.0,l,79.95,79.95,79.95,1,79.95,0.0,api-refined,Ayran,sub_category,1,1,"[""depot:migros-564""]","[""migros""]",pinned-relative,04.09.2026 08:03,0,1.1
2026-09-04,dairy_eggs,ayran,Ayran,id:1X2R,id:1X2R,Yörükoğlu Ayran 2 Lt,2.0,l,85.0,42.5,42.5,1,42.5,0.0,api-refined,Ayran,sub_category,1,1,"[""depot:bim-5712""]","[""bim""]",pinned-relative,04.09.2026 08:04,0,1.1
2026-09-04,dairy_eggs,ayran,Ayran,id:2AAC,id:2AAC,Sütaş Tam Yağlı Ayran 2 Lt,2.0,l,99.5,49.75,49.75,1,49.75,0.0,api-refined,Ayran,sub_category,1,1,"[""depot:hakmar-5521""]","[""hakmar""]",pinned-relative,04.09.2026 08:05,0,1.1
2026-09-04,dairy_eggs,ayran,Ayran,id:0YAY,id:0YAY,İçim Ayran 2 Lt,2.0,l,114.5,57.25,57.25,1,57.25,0.0,api-refined,Ayran,sub_category,2,1,"[""depot:carrefour-1012""]","[""carrefour""]",pinned-relative,04.09.2026 08:01,0,1.1
2026-09-04,dairy_eggs,kefir,Kefir,id:20EJ,id:20EJ,Altınkılıç Kefir 1 Lt,1.0,l,115.0,115.0,112.164149,6,115.0,0.0,api-refined,Ayran ve Kefir,main_category,6,6,"[""depot:a101-6815"",""depot:bim-5712"",""depot:carrefour-1012"",""depot:hakmar-5521"",""depot:migros-1991"",""depot:sok-1017""]","[""a101"",""bim"",""carrefour"",""hakmar"",""migros"",""sok""]",pinned-relative,04.09.2026 08:02,0,1.1
2026-09-04,dairy_eggs,kefir,Kefir,id:1YTE,id:1YTE,İçim Orman Meyveli Kefir 1 Lt,1.0,l,112.45,112.45,109.9,4,112.45,0.0,api-refined,Ayran ve Kefir,main_category,4,4,"[""depot:carrefour-1012"",""depot:hakmar-5521"",""depot:migros-1991"",""depot:tarim_kredi-5022""]","[""carrefour"",""hakmar"",""migros"",""tarim_kredi""]",pinned-relative,04.09.2026 08:05,0,1.1
2026-09-04,dairy_eggs,kefir,Kefir,id:1WGR,id:1WGR,Altınkılıç Laktozsuz Kefir 1 Lt,1.0,l,125.0,125.0,125.0,5,125.0,0.0,api-refined,Ayran ve Kefir,main_category,5,5,"[""depot:a101-4102"",""depot:bim-5712"",""depot:carrefour-1012"",""depot:migros-1991"",""depot:sok-4707""]","[""a101"",""bim"",""carrefour"",""migros"",""sok""]",pinned-relative,04.09.2026 08:04,0,1.1
2026-09-04,dairy_eggs,kefir,Kefir,id:1Y2I,id:1Y2I,Altınkılıç Sade Kefir 250 Ml,0.25,l,53.225,212.9,199.8,2,212.9,0.0,api-refined,Ayran ve Kefir,main_category,3,2,"[""depot:a101-6815"",""depot:carrefour-1012""]","[""a101"",""carrefour""]",pinned-relative,04.09.2026 08:04,0,1.1
2026-09-04,dairy_eggs,kefir,Kefir,id:1I9Y,id:1I9Y,İçim Sade Kefir 1 Lt,1.0,l,98.95,98.95,97.325327,3,98.95,0.0,api-refined,Ayran ve Kefir,main_category,3,3,"[""depot:carrefour-1012"",""depot:migros-564"",""depot:tarim_kredi-5022""]","[""carrefour"",""migros"",""tarim_kredi""]",pinned-relative,04.09.2026 08:02,0,1.1
2026-09-04,dairy_eggs,kefir,Kefir,id:1ZLM,id:1ZLM,İçim Rahat Kefir 1 Lt,1.0,l,97.725,97.725,94.5,2,97.725,0.0,api-refined,Ayran ve Kefir,main_category,3,2,"[""depot:bim-5712"",""depot:carrefour-1012""]","[""bim"",""carrefour""]",pinned-relative,04.09.2026 08:05,0,1.1
2026-09-04,dairy_eggs,kefir,Kefir,id:1WGM,id:1WGM,Eker Kefir 1 Lt,1.0,l,103.475,103.475,106.95,2,103.475,0.0,api-refined,Ayran ve Kefir,main_category,3,2,"[""depot:migros-1991"",""depot:sok-4711""]","[""migros"",""sok""]",pinned-relative,04.09.2026 08:04,0,1.1
2026-09-04,dairy_eggs,kefir,Kefir,id:1O91,id:1O91,Eker Orman Meyveli Kefir 200 Ml,0.2,l,35.725,178.625,178.625,2,178.62501,0.0,api-refined,Ayran ve Kefir,main_category,2,2,"[""depot:carrefour-5254"",""depot:migros-1991""]","[""carrefour"",""migros""]",pinned-relative,04.09.2026 08:02,0,1.1
2026-09-04,dairy_eggs,kefir,Kefir,id:1PGV,id:1PGV,Eker Ananaslı Kefir 200 Ml,0.2,l,29.95,149.75,178.625,1,149.75002,0.0,api-refined,Ayran ve Kefir,main_category,1,1,"[""depot:carrefour-5254""]","[""carrefour""]",pinned-relative,04.09.2026 08:03,0,1.1
2026-09-04,dairy_eggs,kefir,Kefir,id:20A9,id:20A9,Altınkılıç Laktozsuz Kefir 250 Ml,0.25,l,55.975,223.9,223.9,2,223.9,0.0,api-refined,Ayran ve Kefir,main_category,2,2,"[""depot:carrefour-1012"",""depot:migros-1991""]","[""carrefour"",""migros""]",pinned-relative,04.09.2026 08:02,0,1.1
2026-09-04,dairy_eggs,kefir,Kefir,id:1PY9,id:1PY9,Eker Orman Meyveli Kefir 1 Lt,1.0,l,131.75,131.75,118.375,1,131.75,0.0,api-refined,Ayran ve Kefir,main_category,2,1,"[""depot:carrefour-1012""]","[""carrefour""]",pinned-relative,04.09.2026 08:03,0,1.1
2026-09-04,dairy_eggs,kefir,Kefir,id:1ZST,id:1ZST,İçim Çilekli Kefir 1 Lt,1.0,l,113.475,113.475,113.475,2,113.475,0.0,api-refined,Ayran ve Kefir,main_category,2,2,"[""depot:carrefour-1012"",""depot:migros-1991""]","[""carrefour"",""migros""]",pinned-relative,04.09.2026 08:05,0,1.1
2026-09-04,dairy_eggs,kefir,Kefir,id:26DB,id:26DB,Altınkılıç Yaban Mersinli Kefir 250 Ml,0.25,l,42.5,170.0,170.0,1,170.0,0.0,api-refined,Ayran ve Kefir,main_category,1,1,"[""depot:bim-5712""]","[""bim""]",pinned-relative,04.09.2026 08:04,0,1.1
2026-09-04,dairy_eggs,kefir,Kefir,id:1TH1,id:1TH1,İçim Kefir Çilek 250 Ml,0.25,l,44.5,178.0,178.0,1,178.0,0.0,api-refined,Ayran ve Kefir,main_category,1,1,"[""depot:migros-564""]","[""migros""]",pinned-relative,04.09.2026 08:04,0,1.1
2026-09-04,dairy_eggs,kefir,Kefir,id:0MMS,id:0MMS,İçim Orman Meyveli Kefir 260 Ml,0.26,l,44.95,172.884615,172.884615,1,172.88461,0.0,api-refined,Ayran ve Kefir,main_category,1,1,"[""depot:carrefour-1012""]","[""carrefour""]",pinned-relative,04.09.2026 08:06,0,1.1
2026-09-04,dairy_eggs,kefir,Kefir,id:1ZOM,id:1ZOM,Altınkılıç Kefirix Yaban Mersini Kefir 250 Ml,0.25,l,56.95,227.8,227.8,1,227.8,0.0,api-refined,Ayran ve Kefir,main_category,1,1,"[""depot:carrefour-1012""]","[""carrefour""]",pinned-relative,04.09.2026 08:05,0,1.1
2026-09-04,dairy_eggs,kefir,Kefir,id:0YTU,id:0YTU,Mis Kefir Orman Meyveli 1 Lt,1.0,l,79.5,79.5,79.5,1,79.5,0.0,api-refined,Ayran ve Kefir,main_category,1,1,"[""depot:sok-4707""]","[""sok""]",pinned-relative,04.09.2026 08:01,0,1.1
2026-09-04,dairy_eggs,kefir,Kefir,id:182H,id:182H,Pınar Kefir 1 Lt,1.0,l,79.5,79.5,79.5,1,79.5,0.0,api-refined,Ayran ve Kefir,main_category,1,1,"[""depot:bim-5712""]","[""bim""]",pinned-relative,04.09.2026 08:01,0,1.1
2026-09-04,dairy_eggs,kefir,Kefir,id:15Z1,id:15Z1,İçim Mangolu Portakallı Kefir 1 Lt,1.0,l,94.0,94.0,94.0,1,94.0,0.0,api-refined,Ayran ve Kefir,main_category,1,1,"[""depot:bim-5712""]","[""bim""]",pinned-relative,04.09.2026 08:01,0,1.1
2026-09-04,dairy_eggs,white_cheese,Beyaz peynir,id:1UAA,id:1UAA,Ekici Beyaz Peynir 500 Gr,0.5,kg,205.0,410.0,460.573543,3,410.0,0.0,api-refined,Beyaz Peynir,sub_category,3,3,"[""depot:carrefour-1012"",""depot:hakmar-5521"",""depot:migros-4479""]","[""carrefour"",""hakmar"",""migros""]",pinned-relative,04.09.2026 08:04,0,1.1
2026-09-04,dairy_eggs,white_cheese,Beyaz peynir,id:1KKA,id:1KKA,Tahsildaroğlu Gurme Ezine Beyaz Peynir 450 Gr,0.45,kg,586.2,1302.666667,1307.105646,2,1302.6667,0.0,api-refined,Beyaz Peynir,sub_category,2,2,"[""depot:carrefour-1012"",""depot:migros-1991""]","[""carrefour"",""migros""]",pinned-relative,04.09.2026 08:02,0,1.1
2026-09-04,dairy_eggs,white_cheese,Beyaz peynir,id:087J,id:087J,Torku Beyaz Peynir 500 Gr,0.5,kg,185.0,370.0,370.0,1,370.0,0.0,api-refined,Beyaz Peynir,sub_category,1,1,"[""depot:bim-5712""]","[""bim""]",pinned-relative,04.09.2026 08:05,0,1.1
2026-09-04,dairy_eggs,white_cheese,Beyaz peynir,id:1IS2,id:1IS2,İçim Tam Yağlı Beyaz Peynir 500 Gr,0.5,kg,197.95,395.9,395.9,1,395.9,0.0,api-refined,Beyaz Peynir,sub_category,1,1,"[""depot:migros-1991""]","[""migros""]",pinned-relative,04.09.2026 08:02,0,1.1
2026-09-04,dairy_eggs,white_cheese,Beyaz peynir,id:105R,id:105R,Mis Keçi Sütlü Beyaz Peynir 350 Gr,0.35,kg,199.0,568.571429,568.571429,1,568.5715,0.0,api-refined,Beyaz Peynir,sub_category,1,1,"[""depot:sok-4707""]","[""sok""]",pinned-relative,04.09.2026 07:59,0,1.1
2026-09-04,dairy_eggs,white_cheese,Beyaz peynir,id:141G,id:141G,Aknaz Az Yağlı Beyaz Peynir 1 Kg,1.0,kg,179.0,179.0,179.0,1,179.0,0.0,api-refined,Beyaz Peynir,sub_category,1,1,"[""depot:bim-5712""]","[""bim""]",pinned-relative,04.09.2026 08:00,0,1.1
2026-09-04,dairy_eggs,white_cheese,Beyaz peynir,id:0CAL,id:0CAL,Mis Tam Yağlı Beyaz Peynir 750 Gr,0.75,kg,205.0,273.333333,273.333333,1,273.33334,0.0,api-refined,Beyaz Peynir,sub_category,1,1,"[""depot:sok-4707""]","[""sok""]",pinned-relative,04.09.2026 08:06,0,1.1
2026-09-04,dairy_eggs,white_cheese,Beyaz peynir,id:01OX,id:01OX,Aknaz Beyaz Peynir Kutu 750 Gr,0.75,kg,205.0,273.333333,273.333333,1,273.33334,0.0,api-refined,Beyaz Peynir,sub_category,1,1,"[""depot:bim-5712""]","[""bim""]",pinned-relative,04.09.2026 08:04,0,1.1
2026-09-04,dairy_eggs,white_cheese,Beyaz peynir,id:10LO,id:10LO,Kaanlar Az Yağlı Beyaz Peynir 1 Kg,1.0,kg,249.0,249.0,249.0,1,249.0,0.0,api-refined,Beyaz Peynir,sub_category,1,1,"[""depot:a101-6815""]","[""a101""]",pinned-relative,04.09.2026 08:00,0,1.1
2026-09-04,dairy_eggs,white_cheese,Beyaz peynir,id:0WAL,id:0WAL,Migros Beyaz Peynir 1 Kg,1.0,kg,265.9,265.9,265.9,1,265.9,0.0,api-refined,Beyaz Peynir,sub_category,1,1,"[""depot:migros-4479""]","[""migros""]",pinned-relative,04.09.2026 08:01,0,1.1
2026-09-04,dairy_eggs,white_cheese,Beyaz peynir,id:01RZ,id:01RZ,Aknaz Naturel Beyaz Peynir 600 Gr,0.6,kg,269.0,448.333333,448.333333,1,448.3333,0.0,api-refined,Beyaz Peynir,sub_category,1,1,"[""depot:bim-5712""]","[""bim""]",pinned-relative,04.09.2026 08:04,0,1.1
2026-09-04,dairy_eggs,white_cheese,Beyaz peynir,id:21NV,id:21NV,Ekici Beyaz Peynir 800 Gr,0.8,kg,289.0,361.25,361.25,1,361.25,0.0,api-refined,Beyaz Peynir,sub_category,1,1,"[""depot:a101-6815""]","[""a101""]",pinned-relative,04.09.2026 08:03,0,1.1
2026-09-04,dairy_eggs,white_cheese,Beyaz peynir,id:12JJ,id:12JJ,Carrefour Olgunlaştırılmış Beyaz Peynir 600 Gr,0.6,kg,299.9,499.833333,499.833333,1,499.8333,0.0,api-refined,Beyaz Peynir,sub_category,1,1,"[""depot:carrefour-5254""]","[""carrefour""]",pinned-relative,04.09.2026 08:00,0,1.1
2026-09-04,dairy_eggs,white_cheese,Beyaz peynir,id:12F7,id:12F7,Tahsildaroğlu Klasik Beyaz Peynir 600 Gr,0.6,kg,315.0,525.0,525.0,1,525.0,0.0,api-refined,Beyaz Peynir,sub_category,1,1,"[""depot:a101-6815""]","[""a101""]",pinned-relative,04.09.2026 08:00,0,1.1
2026-09-04,dairy_eggs,white_cheese,Beyaz peynir,id:1JUL,id:1JUL,Sütaş Beyaz Peynir 900 Gr,0.9,kg,363.5,403.888889,403.888889,1,403.8889,0.0,api-refined,Beyaz Peynir,sub_category,1,1,"[""depot:carrefour-1012""]","[""carrefour""]",pinned-relative,04.09.2026 08:02,0,1.1
2026-09-04,dairy_eggs,white_cheese,Beyaz peynir,id:1ITH,id:1ITH,Lokum Kıvamında Beyaz Peynir 1 Kg,1.0,kg,339.0,339.0,339.0,1,339.0,0.0,api-refined,Beyaz Peynir,sub_category,1,1,"[""depot:bim-5712""]","[""bim""]",pinned-relative,04.09.2026 08:02,0,1.1
2026-09-04,dairy_eggs,white_cheese,Beyaz peynir,id:0XUN,id:0XUN,Tahsildaroğlu Klasik İnek Beyaz Peynir 1 Kg,1.0,kg,739.9,739.9,739.9,1,739.9,0.0,api-refined,Beyaz Peynir,sub_category,1,1,"[""depot:migros-1991""]","[""migros""]",pinned-relative,04.09.2026 08:01,0,1.1
2026-09-04,dairy_eggs,white_cheese,Beyaz peynir,id:0T0H,id:0T0H,Klasik Beyaz Peynir 1 Kg,1.0,kg,659.9,659.9,659.9,1,659.9,0.0,api-refined,Beyaz Peynir,sub_category,1,1,"[""depot:migros-564""]","[""migros""]",pinned-relative,04.09.2026 08:00,0,1.1
2026-09-04,dairy_eggs,white_cheese,Beyaz peynir,id:0DYE,id:0DYE,Antre Gourmet Ezine Beyaz Peynir 1 Kg,1.0,kg,1489.0,1489.0,1489.0,1,1489.0,0.0,api-refined,Beyaz Peynir,sub_category,1,1,"[""depot:carrefour-1012""]","[""carrefour""]",pinned-relative,04.09.2026 08:06,0,1.1
2026-09-04,dairy_eggs,kasar,Kaşar peyniri,id:1N24,id:1N24,Sütaş Kaşar Peyniri 500 Gr,0.5,kg,299.0,598.0,598.0,2,598.0,0.0,api-refined,Kaşar Peyniri,sub_category,2,2,"[""depot:a101-9324"",""depot:sok-4711""]","[""a101"",""sok""]",pinned-relative,04.09.2026 08:02,0,1.1
2026-09-04,dairy_eggs,kasar,Kaşar peyniri,id:1PBL,id:1PBL,Tahsildaroğlu Taze Kaşar Peyniri 400 Gr,0.4,kg,369.9,924.75,929.84185,2,924.75,0.0,api-refined,Kaşar Peyniri,sub_category,2,2,"[""depot:carrefour-1012"",""depot:migros-1991""]","[""carrefour"",""migros""]",pinned-relative,04.09.2026 08:03,0,1.1
2026-09-04,dairy_eggs,kasar,Kaşar peyniri,id:1LKP,id:1LKP,Sütaş Kaşar Peyniri 8 Dilim 150 Gr,0.15,kg,97.5,650.0,650.0,1,650.0,0.0,api-refined,Kaşar Peyniri,sub_category,1,1,"[""depot:tarim_kredi-5022""]","[""tarim_kredi""]",pinned-relative,04.09.2026 08:02,0,1.1
2026-09-04,dairy_eggs,kasar,Kaşar peyniri,id:10YS,id:10YS,Tarabya Kaşar Peyniri 225 Gr,0.225,kg,109.0,484.444444,484.444444,1,484.44443,0.0,api-refined,Kaşar Peyniri,sub_category,1,1,"[""depot:a101-6815""]","[""a101""]",pinned-relative,04.09.2026 08:00,0,1.1
2026-09-04,dairy_eggs,kasar,Kaşar peyniri,id:0H2P,id:0H2P,Calmio Tam Yağlı Kaşar Peyniri 200 Gr,0.2,kg,135.9,679.5,679.5,1,679.5,0.0,api-refined,Kaşar Peyniri,sub_category,1,1,"[""depot:carrefour-1012""]","[""carrefour""]",pinned-relative,04.09.2026 08:06,0,1.1
2026-09-04,dairy_eggs,kasar,Kaşar peyniri,id:09AF,id:09AF,Haktat Kaşar Peyniri 400 Gr,0.4,kg,179.0,447.5,447.5,1,447.5,0.0,api-refined,Kaşar Peyniri,sub_category,1,1,"[""depot:hakmar-5521""]","[""hakmar""]",pinned-relative,04.09.2026 08:05,0,1.1
2026-09-04,dairy_eggs,kasar,Kaşar peyniri,id:10F6,id:10F6,Ünal Eski Kaşar Peyniri 250 Gr,0.25,kg,199.0,796.0,796.0,1,796.0,0.0,api-refined,Kaşar Peyniri,sub_category,1,1,"[""depot:a101-6815""]","[""a101""]",pinned-relative,04.09.2026 07:59,0,1.1
2026-09-04,dairy_eggs,kasar,Kaşar peyniri,id:11BZ,id:11BZ,Tarabya Kaşar Peyniri 500 Gr,0.5,kg,227.0,454.0,454.0,1,454.0,0.0,api-refined,Kaşar Peyniri,sub_category,1,1,"[""depot:a101-6815""]","[""a101""]",pinned-relative,04.09.2026 08:00,0,1.1
2026-09-04,dairy_eggs,kasar,Kaşar peyniri,id:0GD5,id:0GD5,Carrefour Kaşar Peyniri 500 Gr,0.5,kg,279.9,559.8,559.8,1,559.8,0.0,api-refined,Kaşar Peyniri,sub_category,1,1,"[""depot:carrefour-5254""]","[""carrefour""]",pinned-relative,04.09.2026 08:06,0,1.1
2026-09-04,dairy_eggs,kasar,Kaşar peyniri,id:103F,id:103F,Ünal Kaşar Peyniri 400 Gr,0.4,kg,259.0,647.5,647.5,1,647.5,0.0,api-refined,Kaşar Peyniri,sub_category,1,1,"[""depot:a101-9324""]","[""a101""]",pinned-relative,04.09.2026 07:59,0,1.1
2026-09-04,dairy_eggs,kasar,Kaşar peyniri,id:2CSP,id:2CSP,Erünsal Kaşar Peyniri 400 Gr,0.4,kg,259.0,647.5,647.5,1,647.5,0.0,api-refined,Kaşar Peyniri,sub_category,1,1,"[""depot:hakmar-5521""]","[""hakmar""]",pinned-relative,04.09.2026 08:05,0,1.1
2026-09-04,dairy_eggs,kasar,Kaşar peyniri,id:0Z6U,id:0Z6U,Tarabya Kaşar Peyniri 700 Gr,0.7,kg,309.0,441.428571,441.428571,1,441.42856,0.0,api-refined,Kaşar Peyniri,sub_category,1,1,"[""depot:a101-6815""]","[""a101""]",pinned-relative,04.09.2026 08:01,0,1.1
2026-09-04,dairy_eggs,kasar,Kaşar peyniri,id:069Q,id:069Q,Haktat Kaşar Peyniri 700 Gr,0.7,kg,309.0,441.428571,441.428571,1,441.42856,0.0,api-refined,Kaşar Peyniri,sub_category,1,1,"[""depot:hakmar-5521""]","[""hakmar""]",pinned-relative,04.09.2026 08:05,0,1.1
2026-09-04,dairy_eggs,kasar,Kaşar peyniri,id:04HG,id:04HG,Muratbey Laktozsuz Kaşar Peyniri 500 Gr,0.5,kg,349.0,698.0,698.0,1,698.0,0.0,api-refined,Kaşar Peyniri,sub_category,1,1,"[""depot:hakmar-5521""]","[""hakmar""]",pinned-relative,04.09.2026 08:05,0,1.1
2026-09-04,dairy_eggs,kasar,Kaşar peyniri,id:17MR,id:17MR,Sütaş Kaşar Peyniri 700 Gr,0.7,kg,365.0,521.428571,521.428571,1,521.4286,0.0,api-refined,Kaşar Peyniri,sub_category,1,1,"[""depot:hakmar-5521""]","[""hakmar""]",pinned-relative,04.09.2026 08:01,0,1.1
2026-09-04,dairy_eggs,kasar,Kaşar peyniri,id:10X2,id:10X2,Tarabya Kaşar Peyniri 1 Kg,1.0,kg,375.0,375.0,375.0,1,375.0,0.0,api-refined,Kaşar Peyniri,sub_category,1,1,"[""depot:a101-6815""]","[""a101""]",pinned-relative,04.09.2026 08:00,0,1.1
2026-09-04,dairy_eggs,kasar,Kaşar peyniri,id:1OOH,id:1OOH,İçim Kaşar Peyniri 700 Gr,0.7,kg,399.0,570.0,570.0,1,570.0,0.0,api-refined,Kaşar Peyniri,sub_category,1,1,"[""depot:sok-4707""]","[""sok""]",pinned-relative,04.09.2026 08:02,0,1.1
2026-09-04,dairy_eggs,kasar,Kaşar peyniri,id:02Q8,id:02Q8,Haktat Kaşar Peyniri 1 Kg,1.0,kg,429.0,429.0,429.0,1,429.0,0.0,api-refined,Kaşar Peyniri,sub_category,1,1,"[""depot:hakmar-5521""]","[""hakmar""]",pinned-relative,04.09.2026 08:04,0,1.1
2026-09-04,dairy_eggs,kasar,Kaşar peyniri,id:2CS4,id:2CS4,Muratbey Dilimli Kaşar Peyniri 1 Kg,1.0,kg,549.0,549.0,549.0,1,549.0,0.0,api-refined,Kaşar Peyniri,sub_category,1,1,"[""depot:hakmar-5521""]","[""hakmar""]",pinned-relative,04.09.2026 08:05,0,1.1
2026-09-04,dairy_eggs,kasar,Kaşar peyniri,id:0GEZ,id:0GEZ,Koçulu Kars Eski Kaşar Peyniri 1 Kg,1.0,kg,902.0,902.0,902.0,1,902.0,0.0,api-refined,Kaşar Peyniri,sub_category,1,1,"[""depot:carrefour-1012""]","[""carrefour""]",pinned-relative,04.09.2026 08:06,0,1.1
2026-09-04,dairy_eggs,kasar,Kaşar peyniri,id:08ZP,id:08ZP,Koçulu Trakya Eski Kaşar Peyniri 1 Kg,1.0,kg,1282.0,1282.0,1282.0,1,1282.0,0.0,api-refined,Kaşar Peyniri,sub_category,1,1,"[""depot:carrefour-1012""]","[""carrefour""]",pinned-relative,04.09.2026 08:05,0,1.1
2026-09-04,dairy_eggs,labneh,Labne,id:1YV3,id:1YV3,İçim Labne 180 Gr,0.18,kg,79.9,443.888889,443.888889,3,443.88892,0.0,api-refined,Labne,sub_category,3,3,"[""depot:carrefour-1012"",""depot:migros-1991"",""depot:sok-4707""]","[""carrefour"",""migros"",""sok""]",pinned-relative,04.09.2026 08:05,0,1.1
2026-09-04,dairy_eggs,labneh,Labne,id:1Y1Y,id:1Y1Y,İçim Labne 400 Gr,0.4,kg,149.0,372.5,381.470326,3,372.5,0.0,api-refined,Labne,sub_category,3,3,"[""depot:bim-5712"",""depot:carrefour-1012"",""depot:sok-4707""]","[""bim"",""carrefour"",""sok""]",pinned-relative,04.09.2026 08:04,0,1.1
2026-09-04,dairy_eggs,labneh,Labne,id:1RRI,id:1RRI,Pınar Labne 8x20 Gr,0.16,kg,111.85,699.0625,699.0625,2,699.06247,0.0,api-refined,Labne,sub_category,2,2,"[""depot:carrefour-1012"",""depot:migros-1991""]","[""carrefour"",""migros""]",pinned-relative,04.09.2026 08:03,0,1.1
2026-09-04,dairy_eggs,labneh,Labne,id:1NE8,id:1NE8,Pınar Organik Labne 180 Gr,0.18,kg,115.45,641.388889,641.388889,2,641.38887,0.0,api-refined,Labne,sub_category,2,2,"[""depot:carrefour-1012"",""depot:migros-1991""]","[""carrefour"",""migros""]",pinned-relative,04.09.2026 08:02,0,1.1
2026-09-04,dairy_eggs,labneh,Labne,id:19KX,id:19KX,Kiri Labne 450 Gr,0.45,kg,199.0,442.222222,442.222222,2,442.2222,0.0,api-refined,Labne,sub_category,2,2,"[""depot:bim-5712"",""depot:carrefour-1012""]","[""bim"",""carrefour""]",pinned-relative,04.09.2026 08:01,0,1.1
2026-09-04,dairy_eggs,labneh,Labne,id:1T1K,id:1T1K,Kiri Labne 300 Gr,0.3,kg,159.0,530.0,530.0,2,530.0,0.0,api-refined,Labne,sub_category,2,2,"[""depot:carrefour-1012"",""depot:migros-1991""]","[""carrefour"",""migros""]",pinned-relative,04.09.2026 08:04,0,1.1
2026-09-04,dairy_eggs,labneh,Labne,id:1ROA,id:1ROA,Bahçıvan Sürülebilir Labne Peyniri 3x180 Gr,0.54,kg,159.5,295.37037,351.296296,1,295.37036,0.0,api-refined,Labne,sub_category,2,1,"[""depot:a101-4217""]","[""a101""]",pinned-relative,04.09.2026 08:03,0,1.1
2026-09-04,dairy_eggs,labneh,Labne,id:20JZ,id:20JZ,Pınar Labne 400 Gr,0.4,kg,165.9,414.75,414.75,2,414.74997,0.0,api-refined,Labne,sub_category,2,2,"[""depot:carrefour-5254"",""depot:migros-1991""]","[""carrefour"",""migros""]",pinned-relative,04.09.2026 08:02,0,1.1
2026-09-04,dairy_eggs,labneh,Labne,id:1WX7,id:1WX7,İçim Labne 3x180 Gr,0.54,kg,229.95,425.833333,420.231481,1,425.8333,0.0,api-refined,Labne,sub_category,2,1,"[""depot:carrefour-1012""]","[""carrefour""]",pinned-relative,04.09.2026 08:04,0,1.1
2026-09-04,dairy_eggs,labneh,Labne,id:0L0B,id:0L0B,Mis Labne 200 Gr,0.2,kg,57.9,289.5,289.5,1,289.5,0.0,api-refined,Labne,sub_category,1,1,"[""depot:sok-4707""]","[""sok""]",pinned-relative,04.09.2026 08:06,0,1.1
2026-09-04,dairy_eggs,labneh,Labne,id:0ZLI,id:0ZLI,Sek Labne 180 Gr,0.18,kg,77.9,432.777778,432.777778,1,432.7778,0.0,api-refined,Labne,sub_category,1,1,"[""depot:sok-4711""]","[""sok""]",pinned-relative,04.09.2026 08:01,0,1.1
2026-09-04,dairy_eggs,labneh,Labne,id:002P,id:002P,Kerem Labne 300 Gr,0.3,kg,85.0,283.333333,283.333333,1,283.33334,0.0,api-refined,Labne,sub_category,1,1,"[""depot:bim-5712""]","[""bim""]",pinned-relative,04.09.2026 08:04,0,1.1
2026-09-04,dairy_eggs,labneh,Labne,id:1Z1Z,id:1Z1Z,Sütaş Labne 200 Gr,0.2,kg,87.5,437.5,437.5,1,437.5,0.0,api-refined,Labne,sub_category,1,1,"[""depot:carrefour-1012""]","[""carrefour""]",pinned-relative,04.09.2026 08:05,0,1.1
2026-09-04,dairy_eggs,labneh,Labne,id:0L31,id:0L31,Mis Labne 400 Gr,0.4,kg,112.0,280.0,280.0,1,280.0,0.0,api-refined,Labne,sub_category,1,1,"[""depot:sok-4707""]","[""sok""]",pinned-relative,04.09.2026 08:06,0,1.1
2026-09-04,dairy_eggs,labneh,Labne,id:03NK,id:03NK,Tarım Kredi Labne 400 Gr,0.4,kg,113.0,282.5,282.5,1,282.5,0.0,api-refined,Labne,sub_category,1,1,"[""depot:tarim_kredi-5022""]","[""tarim_kredi""]",pinned-relative,04.09.2026 08:04,0,1.1
2026-09-04,dairy_eggs,labneh,Labne,id:1ZJW,id:1ZJW,Torku Labne 400 Gr,0.4,kg,154.95,387.375,387.375,1,387.375,0.0,api-refined,Labne,sub_category,1,1,"[""depot:migros-1991""]","[""migros""]",pinned-relative,04.09.2026 08:05,0,1.1
2026-09-04,dairy_eggs,labneh,Labne,id:1KSH,id:1KSH,Pınar Labne 540 Gr,0.54,kg,257.5,476.851852,476.851852,1,476.85184,0.0,api-refined,Labne,sub_category,1,1,"[""depot:carrefour-1012""]","[""carrefour""]",pinned-relative,04.09.2026 08:02,0,1.1
2026-09-04,dairy_eggs,labneh,Labne,id:050Z,id:050Z,Pınar Labne 2x400 Gr,0.8,kg,316.45,395.5625,395.5625,1,395.56253,0.0,api-refined,Labne,sub_category,1,1,"[""depot:carrefour-1012""]","[""carrefour""]",pinned-relative,04.09.2026 08:05,0,1.1
2026-09-04,dairy_eggs,cream_cheese,Krem peynir,id:1S61,id:1S61,La Vache Qui Rit Krem Peynir 270 Gr,0.27,kg,143.975,533.240741,533.240741,2,533.240725,0.0,api-refined,Krem Peynir,sub_category,2,2,"[""depot:carrefour-5254"",""depot:migros-1991""]","[""carrefour"",""migros""]",pinned-relative,04.09.2026 08:03,0,1.1
2026-09-04,dairy_eggs,cream_cheese,Krem peynir,id:0NGP,id:0NGP,İçim Krem Peynir 300 Gr,0.3,kg,129.225,430.75,430.75,2,430.75,0.0,api-refined,Krem Peynir,sub_category,2,2,"[""depot:carrefour-1012"",""depot:migros-1991""]","[""carrefour"",""migros""]",pinned-relative,04.09.2026 08:06,0,1.1
2026-09-04,dairy_eggs,cream_cheese,Krem peynir,id:0ZWG,id:0ZWG,La Vache Qui Rit Krem Peynir 140 Gr,0.14,kg,65.0,464.285714,464.285714,1,464.2857,0.0,api-refined,Krem Peynir,sub_category,1,1,"[""depot:carrefour-1012""]","[""carrefour""]",pinned-relative,04.09.2026 08:01,0,1.1
2026-09-04,dairy_eggs,cream_cheese,Krem peynir,id:1HEP,id:1HEP,Sütaş Krem Peynir 160 Gr,0.16,kg,68.75,429.6875,429.6875,1,429.6875,0.0,api-refined,Krem Peynir,sub_category,1,1,"[""depot:carrefour-1012""]","[""carrefour""]",pinned-relative,04.09.2026 08:02,0,1.1
2026-09-04,dairy_eggs,cream_cheese,Krem peynir,id:1F9N,id:1F9N,Peysan Krem Peynir 300 Gr,0.3,kg,72.5,241.666667,241.666667,1,241.66666,0.0,api-refined,Krem Peynir,sub_category,1,1,"[""depot:bim-5712""]","[""bim""]",pinned-relative,04.09.2026 08:02,0,1.1
2026-09-04,dairy_eggs,cream_cheese,Krem peynir,id:0D1T,id:0D1T,Tarsüt Krem Peynir 300 Gr,0.3,kg,79.5,265.0,265.0,1,265.0,0.0,api-refined,Krem Peynir,sub_category,1,1,"[""depot:tarim_kredi-5022""]","[""tarim_kredi""]",pinned-relative,04.09.2026 08:06,0,1.1
2026-09-04,dairy_eggs,cream_cheese,Krem peynir,id:2ARC,id:2ARC,Teksüt Krem Peynir 270 Gr,0.27,kg,95.0,351.851852,351.851852,1,351.85184,0.0,api-refined,Krem Peynir,sub_category,1,1,"[""depot:hakmar-5521""]","[""hakmar""]",pinned-relative,04.09.2026 08:05,0,1.1
2026-09-04,dairy_eggs,cream_cheese,Krem peynir,id:00KP,id:00KP,Aknaz Krem Peynir 500 Gr,0.5,kg,115.0,230.0,230.0,1,230.0,0.0,api-refined,Krem Peynir,sub_category,1,1,"[""depot:bim-5712""]","[""bim""]",pinned-relative,04.09.2026 08:04,0,1.1
2026-09-04,dairy_eggs,cream_cheese,Krem peynir,id:01VK,id:01VK,Aktek Krem Peynir 500 Gr,0.5,kg,115.0,230.0,230.0,1,230.0,0.0,api-refined,Krem Peynir,sub_category,1,1,"[""depot:hakmar-5521""]","[""hakmar""]",pinned-relative,04.09.2026 08:04,0,1.1
2026-09-04,dairy_eggs,cream_cheese,Krem peynir,id:0Y7K,id:0Y7K,Sütaş Krem Peynir 300 Gr,0.3,kg,132.95,443.166667,443.166667,1,443.16666,0.0,api-refined,Krem Peynir,sub_category,1,1,"[""depot:carrefour-1012""]","[""carrefour""]",pinned-relative,04.09.2026 08:01,0,1.1
2026-09-04,dairy_eggs,cream_cheese,Krem peynir,id:1L22,id:1L22,Pınar Krem Peynir 300 Gr,0.3,kg,142.5,475.0,475.0,1,475.0,0.0,api-refined,Krem Peynir,sub_category,1,1,"[""depot:carrefour-1012""]","[""carrefour""]",pinned-relative,04.09.2026 08:02,0,1.1
2026-09-04,dairy_eggs,cream_cheese,Krem peynir,id:1T9Q,id:1T9Q,Bahçıvan Tam Yağlı Krem Peynir 300 Gr,0.3,kg,109.9,366.333333,366.333333,1,366.33334,0.0,api-refined,Krem Peynir,sub_category,1,1,"[""depot:migros-1991""]","[""migros""]",pinned-relative,04.09.2026 08:04,0,1.1
2026-09-04,dairy_eggs,cream_cheese,Krem peynir,id:1240,id:1240,Bahçıvan Krem Peynir 500 Gr,0.5,kg,199.5,399.0,399.0,1,399.0,0.0,api-refined,Krem Peynir,sub_category,1,1,"[""depot:a101-6815""]","[""a101""]",pinned-relative,04.09.2026 08:00,0,1.1
2026-09-04,dairy_eggs,cream_cheese,Krem peynir,id:1Z93,id:1Z93,Ekici Krem Peynir 400 Gr,0.4,kg,342.9,857.25,857.25,1,857.25,0.0,api-refined,Krem Peynir,sub_category,1,1,"[""depot:carrefour-1012""]","[""carrefour""]",pinned-relative,04.09.2026 08:05,0,1.1
2026-09-04,dairy_eggs,mozzarella,Mozzarella,id:1YHK,id:1YHK,President Rende Mozzarella Peyniri 200 Gr,0.2,kg,174.925,874.625,874.625,2,874.62497,0.0,api-refined,Peynir,main_category,2,2,"[""depot:carrefour-1012"",""depot:migros-1991""]","[""carrefour"",""migros""]",pinned-relative,04.09.2026 08:05,0,1.1
2026-09-04,dairy_eggs,mozzarella,Mozzarella,id:1ZDG,id:1ZDG,Bahçıvan Rende Mozzarella Peyniri 200 Gr,0.2,kg,259.9,1299.5,1224.625,1,1299.5,0.0,api-refined,Peynir,main_category,2,1,"[""depot:carrefour-1012""]","[""carrefour""]",pinned-relative,04.09.2026 08:05,0,1.1
2026-09-04,dairy_eggs,mozzarella,Mozzarella,id:1ZE1,id:1ZE1,President Mozzarella Peyniri 600 Gr,0.6,kg,351.5,585.833333,591.666667,1,585.8333,0.0,api-refined,Peynir,main_category,1,1,"[""depot:carrefour-1012""]","[""carrefour""]",pinned-relative,04.09.2026 08:05,0,1.1
2026-09-04,dairy_eggs,mozzarella,Mozzarella,id:0ZHO,id:0ZHO,Mis Rende Mozzarella Peyniri 150 Gr,0.15,kg,99.0,660.0,660.0,1,660.0,0.0,api-refined,Peynir,main_category,1,1,"[""depot:sok-4707""]","[""sok""]",pinned-relative,04.09.2026 08:01,0,1.1
2026-09-04,dairy_eggs,mozzarella,Mozzarella,id:0VAV,id:0VAV,Bahçıvan Rende Mozzarella Peyniri 150 Gr,0.15,kg,127.5,850.0,850.0,1,850.0,0.0,api-refined,Peynir,main_category,1,1,"[""depot:a101-6815""]","[""a101""]",pinned-relative,04.09.2026 08:01,0,1.1
2026-09-04,dairy_eggs,mozzarella,Mozzarella,id:1LUQ,id:1LUQ,Bahçıvan Suda Mozzarella 125 Gr,0.125,kg,156.9,1255.2,1255.2,1,1255.2,0.0,api-refined,Peynir,main_category,1,1,"[""depot:carrefour-1012""]","[""carrefour""]",pinned-relative,04.09.2026 08:02,0,1.1
2026-09-04,dairy_eggs,eggs,Yumurta,id:0YPU,id:0YPU,Yumurta Omega 3 53 6 Adet,6.0,count,45.0,7.5,7.5,1,7.5,0.0,title,Yumurta,main_category,1,1,"[""depot:a101-6815""]","[""a101""]",pinned-relative,04.09.2026 08:01,0,1.1
2026-09-04,dairy_eggs,eggs,Yumurta,id:0SJS,id:0SJS,Güzide Hanım Organik Yumurta 6 Adet,6.0,count,65.0,10.833333,10.833333,1,10.833333,0.0,title,Yumurta,main_category,1,1,"[""depot:sok-4707""]","[""sok""]",pinned-relative,04.09.2026 08:00,0,1.1
2026-09-04,dairy_eggs,eggs,Yumurta,id:0QE9,id:0QE9,Organik Yumurta 6 Adet,6.0,count,65.0,10.833333,10.833333,1,10.833333,0.0,title,Yumurta,main_category,1,1,"[""depot:bim-5712""]","[""bim""]",pinned-relative,04.09.2026 08:00,0,1.1
2026-09-04,dairy_eggs,eggs,Yumurta,id:182O,id:182O,Kahverengi Yumurta 10 Adet,10.0,count,87.5,8.75,8.75,1,8.75,0.0,title,Yumurta,main_category,1,1,"[""depot:bim-5712""]","[""bim""]",pinned-relative,04.09.2026 08:01,0,1.1
2026-09-04,dairy_eggs,eggs,Yumurta,id:0GWI,id:0GWI,Carrefour Bio Organik Yumurta 6 Adet,6.0,count,78.97,13.161667,13.161667,1,13.161667,0.0,title,Yumurta,main_category,1,1,"[""depot:carrefour-5254""]","[""carrefour""]",pinned-relative,04.09.2026 08:06,0,1.1
2026-09-04,dairy_eggs,eggs,Yumurta,id:01PV,id:01PV,Bili Bili Yumurta 15 Adet,15.0,count,95.0,6.333333,6.333333,1,6.333334,0.0,title,Yumurta,main_category,1,1,"[""depot:bim-5712""]","[""bim""]",pinned-relative,04.09.2026 08:04,0,1.1
2026-09-04,dairy_eggs,eggs,Yumurta,id:0CI6,id:0CI6,Carrefour Yumurta L Boy 15 Adet,15.0,count,80.75,5.383333,5.383333,1,5.383333,0.0,title,Yumurta,main_category,1,1,"[""depot:carrefour-5254""]","[""carrefour""]",pinned-relative,04.09.2026 08:06,0,1.1
2026-09-04,dairy_eggs,eggs,Yumurta,id:3X19,id:3X19,Mutlu Organik Yumurta M Boy 10 Adet,10.0,count,108.0,10.8,10.8,1,10.8,0.0,title,Yumurta,main_category,1,1,"[""depot:tarim_kredi-5022""]","[""tarim_kredi""]",pinned-relative,04.09.2026 08:03,0,1.1
2026-09-04,dairy_eggs,eggs,Yumurta,id:0K3T,id:0K3T,Tarım Kredi Organik Yumurta 10 Adet,10.0,count,108.0,10.8,10.8,1,10.8,0.0,title,Yumurta,main_category,1,1,"[""depot:tarim_kredi-5022""]","[""tarim_kredi""]",pinned-relative,04.09.2026 08:06,0,1.1
2026-09-04,dairy_eggs,eggs,Yumurta,id:1Q2F,id:1Q2F,Doğalım Boy Yumurta 15 Adet,15.0,count,124.95,8.33,8.33,1,8.33,0.0,title,Yumurta,main_category,1,1,"[""depot:migros-1991""]","[""migros""]",pinned-relative,04.09.2026 08:03,0,1.1
2026-09-04,dairy_eggs,eggs,Yumurta,id:0IPM,id:0IPM,Carrefour Bio Organik Yumurta 10 Adet,10.0,count,127.46,12.746,12.746,1,12.746,0.0,title,Yumurta,main_category,1,1,"[""depot:carrefour-5254""]","[""carrefour""]",pinned-relative,04.09.2026 08:06,0,1.1
2026-09-04,dairy_eggs,eggs,Yumurta,id:09XA,id:09XA,K.Birlik Yumurta Gezen Tavuk 53-62 Gr 15 Adet,15.0,count,142.5,9.5,9.5,1,9.5,0.0,title,Yumurta,main_category,1,1,"[""depot:hakmar-5521""]","[""hakmar""]",pinned-relative,04.09.2026 08:05,0,1.1
2026-09-04,dairy_eggs,eggs,Yumurta,id:0T9G,id:0T9G,Naturaköy Organik Yumurta 53-62 Gr 10 Adet,10.0,count,109.95,10.995,10.995,1,10.995,0.0,title,Yumurta,main_category,1,1,"[""depot:migros-564""]","[""migros""]",pinned-relative,04.09.2026 08:00,0,1.1
2026-09-04,dairy_eggs,eggs,Yumurta,id:1YPS,id:1YPS,Akyaka Gezen Yumurta M Boy 15 Adet,15.0,count,149.9,9.993333,9.993333,1,9.993333,0.0,title,Yumurta,main_category,1,1,"[""depot:tarim_kredi-5022""]","[""tarim_kredi""]",pinned-relative,04.09.2026 08:05,0,1.1
2026-09-04,dairy_eggs,eggs,Yumurta,id:1T4C,id:1T4C,Flotty Organik Yumurta 53-62 Gr 10 Adet,10.0,count,152.95,15.295,15.295,1,15.295,0.0,title,Yumurta,main_category,1,1,"[""depot:migros-1991""]","[""migros""]",pinned-relative,04.09.2026 08:04,0,1.1
2026-09-04,dairy_eggs,eggs,Yumurta,id:3W82,id:3W82,Yumurta M Boy 53-62 Gr 30 Adet,30.0,count,169.0,5.633333,5.633333,1,5.633333,0.0,title,Yumurta,main_category,1,1,"[""depot:a101-6815""]","[""a101""]",pinned-relative,04.09.2026 08:03,0,1.1
2026-09-04,dairy_eggs,eggs,Yumurta,id:1LZF,id:1LZF,Keskinoğlu Yumurta M Boy 30 Adet,30.0,count,169.0,5.633333,5.633333,1,5.633333,0.0,title,Yumurta,main_category,1,1,"[""depot:tarim_kredi-7488""]","[""tarim_kredi""]",pinned-relative,04.09.2026 08:02,0,1.1
2026-09-04,dairy_eggs,eggs,Yumurta,id:0GZ3,id:0GZ3,Carrefour Yumurta 30 Adet,30.0,count,145.0,4.833333,4.833333,1,4.833334,0.0,title,Yumurta,main_category,1,1,"[""depot:carrefour-5254""]","[""carrefour""]",pinned-relative,04.09.2026 08:06,0,1.1
2026-09-04,dairy_eggs,eggs,Yumurta,id:0627,id:0627,Artorganik Yumurta 15 Adet,15.0,count,175.0,11.666667,11.666667,1,11.666667,0.0,title,Yumurta,main_category,1,1,"[""depot:tarim_kredi-5022""]","[""tarim_kredi""]",pinned-relative,04.09.2026 08:05,0,1.1
2026-09-04,dairy_eggs,cream,Krema,id:1R4W,id:1R4W,Danone Bitkisel Krema 200 Ml,0.2,l,30.0,150.0,150.0,2,150.0,0.0,api-refined,Krema,sub_category,2,2,"[""depot:hakmar-5521"",""depot:migros-1991""]","[""hakmar"",""migros""]",pinned-relative,04.09.2026 08:03,0,1.1
2026-09-04,dairy_eggs,cream,Krema,id:219Y,id:219Y,Danone Bitkisel Yağlı Krema 200 Ml,0.2,l,34.5,172.5,155.0,1,172.5,0.0,api-refined,Krema,sub_category,2,1,"[""depot:a101-9324""]","[""a101""]",pinned-relative,04.09.2026 08:03,0,1.1
2026-09-04,dairy_eggs,cream,Krema,id:1OPU,id:1OPU,Tikveşli %18 Yağlı Krema 200 Ml,0.2,l,32.25,161.25,241.875,1,161.25,0.0,api-refined,Krema,sub_category,2,1,"[""depot:carrefour-1012""]","[""carrefour""]",pinned-relative,04.09.2026 08:03,0,1.1
2026-09-04,dairy_eggs,cream,Krema,id:1QVH,id:1QVH,İçim Şef %18 Yağlı Krema 200 Ml,0.2,l,58.925,294.625,294.625,2,294.625,0.0,api-refined,Krema,sub_category,2,2,"[""depot:carrefour-1012"",""depot:migros-1991""]","[""carrefour"",""migros""]",pinned-relative,04.09.2026 08:03,0,1.1
2026-09-04,dairy_eggs,cream,Krema,id:209M,id:209M,Sütaş Yemeklik Krema 200 Ml,0.2,l,64.5,322.5,311.125,1,322.5,0.0,api-refined,Krema,sub_category,2,1,"[""depot:a101-6815""]","[""a101""]",pinned-relative,04.09.2026 08:02,0,1.1
2026-09-04,dairy_eggs,cream,Krema,id:1NKE,id:1NKE,Sütaş Krema %30 Yağlı 200 Ml,0.2,l,88.375,441.875,441.875,2,441.875015,0.0,api-refined,Krema,sub_category,2,2,"[""depot:carrefour-1012"",""depot:tarim_kredi-5022""]","[""carrefour"",""tarim_kredi""]",pinned-relative,04.09.2026 08:02,0,1.1
2026-09-04,dairy_eggs,cream,Krema,id:1R2Q,id:1R2Q,Tikveşli Krema 200 Ml,0.2,l,99.95,499.75,449.625,1,499.75,0.0,api-refined,Krema,sub_category,3,1,"[""depot:migros-4479""]","[""migros""]",pinned-relative,04.09.2026 08:03,0,1.1
2026-09-04,dairy_eggs,cream,Krema,id:1T0H,id:1T0H,İçim Şef %35 Yağlı Krema 200 Ml,0.2,l,92.95,464.75,457.125,1,464.75,0.0,api-refined,Krema,sub_category,2,1,"[""depot:carrefour-1012""]","[""carrefour""]",pinned-relative,04.09.2026 08:04,0,1.1
2026-09-04,dairy_eggs,cream,Krema,id:1ZO1,id:1ZO1,President %35 Yağlı Krema 200 Ml,0.2,l,92.925,464.625,464.625,2,464.624985,0.0,api-refined,Krema,sub_category,2,2,"[""depot:carrefour-1012"",""depot:migros-6679""]","[""carrefour"",""migros""]",pinned-relative,04.09.2026 08:05,0,1.1
2026-09-04,dairy_eggs,cream,Krema,id:149F,id:149F,Dost %20 Yağlı Bitkisel Krema 200 Ml,0.2,l,18.5,92.5,92.5,1,92.5,0.0,api-refined,Krema,sub_category,1,1,"[""depot:bim-5712""]","[""bim""]",pinned-relative,04.09.2026 08:00,0,1.1
2026-09-04,dairy_eggs,cream,Krema,id:0Y7E,id:0Y7E,Mis Bitkisel Yağlı Krema %20 Yağlı 200 Ml,0.2,l,21.9,109.5,109.5,1,109.5,0.0,api-refined,Krema,sub_category,1,1,"[""depot:sok-4707""]","[""sok""]",pinned-relative,04.09.2026 08:01,0,1.1
2026-09-04,dairy_eggs,cream,Krema,id:21ZQ,id:21ZQ,Sana Bitkisel Yağlı Krema 200 Ml,0.2,l,34.5,172.5,172.5,1,172.5,0.0,api-refined,Krema,sub_category,1,1,"[""depot:a101-6815""]","[""a101""]",pinned-relative,04.09.2026 08:03,0,1.1
2026-09-04,dairy_eggs,cream,Krema,id:1QT3,id:1QT3,Sana Bitkisel Krema 200 Ml,0.2,l,39.5,197.5,197.5,1,197.5,0.0,api-refined,Krema,sub_category,1,1,"[""depot:migros-4479""]","[""migros""]",pinned-relative,04.09.2026 08:03,0,1.1
2026-09-04,dairy_eggs,cream,Krema,id:1VKH,id:1VKH,Danone Bitkisel Krema 500 Ml,0.5,l,44.5,89.0,89.0,1,89.0,0.0,api-refined,Krema,sub_category,1,1,"[""depot:bim-5712""]","[""bim""]",pinned-relative,04.09.2026 08:04,0,1.1
2026-09-04,dairy_eggs,cream,Krema,id:2650,id:2650,İçim %18 Yağlı Krema 200 Ml,0.2,l,47.5,237.5,237.5,1,237.5,0.0,api-refined,Krema,sub_category,1,1,"[""depot:bim-5712""]","[""bim""]",pinned-relative,04.09.2026 08:04,0,1.1
2026-09-04,dairy_eggs,cream,Krema,id:0F9H,id:0F9H,Mis Uht Krema %18 Yağlı 200 Ml,0.2,l,53.0,265.0,265.0,1,265.0,0.0,api-refined,Krema,sub_category,1,1,"[""depot:sok-4707""]","[""sok""]",pinned-relative,04.09.2026 08:06,0,1.1
2026-09-04,dairy_eggs,cream,Krema,id:01RL,id:01RL,Dost %18 Yağlı Krema 200 Ml,0.2,l,53.0,265.0,265.0,1,265.0,0.0,api-refined,Krema,sub_category,1,1,"[""depot:bim-5712""]","[""bim""]",pinned-relative,04.09.2026 08:04,0,1.1
2026-09-04,dairy_eggs,cream,Krema,id:0FHZ,id:0FHZ,Carrefour Krema %18 Yağlı 200 Ml,0.2,l,53.5,267.5,267.5,1,267.5,0.0,api-refined,Krema,sub_category,1,1,"[""depot:carrefour-5254""]","[""carrefour""]",pinned-relative,04.09.2026 08:06,0,1.1
2026-09-04,dairy_eggs,cream,Krema,id:0IUJ,id:0IUJ,Birşah Krema 200 Ml,0.2,l,69.5,347.5,347.5,1,347.5,0.0,api-refined,Krema,sub_category,1,1,"[""depot:a101-6815""]","[""a101""]",pinned-relative,04.09.2026 08:06,0,1.1
2026-09-04,dairy_eggs,cream,Krema,id:05RH,id:05RH,Dost Krema 200 Ml,0.2,l,69.5,347.5,347.5,1,347.5,0.0,api-refined,Krema,sub_category,1,1,"[""depot:bim-5712""]","[""bim""]",pinned-relative,04.09.2026 08:05,0,1.1
2026-09-04,oils_fats,sunflower_oil,Ayçiçek yağı,id:1QYG,id:1QYG,Komili Ayçiçek Yağı 2 Lt,2.0,l,339.725,169.8625,169.8625,2,169.8625,0.0,api-refined,Ayçiçek Yağı,sub_category,2,2,"[""depot:a101-6815"",""depot:migros-1991""]","[""a101"",""migros""]",pinned-relative,04.09.2026 08:03,0,1.1
2026-09-04,oils_fats,sunflower_oil,Ayçiçek yağı,id:0IGY,id:0IGY,Yudum Ayçiçek Yağı 4 Lt,4.0,l,499.95,124.9875,124.98125,1,124.9875,0.0,api-refined,Ayçiçek Yağı,sub_category,2,1,"[""depot:migros-1991""]","[""migros""]",pinned-relative,04.09.2026 08:06,0,1.1
2026-09-04,oils_fats,sunflower_oil,Ayçiçek yağı,id:0R82,id:0R82,Komili Ayçiçek Yağı 5 Lt,5.0,l,544.725,108.945,108.945,2,108.945003,0.0,api-refined,Ayçiçek Yağı,sub_category,2,2,"[""depot:a101-6815"",""depot:migros-1991""]","[""a101"",""migros""]",pinned-relative,04.09.2026 08:00,0,1.1
2026-09-04,oils_fats,sunflower_oil,Ayçiçek yağı,id:0FXI,id:0FXI,Tarım Kredi Anadolu Ayçiçek Yağı 1 Lt,1.0,l,124.0,124.0,124.0,1,124.0,0.0,api-refined,Ayçiçek Yağı,sub_category,1,1,"[""depot:tarim_kredi-5022""]","[""tarim_kredi""]",pinned-relative,04.09.2026 08:06,0,1.1
2026-09-04,oils_fats,sunflower_oil,Ayçiçek yağı,id:0UBH,id:0UBH,Evin Ayçiçek Yağı 1 Lt,1.0,l,125.0,125.0,125.0,1,125.0,0.0,api-refined,Ayçiçek Yağı,sub_category,1,1,"[""depot:sok-4707""]","[""sok""]",pinned-relative,04.09.2026 08:01,0,1.1
2026-09-04,oils_fats,sunflower_oil,Ayçiçek yağı,id:00C5,id:00C5,Yurda Ayçiçek Yağı 1 Lt,1.0,l,125.0,125.0,125.0,1,125.0,0.0,api-refined,Ayçiçek Yağı,sub_category,1,1,"[""depot:hakmar-5521""]","[""hakmar""]",pinned-relative,04.09.2026 08:04,0,1.1
2026-09-04,oils_fats,sunflower_oil,Ayçiçek yağı,id:16E9,id:16E9,Biryağ Ayçiçek Yağı 1 Lt,1.0,l,139.0,139.0,139.0,1,139.0,0.0,api-refined,Ayçiçek Yağı,sub_category,1,1,"[""depot:hakmar-5521""]","[""hakmar""]",pinned-relative,04.09.2026 08:01,0,1.1
2026-09-04,oils_fats,sunflower_oil,Ayçiçek yağı,id:1XSB,id:1XSB,Yudum Şef Gibi Ayçiçek Yağı 750 Ml,0.75,l,189.9,253.2,253.2,1,253.2,0.0,api-refined,Ayçiçek Yağı,sub_category,1,1,"[""depot:carrefour-1012""]","[""carrefour""]",pinned-relative,04.09.2026 08:04,0,1.1
2026-09-04,oils_fats,sunflower_oil,Ayçiçek yağı,id:10QF,id:10QF,Orkide Ayçiçek Yağı 2 Lt,2.0,l,199.0,99.5,99.5,1,99.5,0.0,api-refined,Ayçiçek Yağı,sub_category,1,1,"[""depot:a101-9324""]","[""a101""]",pinned-relative,04.09.2026 08:00,0,1.1
2026-09-04,oils_fats,sunflower_oil,Ayçiçek yağı,id:0PFE,id:0PFE,Biryağ Ayçiçek Yağı 2 Lt,2.0,l,199.99,99.995,99.995,1,99.995,0.0,api-refined,Ayçiçek Yağı,sub_category,1,1,"[""depot:carrefour-1012""]","[""carrefour""]",pinned-relative,04.09.2026 08:00,0,1.1
2026-09-04,oils_fats,sunflower_oil,Ayçiçek yağı,id:0Q0P,id:0Q0P,Komili Ayçiçek Yağı 1 Lt,1.0,l,214.95,214.95,214.95,1,214.95,0.0,api-refined,Ayçiçek Yağı,sub_category,1,1,"[""depot:migros-1991""]","[""migros""]",pinned-relative,04.09.2026 08:00,0,1.1
2026-09-04,oils_fats,sunflower_oil,Ayçiçek yağı,id:12B0,id:12B0,Vera Ayçiçek Yağı 2 Lt,2.0,l,219.0,109.5,109.5,1,109.5,0.0,api-refined,Ayçiçek Yağı,sub_category,1,1,"[""depot:a101-6815""]","[""a101""]",pinned-relative,04.09.2026 08:00,0,1.1
2026-09-04,oils_fats,sunflower_oil,Ayçiçek yağı,id:03MX,id:03MX,Sole Ayçiçek Yağı 2 Lt,2.0,l,219.0,109.5,109.5,1,109.5,0.0,api-refined,Ayçiçek Yağı,sub_category,1,1,"[""depot:bim-5712""]","[""bim""]",pinned-relative,04.09.2026 08:04,0,1.1
2026-09-04,oils_fats,sunflower_oil,Ayçiçek yağı,id:0JR6,id:0JR6,Tarım Kredi Anadolu Ayçiçek Yağı 2 Lt,2.0,l,233.0,116.5,116.5,1,116.5,0.0,api-refined,Ayçiçek Yağı,sub_category,1,1,"[""depot:tarim_kredi-5022""]","[""tarim_kredi""]",pinned-relative,04.09.2026 08:06,0,1.1
2026-09-04,oils_fats,sunflower_oil,Ayçiçek yağı,id:09AO,id:09AO,Yurda Ayçiçek Yağı 2 Lt,2.0,l,235.0,117.5,117.5,1,117.5,0.0,api-refined,Ayçiçek Yağı,sub_category,1,1,"[""depot:hakmar-5521""]","[""hakmar""]",pinned-relative,04.09.2026 08:05,0,1.1
2026-09-04,oils_fats,sunflower_oil,Ayçiçek yağı,id:088G,id:088G,Komili Ayçiçek Yağı 4 Lt,4.0,l,474.95,118.7375,118.7375,1,118.7375,0.0,api-refined,Ayçiçek Yağı,sub_category,1,1,"[""depot:carrefour-5254""]","[""carrefour""]",pinned-relative,04.09.2026 08:05,0,1.1
2026-09-04,oils_fats,sunflower_oil,Ayçiçek yağı,id:1F5L,id:1F5L,Turna Ayçiçek Yağı 5 Lt,5.0,l,475.0,95.0,95.0,1,95.0,0.0,api-refined,Ayçiçek Yağı,sub_category,1,1,"[""depot:bim-5712""]","[""bim""]",pinned-relative,04.09.2026 08:02,0,1.1
2026-09-04,oils_fats,sunflower_oil,Ayçiçek yağı,id:0S9X,id:0S9X,Evin Ayçiçek Yağı 5 Lt,5.0,l,479.0,95.8,95.8,1,95.799995,0.0,api-refined,Ayçiçek Yağı,sub_category,1,1,"[""depot:sok-4707""]","[""sok""]",pinned-relative,04.09.2026 08:00,0,1.1
2026-09-04,oils_fats,sunflower_oil,Ayçiçek yağı,id:00F9,id:00F9,Yurda Ayçiçek Yağı 5 Lt,5.0,l,479.0,95.8,95.8,1,95.799995,0.0,api-refined,Ayçiçek Yağı,sub_category,1,1,"[""depot:hakmar-5521""]","[""hakmar""]",pinned-relative,04.09.2026 08:04,0,1.1
2026-09-04,oils_fats,sunflower_oil,Ayçiçek yağı,id:08FY,id:08FY,Yudum Ayçiçek Yağı 3 Lt,3.0,l,479.95,159.983333,159.983333,1,159.98334,0.0,api-refined,Ayçiçek Yağı,sub_category,1,1,"[""depot:migros-4479""]","[""migros""]",pinned-relative,04.09.2026 08:05,0,1.1
2026-09-04,oils_fats,sunflower_oil,Ayçiçek yağı,id:03OP,id:03OP,Kırlangıç Ayçiçek Yağı 5 Lt,5.0,l,515.0,103.0,103.0,1,103.0,0.0,api-refined,Ayçiçek Yağı,sub_category,1,1,"[""depot:hakmar-5521""]","[""hakmar""]",pinned-relative,04.09.2026 08:04,0,1.1
2026-09-04,oils_fats,sunflower_oil,Ayçiçek yağı,id:11LQ,id:11LQ,Yudum Ayçiçek Yağı 4.5 Lt,4.5,l,544.0,120.888889,120.888889,1,120.888885,0.0,api-refined,Ayçiçek Yağı,sub_category,1,1,"[""depot:a101-6815""]","[""a101""]",pinned-relative,04.09.2026 08:00,0,1.1
2026-09-04,oils_fats,olive_oil,Zeytinyağı,id:0YR4,id:0YR4,Yudum Egemden Riviera Zeytinyağı 1 Lt,1.0,l,229.0,229.0,229.0,3,229.0,0.0,api-refined,Zeytinyağı,sub_category,3,3,"[""depot:a101-6815"",""depot:bim-5712"",""depot:carrefour-5254""]","[""a101"",""bim"",""carrefour""]",pinned-relative,04.09.2026 08:01,0,1.1
2026-09-04,oils_fats,olive_oil,Zeytinyağı,id:1T5W,id:1T5W,Tariş Riviera Zeytinyağı 2 Lt,2.0,l,869.95,434.975,434.975,1,434.975,0.0,api-refined,Zeytinyağı,sub_category,2,1,"[""depot:carrefour-1012""]","[""carrefour""]",pinned-relative,04.09.2026 08:04,0,1.1
2026-09-04,oils_fats,olive_oil,Zeytinyağı,id:1IB0,id:1IB0,Komili Riviera Zeytinyağı 500 Ml,0.5,l,204.9,409.8,409.8,1,409.8,0.0,api-refined,Zeytinyağı,sub_category,1,1,"[""depot:carrefour-5254""]","[""carrefour""]",pinned-relative,04.09.2026 08:02,0,1.1
2026-09-04,oils_fats,olive_oil,Zeytinyağı,id:114S,id:114S,Yudum Egemden Yalın Sızma Zeytinyağı 1 Lt,1.0,l,279.0,279.0,279.0,1,279.0,0.0,api-refined,Zeytinyağı,sub_category,1,1,"[""depot:a101-6815""]","[""a101""]",pinned-relative,04.09.2026 08:00,0,1.1
2026-09-04,oils_fats,olive_oil,Zeytinyağı,id:0ZNS,id:0ZNS,Zeo Sızma Zeytinyağı 1 Lt,1.0,l,310.0,310.0,310.0,1,310.0,0.0,api-refined,Zeytinyağı,sub_category,1,1,"[""depot:a101-6815""]","[""a101""]",pinned-relative,04.09.2026 08:01,0,1.1
2026-09-04,oils_fats,olive_oil,Zeytinyağı,id:23FY,id:23FY,Kristal Anatolia Sızma Zeytinyağı 1 Lt,1.0,l,325.0,325.0,325.0,1,325.0,0.0,api-refined,Zeytinyağı,sub_category,1,1,"[""depot:a101-4141""]","[""a101""]",pinned-relative,04.09.2026 08:03,0,1.1
2026-09-04,oils_fats,olive_oil,Zeytinyağı,id:033E,id:033E,Komili Natürel Sızma Zeytinyağı 1 Lt,1.0,l,359.0,359.0,359.0,1,359.0,0.0,api-refined,Zeytinyağı,sub_category,1,1,"[""depot:bim-5712""]","[""bim""]",pinned-relative,04.09.2026 08:04,0,1.1
2026-09-04,oils_fats,olive_oil,Zeytinyağı,id:1EV7,id:1EV7,Kristal Ayvalık Sızma Zeytinyağı 500 Ml,0.5,l,382.95,765.9,765.9,1,765.9,0.0,api-refined,Zeytinyağı,sub_category,1,1,"[""depot:carrefour-1012""]","[""carrefour""]",pinned-relative,04.09.2026 08:02,0,1.1
2026-09-04,oils_fats,olive_oil,Zeytinyağı,id:1Y3O,id:1Y3O,Komili Riviera Zeytinyağı 1 Lt,1.0,l,399.95,399.95,399.95,1,399.95,0.0,api-refined,Zeytinyağı,sub_category,1,1,"[""depot:carrefour-1012""]","[""carrefour""]",pinned-relative,04.09.2026 08:04,0,1.1
2026-09-04,oils_fats,olive_oil,Zeytinyağı,id:0PFF,id:0PFF,Tariş Naturel Sızma Zeytinyağı 750 Ml,0.75,l,455.9,607.866667,607.866667,1,607.86664,0.0,api-refined,Zeytinyağı,sub_category,1,1,"[""depot:carrefour-1012""]","[""carrefour""]",pinned-relative,04.09.2026 08:00,0,1.1
2026-09-04,oils_fats,olive_oil,Zeytinyağı,id:1IVO,id:1IVO,Kristal Sızma Zeytinyağı Lezzet 1 Lt,1.0,l,499.95,499.95,499.95,1,499.95,0.0,api-refined,Zeytinyağı,sub_category,1,1,"[""depot:migros-1991""]","[""migros""]",pinned-relative,04.09.2026 08:02,0,1.1
2026-09-04,oils_fats,olive_oil,Zeytinyağı,id:02BI,id:02BI,Tarım Kredi Anadolu Riviera Zeytinyağı 2 Lt,2.0,l,505.0,252.5,252.5,1,252.5,0.0,api-refined,Zeytinyağı,sub_category,1,1,"[""depot:tarim_kredi-7488""]","[""tarim_kredi""]",pinned-relative,04.09.2026 08:04,0,1.1
2026-09-04,oils_fats,olive_oil,Zeytinyağı,id:217Y,id:217Y,Tariş Naturel Sızma Zeytinyağı 1 Lt,1.0,l,569.95,569.95,569.95,1,569.95,0.0,api-refined,Zeytinyağı,sub_category,1,1,"[""depot:migros-1991""]","[""migros""]",pinned-relative,04.09.2026 08:03,0,1.1
2026-09-04,oils_fats,olive_oil,Zeytinyağı,id:06ZY,id:06ZY,Monini Sarımsaklı Ve Acı Biberli Zeytinyağı 250 Ml,0.25,l,574.9,2299.6,2299.6,1,2299.6,0.0,api-refined,Zeytinyağı,sub_category,1,1,"[""depot:carrefour-1012""]","[""carrefour""]",pinned-relative,04.09.2026 08:05,0,1.1
2026-09-04,oils_fats,olive_oil,Zeytinyağı,id:1L3Q,id:1L3Q,Komili Riviera Zeytinyağı 2 Lt,2.0,l,749.95,374.975,374.975,1,374.975,0.0,api-refined,Zeytinyağı,sub_category,1,1,"[""depot:carrefour-1012""]","[""carrefour""]",pinned-relative,04.09.2026 08:02,0,1.1
2026-09-04,oils_fats,olive_oil,Zeytinyağı,id:1ZC5,id:1ZC5,Yudum Egemden Riviera Zeytinyağı 2 Lt,2.0,l,789.95,394.975,394.975,1,394.975,0.0,api-refined,Zeytinyağı,sub_category,2,1,"[""depot:migros-1991""]","[""migros""]",pinned-relative,04.09.2026 08:05,0,1.1
2026-09-04,oils_fats,olive_oil,Zeytinyağı,id:1WPC,id:1WPC,Tariş Naturel Sızma Zeytinyağı 2 Lt,2.0,l,824.96,412.48,412.48,1,412.48,0.0,api-refined,Zeytinyağı,sub_category,1,1,"[""depot:migros-6679""]","[""migros""]",pinned-relative,04.09.2026 08:04,0,1.1
2026-09-04,oils_fats,olive_oil,Zeytinyağı,id:3WUQ,id:3WUQ,Kristal Natural Sızma Zeytinyağı 4 Lt,4.0,l,1299.0,324.75,324.75,1,324.75,0.0,api-refined,Zeytinyağı,sub_category,1,1,"[""depot:hakmar-5521""]","[""hakmar""]",pinned-relative,04.09.2026 08:03,0,1.1
2026-09-04,oils_fats,butter,Tereyağı,id:1WSJ,id:1WSJ,Sek Tereyağı 100 Gr,0.1,kg,99.95,999.5,999.5,2,999.5,0.0,api-refined,Kahvaltılık Tereyağı,sub_category,2,2,"[""depot:carrefour-1012"",""depot:migros-1991""]","[""carrefour"",""migros""]",pinned-relative,04.09.2026 08:04,0,1.1
2026-09-04,oils_fats,butter,Tereyağı,id:1ZW9,id:1ZW9,Sek Tereyağı 200 Gr,0.2,kg,191.95,959.75,959.75,2,959.75,0.0,api-refined,Kahvaltılık Tereyağı,sub_category,2,2,"[""depot:carrefour-1012"",""depot:migros-1991""]","[""carrefour"",""migros""]",pinned-relative,04.09.2026 08:05,0,1.1
2026-09-04,oils_fats,butter,Tereyağı,id:035D,id:035D,Mis Tereyağı 250 Gr,0.25,kg,155.0,620.0,620.0,1,620.0,0.0,api-refined,Kahvaltılık Tereyağı,sub_category,1,1,"[""depot:sok-4707""]","[""sok""]",pinned-relative,04.09.2026 08:04,0,1.1
2026-09-04,oils_fats,butter,Tereyağı,id:07U3,id:07U3,Carrefour Tereyağı 250 Gr,0.25,kg,155.9,623.6,623.6,1,623.6,0.0,api-refined,Kahvaltılık Tereyağı,sub_category,1,1,"[""depot:carrefour-1012""]","[""carrefour""]",pinned-relative,04.09.2026 08:05,0,1.1
2026-09-04,oils_fats,butter,Tereyağı,id:0NE7,id:0NE7,Sek Tereyağı 225 Gr,0.225,kg,224.95,999.777778,999.777778,1,999.7778,0.0,api-refined,Kahvaltılık Tereyağı,sub_category,1,1,"[""depot:migros-1991""]","[""migros""]",pinned-relative,04.09.2026 08:06,0,1.1
2026-09-04,oils_fats,butter,Tereyağı,id:11LB,id:11LB,Torku Tereyağı 250 Gr,0.25,kg,249.0,996.0,996.0,1,996.0,0.0,api-refined,Kahvaltılık Tereyağı,sub_category,1,1,"[""depot:a101-6815""]","[""a101""]",pinned-relative,04.09.2026 08:00,0,1.1
2026-09-04,oils_fats,butter,Tereyağı,id:10QB,id:10QB,Mis Tereyağı 500 Gr,0.5,kg,239.0,478.0,478.0,1,478.0,0.0,api-refined,Kahvaltılık Tereyağı,sub_category,1,1,"[""depot:sok-4707""]","[""sok""]",pinned-relative,04.09.2026 08:00,0,1.1
2026-09-04,oils_fats,butter,Tereyağı,id:061Z,id:061Z,Tarsüt Tereyağı 500 Gr,0.5,kg,279.0,558.0,558.0,1,558.0,0.0,api-refined,Kahvaltılık Tereyağı,sub_category,1,1,"[""depot:tarim_kredi-5022""]","[""tarim_kredi""]",pinned-relative,04.09.2026 08:05,0,1.1
2026-09-04,oils_fats,butter,Tereyağı,id:0WEU,id:0WEU,Mis Tuzlu Tereyağı 500 Gr,0.5,kg,295.0,590.0,590.0,1,590.0,0.0,api-refined,Kahvaltılık Tereyağı,sub_category,1,1,"[""depot:sok-4707""]","[""sok""]",pinned-relative,04.09.2026 08:01,0,1.1
2026-09-04,oils_fats,butter,Tereyağı,id:0FN3,id:0FN3,Carrefour Tereyağı 500 Gr,0.5,kg,309.9,619.8,619.8,1,619.8,0.0,api-refined,Kahvaltılık Tereyağı,sub_category,1,1,"[""depot:carrefour-5254""]","[""carrefour""]",pinned-relative,04.09.2026 08:06,0,1.1
2026-09-04,oils_fats,butter,Tereyağı,id:10VH,id:10VH,Kaanlar Tereyağı 500 Gr,0.5,kg,319.0,638.0,638.0,1,638.0,0.0,api-refined,Kahvaltılık Tereyağı,sub_category,1,1,"[""depot:a101-6815""]","[""a101""]",pinned-relative,04.09.2026 08:00,0,1.1
2026-09-04,oils_fats,butter,Tereyağı,id:1CJ6,id:1CJ6,Milgo Tuzlu Tereyağı 250 Gr,0.25,kg,347.95,1391.8,1391.8,1,1391.8,0.0,api-refined,Kahvaltılık Tereyağı,sub_category,1,1,"[""depot:carrefour-1012""]","[""carrefour""]",pinned-relative,04.09.2026 08:01,0,1.1
2026-09-04,oils_fats,butter,Tereyağı,id:1B3U,id:1B3U,Güneşoğlu Tereyağı 500 Gr,0.5,kg,355.0,710.0,710.0,1,710.0,0.0,api-refined,Kahvaltılık Tereyağı,sub_category,1,1,"[""depot:migros-4479""]","[""migros""]",pinned-relative,04.09.2026 08:01,0,1.1
2026-09-04,oils_fats,butter,Tereyağı,id:116W,id:116W,Milkten Tereyağı 1 Kg,1.0,kg,469.0,469.0,469.0,1,469.0,0.0,api-refined,Kahvaltılık Tereyağı,sub_category,1,1,"[""depot:a101-6815""]","[""a101""]",pinned-relative,04.09.2026 08:00,0,1.1
2026-09-04,oils_fats,butter,Tereyağı,id:1667,id:1667,Carrefour Tereyağı 1 Kg,1.0,kg,479.0,479.0,479.0,1,479.0,0.0,api-refined,Kahvaltılık Tereyağı,sub_category,1,1,"[""depot:carrefour-5254""]","[""carrefour""]",pinned-relative,04.09.2026 08:01,0,1.1
2026-09-04,oils_fats,butter,Tereyağı,id:09MW,id:09MW,Göynük Tereyağı 1 Kg,1.0,kg,499.0,499.0,499.0,1,499.0,0.0,api-refined,Kahvaltılık Tereyağı,sub_category,1,1,"[""depot:hakmar-5521""]","[""hakmar""]",pinned-relative,04.09.2026 08:05,0,1.1
2026-09-04,oils_fats,butter,Tereyağı,id:0HE1,id:0HE1,Hasmandıra Kova Tereyağı 500 Gr,0.5,kg,509.95,1019.9,1019.9,1,1019.9001,0.0,api-refined,Kahvaltılık Tereyağı,sub_category,1,1,"[""depot:migros-1991""]","[""migros""]",pinned-relative,04.09.2026 08:06,0,1.1
2026-09-04,oils_fats,butter,Tereyağı,id:011E,id:011E,Vtr Tereyağı 500 Gr,0.5,kg,619.75,1239.5,1239.5,1,1239.5,0.0,api-refined,Kahvaltılık Tereyağı,sub_category,1,1,"[""depot:carrefour-1012""]","[""carrefour""]",pinned-relative,04.09.2026 08:04,0,1.1
2026-09-04,oils_fats,butter,Tereyağı,id:1YYS,id:1YYS,Yörüksüt Tereyağı 1 Kg,1.0,kg,795.95,795.95,795.95,1,795.95,0.0,api-refined,Kahvaltılık Tereyağı,sub_category,1,1,"[""depot:carrefour-1012""]","[""carrefour""]",pinned-relative,04.09.2026 08:05,0,1.1
2026-09-04,oils_fats,butter,Tereyağı,id:1PGX,id:1PGX,İçim Tereyağı 1 Kg,1.0,kg,947.9,947.9,947.9,1,947.9,0.0,api-refined,Kahvaltılık Tereyağı,sub_category,1,1,"[""depot:carrefour-1012""]","[""carrefour""]",pinned-relative,04.09.2026 08:03,0,1.1
2026-09-04,oils_fats,butter,Tereyağı,id:0QVB,id:0QVB,Sütaş Dilimli Tereyağı 1 Kg,1.0,kg,949.95,949.95,949.95,1,949.95,0.0,api-refined,Kahvaltılık Tereyağı,sub_category,1,1,"[""depot:migros-1991""]","[""migros""]",pinned-relative,04.09.2026 08:00,0,1.1
2026-09-04,oils_fats,margarine,Margarin,id:1VZY,id:1VZY,Bizim Paket Margarin 250 Gr,0.25,kg,59.0,236.0,225.326133,7,236.0,0.0,api-refined,Margarin,sub_category,7,7,"[""depot:a101-6815"",""depot:bim-5712"",""depot:carrefour-5254"",""depot:hakmar-5521"",""depot:migros-1991"",""depot:sok-4707"",""depot:tarim_kredi-5022""]","[""a101"",""bim"",""carrefour"",""hakmar"",""migros"",""sok"",""tarim_kredi""]",pinned-relative,04.09.2026 08:04,0,1.1
2026-09-04,oils_fats,margarine,Margarin,id:1YL0,id:1YL0,Ülker Teremyağ Paket Margarin 250 Gr,0.25,kg,61.0,244.0,250.705094,5,244.0,0.0,api-refined,Margarin,sub_category,5,5,"[""depot:bim-5712"",""depot:carrefour-5254"",""depot:migros-1991"",""depot:sok-4707"",""depot:tarim_kredi-5022""]","[""bim"",""carrefour"",""migros"",""sok"",""tarim_kredi""]",pinned-relative,04.09.2026 08:05,0,1.1
2026-09-04,oils_fats,margarine,Margarin,id:1S4F,id:1S4F,Terem Kase Margarin 250 Gr,0.25,kg,69.0,276.0,254.0,3,276.0,0.0,api-refined,Kase Margarin,sub_category,4,3,"[""depot:carrefour-5254"",""depot:sok-4707"",""depot:tarim_kredi-5022""]","[""carrefour"",""sok"",""tarim_kredi""]",pinned-relative,04.09.2026 08:03,0,1.1
2026-09-04,oils_fats,margarine,Margarin,id:1MU6,id:1MU6,Terem Kase Margarin 500 Gr,0.5,kg,138.5,277.0,258.0,2,277.0,0.0,api-refined,Kase Margarin,sub_category,2,2,"[""depot:migros-1991"",""depot:tarim_kredi-5022""]","[""migros"",""tarim_kredi""]",pinned-relative,04.09.2026 08:02,0,1.1
2026-09-04,oils_fats,margarine,Margarin,id:1GXJ,id:1GXJ,Bizim Paket Margarin 6x250 Gr,1.5,kg,249.0,166.0,166.0,3,166.0,0.0,api-refined,Margarin,sub_category,3,3,"[""depot:a101-4217"",""depot:migros-564"",""depot:tarim_kredi-5022""]","[""a101"",""migros"",""tarim_kredi""]",pinned-relative,04.09.2026 08:02,0,1.1
2026-09-04,oils_fats,margarine,Margarin,id:1W72,id:1W72,Becel Zeytinyağlı Kase Margarin 250 Gr,0.25,kg,85.5,342.0,342.0,2,342.0,0.0,api-refined,Kase Margarin,sub_category,2,2,"[""depot:migros-3296"",""depot:sok-4707""]","[""migros"",""sok""]",pinned-relative,04.09.2026 08:04,0,1.1
2026-09-04,oils_fats,margarine,Margarin,id:1NNM,id:1NNM,Becel Tereyağı Keyfi Kase Margarin 500 Gr,0.5,kg,163.95,327.9,327.9,2,327.9,0.0,api-refined,Kase Margarin,sub_category,2,2,"[""depot:carrefour-1012"",""depot:migros-1991""]","[""carrefour"",""migros""]",pinned-relative,04.09.2026 08:02,0,1.1
2026-09-04,oils_fats,margarine,Margarin,id:0IQ3,id:0IQ3,Becel Zeytinyağlı Kase Margarin 500 Gr,0.5,kg,186.125,372.25,372.25,2,372.25,0.0,api-refined,Kase Margarin,sub_category,2,2,"[""depot:carrefour-1012"",""depot:migros-1991""]","[""carrefour"",""migros""]",pinned-relative,04.09.2026 08:06,0,1.1
2026-09-04,oils_fats,margarine,Margarin,id:21SH,id:21SH,Evin Margarin 250 Gr,0.25,kg,26.0,104.0,104.0,1,104.0,0.0,api-refined,Margarin,sub_category,1,1,"[""depot:sok-4707""]","[""sok""]",pinned-relative,04.09.2026 08:03,0,1.1
2026-09-04,oils_fats,margarine,Margarin,id:1A3Q,id:1A3Q,Yurda Paket Margarin 250 Gr,0.25,kg,26.0,104.0,104.0,1,104.0,0.0,api-refined,Kase Margarin,sub_category,1,1,"[""depot:hakmar-5521""]","[""hakmar""]",pinned-relative,04.09.2026 08:01,0,1.1
2026-09-04,oils_fats,margarine,Margarin,id:0Q71,id:0Q71,Sana Klasik Margarin 250 Gr,0.25,kg,29.5,118.0,118.0,1,118.0,0.0,api-refined,Margarin,sub_category,1,1,"[""depot:a101-6815""]","[""a101""]",pinned-relative,04.09.2026 08:00,0,1.1
2026-09-04,oils_fats,margarine,Margarin,id:0398,id:0398,Birma Paket Margarin 250 Gr,0.25,kg,35.0,140.0,140.0,1,140.0,0.0,api-refined,Kase Margarin,sub_category,1,1,"[""depot:hakmar-5521""]","[""hakmar""]",pinned-relative,04.09.2026 08:04,0,1.1
2026-09-04,oils_fats,margarine,Margarin,id:1LQL,id:1LQL,Hesaplı Sabah Paket Margarin 250 Gr,0.25,kg,50.0,200.0,200.0,1,200.0,0.0,api-refined,Margarin,sub_category,1,1,"[""depot:carrefour-1012""]","[""carrefour""]",pinned-relative,04.09.2026 08:02,0,1.1
2026-09-04,oils_fats,margarine,Margarin,id:2AEB,id:2AEB,Terem Paket Margarin 250 Gr,0.25,kg,71.0,284.0,284.0,1,284.0,0.0,api-refined,Kase Margarin,sub_category,1,1,"[""depot:hakmar-5521""]","[""hakmar""]",pinned-relative,04.09.2026 08:05,0,1.1
2026-09-04,oils_fats,margarine,Margarin,id:17N0,id:17N0,Teremyağ Paket Margarin 250 Gr,0.25,kg,71.0,284.0,284.0,1,284.0,0.0,api-refined,Kase Margarin,sub_category,1,1,"[""depot:a101-6815""]","[""a101""]",pinned-relative,04.09.2026 08:01,0,1.1
2026-09-04,oils_fats,margarine,Margarin,id:29X7,id:29X7,Terem Kase Margarin 250 Gr,0.25,kg,90.0,360.0,360.0,1,360.0,0.0,api-refined,Kase Margarin,sub_category,1,1,"[""depot:hakmar-5521""]","[""hakmar""]",pinned-relative,04.09.2026 08:04,0,1.1
2026-09-04,oils_fats,margarine,Margarin,id:2MYW,id:2MYW,Ülker Terem Paket Margarin 3x250 Gr,0.75,kg,119.0,158.666667,158.666667,1,158.66667,0.0,api-refined,Margarin,sub_category,1,1,"[""depot:sok-7017""]","[""sok""]",pinned-relative,04.09.2026 08:06,0,1.1
2026-09-04,oils_fats,margarine,Margarin,id:1RGC,id:1RGC,Sana Margarin Kase 500 Gr,0.5,kg,127.9,255.8,255.8,1,255.8,0.0,api-refined,Kase Margarin,sub_category,1,1,"[""depot:migros-1991""]","[""migros""]",pinned-relative,04.09.2026 08:03,0,1.1
2026-09-04,oils_fats,margarine,Margarin,id:1QNS,id:1QNS,Terem Paket Margarin 750 Gr,0.75,kg,136.5,182.0,182.0,1,182.0,0.0,api-refined,Margarin,sub_category,1,1,"[""depot:carrefour-1012""]","[""carrefour""]",pinned-relative,04.09.2026 08:03,0,1.1
2026-09-04,oils_fats,margarine,Margarin,id:0QQ1,id:0QQ1,Bizim Margarin Paket 1 Kg,1.0,kg,145.0,145.0,145.0,1,145.0,0.0,api-refined,Kase Margarin,sub_category,1,1,"[""depot:bim-5712""]","[""bim""]",pinned-relative,04.09.2026 08:00,0,1.1
2026-09-04,oils_fats,margarine,Margarin,id:0VX2,id:0VX2,Halk Margarin Paket 6x250 Gr,1.5,kg,150.0,100.0,100.0,1,100.0,0.0,api-refined,Kase Margarin,sub_category,1,1,"[""depot:a101-4217""]","[""a101""]",pinned-relative,04.09.2026 08:01,0,1.1
2026-09-04,oils_fats,margarine,Margarin,id:01EP,id:01EP,Ülker Gurme Kaymaklı Tereyağlı Kase Margarin 500 Gr,0.5,kg,180.0,360.0,360.0,1,360.0,0.0,api-refined,Kase Margarin,sub_category,1,1,"[""depot:bim-5712""]","[""bim""]",pinned-relative,04.09.2026 08:04,0,1.1
2026-09-04,oils_fats,corn_oil,Mısırözü yağı,id:19GB,id:19GB,Sırma Mısırözü Yağı 2 Lt,2.0,l,149.5,74.75,74.75,1,74.75,0.0,api-refined,Mısırözü Yağı,sub_category,1,1,"[""depot:a101-6815""]","[""a101""]",pinned-relative,04.09.2026 08:01,0,1.1
2026-09-04,fruit,banana,Muz,id:1Y3Q,id:1Y3Q,Yerli Muz 1 Kg,1.0,kg,92.2,92.2,89.808969,4,92.2,0.0,api-refined,Muz,sub_category,4,4,"[""depot:a101-4217"",""depot:bim-5712"",""depot:carrefour-5254"",""depot:sok-1017""]","[""a101"",""bim"",""carrefour"",""sok""]",pinned-relative,04.09.2026 08:04,0,1.1
2026-09-04,fruit,banana,Muz,id:1PJY,id:1PJY,İthal Muz 1 Kg,1.0,kg,107.0,107.0,110.865877,3,107.0,0.0,api-refined,Muz,sub_category,3,3,"[""depot:a101-6815"",""depot:bim-5712"",""depot:carrefour-5254""]","[""a101"",""bim"",""carrefour""]",pinned-relative,04.09.2026 08:03,0,1.1
2026-09-04,fruit,apple,Elma,id:01QX,id:01QX,Gala Elma 1 Kg,1.0,kg,79.925,79.925,78.183416,2,79.925,0.0,api-refined,Elma,sub_category,2,2,"[""depot:carrefour-5254"",""depot:hakmar-5521""]","[""carrefour"",""hakmar""]",pinned-relative,04.09.2026 08:04,0,1.1
2026-09-04,fruit,apple,Elma,id:120I,id:120I,Granny Smith Elma 1 Kg,1.0,kg,104.45,104.45,104.45,2,104.45,0.0,api-refined,Elma,sub_category,2,2,"[""depot:bim-5712"",""depot:carrefour-5254""]","[""bim"",""carrefour""]",pinned-relative,04.09.2026 08:00,0,1.1
2026-09-04,fruit,apple,Elma,id:01MZ,id:01MZ,Ekonomik Elma 1 Kg,1.0,kg,55.0,55.0,55.0,1,55.0,0.0,api-refined,Elma,sub_category,1,1,"[""depot:bim-5712""]","[""bim""]",pinned-relative,04.09.2026 08:04,0,1.1
2026-09-04,fruit,apple,Elma,id:1YPV,id:1YPV,Golden Elma 1 Kg,1.0,kg,59.0,59.0,59.0,1,59.0,0.0,api-refined,Elma,sub_category,2,1,"[""depot:bim-5712""]","[""bim""]",pinned-relative,04.09.2026 08:05,0,1.1
2026-09-04,fruit,apple,Elma,id:1PV7,id:1PV7,Starking Elma 1 Kg,1.0,kg,89.0,89.0,89.0,1,89.0,0.0,api-refined,Elma,sub_category,1,1,"[""depot:bim-5712""]","[""bim""]",pinned-relative,04.09.2026 08:03,0,1.1
2026-09-04,fruit,orange,Portakal,id:0I4Y,id:0I4Y,Portakal Valencia 1 Kg,1.0,kg,59.9,59.9,59.9,1,59.9,0.0,api-refined,Narenciye,sub_category,1,1,"[""depot:carrefour-5254""]","[""carrefour""]",pinned-relative,04.09.2026 08:06,0,1.1
2026-09-04,fruit,orange,Portakal,id:05AX,id:05AX,Valensiya Portakal 1 Kg,1.0,kg,59.95,59.95,59.95,1,59.95,0.0,api-refined,Narenciye,sub_category,1,1,"[""depot:hakmar-5521""]","[""hakmar""]",pinned-relative,04.09.2026 08:05,0,1.1
2026-09-04,fruit,mandarin,Mandalina,id:0EVV,id:0EVV,Mandalina 1 Kg,1.0,kg,89.9,89.9,89.9,1,89.9,0.0,api-refined,Narenciye,sub_category,1,1,"[""depot:carrefour-1012""]","[""carrefour""]",pinned-relative,04.09.2026 08:06,0,1.1
2026-09-04,fruit,lemon,Limon,id:1X2U,id:1X2U,Limon 1 Kg,1.0,kg,79.0,79.0,74.026835,3,79.0,0.0,api-refined,Narenciye,sub_category,3,3,"[""depot:a101-6815"",""depot:bim-5712"",""depot:sok-1017""]","[""a101"",""bim"",""sok""]",pinned-relative,04.09.2026 08:04,0,1.1
2026-09-04,fruit,lemon,Limon,id:02JP,id:02JP,Limon Taze 1 Kg,1.0,kg,79.95,79.95,79.95,1,79.95,0.0,api-refined,Narenciye,sub_category,1,1,"[""depot:hakmar-5521""]","[""hakmar""]",pinned-relative,04.09.2026 08:04,0,1.1
2026-09-04,fruit,lemon,Limon,id:07O0,id:07O0,Limon Lamas 1 Kg,1.0,kg,99.9,99.9,99.9,1,99.9,0.0,api-refined,Narenciye,sub_category,1,1,"[""depot:carrefour-5254""]","[""carrefour""]",pinned-relative,04.09.2026 08:05,0,1.1
2026-09-04,fruit,pear,Armut,id:1YPF,id:1YPF,Santa Maria Armut 1 Kg,1.0,kg,79.9,79.9,75.247914,4,79.9,0.0,api-refined,Armut,sub_category,5,4,"[""depot:bim-5712"",""depot:carrefour-5254"",""depot:hakmar-5521"",""depot:sok-1017""]","[""bim"",""carrefour"",""hakmar"",""sok""]",pinned-relative,04.09.2026 08:05,0,1.1
2026-09-04,fruit,pear,Armut,id:1X3S,id:1X3S,Deveci Armut 1 Kg,1.0,kg,79.0,79.0,79.0,1,79.0,0.0,api-refined,Armut,sub_category,1,1,"[""depot:bim-5712""]","[""bim""]",pinned-relative,04.09.2026 08:04,0,1.1
2026-09-04,fruit,peach,Şeftali,id:1M71,id:1M71,Şeftali 1 Kg,1.0,kg,59.45,59.45,64.281144,2,59.45,0.0,api-refined,Şeftali ve Nektarin,sub_category,4,2,"[""depot:bim-5712"",""depot:carrefour-5254""]","[""bim"",""carrefour""]",pinned-relative,04.09.2026 08:02,0,1.1
2026-09-04,fruit,grape,Üzüm,id:1Y3T,id:1Y3T,Siyah Üzüm 1 Kg,1.0,kg,87.0,87.0,92.934215,4,87.0,0.0,api-refined,Üzüm,sub_category,4,4,"[""depot:a101-4141"",""depot:bim-5712"",""depot:hakmar-5521"",""depot:sok-1017""]","[""a101"",""bim"",""hakmar"",""sok""]",pinned-relative,04.09.2026 08:04,0,1.1
2026-09-04,fruit,grape,Üzüm,id:1EOA,id:1EOA,Çekirdeksiz Üzüm 1 Kg,1.0,kg,49.9,49.9,44.605786,3,49.9,0.0,api-refined,Üzüm,sub_category,3,3,"[""depot:bim-5712"",""depot:carrefour-1012"",""depot:sok-7238""]","[""bim"",""carrefour"",""sok""]",pinned-relative,04.09.2026 08:02,0,1.1
2026-09-04,fruit,grape,Üzüm,id:1I8K,id:1I8K,Red Globe Üzüm 1 Kg,1.0,kg,99.9,99.9,94.051321,3,99.9,0.0,api-refined,Üzüm,sub_category,3,3,"[""depot:bim-5712"",""depot:carrefour-1012"",""depot:hakmar-5521""]","[""bim"",""carrefour"",""hakmar""]",pinned-relative,04.09.2026 08:02,0,1.1
2026-09-04,fruit,grape,Üzüm,id:3W9R,id:3W9R,Üzüm 1 Kg,1.0,kg,62.425,62.425,61.970231,2,62.425,0.0,api-refined,Üzüm,sub_category,2,2,"[""depot:a101-6815"",""depot:hakmar-5521""]","[""a101"",""hakmar""]",pinned-relative,04.09.2026 08:03,0,1.1
2026-09-04,fruit,grape,Üzüm,id:0J2W,id:0J2W,Üzüm Razaki 1 Kg,1.0,kg,79.9,79.9,79.9,1,79.9,0.0,api-refined,Üzüm,sub_category,1,1,"[""depot:carrefour-1012""]","[""carrefour""]",pinned-relative,04.09.2026 08:06,0,1.1
2026-09-04,fruit,grape,Üzüm,id:0CSH,id:0CSH,Antep Karası Üzüm 1 Kg,1.0,kg,99.9,99.9,99.9,1,99.9,0.0,api-refined,Üzüm,sub_category,1,1,"[""depot:carrefour-1012""]","[""carrefour""]",pinned-relative,04.09.2026 08:06,0,1.1
2026-09-04,fruit,watermelon,Karpuz,id:1OJD,id:1OJD,Karpuz Çekirdeksiz 1 Kg,1.0,kg,19.5,19.5,19.5,4,19.5,0.0,api-refined,Karpuz,sub_category,5,4,"[""depot:a101-6815"",""depot:bim-5712"",""depot:sok-1017"",""depot:tarim_kredi-5022""]","[""a101"",""bim"",""sok"",""tarim_kredi""]",pinned-relative,04.09.2026 08:02,0,1.1
2026-09-04,fruit,watermelon,Karpuz,id:18M0,id:18M0,Karpuz 1 Kg,1.0,kg,9.9,9.9,7.884003,3,9.9,0.0,api-refined,Karpuz,sub_category,4,3,"[""depot:a101-6815"",""depot:bim-5712"",""depot:hakmar-5521""]","[""a101"",""bim"",""hakmar""]",pinned-relative,04.09.2026 08:01,0,1.1
2026-09-04,fruit,watermelon,Karpuz,id:1C4E,id:1C4E,Mini Karpuz 1 Kg,1.0,kg,19.5,19.5,19.5,1,19.5,0.0,api-refined,Karpuz,sub_category,1,1,"[""depot:bim-5712""]","[""bim""]",pinned-relative,04.09.2026 08:01,0,1.1
2026-09-04,fruit,melon,Kavun,id:00JQ,id:00JQ,Kırkağaç Kavun 1 Kg,1.0,kg,25.0,25.0,25.617463,3,25.0,0.0,api-refined,Kavun,sub_category,3,3,"[""depot:bim-5712"",""depot:hakmar-5521"",""depot:sok-1017""]","[""bim"",""hakmar"",""sok""]",pinned-relative,04.09.2026 08:04,0,1.1
2026-09-04,fruit,melon,Kavun,id:1GGZ,id:1GGZ,Kavun 1 Kg,1.0,kg,34.925,34.925,34.561624,2,34.925,0.0,api-refined,Kavun,sub_category,2,2,"[""depot:a101-6815"",""depot:hakmar-5602""]","[""a101"",""hakmar""]",pinned-relative,04.09.2026 08:02,0,1.1
2026-09-04,fruit,melon,Kavun,id:1IYC,id:1IYC,Galya Kavun 1 Kg,1.0,kg,19.0,19.0,19.0,1,19.0,0.0,api-refined,Kavun,sub_category,1,1,"[""depot:bim-5712""]","[""bim""]",pinned-relative,04.09.2026 08:02,0,1.1
2026-09-04,fruit,melon,Kavun,id:1FID,id:1FID,Kuzu Kavun 1 Kg,1.0,kg,34.9,34.9,34.9,1,34.9,0.0,api-refined,Kavun,sub_category,1,1,"[""depot:a101-6815""]","[""a101""]",pinned-relative,04.09.2026 08:02,0,1.1
2026-09-04,fruit,melon,Kavun,id:1C4D,id:1C4D,Siyah Kavun 1 Kg,1.0,kg,39.0,39.0,39.0,1,39.0,0.0,api-refined,Kavun,sub_category,1,1,"[""depot:bim-5712""]","[""bim""]",pinned-relative,04.09.2026 08:01,0,1.1
2026-09-04,fruit,melon,Kavun,id:1EOI,id:1EOI,Sarı Kavun 1 Kg,1.0,kg,29.0,29.0,29.0,1,29.0,0.0,api-refined,Kavun,sub_category,1,1,"[""depot:bim-5712""]","[""bim""]",pinned-relative,04.09.2026 08:02,0,1.1
2026-09-04,fruit,melon,Kavun,id:1EIQ,id:1EIQ,Beyaz Kavun 1 Kg,1.0,kg,39.0,39.0,39.0,1,39.0,0.0,api-refined,Kavun,sub_category,1,1,"[""depot:bim-5712""]","[""bim""]",pinned-relative,04.09.2026 08:02,0,1.1
2026-09-04,fruit,melon,Kavun,id:2A96,id:2A96,Gönen Kavun 1 Kg,1.0,kg,49.95,49.95,49.95,1,49.95,0.0,api-refined,Kavun,sub_category,1,1,"[""depot:hakmar-5521""]","[""hakmar""]",pinned-relative,04.09.2026 08:05,0,1.1
2026-09-04,fruit,avocado,Avokado,id:1YKR,id:1YKR,Avokado 1 Adet,1.0,count,59.45,59.45,59.9,2,59.45,0.0,title,Avokado,sub_category,3,2,"[""depot:bim-5712"",""depot:sok-1017""]","[""bim"",""sok""]",pinned-relative,04.09.2026 08:05,0,1.1
2026-09-04,vegetables,tomato,Domates,id:1ISV,id:1ISV,Domates Pembe 1 Kg,1.0,kg,42.0,42.0,40.468049,5,42.0,0.0,api-refined,Domates,sub_category,6,5,"[""depot:bim-5712"",""depot:carrefour-5254"",""depot:hakmar-5521"",""depot:migros-3296"",""depot:tarim_kredi-5022""]","[""bim"",""carrefour"",""hakmar"",""migros"",""tarim_kredi""]",pinned-relative,04.09.2026 08:02,0,1.1
2026-09-04,vegetables,tomato,Domates,id:1IQ0,id:1IQ0,Salkım Domates 1 Kg,1.0,kg,51.95,51.95,52.366551,2,51.95,0.0,api-refined,Domates,sub_category,4,2,"[""depot:bim-5712"",""depot:carrefour-5254""]","[""bim"",""carrefour""]",pinned-relative,04.09.2026 08:02,0,1.1
2026-09-04,vegetables,tomato,Domates,id:1OMF,id:1OMF,Domates 1 Kg,1.0,kg,42.5,42.5,38.725,1,42.5,0.0,api-refined,Domates,sub_category,2,1,"[""depot:sok-4711""]","[""sok""]",pinned-relative,04.09.2026 08:02,0,1.1
2026-09-04,vegetables,tomato,Domates,id:10TW,id:10TW,Rio Tarla Domates 1 Kg,1.0,kg,19.9,19.9,19.9,1,19.9,0.0,api-refined,Domates,sub_category,1,1,"[""depot:sok-1017""]","[""sok""]",pinned-relative,04.09.2026 08:00,0,1.1
2026-09-04,vegetables,tomato,Domates,id:16IE,id:16IE,Tagem Turuncu Domates 1 Kg,1.0,kg,24.9,24.9,24.9,1,24.9,0.0,api-refined,Domates,sub_category,1,1,"[""depot:tarim_kredi-5022""]","[""tarim_kredi""]",pinned-relative,04.09.2026 08:01,0,1.1
2026-09-04,vegetables,tomato,Domates,id:034L,id:034L,Sivri Domates 1 Kg,1.0,kg,19.95,19.95,19.95,1,19.95,0.0,api-refined,Domates,sub_category,1,1,"[""depot:hakmar-5521""]","[""hakmar""]",pinned-relative,04.09.2026 08:04,0,1.1
2026-09-04,vegetables,tomato,Domates,id:1J28,id:1J28,Atıştırmalık Domates 1 Kg,1.0,kg,39.0,39.0,39.0,1,39.0,0.0,api-refined,Domates,sub_category,1,1,"[""depot:bim-5712""]","[""bim""]",pinned-relative,04.09.2026 08:02,0,1.1
2026-09-04,vegetables,tomato,Domates,id:1Z0L,id:1Z0L,Şeker Domates 250 Gr,0.25,kg,39.5,158.0,158.0,1,158.0,0.0,api-refined,Domates,sub_category,1,1,"[""depot:a101-6815""]","[""a101""]",pinned-relative,04.09.2026 08:05,0,1.1
2026-09-04,vegetables,tomato,Domates,id:1I0Y,id:1I0Y,Eko Domates 1 Kg,1.0,kg,49.9,49.9,49.9,1,49.9,0.0,api-refined,Domates,sub_category,1,1,"[""depot:carrefour-1012""]","[""carrefour""]",pinned-relative,04.09.2026 08:02,0,1.1
2026-09-04,vegetables,tomato,Domates,id:05K7,id:05K7,Kahvaltılık Domates 1 Kg,1.0,kg,79.95,79.95,79.95,1,79.95,0.0,api-refined,Domates,sub_category,1,1,"[""depot:hakmar-5521""]","[""hakmar""]",pinned-relative,04.09.2026 08:05,0,1.1
2026-09-04,vegetables,cucumber,Salatalık,id:0Q7Q,id:0Q7Q,Salatalık 1 Kg,1.0,kg,34.9,34.9,37.124548,5,34.9,0.0,api-refined,Salatalık,sub_category,6,5,"[""depot:a101-6815"",""depot:bim-5712"",""depot:carrefour-5254"",""depot:sok-1017"",""depot:tarim_kredi-5022""]","[""a101"",""bim"",""carrefour"",""sok"",""tarim_kredi""]",pinned-relative,04.09.2026 08:00,0,1.1
2026-09-04,vegetables,cucumber,Salatalık,id:0OBP,id:0OBP,Çengelköy Salatalık 500 Gr,0.5,kg,29.5,59.0,59.0,1,59.0,0.0,api-refined,Salatalık,sub_category,1,1,"[""depot:a101-6815""]","[""a101""]",pinned-relative,04.09.2026 07:59,0,1.1
2026-09-04,vegetables,cucumber,Salatalık,id:1MZQ,id:1MZQ,Çengelköy Salatalık 1 Kg,1.0,kg,79.0,79.0,79.0,1,79.0,0.0,api-refined,Salatalık,sub_category,1,1,"[""depot:bim-5712""]","[""bim""]",pinned-relative,04.09.2026 08:02,0,1.1
2026-09-04,vegetables,pepper,Biber,id:1NS4,id:1NS4,Dolma Biber 1 Kg,1.0,kg,84.9,84.9,83.843154,5,84.9,0.0,api-refined,Biber,sub_category,5,5,"[""depot:a101-4141"",""depot:bim-5712"",""depot:carrefour-5254"",""depot:hakmar-5521"",""depot:sok-1017""]","[""a101"",""bim"",""carrefour"",""hakmar"",""sok""]",pinned-relative,04.09.2026 08:02,0,1.1
2026-09-04,vegetables,pepper,Biber,id:1ITJ,id:1ITJ,Sivri Biber 1 Kg,1.0,kg,99.475,99.475,99.95,2,99.475,0.0,api-refined,Biber,sub_category,5,2,"[""depot:migros-1991"",""depot:sok-7238""]","[""migros"",""sok""]",pinned-relative,04.09.2026 08:02,0,1.1
2026-09-04,vegetables,pepper,Biber,id:1VVZ,id:1VVZ,Çarliston Biber 1 Kg,1.0,kg,99.0,99.0,98.163889,3,99.0,0.0,api-refined,Biber,sub_category,4,3,"[""depot:a101-6815"",""depot:migros-1991"",""depot:sok-1017""]","[""a101"",""migros"",""sok""]",pinned-relative,04.09.2026 08:04,0,1.1
2026-09-04,vegetables,pepper,Biber,id:0AIR,id:0AIR,Kapya Biber 1 Kg,1.0,kg,99.0,99.0,99.0,3,99.0,0.0,api-refined,Biber,sub_category,3,3,"[""depot:bim-5712"",""depot:carrefour-5254"",""depot:tarim_kredi-5022""]","[""bim"",""carrefour"",""tarim_kredi""]",pinned-relative,04.09.2026 08:05,0,1.1
2026-09-04,vegetables,pepper,Biber,id:134Z,id:134Z,Yeşil Biber 1 Kg,1.0,kg,99.0,99.0,99.0,2,99.0,0.0,api-refined,Biber,sub_category,2,2,"[""depot:bim-5712"",""depot:tarim_kredi-5022""]","[""bim"",""tarim_kredi""]",pinned-relative,04.09.2026 08:00,0,1.1
2026-09-04,vegetables,pepper,Biber,id:05MI,id:05MI,Kırmızı Biber 1 Kg,1.0,kg,39.95,39.95,39.95,1,39.95,0.0,api-refined,Biber,sub_category,1,1,"[""depot:hakmar-5521""]","[""hakmar""]",pinned-relative,04.09.2026 08:05,0,1.1
2026-09-04,vegetables,pepper,Biber,id:08T8,id:08T8,Biber Jalapeno 1 Kg,1.0,kg,89.9,89.9,89.9,1,89.9,0.0,api-refined,Biber,sub_category,1,1,"[""depot:carrefour-1012""]","[""carrefour""]",pinned-relative,04.09.2026 08:05,0,1.1
2026-09-04,vegetables,pepper,Biber,id:1PRJ,id:1PRJ,Kıl Sivri Biber 1 Kg,1.0,kg,89.9,89.9,89.9,1,89.9,0.0,api-refined,Biber,sub_category,1,1,"[""depot:carrefour-1012""]","[""carrefour""]",pinned-relative,04.09.2026 08:03,0,1.1
2026-09-04,vegetables,pepper,Biber,id:0KTF,id:0KTF,Köy Biberi 1 Kg,1.0,kg,89.925,89.925,88.79024,2,89.925,0.0,api-refined,Biber,sub_category,2,2,"[""depot:carrefour-1012"",""depot:hakmar-5521""]","[""carrefour"",""hakmar""]",pinned-relative,04.09.2026 08:06,0,1.0
2026-09-04,vegetables,potato,Patates,id:1NCL,id:1NCL,Patates 1 Kg,1.0,kg,35.0,35.0,33.035148,5,35.0,0.0,api-refined,Patates,sub_category,5,5,"[""depot:a101-6815"",""depot:bim-5712"",""depot:hakmar-5521"",""depot:sok-1017"",""depot:tarim_kredi-5022""]","[""a101"",""bim"",""hakmar"",""sok"",""tarim_kredi""]",pinned-relative,04.09.2026 08:02,0,1.1
2026-09-04,vegetables,potato,Patates,id:0W3A,id:0W3A,Kızartmalık Patates 1 Kg,1.0,kg,27.5,27.5,27.5,1,27.5,0.0,api-refined,Patates,sub_category,1,1,"[""depot:bim-5712""]","[""bim""]",pinned-relative,04.09.2026 08:01,0,1.1
2026-09-04,vegetables,potato,Patates,id:1UCK,id:1UCK,Baby Patates 1 Kg,1.0,kg,54.9,54.9,54.9,1,54.9,0.0,api-refined,Patates,sub_category,1,1,"[""depot:carrefour-1012""]","[""carrefour""]",pinned-relative,04.09.2026 08:04,0,1.1
2026-09-04,vegetables,potato,Patates,id:0NQ5,id:0NQ5,Kızartmalık Patates File 1 Kg,1.0,kg,79.9,79.9,79.9,1,79.9,0.0,api-refined,Patates,sub_category,1,1,"[""depot:carrefour-1012""]","[""carrefour""]",pinned-relative,04.09.2026 07:59,0,1.1
2026-09-04,vegetables,potato,Patates,id:1AHY,id:1AHY,Torpat Parmak Patates 1 Kg,1.0,kg,99.95,99.95,99.95,1,99.95,0.0,api-refined,Patates,sub_category,1,1,"[""depot:migros-3296""]","[""migros""]",pinned-relative,04.09.2026 08:01,0,1.1
2026-09-04,vegetables,onion,Kuru soğan,id:1YYM,id:1YYM,Kuru Soğan 1 Kg,1.0,kg,29.9,29.9,29.9,2,29.9,0.0,api-refined,Soğan,sub_category,3,2,"[""depot:carrefour-5254"",""depot:tarim_kredi-5022""]","[""carrefour"",""tarim_kredi""]",pinned-relative,04.09.2026 08:05,0,1.1
2026-09-04,vegetables,onion,Kuru soğan,id:0JDD,id:0JDD,Soğan 1 Kg,1.0,kg,35.9,35.9,32.604294,3,35.9,0.0,api-refined,Soğan,sub_category,3,3,"[""depot:a101-6815"",""depot:bim-5712"",""depot:hakmar-5521""]","[""a101"",""bim"",""hakmar""]",pinned-relative,04.09.2026 08:06,0,1.1
2026-09-04,vegetables,onion,Kuru soğan,id:0PVW,id:0PVW,Mor Soğan 1 Kg,1.0,kg,49.9,49.9,49.9,1,49.9,0.0,api-refined,Soğan,sub_category,1,1,"[""depot:carrefour-5254""]","[""carrefour""]",pinned-relative,04.09.2026 08:00,0,1.1
2026-09-04,vegetables,onion,Kuru soğan,id:0T9L,id:0T9L,Gümüş Soğan 1 Kg,1.0,kg,49.9,49.9,49.9,1,49.9,0.0,api-refined,Soğan,sub_category,1,1,"[""depot:carrefour-1012""]","[""carrefour""]",pinned-relative,04.09.2026 08:00,0,1.1
2026-09-04,vegetables,onion,Kuru soğan,id:12L9,id:12L9,File Soğan 1 Kg,1.0,kg,64.9,64.9,64.9,1,64.9,0.0,api-refined,Soğan,sub_category,1,1,"[""depot:carrefour-1012""]","[""carrefour""]",pinned-relative,04.09.2026 08:00,0,1.1
2026-09-04,vegetables,onion,Kuru soğan,id:0PTQ,id:0PTQ,File Arpacık Soğan 500 Gr,0.5,kg,129.5,259.0,259.0,1,259.0,0.0,api-refined,Soğan,sub_category,1,1,"[""depot:a101-9324""]","[""a101""]",pinned-relative,04.09.2026 08:00,0,1.1
2026-09-04,vegetables,garlic,Sarımsak,id:0149,id:0149,File Sarımsak 200 Gr,0.2,kg,49.5,247.5,247.5,1,247.5,0.0,api-refined,Sarımsak,sub_category,1,1,"[""depot:a101-6815""]","[""a101""]",pinned-relative,04.09.2026 08:04,0,1.1
2026-09-04,vegetables,garlic,Sarımsak,id:0IPO,id:0IPO,Sarımsak File 250 Gr,0.25,kg,49.9,199.6,199.6,1,199.6,0.0,api-refined,Sarımsak,sub_category,1,1,"[""depot:tarim_kredi-5022""]","[""tarim_kredi""]",pinned-relative,04.09.2026 08:06,0,1.1
2026-09-04,vegetables,garlic,Sarımsak,id:0HDH,id:0HDH,Taşköprü Sarımsak 1 Kg,1.0,kg,139.95,139.95,139.95,1,139.95,0.0,api-refined,Sarımsak,sub_category,2,1,"[""depot:hakmar-5521""]","[""hakmar""]",pinned-relative,04.09.2026 08:06,0,1.1
2026-09-04,vegetables,garlic,Sarımsak,id:04HR,id:04HR,Sarımsak 1 Kg,1.0,kg,175.0,175.0,175.0,1,175.0,0.0,api-refined,Sarımsak,sub_category,1,1,"[""depot:bim-5712""]","[""bim""]",pinned-relative,04.09.2026 08:05,0,1.1
2026-09-04,vegetables,eggplant,Patlıcan,id:12A1,id:12A1,Patlıcan 1 Kg,1.0,kg,59.0,59.0,62.388808,4,59.0,0.0,api-refined,Patlıcan,sub_category,4,4,"[""depot:a101-9324"",""depot:bim-5712"",""depot:hakmar-5521"",""depot:tarim_kredi-5022""]","[""a101"",""bim"",""hakmar"",""tarim_kredi""]",pinned-relative,04.09.2026 08:00,0,1.1
2026-09-04,vegetables,eggplant,Patlıcan,id:1YOW,id:1YOW,Kemer Patlıcan 1 Kg,1.0,kg,59.95,59.95,59.95,3,59.95,0.0,api-refined,Patlıcan,sub_category,3,3,"[""depot:carrefour-5254"",""depot:migros-564"",""depot:sok-1017""]","[""carrefour"",""migros"",""sok""]",pinned-relative,04.09.2026 08:05,0,1.1
2026-09-04,vegetables,eggplant,Patlıcan,id:0NZJ,id:0NZJ,Bostan Patlıcan 1 Kg,1.0,kg,64.9,64.9,64.9,1,64.9,0.0,api-refined,Patlıcan,sub_category,1,1,"[""depot:carrefour-1012""]","[""carrefour""]",pinned-relative,04.09.2026 07:59,0,1.1
2026-09-04,vegetables,zucchini,Kabak,id:102P,id:102P,Kabak 1 Kg,1.0,kg,46.425,46.425,46.425,2,46.425,0.0,api-refined,Kabak,sub_category,2,2,"[""depot:a101-4217"",""depot:hakmar-5521""]","[""a101"",""hakmar""]",pinned-relative,04.09.2026 07:59,0,1.1
2026-09-04,vegetables,zucchini,Kabak,id:0B2C,id:0B2C,Sakız Kabak 1 Kg,1.0,kg,54.9,54.9,64.925,1,54.9,0.0,api-refined,Kabak,sub_category,2,1,"[""depot:carrefour-5254""]","[""carrefour""]",pinned-relative,04.09.2026 08:05,0,1.1
2026-09-04,vegetables,zucchini,Kabak,id:072H,id:072H,Dolmalık Top Kabak 1 Kg,1.0,kg,79.9,79.9,79.9,1,79.9,0.0,api-refined,Kabak,sub_category,1,1,"[""depot:carrefour-1012""]","[""carrefour""]",pinned-relative,04.09.2026 08:05,0,1.1
2026-09-04,vegetables,carrot,Havuç,id:1U5E,id:1U5E,Havuç 1 Kg,1.0,kg,42.0,42.0,49.0,2,42.0,0.0,api-refined,Kök Sebzeler,sub_category,3,2,"[""depot:bim-5712"",""depot:sok-1017""]","[""bim"",""sok""]",pinned-relative,04.09.2026 08:04,0,1.1
2026-09-04,vegetables,parsley,Maydanoz,id:0G6N,id:0G6N,Maydanoz 1 Adet,1.0,count,24.925,24.925,22.310368,2,24.925,0.0,title,Yeşillikler,sub_category,2,2,"[""depot:a101-9324"",""depot:hakmar-5521""]","[""a101"",""hakmar""]",pinned-relative,04.09.2026 08:06,0,1.1
2026-09-04,vegetables,mushroom,Kültür mantarı,id:08J2,id:08J2,Mantar 300 Gr,0.3,kg,74.9,249.666667,241.333333,1,249.66667,0.0,api-refined,Mantar,sub_category,2,1,"[""depot:sok-1017""]","[""sok""]",pinned-relative,04.09.2026 08:05,0,1.1
2026-09-04,vegetables,mushroom,Kültür mantarı,id:0ZF2,id:0ZF2,Mantar 400 Gr,0.4,kg,69.0,172.5,172.5,1,172.5,0.0,api-refined,Mantar,sub_category,1,1,"[""depot:bim-5712""]","[""bim""]",pinned-relative,04.09.2026 08:01,0,1.1
2026-09-04,vegetables,mushroom,Kültür mantarı,id:2A0M,id:2A0M,Safkar Mantar 400 Gr,0.4,kg,89.95,224.875,224.875,1,224.87498,0.0,api-refined,Mantar,sub_category,1,1,"[""depot:hakmar-5521""]","[""hakmar""]",pinned-relative,04.09.2026 08:05,0,1.1
2026-09-04,vegetables,mushroom,Kültür mantarı,id:082M,id:082M,Kültür Mantarı 400 Gr,0.4,kg,69.0,172.5,172.5,1,172.5,0.0,api-refined,Mantar,sub_category,1,1,"[""depot:bim-5712""]","[""bim""]",pinned-relative,04.09.2026 08:05,0,1.0
2026-09-04,vegetables,mushroom,Kültür mantarı,id:1OIP,id:1OIP,Kestane Mantarı 350 Gr,0.35,kg,79.0,225.714286,225.714286,1,225.71428,0.0,api-refined,Mantar,sub_category,1,1,"[""depot:bim-5712""]","[""bim""]",pinned-relative,04.09.2026 08:02,0,1.0
2026-09-04,vegetables,green_beans,Taze fasulye,id:08IT,id:08IT,Fasulye Taze 1 Kg,1.0,kg,59.9,59.9,59.9,1,59.9,0.0,api-refined,Taze Fasulye ve Börülce,sub_category,1,1,"[""depot:carrefour-1012""]","[""carrefour""]",pinned-relative,04.09.2026 08:05,0,1.1
2026-09-04,sugar_snacks,sugar,Toz şeker,id:1PK8,id:1PK8,Türkşeker Toz Şeker 5 Kg,5.0,kg,219.0,43.8,43.8,4,43.8,0.0,api-refined,Şeker ve Tatlandırıcılar,main_category,4,4,"[""depot:a101-6815"",""depot:bim-5712"",""depot:sok-7238"",""depot:tarim_kredi-5022""]","[""a101"",""bim"",""sok"",""tarim_kredi""]",pinned-relative,04.09.2026 08:03,0,1.1
2026-09-04,sugar_snacks,sugar,Toz şeker,id:1WA9,id:1WA9,Türkşeker Toz Şeker 3 Kg,3.0,kg,124.5,41.5,44.916667,1,41.5,0.0,api-refined,Şeker ve Tatlandırıcılar,main_category,2,1,"[""depot:bim-5712""]","[""bim""]",pinned-relative,04.09.2026 08:04,0,1.1
2026-09-04,sugar_snacks,sugar,Toz şeker,id:12DI,id:12DI,Balküpü Toz Şeker 3 Kg,3.0,kg,161.45,53.816667,53.816667,2,53.816665,0.0,api-refined,Şeker ve Tatlandırıcılar,main_category,2,2,"[""depot:a101-6815"",""depot:carrefour-1012""]","[""a101"",""carrefour""]",pinned-relative,04.09.2026 08:00,0,1.1
2026-09-04,sugar_snacks,sugar,Toz şeker,id:21HD,id:21HD,Balküpü Toz Şeker 5 Kg,5.0,kg,242.45,48.49,48.49,2,48.489998,0.0,api-refined,Şeker ve Tatlandırıcılar,main_category,2,2,"[""depot:a101-6815"",""depot:carrefour-1012""]","[""a101"",""carrefour""]",pinned-relative,04.09.2026 08:03,0,1.1
2026-09-04,sugar_snacks,sugar,Toz şeker,id:04GE,id:04GE,Toz Şeker 1 Kg,1.0,kg,52.5,52.5,52.5,1,52.5,0.0,api-refined,Şeker ve Tatlandırıcılar,main_category,1,1,"[""depot:bim-5712""]","[""bim""]",pinned-relative,04.09.2026 08:05,0,1.1
2026-09-04,sugar_snacks,sugar,Toz şeker,id:03XV,id:03XV,Albeyaz Toz Şeker 1 Kg,1.0,kg,52.5,52.5,52.5,1,52.5,0.0,api-refined,Şeker ve Tatlandırıcılar,main_category,1,1,"[""depot:bim-5712""]","[""bim""]",pinned-relative,04.09.2026 08:04,0,1.1
2026-09-04,sugar_snacks,sugar,Toz şeker,id:11Q2,id:11Q2,Türkşeker Toz Şeker 1 Kg,1.0,kg,57.0,57.0,57.0,1,57.0,0.0,api-refined,Şeker ve Tatlandırıcılar,main_category,1,1,"[""depot:a101-6815""]","[""a101""]",pinned-relative,04.09.2026 08:00,0,1.1
2026-09-04,sugar_snacks,sugar,Toz şeker,id:101W,id:101W,Petek Toz Şeker 2 Kg,2.0,kg,94.5,47.25,47.25,1,47.25,0.0,api-refined,Şeker ve Tatlandırıcılar,main_category,1,1,"[""depot:a101-6815""]","[""a101""]",pinned-relative,04.09.2026 07:59,0,1.1
2026-09-04,sugar_snacks,sugar,Toz şeker,id:06MY,id:06MY,Akşeker Toz Şeker 2 Kg,2.0,kg,99.0,49.5,49.5,1,49.5,0.0,api-refined,Şeker ve Tatlandırıcılar,main_category,1,1,"[""depot:hakmar-5521""]","[""hakmar""]",pinned-relative,04.09.2026 08:05,0,1.1
2026-09-04,sugar_snacks,sugar,Toz şeker,id:0ZQ4,id:0ZQ4,Altınküp Toz Şeker 2 Kg,2.0,kg,99.5,49.75,49.75,1,49.75,0.0,api-refined,Şeker ve Tatlandırıcılar,main_category,1,1,"[""depot:sok-4707""]","[""sok""]",pinned-relative,04.09.2026 08:01,0,1.1
2026-09-04,sugar_snacks,sugar,Toz şeker,id:12WV,id:12WV,Migros Toz Şeker 3 Kg,3.0,kg,149.95,49.983333,49.983333,1,49.983334,0.0,api-refined,Şeker ve Tatlandırıcılar,main_category,1,1,"[""depot:migros-1991""]","[""migros""]",pinned-relative,04.09.2026 08:00,0,1.1
2026-09-04,sugar_snacks,sugar,Toz şeker,id:10PN,id:10PN,Doğuş Toz Şeker 3 Kg,3.0,kg,165.0,55.0,55.0,1,55.0,0.0,api-refined,Şeker ve Tatlandırıcılar,main_category,1,1,"[""depot:a101-4102""]","[""a101""]",pinned-relative,04.09.2026 08:00,0,1.1
2026-09-04,sugar_snacks,sugar,Toz şeker,id:1PXH,id:1PXH,Irmak Toz Şeker 3 Kg,3.0,kg,167.95,55.983333,55.983333,1,55.98333,0.0,api-refined,Şeker ve Tatlandırıcılar,main_category,1,1,"[""depot:migros-1991""]","[""migros""]",pinned-relative,04.09.2026 08:03,0,1.1
2026-09-04,sugar_snacks,sugar,Toz şeker,id:02EE,id:02EE,Şafak Toz Şeker 5 Kg,5.0,kg,219.0,43.8,43.8,1,43.8,0.0,api-refined,Şeker ve Tatlandırıcılar,main_category,1,1,"[""depot:bim-5712""]","[""bim""]",pinned-relative,04.09.2026 08:04,0,1.1
2026-09-04,sugar_snacks,sugar,Toz şeker,id:0SZG,id:0SZG,Torku Toz Şeker 5 Kg,5.0,kg,219.95,43.99,43.99,1,43.99,0.0,api-refined,Şeker ve Tatlandırıcılar,main_category,1,1,"[""depot:migros-1991""]","[""migros""]",pinned-relative,04.09.2026 08:00,0,1.1
2026-09-04,sugar_snacks,sugar,Toz şeker,id:0JV6,id:0JV6,Carrefour Toz Şeker 5 Kg,5.0,kg,219.95,43.99,43.99,1,43.99,0.0,api-refined,Şeker ve Tatlandırıcılar,main_category,1,1,"[""depot:carrefour-5254""]","[""carrefour""]",pinned-relative,04.09.2026 08:06,0,1.1
2026-09-04,sugar_snacks,sugar,Toz şeker,id:11UV,id:11UV,Doğuş Toz Şeker 5 Kg,5.0,kg,229.0,45.8,45.8,1,45.8,0.0,api-refined,Şeker ve Tatlandırıcılar,main_category,1,1,"[""depot:a101-9324""]","[""a101""]",pinned-relative,04.09.2026 08:00,0,1.1
2026-09-04,sugar_snacks,sugar,Toz şeker,id:0J1U,id:0J1U,Destan Toz Şeker 5 Kg,5.0,kg,245.0,49.0,49.0,1,49.0,0.0,api-refined,Şeker ve Tatlandırıcılar,main_category,1,1,"[""depot:tarim_kredi-5022""]","[""tarim_kredi""]",pinned-relative,04.09.2026 08:06,0,1.1
2026-09-04,sugar_snacks,sugar,Toz şeker,id:1NX5,id:1NX5,Bor Şeker Toz Şeker 5 Kg,5.0,kg,249.95,49.99,49.99,1,49.989998,0.0,api-refined,Şeker ve Tatlandırıcılar,main_category,1,1,"[""depot:migros-1991""]","[""migros""]",pinned-relative,04.09.2026 08:02,0,1.1
2026-09-04,sugar_snacks,sugar,Toz şeker,id:1PCF,id:1PCF,Irmak Toz Şeker 5 Kg,5.0,kg,249.95,49.99,49.99,1,49.989998,0.0,api-refined,Şeker ve Tatlandırıcılar,main_category,1,1,"[""depot:migros-1991""]","[""migros""]",pinned-relative,04.09.2026 08:03,0,1.1
2026-09-04,sugar_snacks,honey,Bal,id:1QQ4,id:1QQ4,Anavarza Kral Şakir Lisanslı Tüp Bal 40 Gr,0.04,kg,58.5,1462.5,1462.5,2,1462.5,0.0,api-refined,Bal ve Reçel,main_category,2,2,"[""depot:carrefour-1012"",""depot:migros-1991""]","[""carrefour"",""migros""]",pinned-relative,04.09.2026 08:03,0,1.1
2026-09-04,sugar_snacks,honey,Bal,id:0S61,id:0S61,S.S. 745 Sayılı Kozan Bal Kooperatifi Çiçek Balı Çıt Kapak 325 Gr,0.325,kg,169.95,522.923077,522.923077,1,522.92303,0.0,api-refined,Bal ve Reçel,main_category,1,1,"[""depot:migros-3296""]","[""migros""]",pinned-relative,04.09.2026 08:00,0,1.1
2026-09-04,sugar_snacks,honey,Bal,id:01NK,id:01NK,Sivas Birlik Çiçek Süzme Bal 460 Gr,0.46,kg,185.0,402.173913,402.173913,1,402.17392,0.0,api-refined,Bal ve Reçel,main_category,1,1,"[""depot:hakmar-5521""]","[""hakmar""]",pinned-relative,04.09.2026 08:04,0,1.1
2026-09-04,sugar_snacks,honey,Bal,id:07MJ,id:07MJ,Kızıldağ İmranlı Petek Bal 430 Gr,0.43,kg,225.0,523.255814,523.255814,1,523.2558,0.0,api-refined,Bal ve Reçel,main_category,1,1,"[""depot:hakmar-5521""]","[""hakmar""]",pinned-relative,04.09.2026 08:05,0,1.1
2026-09-04,sugar_snacks,honey,Bal,id:05C5,id:05C5,Sivas Birlik Çiçek Süzme Bal 850 Gr,0.85,kg,315.0,370.588235,370.588235,1,370.58826,0.0,api-refined,Bal ve Reçel,main_category,1,1,"[""depot:hakmar-5521""]","[""hakmar""]",pinned-relative,04.09.2026 08:05,0,1.1
2026-09-04,sugar_snacks,honey,Bal,id:0G9P,id:0G9P,Arıvital Yayla Petek Bal 520 Gr,0.52,kg,379.9,730.576923,730.576923,1,730.5769,0.0,api-refined,Bal ve Reçel,main_category,1,1,"[""depot:tarim_kredi-5022""]","[""tarim_kredi""]",pinned-relative,04.09.2026 08:06,0,1.1
2026-09-04,sugar_snacks,honey,Bal,id:2CS6,id:2CS6,Balparmak Çiçek Süzme Bal 460 Gr,0.46,kg,385.0,836.956522,836.956522,1,836.9565,0.0,api-refined,Bal ve Reçel,main_category,1,1,"[""depot:hakmar-5521""]","[""hakmar""]",pinned-relative,04.09.2026 08:05,0,1.1
2026-09-04,sugar_snacks,honey,Bal,id:03UQ,id:03UQ,Kızıldağ İmranlı Petek Bal 900 Gr,0.9,kg,429.0,476.666667,476.666667,1,476.66666,0.0,api-refined,Bal ve Reçel,main_category,1,1,"[""depot:hakmar-5521""]","[""hakmar""]",pinned-relative,04.09.2026 08:04,0,1.1
2026-09-04,sugar_snacks,honey,Bal,id:20TK,id:20TK,Beeo Yayla Çiçek Balı Ham Bal 300 Gr,0.3,kg,479.92,1599.733333,1599.733333,1,1599.7334,0.0,api-refined,Bal ve Reçel,main_category,1,1,"[""depot:carrefour-1012""]","[""carrefour""]",pinned-relative,04.09.2026 08:03,0,1.1
2026-09-04,sugar_snacks,honey,Bal,id:0VL6,id:0VL6,Kaldera Organik Bal 460 Gr,0.46,kg,859.95,1869.456522,1869.456522,1,1869.4565,0.0,api-refined,Bal ve Reçel,main_category,1,1,"[""depot:migros-1991""]","[""migros""]",pinned-relative,04.09.2026 08:01,0,1.1
2026-09-04,sugar_snacks,honey,Bal,id:0C2H,id:0C2H,Fer Petek Bal 1 Kg,1.0,kg,1249.9,1249.9,1249.9,1,1249.9,0.0,api-refined,Bal ve Reçel,main_category,1,1,"[""depot:carrefour-1012""]","[""carrefour""]",pinned-relative,04.09.2026 08:06,0,1.1
2026-09-04,sugar_snacks,honey,Bal,id:09PV,id:09PV,Fer Seksiyon Bal 1 Kg,1.0,kg,1349.9,1349.9,1349.9,1,1349.9,0.0,api-refined,Bal ve Reçel,main_category,1,1,"[""depot:carrefour-1012""]","[""carrefour""]",pinned-relative,04.09.2026 08:05,0,1.1
2026-09-04,sugar_snacks,honey,Bal,id:0DCH,id:0DCH,Fer Bal Karakovan Balı 1 Kg,1.0,kg,2599.9,2599.9,2599.9,1,2599.9,0.0,api-refined,Bal ve Reçel,main_category,1,1,"[""depot:carrefour-1012""]","[""carrefour""]",pinned-relative,04.09.2026 08:06,0,1.1
2026-09-04,sugar_snacks,jam,Reçel,id:1OHO,id:1OHO,Yenigün Şeker İlavesiz 4 Meyveli Reçel 290 Gr,0.29,kg,324.5,1118.965517,1125.0,1,1118.9655,0.0,api-refined,Bal ve Reçel,main_category,1,1,"[""depot:migros-1991""]","[""migros""]",pinned-relative,04.09.2026 08:02,0,1.1
2026-09-04,sugar_snacks,jam,Reçel,id:05IV,id:05IV,Sultanbacı Reçel Çilek-Vişne 380 Gr,0.38,kg,69.5,182.894737,182.894737,1,182.89473,0.0,api-refined,Bal ve Reçel,main_category,1,1,"[""depot:hakmar-5521""]","[""hakmar""]",pinned-relative,04.09.2026 08:05,0,1.1
2026-09-04,sugar_snacks,jam,Reçel,id:0Z2A,id:0Z2A,Bolmix Reçel Çeşitleri 1 Kg,1.0,kg,105.0,105.0,105.0,1,105.0,0.0,api-refined,Bal ve Reçel,main_category,1,1,"[""depot:a101-6815""]","[""a101""]",pinned-relative,04.09.2026 08:01,0,1.1
2026-09-04,sugar_snacks,jam,Reçel,id:1ZW1,id:1ZW1,Tamek Çilek Reçeli 800 Gr,0.8,kg,157.7,197.125,197.125,2,197.125,0.0,api-refined,Bal ve Reçel,main_category,2,2,"[""depot:carrefour-1012"",""depot:migros-1991""]","[""carrefour"",""migros""]",pinned-relative,04.09.2026 08:05,0,1.0
2026-09-04,sugar_snacks,jam,Reçel,id:1RSY,id:1RSY,Yenigün Şeker İlavesiz Çilek Reçeli 290 Gr,0.29,kg,274.7,947.241379,947.241379,2,947.241365,0.0,api-refined,Bal ve Reçel,main_category,2,2,"[""depot:carrefour-1012"",""depot:migros-1991""]","[""carrefour"",""migros""]",pinned-relative,04.09.2026 08:03,0,1.0
2026-09-04,sugar_snacks,jam,Reçel,id:20H5,id:20H5,Tamek Vişne Reçeli 800 Gr,0.8,kg,283.95,354.9375,354.9375,2,354.937515,0.0,api-refined,Bal ve Reçel,main_category,2,2,"[""depot:carrefour-1012"",""depot:migros-1991""]","[""carrefour"",""migros""]",pinned-relative,04.09.2026 08:02,0,1.0
2026-09-04,sugar_snacks,jam,Reçel,id:1PSZ,id:1PSZ,Yenigün Şeker İlavesiz Vişne Reçeli 290 Gr,0.29,kg,348.95,1203.275862,1204.913793,1,1203.2759,0.0,api-refined,Bal ve Reçel,main_category,1,1,"[""depot:migros-564""]","[""migros""]",pinned-relative,04.09.2026 08:03,0,1.0
2026-09-04,sugar_snacks,jam,Reçel,id:0CDR,id:0CDR,Boltane Çilek Reçeli 380 Gr,0.38,kg,69.5,182.894737,182.894737,1,182.89473,0.0,api-refined,Bal ve Reçel,main_category,1,1,"[""depot:sok-4707""]","[""sok""]",pinned-relative,04.09.2026 08:06,0,1.0
2026-09-04,sugar_snacks,jam,Reçel,id:0PD2,id:0PD2,Migros Kayısı Reçeli 380 Gr,0.38,kg,74.95,197.236842,197.236842,1,197.23683,0.0,api-refined,Bal ve Reçel,main_category,1,1,"[""depot:migros-1991""]","[""migros""]",pinned-relative,04.09.2026 08:00,0,1.0
2026-09-04,sugar_snacks,jam,Reçel,id:0QNN,id:0QNN,Migros Vişne Reçeli 380 Gr,0.38,kg,74.95,197.236842,197.236842,1,197.23683,0.0,api-refined,Bal ve Reçel,main_category,1,1,"[""depot:migros-1991""]","[""migros""]",pinned-relative,04.09.2026 08:00,0,1.0
2026-09-04,sugar_snacks,jam,Reçel,id:0JDE,id:0JDE,Carrefour Vişne Reçeli 380 Gr,0.38,kg,74.95,197.236842,197.236842,1,197.23683,0.0,api-refined,Bal ve Reçel,main_category,1,1,"[""depot:carrefour-5254""]","[""carrefour""]",pinned-relative,04.09.2026 08:06,0,1.0
2026-09-04,sugar_snacks,jam,Reçel,id:0EZ9,id:0EZ9,Tarım Kredi Ekstra Geleneksel Vişne Reçeli 380 Gr,0.38,kg,84.5,222.368421,222.368421,1,222.36842,0.0,api-refined,Bal ve Reçel,main_category,1,1,"[""depot:tarim_kredi-5022""]","[""tarim_kredi""]",pinned-relative,04.09.2026 08:06,0,1.0
2026-09-04,sugar_snacks,jam,Reçel,id:0FYS,id:0FYS,Carrefour Çilek Reçeli 700 Gr,0.7,kg,117.9,168.428571,168.428571,1,168.42857,0.0,api-refined,Bal ve Reçel,main_category,1,1,"[""depot:carrefour-1012""]","[""carrefour""]",pinned-relative,04.09.2026 08:06,0,1.0
2026-09-04,sugar_snacks,jam,Reçel,id:0JNK,id:0JNK,Carrefour Şeker İlavesiz Çilek Reçeli 280 Gr,0.28,kg,119.95,428.392857,428.392857,1,428.39285,0.0,api-refined,Bal ve Reçel,main_category,1,1,"[""depot:carrefour-5254""]","[""carrefour""]",pinned-relative,04.09.2026 08:06,0,1.0
2026-09-04,sugar_snacks,jam,Reçel,id:003Q,id:003Q,İlkgün Çilek Reçeli 1 Kg,1.0,kg,126.0,126.0,126.0,1,126.0,0.0,api-refined,Bal ve Reçel,main_category,1,1,"[""depot:bim-5712""]","[""bim""]",pinned-relative,04.09.2026 08:04,0,1.0
2026-09-04,sugar_snacks,jam,Reçel,id:0NYM,id:0NYM,Migros Şeker İlavesiz Vişne Reçeli 360 Gr,0.36,kg,151.95,422.083333,422.083333,1,422.0833,0.0,api-refined,Bal ve Reçel,main_category,1,1,"[""depot:migros-6679""]","[""migros""]",pinned-relative,04.09.2026 07:59,0,1.0
2026-09-04,sugar_snacks,jam,Reçel,id:06VR,id:06VR,Seyidoğlu Geleneksel Vişne Çilek Reçeli 1 Kg,1.0,kg,169.0,169.0,169.0,1,169.0,0.0,api-refined,Bal ve Reçel,main_category,1,1,"[""depot:hakmar-5521""]","[""hakmar""]",pinned-relative,04.09.2026 08:05,0,1.0
2026-09-04,sugar_snacks,jam,Reçel,id:1STV,id:1STV,Tat Geleneksel Vişne Reçeli 380 Gr,0.38,kg,169.95,447.236842,447.236842,1,447.23685,0.0,api-refined,Bal ve Reçel,main_category,1,1,"[""depot:migros-1991""]","[""migros""]",pinned-relative,04.09.2026 08:04,0,1.0
2026-09-04,sugar_snacks,jam,Reçel,id:10UR,id:10UR,Bolmix Çilek Reçeli 1.8 Kg,1.8,kg,220.0,122.222222,122.222222,1,122.22222,0.0,api-refined,Bal ve Reçel,main_category,1,1,"[""depot:a101-6815""]","[""a101""]",pinned-relative,04.09.2026 08:00,0,1.0
2026-09-04,sugar_snacks,jam,Reçel,id:031K,id:031K,İlkgün Çilek Reçeli 2 Kg,2.0,kg,237.0,118.5,118.5,1,118.5,0.0,api-refined,Bal ve Reçel,main_category,1,1,"[""depot:bim-5712""]","[""bim""]",pinned-relative,04.09.2026 08:04,0,1.0
2026-09-04,sugar_snacks,jam,Reçel,id:04V8,id:04V8,Carrefour Çilek Reçeli 2 Kg,2.0,kg,237.0,118.5,118.5,1,118.5,0.0,api-refined,Bal ve Reçel,main_category,1,1,"[""depot:carrefour-1012""]","[""carrefour""]",pinned-relative,04.09.2026 08:05,0,1.0
2026-09-04,sugar_snacks,jam,Reçel,id:0MJW,id:0MJW,Pol's Gurme Şeker İlavesiz Vişne Reçeli 285 Gr,0.285,kg,264.95,929.649123,929.649123,1,929.6492,0.0,api-refined,Bal ve Reçel,main_category,1,1,"[""depot:migros-1991""]","[""migros""]",pinned-relative,04.09.2026 08:06,0,1.0
2026-09-04,sugar_snacks,jam,Reçel,id:0YTK,id:0YTK,Boltane Vişne Reçeli 2 Kg,2.0,kg,320.0,160.0,160.0,1,160.0,0.0,api-refined,Bal ve Reçel,main_category,1,1,"[""depot:sok-4707""]","[""sok""]",pinned-relative,04.09.2026 08:01,0,1.0
2026-09-04,sugar_snacks,jam,Reçel,id:20GM,id:20GM,St. Dalfour Kayısı Reçeli 284 Gr,0.284,kg,359.9,1267.253521,1267.253521,1,1267.2535,0.0,api-refined,Bal ve Reçel,main_category,1,1,"[""depot:carrefour-1012""]","[""carrefour""]",pinned-relative,04.09.2026 08:02,0,1.0
2026-09-04,sugar_snacks,jam,Reçel,id:0ORJ,id:0ORJ,Yenigün Organik Vişne Reçeli 290 Gr,0.29,kg,450.95,1555.0,1555.0,1,1555.0001,0.0,api-refined,Bal ve Reçel,main_category,1,1,"[""depot:migros-1991""]","[""migros""]",pinned-relative,04.09.2026 08:00,0,1.0
2026-09-04,sugar_snacks,chocolate,Çikolata,id:0AD5,id:0AD5,Tadelle Fındık Dolgulu Sütlü Çikolata 30 Gr,0.03,kg,37.5,1250.0,1250.0,4,1250.0,0.0,api-refined,Çikolata,main_category,5,4,"[""depot:a101-6815"",""depot:carrefour-5254"",""depot:hakmar-5521"",""depot:sok-4707""]","[""a101"",""carrefour"",""hakmar"",""sok""]",pinned-relative,04.09.2026 08:05,0,1.1
2026-09-04,sugar_snacks,chocolate,Çikolata,id:20IP,id:20IP,Eti Sütlü Çikolata 60 Gr,0.06,kg,67.0,1116.666667,1116.666667,3,1116.6666,0.0,api-refined,Çikolata,main_category,4,3,"[""depot:carrefour-1012"",""depot:migros-1991"",""depot:tarim_kredi-5022""]","[""carrefour"",""migros"",""tarim_kredi""]",pinned-relative,04.09.2026 08:02,0,1.1
2026-09-04,sugar_snacks,chocolate,Çikolata,id:20I3,id:20I3,Torku Sütlü Çikolata 60 Gr,0.06,kg,49.9,831.666667,831.666667,3,831.6667,0.0,api-refined,Çikolata,main_category,3,3,"[""depot:a101-9324"",""depot:migros-1991"",""depot:tarim_kredi-5022""]","[""a101"",""migros"",""tarim_kredi""]",pinned-relative,04.09.2026 08:02,0,1.1
2026-09-04,sugar_snacks,chocolate,Çikolata,id:1J33,id:1J33,Ozmo Fun Figürlü Sütlü Çikolata 23 Gr,0.023,kg,25.5,1108.695652,1108.695652,2,1108.6956,0.0,api-refined,Çikolata,main_category,2,2,"[""depot:bim-5712"",""depot:carrefour-1012""]","[""bim"",""carrefour""]",pinned-relative,04.09.2026 08:02,0,1.1
2026-09-04,sugar_snacks,chocolate,Çikolata,id:1PPO,id:1PPO,Eti Bol Sütlü Çikolata 60 Gr,0.06,kg,67.0,1116.666667,1116.25,1,1116.6666,0.0,api-refined,Çikolata,main_category,2,1,"[""depot:carrefour-1012""]","[""carrefour""]",pinned-relative,04.09.2026 08:03,0,1.1
2026-09-04,sugar_snacks,chocolate,Çikolata,id:1ZQT,id:1ZQT,Ülker Dolu Dolu Fındıklı Sütlü Çikolata 80 Gr,0.08,kg,76.95,961.875,961.875,2,961.87503,0.0,api-refined,Çikolata,main_category,2,2,"[""depot:carrefour-5254"",""depot:migros-1991""]","[""carrefour"",""migros""]",pinned-relative,04.09.2026 08:05,0,1.1
2026-09-04,sugar_snacks,chocolate,Çikolata,id:20AJ,id:20AJ,Ülker Sütlü Çikolata 70 Gr,0.07,kg,93.225,1331.785714,1331.785714,2,1331.7857,0.0,api-refined,Çikolata,main_category,2,2,"[""depot:carrefour-1012"",""depot:migros-1991""]","[""carrefour"",""migros""]",pinned-relative,04.09.2026 08:02,0,1.1
2026-09-04,sugar_snacks,chocolate,Çikolata,id:20BV,id:20BV,Kahve Dünyası Tambol Fındıklı Sütlü Çikolata 77 Gr,0.077,kg,94.5,1227.272727,1227.272727,1,1227.2727,0.0,api-refined,Çikolata,main_category,2,1,"[""depot:a101-6815""]","[""a101""]",pinned-relative,04.09.2026 08:02,0,1.1
2026-09-04,sugar_snacks,chocolate,Çikolata,id:0OV0,id:0OV0,Ülker Baton Sütlü Çikolata 30 Gr,0.03,kg,22.0,733.333333,733.333333,1,733.3334,0.0,api-refined,Çikolata,main_category,1,1,"[""depot:carrefour-5254""]","[""carrefour""]",pinned-relative,04.09.2026 08:00,0,1.1
2026-09-04,sugar_snacks,chocolate,Çikolata,id:1K8K,id:1K8K,Ülker Caramio Sütlü Çikolata 32 Gr,0.032,kg,27.5,859.375,859.375,1,859.375,0.0,api-refined,Çikolata,main_category,1,1,"[""depot:sok-4707""]","[""sok""]",pinned-relative,04.09.2026 08:02,0,1.1
2026-09-04,sugar_snacks,chocolate,Çikolata,id:1FHB,id:1FHB,Karmen Bol Sütlü Çikolata 33 Gr,0.033,kg,29.0,878.787879,878.787879,1,878.7879,0.0,api-refined,Çikolata,main_category,1,1,"[""depot:sok-4707""]","[""sok""]",pinned-relative,04.09.2026 08:02,0,1.1
2026-09-04,sugar_snacks,chocolate,Çikolata,id:1YCE,id:1YCE,Elit Şemsiye Sütlü Çikolata 30 Gr,0.03,kg,37.5,1250.0,1250.0,1,1250.0,0.0,api-refined,Çikolata,main_category,1,1,"[""depot:sok-4707""]","[""sok""]",pinned-relative,04.09.2026 08:04,0,1.1
2026-09-04,sugar_snacks,chocolate,Çikolata,id:1OL4,id:1OL4,Torku Miniki Sütlü Çikolata 72 Gr,0.072,kg,43.5,604.166667,604.166667,1,604.1667,0.0,api-refined,Çikolata,main_category,1,1,"[""depot:migros-3296""]","[""migros""]",pinned-relative,04.09.2026 08:02,0,1.1
2026-09-04,sugar_snacks,chocolate,Çikolata,id:1FUY,id:1FUY,Buono Sütlü Çikolata 80 Gr,0.08,kg,47.0,587.5,587.5,1,587.5,0.0,api-refined,Çikolata,main_category,1,1,"[""depot:bim-5712""]","[""bim""]",pinned-relative,04.09.2026 08:02,0,1.1
2026-09-04,sugar_snacks,chocolate,Çikolata,id:0OAW,id:0OAW,Karmen Sütlü Çikolata 80 Gr,0.08,kg,52.0,650.0,650.0,1,650.0,0.0,api-refined,Çikolata,main_category,1,1,"[""depot:sok-4707""]","[""sok""]",pinned-relative,04.09.2026 07:59,0,1.1
2026-09-04,sugar_snacks,chocolate,Çikolata,id:10H8,id:10H8,Ülker Sütlü Çikolata 60 Gr,0.06,kg,55.0,916.666667,916.666667,1,916.6667,0.0,api-refined,Çikolata,main_category,1,1,"[""depot:a101-6815""]","[""a101""]",pinned-relative,04.09.2026 08:00,0,1.1
2026-09-04,sugar_snacks,chocolate,Çikolata,id:1RS3,id:1RS3,Tadelle Sütlü Çikolata 52 Gr,0.052,kg,62.5,1201.923077,1201.923077,1,1201.9231,0.0,api-refined,Çikolata,main_category,1,1,"[""depot:migros-1991""]","[""migros""]",pinned-relative,04.09.2026 08:03,0,1.1
2026-09-04,sugar_snacks,chocolate,Çikolata,id:21Z1,id:21Z1,Eszet Sütlü Çikolata 75 Gr,0.075,kg,79.0,1053.333333,1053.333333,1,1053.3333,0.0,api-refined,Çikolata,main_category,1,1,"[""depot:bim-5712""]","[""bim""]",pinned-relative,04.09.2026 08:03,0,1.1
2026-09-04,sugar_snacks,chocolate,Çikolata,id:1YSW,id:1YSW,Eti Keyfince Sütlü Çikolata 70 Gr,0.07,kg,79.45,1135.0,1135.0,1,1135.0,0.0,api-refined,Çikolata,main_category,1,1,"[""depot:carrefour-1012""]","[""carrefour""]",pinned-relative,04.09.2026 08:05,0,1.1
2026-09-04,sugar_snacks,chocolate,Çikolata,id:0YCP,id:0YCP,Milka Sütlü Çikolata 80 Gr,0.08,kg,89.9,1123.75,1123.75,1,1123.75,0.0,api-refined,Çikolata,main_category,1,1,"[""depot:migros-1991""]","[""migros""]",pinned-relative,04.09.2026 08:01,0,1.1
2026-09-04,sugar_snacks,chocolate,Çikolata,id:1TTC,id:1TTC,Tadelle Sütlü Çikolata 3x30 Gr 90 Gr,0.09,kg,109.95,1221.666667,1221.666667,1,1221.6666,0.0,api-refined,Çikolata,main_category,1,1,"[""depot:migros-1991""]","[""migros""]",pinned-relative,04.09.2026 08:04,0,1.1
2026-09-04,sugar_snacks,chocolate,Çikolata,id:14SG,id:14SG,Hanımefendi Fındık Fıstık ve Sütlü Çikolata 300 Gr,0.3,kg,219.0,730.0,730.0,1,730.0,0.0,api-refined,Çikolata,main_category,1,1,"[""depot:bim-5712""]","[""bim""]",pinned-relative,04.09.2026 08:00,0,1.1
2026-09-04,sugar_snacks,chocolate,Çikolata,id:3X5D,id:3X5D,Mr. Beast Sütlü Çikolata 60 Gr,0.06,kg,259.95,4332.5,4332.5,1,4332.5,0.0,api-refined,Çikolata,main_category,1,1,"[""depot:migros-1991""]","[""migros""]",pinned-relative,04.09.2026 08:03,0,1.1
2026-09-04,sugar_snacks,biscuits,Bisküvi,id:1YWA,id:1YWA,Eti Bumbo Bisküvi 42 Gr,0.042,kg,10.97,261.190476,262.470597,2,261.19048,0.0,api-refined,Bisküvi ve Kraker,main_category,2,2,"[""depot:carrefour-1012"",""depot:migros-564""]","[""carrefour"",""migros""]",pinned-relative,04.09.2026 08:05,0,1.1
2026-09-04,sugar_snacks,biscuits,Bisküvi,id:218I,id:218I,McVitie's Karamelli Bisküvi 120 Gr,0.12,kg,55.775,464.791667,467.641882,2,464.791685,0.0,api-refined,Bisküvi ve Kraker,main_category,2,2,"[""depot:carrefour-1012"",""depot:migros-1991""]","[""carrefour"",""migros""]",pinned-relative,04.09.2026 08:03,0,1.1
2026-09-04,sugar_snacks,biscuits,Bisküvi,id:1R6U,id:1R6U,Oreo Classic Bisküvi 95 Gr,0.095,kg,76.315,803.315789,785.041947,2,803.3158,0.0,api-refined,Bisküvi ve Kraker,main_category,2,2,"[""depot:carrefour-1012"",""depot:migros-4479""]","[""carrefour"",""migros""]",pinned-relative,04.09.2026 08:03,0,1.1
2026-09-04,sugar_snacks,biscuits,Bisküvi,id:1SZ2,id:1SZ2,Eti Finger Bisküvi 900 Gr,0.9,kg,147.0,163.333333,163.305556,1,163.33333,0.0,api-refined,Bisküvi ve Kraker,main_category,2,1,"[""depot:a101-6815""]","[""a101""]",pinned-relative,04.09.2026 08:04,0,1.1
2026-09-04,sugar_snacks,biscuits,Bisküvi,id:0KH9,id:0KH9,Ülker Kremalı Bisküvi 61 Gr,0.061,kg,14.75,241.803279,241.803279,1,241.80327,0.0,api-refined,Bisküvi ve Kraker,main_category,1,1,"[""depot:hakmar-5521""]","[""hakmar""]",pinned-relative,04.09.2026 08:06,0,1.1
2026-09-04,sugar_snacks,biscuits,Bisküvi,id:29VX,id:29VX,Eti Cin Bisküvi 114 Gr,0.114,kg,25.0,219.298246,219.298246,1,219.29825,0.0,api-refined,Bisküvi ve Kraker,main_category,1,1,"[""depot:hakmar-5521""]","[""hakmar""]",pinned-relative,04.09.2026 08:04,0,1.1
2026-09-04,sugar_snacks,biscuits,Bisküvi,id:2A0Y,id:2A0Y,Ülker Petibör Bisküvi 175 Gr,0.175,kg,29.5,168.571429,168.571429,1,168.57143,0.0,api-refined,Bisküvi ve Kraker,main_category,1,1,"[""depot:hakmar-5521""]","[""hakmar""]",pinned-relative,04.09.2026 08:05,0,1.1
2026-09-04,sugar_snacks,biscuits,Bisküvi,id:2A6S,id:2A6S,Torku Tam Çikolatalı Bisküvi 83 Gr,0.083,kg,29.75,358.433735,358.433735,1,358.43372,0.0,api-refined,Bisküvi ve Kraker,main_category,1,1,"[""depot:hakmar-5521""]","[""hakmar""]",pinned-relative,04.09.2026 08:05,0,1.1
2026-09-04,sugar_snacks,biscuits,Bisküvi,id:0QZD,id:0QZD,Tempo Finger Bisküvi 450 Gr,0.45,kg,43.5,96.666667,96.666667,1,96.666664,0.0,api-refined,Bisküvi ve Kraker,main_category,1,1,"[""depot:sok-4707""]","[""sok""]",pinned-relative,04.09.2026 08:00,0,1.1
2026-09-04,sugar_snacks,biscuits,Bisküvi,id:01P5,id:01P5,Süsse Finger Bisküvi 450 Gr,0.45,kg,43.5,96.666667,96.666667,1,96.666664,0.0,api-refined,Bisküvi ve Kraker,main_category,1,1,"[""depot:bim-5712""]","[""bim""]",pinned-relative,04.09.2026 08:04,0,1.1
2026-09-04,sugar_snacks,biscuits,Bisküvi,id:0CB9,id:0CB9,5 Dakika Bisküvi 4x75 Gr,0.3,kg,48.9,163.0,163.0,1,163.0,0.0,api-refined,Bisküvi ve Kraker,main_category,1,1,"[""depot:tarim_kredi-5022""]","[""tarim_kredi""]",pinned-relative,04.09.2026 08:06,0,1.1
2026-09-04,sugar_snacks,biscuits,Bisküvi,id:03CB,id:03CB,Yaşam Tam Buğdaylı Bisküvi 393 Gr,0.393,kg,49.0,124.681934,124.681934,1,124.68194,0.0,api-refined,Bisküvi ve Kraker,main_category,1,1,"[""depot:bim-5712""]","[""bim""]",pinned-relative,04.09.2026 08:04,0,1.1
2026-09-04,sugar_snacks,biscuits,Bisküvi,id:1PEK,id:1PEK,Ülker Kakaolu Kremalı Bisküvi 244 Gr,0.244,kg,38.97,159.713115,159.713115,1,159.71312,0.0,api-refined,Bisküvi ve Kraker,main_category,1,1,"[""depot:carrefour-1012""]","[""carrefour""]",pinned-relative,04.09.2026 08:03,0,1.1
2026-09-04,sugar_snacks,biscuits,Bisküvi,id:1KTY,id:1KTY,Ülker İkram Fındıklı Bisküvi 3x84 Gr,0.252,kg,64.0,253.968254,253.968254,1,253.96826,0.0,api-refined,Bisküvi ve Kraker,main_category,1,1,"[""depot:tarim_kredi-5022""]","[""tarim_kredi""]",pinned-relative,04.09.2026 08:02,0,1.1
2026-09-04,sugar_snacks,biscuits,Bisküvi,id:2O90,id:2O90,Ülker Pötibör Bisküvi 450 Gr,0.45,kg,69.9,155.333333,155.333333,1,155.33334,0.0,api-refined,Bisküvi ve Kraker,main_category,1,1,"[""depot:tarim_kredi-5022""]","[""tarim_kredi""]",pinned-relative,04.09.2026 08:06,0,1.1
2026-09-04,sugar_snacks,biscuits,Bisküvi,id:0PXD,id:0PXD,Tempo Pötibör Bisküvi 1 Kg,1.0,kg,79.0,79.0,79.0,1,79.0,0.0,api-refined,Bisküvi ve Kraker,main_category,1,1,"[""depot:sok-4707""]","[""sok""]",pinned-relative,04.09.2026 08:00,0,1.1
2026-09-04,sugar_snacks,biscuits,Bisküvi,id:3WYM,id:3WYM,Migros Pötibör Bisküvi 5x200 Gr,1.0,kg,80.0,80.0,80.0,1,80.0,0.0,api-refined,Bisküvi ve Kraker,main_category,1,1,"[""depot:migros-1991""]","[""migros""]",pinned-relative,04.09.2026 08:03,0,1.1
2026-09-04,sugar_snacks,biscuits,Bisküvi,id:07HT,id:07HT,Süsse Petibör Bisküvi 1 Kg,1.0,kg,89.0,89.0,89.0,1,89.0,0.0,api-refined,Bisküvi ve Kraker,main_category,1,1,"[""depot:bim-5712""]","[""bim""]",pinned-relative,04.09.2026 08:05,0,1.1
2026-09-04,sugar_snacks,biscuits,Bisküvi,id:0MOL,id:0MOL,Saklıköy Çikolata Kremalı Bisküvi 435 Gr,0.435,kg,99.0,227.586207,227.586207,1,227.58621,0.0,api-refined,Bisküvi ve Kraker,main_category,1,1,"[""depot:bim-5712""]","[""bim""]",pinned-relative,04.09.2026 08:06,0,1.1
2026-09-04,sugar_snacks,biscuits,Bisküvi,id:2158,id:2158,Lotus Bisküvi 125 Gr,0.125,kg,149.9,1199.2,1199.2,1,1199.2,0.0,api-refined,Bisküvi ve Kraker,main_category,1,1,"[""depot:carrefour-1012""]","[""carrefour""]",pinned-relative,04.09.2026 08:03,0,1.1
2026-09-04,sugar_snacks,biscuits,Bisküvi,id:1THV,id:1THV,Lotus Bisküvi 156 Gr,0.156,kg,209.0,1339.74359,1339.74359,1,1339.7437,0.0,api-refined,Bisküvi ve Kraker,main_category,1,1,"[""depot:carrefour-1012""]","[""carrefour""]",pinned-relative,04.09.2026 08:04,0,1.1
2026-09-04,sugar_snacks,wafer,Gofret,id:1PRF,id:1PRF,Ülker Dido Sütlü Çikolatalı Gofret 35 Gr,0.035,kg,27.5,785.714286,785.714286,5,785.7143,0.0,api-refined,Gofret,main_category,6,5,"[""depot:a101-6815"",""depot:carrefour-5254"",""depot:hakmar-5521"",""depot:sok-4707"",""depot:tarim_kredi-5022""]","[""a101"",""carrefour"",""hakmar"",""sok"",""tarim_kredi""]",pinned-relative,04.09.2026 08:03,0,1.1
2026-09-04,sugar_snacks,wafer,Gofret,id:21SL,id:21SL,Ülker Bitter Çikolatalı Gofret 36 Gr,0.036,kg,17.5,486.111111,491.684802,5,486.1111,0.0,api-refined,Gofret,main_category,5,5,"[""depot:a101-6815"",""depot:carrefour-5254"",""depot:hakmar-5521"",""depot:migros-1991"",""depot:sok-4707""]","[""a101"",""carrefour"",""hakmar"",""migros"",""sok""]",pinned-relative,04.09.2026 08:03,0,1.1
2026-09-04,sugar_snacks,wafer,Gofret,id:1NVD,id:1NVD,Tadelle Maxinut Fındıklı Gofret 30 Gr,0.03,kg,25.0,833.333333,833.333333,3,833.3333,0.0,api-refined,Gofret,main_category,3,3,"[""depot:carrefour-1012"",""depot:migros-1991"",""depot:tarim_kredi-5022""]","[""carrefour"",""migros"",""tarim_kredi""]",pinned-relative,04.09.2026 08:02,0,1.1
2026-09-04,sugar_snacks,wafer,Gofret,id:1H7O,id:1H7O,Milka Gofree Çikolatalı Gofret 28 Gr,0.0285,kg,28.95,1015.789474,1015.789474,2,1015.7895,0.0,api-refined,Gofret,main_category,2,2,"[""depot:a101-6815"",""depot:migros-3296""]","[""a101"",""migros""]",pinned-relative,04.09.2026 08:02,0,1.1
2026-09-04,sugar_snacks,wafer,Gofret,id:1UUM,id:1UUM,Torku Bitter Portakal Gofret 142 Gr,0.142,kg,51.9,365.492958,365.492958,2,365.492965,0.0,api-refined,Gofret,main_category,2,2,"[""depot:migros-3296"",""depot:tarim_kredi-5022""]","[""migros"",""tarim_kredi""]",pinned-relative,04.09.2026 08:04,0,1.1
2026-09-04,sugar_snacks,wafer,Gofret,id:1FYQ,id:1FYQ,Torku Nobir Kaplamalı Gofret 24x35 Gr,0.84,kg,8.75,10.416667,10.416667,1,10.416667,0.0,api-refined,Gofret,main_category,1,1,"[""depot:bim-5712""]","[""bim""]",pinned-relative,04.09.2026 08:02,0,1.1
2026-09-04,sugar_snacks,wafer,Gofret,id:031B,id:031B,Centro Hindistan Cevizli Gofret 40 Gr,0.04,kg,10.0,250.0,250.0,1,250.0,0.0,api-refined,Gofret,main_category,1,1,"[""depot:bim-5712""]","[""bim""]",pinned-relative,04.09.2026 08:04,0,1.1
2026-09-04,sugar_snacks,wafer,Gofret,id:1LGT,id:1LGT,Nestlé Nesquik Gofret 27 Gr,0.027,kg,13.0,481.481481,481.481481,1,481.4815,0.0,api-refined,Gofret,main_category,1,1,"[""depot:carrefour-1012""]","[""carrefour""]",pinned-relative,04.09.2026 08:02,0,1.1
2026-09-04,sugar_snacks,wafer,Gofret,id:3WK1,id:3WK1,Hoşbeş Limon Kremalı Gofret 66 Gr,0.066,kg,24.5,371.212121,371.212121,1,371.21213,0.0,api-refined,Gofret,main_category,1,1,"[""depot:a101-4141""]","[""a101""]",pinned-relative,04.09.2026 08:03,0,1.1
2026-09-04,sugar_snacks,wafer,Gofret,id:211Q,id:211Q,Sarelle Hindistan Cevizli Gofret 33 Gr,0.033,kg,26.5,803.030303,803.030303,1,803.03033,0.0,api-refined,Gofret,main_category,1,1,"[""depot:carrefour-1012""]","[""carrefour""]",pinned-relative,04.09.2026 08:02,0,1.1
2026-09-04,sugar_snacks,wafer,Gofret,id:0XO9,id:0XO9,Peki Çilek Kremalı Gofret 142 Gr,0.142,kg,34.0,239.43662,239.43662,1,239.43663,0.0,api-refined,Gofret,main_category,1,1,"[""depot:sok-4707""]","[""sok""]",pinned-relative,04.09.2026 08:01,0,1.1
2026-09-04,sugar_snacks,wafer,Gofret,id:10TF,id:10TF,Peki Fındıklı Kremalı Gofret 142 Gr,0.142,kg,34.0,239.43662,239.43662,1,239.43663,0.0,api-refined,Gofret,main_category,1,1,"[""depot:sok-4707""]","[""sok""]",pinned-relative,04.09.2026 08:00,0,1.1
2026-09-04,sugar_snacks,wafer,Gofret,id:12EN,id:12EN,Xroll Muzlu Gofret 350 Gr,0.35,kg,39.0,111.428571,111.428571,1,111.42857,0.0,api-refined,Gofret,main_category,1,1,"[""depot:a101-6815""]","[""a101""]",pinned-relative,04.09.2026 08:00,0,1.1
2026-09-04,sugar_snacks,wafer,Gofret,id:2A22,id:2A22,Şölen Nutymax Antep Fıstıklı Gofret 44 Gr,0.044,kg,39.5,897.727273,897.727273,1,897.72723,0.0,api-refined,Gofret,main_category,1,1,"[""depot:hakmar-5521""]","[""hakmar""]",pinned-relative,04.09.2026 08:05,0,1.1
2026-09-04,sugar_snacks,wafer,Gofret,id:0SLI,id:0SLI,Peki Muzlu Gofret 350 Gr,0.35,kg,52.0,148.571429,148.571429,1,148.57143,0.0,api-refined,Gofret,main_category,1,1,"[""depot:sok-4707""]","[""sok""]",pinned-relative,04.09.2026 08:00,0,1.1
2026-09-04,sugar_snacks,wafer,Gofret,id:01P4,id:01P4,Centro Muzlu Gofret 350 Gr,0.35,kg,52.0,148.571429,148.571429,1,148.57143,0.0,api-refined,Gofret,main_category,1,1,"[""depot:bim-5712""]","[""bim""]",pinned-relative,04.09.2026 08:04,0,1.1
2026-09-04,sugar_snacks,wafer,Gofret,id:0KYA,id:0KYA,Xroll Çikolatalı Ve Fındıklı Gofret 7x33 Gr,0.231,kg,99.0,428.571429,428.571429,1,428.57144,0.0,api-refined,Gofret,main_category,1,1,"[""depot:a101-6815""]","[""a101""]",pinned-relative,04.09.2026 08:06,0,1.1
2026-09-04,sugar_snacks,wafer,Gofret,id:1SDY,id:1SDY,Wafer Master Çikolatalı Küp Gofret 280 Gr,0.28,kg,74.43,265.821429,265.821429,1,265.82144,0.0,api-refined,Gofret,main_category,1,1,"[""depot:carrefour-1012""]","[""carrefour""]",pinned-relative,04.09.2026 08:03,0,1.1
2026-09-04,sugar_snacks,chips,Patates cipsi,id:21LO,id:21LO,Ruffles Ketçaplı Patates Cipsi 125 Gr,0.125,kg,58.0,464.0,464.0,2,464.0,0.0,api-refined,Cips,main_category,2,2,"[""depot:a101-6815"",""depot:hakmar-5521""]","[""a101"",""hakmar""]",pinned-relative,04.09.2026 08:03,0,1.0
2026-09-04,sugar_snacks,chips,Patates cipsi,id:1GNI,id:1GNI,Patito Sade Ketçap Patates Cipsi 150 Gr,0.15,kg,45.0,300.0,300.0,1,300.0,0.0,api-refined,Cips,main_category,1,1,"[""depot:bim-5712""]","[""bim""]",pinned-relative,04.09.2026 08:02,0,1.0
2026-09-04,sugar_snacks,chips,Patates cipsi,id:04OE,id:04OE,Toledo Klasik Patates Cipsi 150 Gr,0.15,kg,45.0,300.0,300.0,1,300.0,0.0,api-refined,Cips,main_category,1,1,"[""depot:hakmar-5521""]","[""hakmar""]",pinned-relative,04.09.2026 08:05,0,1.0
2026-09-04,sugar_snacks,chips,Patates cipsi,id:0BCZ,id:0BCZ,Toledo Tırtıklı Patates Cipsi 150 Gr,0.15,kg,45.0,300.0,300.0,1,300.0,0.0,api-refined,Cips,main_category,1,1,"[""depot:hakmar-5521""]","[""hakmar""]",pinned-relative,04.09.2026 08:05,0,1.0
2026-09-04,sugar_snacks,chips,Patates cipsi,id:2CQZ,id:2CQZ,Toledo Ketçaplı Patates Cipsi 135 Gr,0.135,kg,45.0,333.333333,333.333333,1,333.33334,0.0,api-refined,Cips,main_category,1,1,"[""depot:hakmar-5521""]","[""hakmar""]",pinned-relative,04.09.2026 08:05,0,1.0
2026-09-04,sugar_snacks,chips,Patates cipsi,id:0TMO,id:0TMO,Samba Tırtıklı Patates Cipsi 150 Gr,0.15,kg,46.5,310.0,310.0,1,310.0,0.0,api-refined,Cips,main_category,1,1,"[""depot:a101-6815""]","[""a101""]",pinned-relative,04.09.2026 08:00,0,1.0
2026-09-04,sugar_snacks,chips,Patates cipsi,id:0LFX,id:0LFX,Samba İnce Patates Cipsi 150 Gr,0.15,kg,46.5,310.0,310.0,1,310.0,0.0,api-refined,Cips,main_category,1,1,"[""depot:a101-6815""]","[""a101""]",pinned-relative,04.09.2026 08:06,0,1.0
2026-09-04,sugar_snacks,chips,Patates cipsi,id:1C4H,id:1C4H,Patito Peynir Soğanlı Patates Cipsi 200 Gr,0.2,kg,50.0,250.0,250.0,1,250.0,0.0,api-refined,Cips,main_category,1,1,"[""depot:bim-5712""]","[""bim""]",pinned-relative,04.09.2026 08:01,0,1.0
2026-09-04,sugar_snacks,chips,Patates cipsi,id:1ZWL,id:1ZWL,Lay's Klasik Patates Cipsi 125 Gr,0.125,kg,51.5,412.0,412.0,1,412.0,0.0,api-refined,Cips,main_category,1,1,"[""depot:a101-6815""]","[""a101""]",pinned-relative,04.09.2026 08:05,0,1.0
2026-09-04,sugar_snacks,chips,Patates cipsi,id:1Z0K,id:1Z0K,Cipso Yoğurt & Mevsim Yeşillikli Aromalı Patates Cipsi 125 Gr,0.125,kg,64.0,512.0,512.0,1,512.0,0.0,api-refined,Cips,main_category,1,1,"[""depot:sok-4707""]","[""sok""]",pinned-relative,04.09.2026 08:05,0,1.0
2026-09-04,sugar_snacks,chips,Patates cipsi,id:1J0K,id:1J0K,Ruffles Orijinal Peynirli Soğan Ketçap Patates Cipsi 125 Gr,0.125,kg,51.0,408.0,408.0,1,408.0,0.0,api-refined,Cips,main_category,1,1,"[""depot:bim-5712""]","[""bim""]",pinned-relative,04.09.2026 08:02,0,1.0
2026-09-04,sugar_snacks,chips,Patates cipsi,id:2CPL,id:2CPL,Ruffles Originals Sade Patates Cipsi 125 Gr,0.125,kg,64.5,516.0,516.0,1,516.0,0.0,api-refined,Cips,main_category,1,1,"[""depot:hakmar-5521""]","[""hakmar""]",pinned-relative,04.09.2026 08:05,0,1.0
2026-09-04,sugar_snacks,chips,Patates cipsi,id:2CPM,id:2CPM,Lays Klasik Patates Cipsi 125 Gr,0.125,kg,64.5,516.0,516.0,1,516.0,0.0,api-refined,Cips,main_category,1,1,"[""depot:hakmar-5521""]","[""hakmar""]",pinned-relative,04.09.2026 08:05,0,1.0
2026-09-04,sugar_snacks,chips,Patates cipsi,id:2CPS,id:2CPS,Ruffles Peynir & Soğan Patates Cipsi 125 Gr,0.125,kg,64.5,516.0,516.0,1,516.0,0.0,api-refined,Cips,main_category,1,1,"[""depot:hakmar-5521""]","[""hakmar""]",pinned-relative,04.09.2026 08:05,0,1.0
2026-09-04,sugar_snacks,chips,Patates cipsi,id:2CPT,id:2CPT,Lays Baharatlı Patates Cipsi 125 Gr,0.125,kg,64.5,516.0,516.0,1,516.0,0.0,api-refined,Cips,main_category,1,1,"[""depot:hakmar-5521""]","[""hakmar""]",pinned-relative,04.09.2026 08:05,0,1.0
2026-09-04,sugar_snacks,chips,Patates cipsi,id:1DN7,id:1DN7,Amigo Pesto Sos Çeşnili Patates Cipsi 200 Gr,0.2,kg,65.0,325.0,325.0,1,325.0,0.0,api-refined,Cips,main_category,1,1,"[""depot:sok-4707""]","[""sok""]",pinned-relative,04.09.2026 08:02,0,1.0
2026-09-04,sugar_snacks,chips,Patates cipsi,id:1DFQ,id:1DFQ,Amigo Barbekü Sos Çeşnili Patates Cipsi 200 Gr,0.2,kg,65.0,325.0,325.0,1,325.0,0.0,api-refined,Cips,main_category,1,1,"[""depot:sok-4707""]","[""sok""]",pinned-relative,04.09.2026 08:02,0,1.0
2026-09-04,sugar_snacks,chips,Patates cipsi,id:1AG8,id:1AG8,Patito Pesto Barbekü Aromalı Patates Cipsi 200 Gr,0.2,kg,65.0,325.0,325.0,1,325.0,0.0,api-refined,Cips,main_category,1,1,"[""depot:bim-5712""]","[""bim""]",pinned-relative,04.09.2026 08:01,0,1.0
2026-09-04,sugar_snacks,chips,Patates cipsi,id:1IYP,id:1IYP,Master Potato Original Patates Cipsi 160 Gr,0.16,kg,109.0,681.25,681.25,1,681.25,0.0,api-refined,Cips,main_category,1,1,"[""depot:bim-5712""]","[""bim""]",pinned-relative,04.09.2026 08:02,0,1.0
2026-09-04,sugar_snacks,chips,Patates cipsi,id:2B4A,id:2B4A,Master Potato Patates Cipsi 160 Gr,0.16,kg,119.5,746.875,746.875,1,746.875,0.0,api-refined,Cips,main_category,1,1,"[""depot:hakmar-5521""]","[""hakmar""]",pinned-relative,04.09.2026 08:05,0,1.0
2026-09-04,sugar_snacks,chips,Patates cipsi,id:1CKU,id:1CKU,Lorenz Paprika Aromalı Patates Cipsi 100 Gr,0.1,kg,132.9,1329.0,1329.0,1,1329.0,0.0,api-refined,Cips,main_category,1,1,"[""depot:migros-1991""]","[""migros""]",pinned-relative,04.09.2026 08:01,0,1.0
2026-09-04,sugar_snacks,chips,Patates cipsi,id:2JMQ,id:2JMQ,Argente Kinoalı Patates Cipsi 150 Gr,0.15,kg,329.9,2199.333333,2199.333333,1,2199.3333,0.0,api-refined,Cips,main_category,1,1,"[""depot:migros-1991""]","[""migros""]",pinned-relative,04.09.2026 08:06,0,1.0
2026-09-04,sugar_snacks,nuts,Kuruyemiş,id:1Y3N,id:1Y3N,Tadım Festival Karışık Kuruyemiş 180 Gr,0.18,kg,200.0,1111.111111,1110.925918,3,1111.1112,0.0,api-refined,Kuruyemiş ve Kuru Meyve,main_category,3,3,"[""depot:a101-6815"",""depot:carrefour-1012"",""depot:migros-1991""]","[""a101"",""carrefour"",""migros""]",pinned-relative,04.09.2026 08:04,0,1.1
2026-09-04,sugar_snacks,nuts,Kuruyemiş,id:1FU9,id:1FU9,Altıntop Soslu Karışık Kuruyemiş 150 Gr,0.15,kg,47.5,316.666667,316.666667,1,316.66666,0.0,api-refined,Kuruyemiş ve Kuru Meyve,main_category,1,1,"[""depot:a101-4141""]","[""a101""]",pinned-relative,04.09.2026 08:02,0,1.1
2026-09-04,sugar_snacks,nuts,Kuruyemiş,id:1HW3,id:1HW3,Çerezya Soslu Karışık Kuruyemiş 150 Gr,0.15,kg,59.5,396.666667,396.666667,1,396.6667,0.0,api-refined,Kuruyemiş ve Kuru Meyve,main_category,1,1,"[""depot:a101-6815""]","[""a101""]",pinned-relative,04.09.2026 08:02,0,1.1
2026-09-04,sugar_snacks,nuts,Kuruyemiş,id:0PTY,id:0PTY,Çerezya Tuzlu Karışık Kuruyemiş 200 Gr,0.2,kg,83.5,417.5,417.5,1,417.5,0.0,api-refined,Kuruyemiş ve Kuru Meyve,main_category,1,1,"[""depot:a101-6815""]","[""a101""]",pinned-relative,04.09.2026 08:00,0,1.1
2026-09-04,sugar_snacks,nuts,Kuruyemiş,id:1DET,id:1DET,Migros Ballı Hardal Soslu Karışık Kuruyemiş 200 Gr,0.2,kg,109.9,549.5,549.5,1,549.5,0.0,api-refined,Kuruyemiş ve Kuru Meyve,main_category,1,1,"[""depot:migros-3296""]","[""migros""]",pinned-relative,04.09.2026 08:02,0,1.1
2026-09-04,sugar_snacks,nuts,Kuruyemiş,id:0RGA,id:0RGA,Amigo Karışık Kuruyemiş 150 Gr,0.15,kg,114.5,763.333333,763.333333,1,763.3333,0.0,api-refined,Kuruyemiş ve Kuru Meyve,main_category,1,1,"[""depot:sok-1017""]","[""sok""]",pinned-relative,04.09.2026 08:00,0,1.1
2026-09-04,sugar_snacks,nuts,Kuruyemiş,id:0N3N,id:0N3N,Tadım Klasik Karışık Kuruyemiş 180 Gr,0.18,kg,127.95,710.833333,710.833333,1,710.8333,0.0,api-refined,Kuruyemiş ve Kuru Meyve,main_category,1,1,"[""depot:a101-6815""]","[""a101""]",pinned-relative,04.09.2026 08:06,0,1.1
2026-09-04,sugar_snacks,nuts,Kuruyemiş,id:20M3,id:20M3,Soslu Karışık Kuruyemiş 200 Gr,0.2,kg,163.9,819.5,819.5,1,819.5,0.0,api-refined,Kuruyemiş ve Kuru Meyve,main_category,1,1,"[""depot:migros-1991""]","[""migros""]",pinned-relative,04.09.2026 08:02,0,1.1
2026-09-04,sugar_snacks,nuts,Kuruyemiş,id:08G4,id:08G4,Migros Çiğ Karışık Kuruyemiş 200 Gr,0.2,kg,169.9,849.5,849.5,1,849.49994,0.0,api-refined,Kuruyemiş ve Kuru Meyve,main_category,1,1,"[""depot:migros-1991""]","[""migros""]",pinned-relative,04.09.2026 08:05,0,1.1
2026-09-04,sugar_snacks,nuts,Kuruyemiş,id:0373,id:0373,Tarım Kredi Karışık Kuruyemiş Doypack 200 Gr,0.2,kg,169.9,849.5,849.5,1,849.49994,0.0,api-refined,Kuruyemiş ve Kuru Meyve,main_category,1,1,"[""depot:tarim_kredi-5022""]","[""tarim_kredi""]",pinned-relative,04.09.2026 08:04,0,1.1
2026-09-04,sugar_snacks,nuts,Kuruyemiş,id:0K1Q,id:0K1Q,Tarım Kredi Doypack Çiğ Karışık Kuruyemiş 200 Gr,0.2,kg,169.9,849.5,849.5,1,849.49994,0.0,api-refined,Kuruyemiş ve Kuru Meyve,main_category,1,1,"[""depot:tarim_kredi-5022""]","[""tarim_kredi""]",pinned-relative,04.09.2026 08:06,0,1.1
2026-09-04,sugar_snacks,nuts,Kuruyemiş,id:0QXY,id:0QXY,Migros Karışık Kuruyemiş 200 Gr,0.2,kg,173.9,869.5,869.5,1,869.5,0.0,api-refined,Kuruyemiş ve Kuru Meyve,main_category,1,1,"[""depot:migros-1991""]","[""migros""]",pinned-relative,04.09.2026 08:00,0,1.1
2026-09-04,sugar_snacks,nuts,Kuruyemiş,id:046L,id:046L,Amigo Lüks Kabuksuz Karışık Kuruyemiş 200 Gr,0.2,kg,195.0,975.0,975.0,1,975.0,0.0,api-refined,Kuruyemiş ve Kuru Meyve,main_category,1,1,"[""depot:sok-4707""]","[""sok""]",pinned-relative,04.09.2026 08:04,0,1.1
2026-09-04,sugar_snacks,nuts,Kuruyemiş,id:126E,id:126E,Çerezya Premium Karışık Kuruyemiş 200 Gr,0.2,kg,195.0,975.0,975.0,1,975.0,0.0,api-refined,Kuruyemiş ve Kuru Meyve,main_category,1,1,"[""depot:a101-6815""]","[""a101""]",pinned-relative,04.09.2026 08:00,0,1.1
2026-09-04,sugar_snacks,nuts,Kuruyemiş,id:00Z1,id:00Z1,Simbat Party Çiğ Karışık Kuruyemiş 200 Gr,0.2,kg,195.0,975.0,975.0,1,975.0,0.0,api-refined,Kuruyemiş ve Kuru Meyve,main_category,1,1,"[""depot:bim-5712""]","[""bim""]",pinned-relative,04.09.2026 08:04,0,1.1
2026-09-04,sugar_snacks,nuts,Kuruyemiş,id:0NOK,id:0NOK,Migros 5li Kavrulmuş Karışık Kuruyemiş 200 Gr,0.2,kg,199.0,995.0,995.0,1,995.0,0.0,api-refined,Kuruyemiş ve Kuru Meyve,main_category,1,1,"[""depot:migros-4479""]","[""migros""]",pinned-relative,04.09.2026 07:59,0,1.1
2026-09-04,sugar_snacks,nuts,Kuruyemiş,id:0NYI,id:0NYI,Karışık Kuruyemiş Extra 400 Gr,0.4,kg,449.9,1124.75,1124.75,1,1124.75,0.0,api-refined,Kuruyemiş ve Kuru Meyve,main_category,1,1,"[""depot:migros-1991""]","[""migros""]",pinned-relative,04.09.2026 07:59,0,1.1
2026-09-04,sugar_snacks,icecream,Dondurma,id:03DQ,id:03DQ,Tatdo Sade Kase Dondurma 100 Gr,0.1,kg,34.75,347.5,347.5,1,347.5,0.0,api-refined,Dondurmalar,main_category,1,1,"[""depot:hakmar-5521""]","[""hakmar""]",pinned-relative,04.09.2026 08:04,0,1.1
2026-09-04,sugar_snacks,icecream,Dondurma,id:04EF,id:04EF,Tatdo Sade Dondurma 1 Kg,1.0,kg,239.75,239.75,239.75,1,239.75,0.0,api-refined,Dondurmalar,main_category,1,1,"[""depot:hakmar-5521""]","[""hakmar""]",pinned-relative,04.09.2026 08:05,0,1.1
2026-09-04,sugar_snacks,halva,Helva,id:1OSV,id:1OSV,Koska Keçiboynuzlu Fındıklı Tahin Helva 200 Gr,0.2,kg,117.95,589.75,589.75,1,589.75,0.0,api-refined,Helva Tahin ve Pekmez,main_category,1,1,"[""depot:carrefour-1012""]","[""carrefour""]",pinned-relative,04.09.2026 08:03,0,1.1
2026-09-04,sugar_snacks,halva,Helva,id:1Z3S,id:1Z3S,Torku Sade Tahin Helva 500 Gr,0.5,kg,146.95,293.9,293.9,1,293.9,0.0,api-refined,Helva Tahin ve Pekmez,main_category,1,1,"[""depot:migros-1991""]","[""migros""]",pinned-relative,04.09.2026 08:05,0,1.1
2026-09-04,sugar_snacks,halva,Helva,id:1PPI,id:1PPI,Koska Sade Tahin Helvası 500 Gr,0.5,kg,169.0,338.0,338.0,3,338.0,0.0,api-refined,Helva Tahin ve Pekmez,main_category,3,3,"[""depot:carrefour-1012"",""depot:migros-1991"",""depot:sok-4707""]","[""carrefour"",""migros"",""sok""]",pinned-relative,04.09.2026 08:03,0,1.0
2026-09-04,sugar_snacks,halva,Helva,id:1Z5K,id:1Z5K,Gülsan Sade Tahin Helvası 500 Gr,0.5,kg,51.45,102.9,102.9,1,102.9,0.0,api-refined,Helva Tahin ve Pekmez,main_category,1,1,"[""depot:carrefour-1012""]","[""carrefour""]",pinned-relative,04.09.2026 08:05,0,1.0
2026-09-04,sugar_snacks,halva,Helva,id:207D,id:207D,Gülsan Kakaolu Tahin Helvası 500 Gr,0.5,kg,60.95,121.9,121.9,1,121.9,0.0,api-refined,Helva Tahin ve Pekmez,main_category,1,1,"[""depot:carrefour-1012""]","[""carrefour""]",pinned-relative,04.09.2026 08:02,0,1.0
2026-09-04,sugar_snacks,halva,Helva,id:0WVR,id:0WVR,Migros Kakaolu Tahin Helvası 500 Gr,0.5,kg,64.95,129.9,129.9,1,129.9,0.0,api-refined,Helva Tahin ve Pekmez,main_category,1,1,"[""depot:migros-1991""]","[""migros""]",pinned-relative,04.09.2026 08:01,0,1.0
2026-09-04,sugar_snacks,halva,Helva,id:0SFH,id:0SFH,Taşkale Tahin Helvası Kakaolu 500 Gr,0.5,kg,70.0,140.0,140.0,1,140.0,0.0,api-refined,Helva Tahin ve Pekmez,main_category,1,1,"[""depot:sok-4707""]","[""sok""]",pinned-relative,04.09.2026 08:00,0,1.0
2026-09-04,sugar_snacks,halva,Helva,id:0Y43,id:0Y43,Taşkale Tahin Helvası Sade 500 Gr,0.5,kg,70.0,140.0,140.0,1,140.0,0.0,api-refined,Helva Tahin ve Pekmez,main_category,1,1,"[""depot:sok-4707""]","[""sok""]",pinned-relative,04.09.2026 08:01,0,1.0
2026-09-04,sugar_snacks,halva,Helva,id:0A6I,id:0A6I,Tarım Kredi Keçiboynuzlu Tahin Helvası 500 Gr,0.5,kg,79.9,159.8,159.8,1,159.8,0.0,api-refined,Helva Tahin ve Pekmez,main_category,1,1,"[""depot:tarim_kredi-5022""]","[""tarim_kredi""]",pinned-relative,04.09.2026 08:05,0,1.0
2026-09-04,sugar_snacks,halva,Helva,id:1J07,id:1J07,Gülsan Sade Tahin Helvası Kürek 300 Gr,0.3,kg,95.9,319.666667,319.666667,1,319.6667,0.0,api-refined,Helva Tahin ve Pekmez,main_category,1,1,"[""depot:carrefour-1012""]","[""carrefour""]",pinned-relative,04.09.2026 08:02,0,1.0
2026-09-04,sugar_snacks,halva,Helva,id:1KOV,id:1KOV,Gülsan Kakaolu Tahin Helvası Kürek 300 Gr,0.3,kg,102.9,343.0,343.0,1,343.0,0.0,api-refined,Helva Tahin ve Pekmez,main_category,1,1,"[""depot:carrefour-1012""]","[""carrefour""]",pinned-relative,04.09.2026 08:02,0,1.0
2026-09-04,sugar_snacks,halva,Helva,id:1XP0,id:1XP0,Seyidoğlu Sade Tahin Helvası 500 Gr,0.5,kg,119.0,238.0,238.0,1,238.0,0.0,api-refined,Helva Tahin ve Pekmez,main_category,1,1,"[""depot:sok-4707""]","[""sok""]",pinned-relative,04.09.2026 08:04,0,1.0
2026-09-04,sugar_snacks,halva,Helva,id:1W8P,id:1W8P,Seyidoğlu Kakaolu Tahin Helvası 500 Gr,0.5,kg,119.0,238.0,238.0,1,238.0,0.0,api-refined,Helva Tahin ve Pekmez,main_category,1,1,"[""depot:sok-1017""]","[""sok""]",pinned-relative,04.09.2026 08:04,0,1.0
2026-09-04,sugar_snacks,halva,Helva,id:1PT5,id:1PT5,Koska Fındık Püreli Tahin Helvası 200 Gr,0.2,kg,126.95,634.75,634.75,1,634.75,0.0,api-refined,Helva Tahin ve Pekmez,main_category,1,1,"[""depot:carrefour-1012""]","[""carrefour""]",pinned-relative,04.09.2026 08:03,0,1.0
2026-09-04,sugar_snacks,halva,Helva,id:0S48,id:0S48,Taşkale Tahin Helvası Antep Fıstıklı 500 Gr,0.5,kg,150.0,300.0,300.0,1,300.0,0.0,api-refined,Helva Tahin ve Pekmez,main_category,1,1,"[""depot:sok-4707""]","[""sok""]",pinned-relative,04.09.2026 08:00,0,1.0
2026-09-04,sugar_snacks,halva,Helva,id:081J,id:081J,Tarım Kredi Antep Fıstıklı Tahin Helvası 500 Gr,0.5,kg,139.9,279.8,279.8,1,279.8,0.0,api-refined,Helva Tahin ve Pekmez,main_category,1,1,"[""depot:tarim_kredi-5022""]","[""tarim_kredi""]",pinned-relative,04.09.2026 08:05,0,1.0
2026-09-04,sugar_snacks,halva,Helva,id:1LTP,id:1LTP,Koska Kakaolu Tahin Helvası 500 Gr,0.5,kg,169.0,338.0,338.0,1,338.0,0.0,api-refined,Helva Tahin ve Pekmez,main_category,1,1,"[""depot:sok-4707""]","[""sok""]",pinned-relative,04.09.2026 08:02,0,1.0
2026-09-04,sugar_snacks,halva,Helva,id:1HJF,id:1HJF,Pol's Gurme Serisi Yerli Susam Tahin Helvası 300 Gr,0.3,kg,209.95,699.833333,699.833333,1,699.8333,0.0,api-refined,Helva Tahin ve Pekmez,main_category,1,1,"[""depot:migros-1991""]","[""migros""]",pinned-relative,04.09.2026 08:02,0,1.0
2026-09-04,sugar_snacks,spread,Kakaolu fındık kreması,id:1W4A,id:1W4A,Torku Banada Kakaolu Fındık Kreması 400 Gr,0.4,kg,158.5,396.25,401.8125,1,396.25,0.0,api-refined,Çikolatalı Kremalar,sub_category,2,1,"[""depot:a101-6815""]","[""a101""]",pinned-relative,04.09.2026 08:04,0,1.05
2026-09-04,sugar_snacks,spread,Kakaolu fındık kreması,id:1T2H,id:1T2H,Nuga Kakaolu Fındık Kreması 350 Gr,0.35,kg,210.725,602.071429,602.071429,2,602.0714,0.0,api-refined,Çikolatalı Kremalar,sub_category,2,2,"[""depot:carrefour-1012"",""depot:migros-3296""]","[""carrefour"",""migros""]",pinned-relative,04.09.2026 08:04,0,1.05
2026-09-04,sugar_snacks,spread,Kakaolu fındık kreması,id:09Q9,id:09Q9,Sarelle Kakaolu Fındık Kreması 700 Gr,0.7,kg,286.5,409.285714,409.285714,2,409.28571,0.0,api-refined,Çikolatalı Kremalar,sub_category,2,2,"[""depot:bim-5712"",""depot:hakmar-5521""]","[""bim"",""hakmar""]",pinned-relative,04.09.2026 08:05,0,1.05
2026-09-04,sugar_snacks,spread,Kakaolu fındık kreması,id:1RC3,id:1RC3,Nutella Kakaolu Fındık Kreması 750 Gr,0.75,kg,314.95,419.933333,419.933333,2,419.93335,0.0,api-refined,Çikolatalı Kremalar,sub_category,2,2,"[""depot:carrefour-5254"",""depot:migros-1991""]","[""carrefour"",""migros""]",pinned-relative,04.09.2026 08:03,0,1.05
2026-09-04,sugar_snacks,spread,Kakaolu fındık kreması,id:1Y2M,id:1Y2M,Çokokrem Kakaolu Fındık Kreması 20 Gr,0.02,kg,6.0,300.0,300.0,1,300.0,0.0,api-refined,Çikolatalı Kremalar,sub_category,1,1,"[""depot:bim-5712""]","[""bim""]",pinned-relative,04.09.2026 08:04,0,1.05
2026-09-04,sugar_snacks,spread,Kakaolu fındık kreması,id:114L,id:114L,Şokoley Kakaolu Fındık Kreması 500 Gr,0.5,kg,79.0,158.0,158.0,1,158.0,0.0,api-refined,Çikolatalı Kremalar,sub_category,1,1,"[""depot:a101-6815""]","[""a101""]",pinned-relative,04.09.2026 08:00,0,1.05
2026-09-04,sugar_snacks,spread,Kakaolu fındık kreması,id:01A7,id:01A7,Seyidoğlu Boool Fındık Kreması 500 Gr,0.5,kg,79.5,159.0,159.0,1,159.0,0.0,api-refined,Çikolatalı Kremalar,sub_category,1,1,"[""depot:hakmar-5521""]","[""hakmar""]",pinned-relative,04.09.2026 08:04,0,1.05
2026-09-04,sugar_snacks,spread,Kakaolu fındık kreması,id:1YEB,id:1YEB,Sayley Sütlü Fındık Kreması 500 Gr,0.5,kg,85.0,170.0,170.0,1,170.0,0.0,api-refined,Çikolatalı Kremalar,sub_category,1,1,"[""depot:bim-5712""]","[""bim""]",pinned-relative,04.09.2026 08:04,0,1.05
2026-09-04,sugar_snacks,spread,Kakaolu fındık kreması,id:0QUT,id:0QUT,Frema Kakaolu Fındık Kreması 400 Gr,0.4,kg,99.5,248.75,248.75,1,248.75,0.0,api-refined,Çikolatalı Kremalar,sub_category,1,1,"[""depot:a101-6815""]","[""a101""]",pinned-relative,04.09.2026 08:00,0,1.05
2026-09-04,sugar_snacks,spread,Kakaolu fındık kreması,id:0ZNK,id:0ZNK,Karmen Kakaolu Fındık Kreması 400 Gr,0.4,kg,119.0,297.5,297.5,1,297.5,0.0,api-refined,Çikolatalı Kremalar,sub_category,1,1,"[""depot:sok-4707""]","[""sok""]",pinned-relative,04.09.2026 08:01,0,1.05
2026-09-04,sugar_snacks,spread,Kakaolu fındık kreması,id:07CH,id:07CH,Peripella Kakaolu Fındık Kreması 400 Gr,0.4,kg,119.0,297.5,297.5,1,297.5,0.0,api-refined,Çikolatalı Kremalar,sub_category,1,1,"[""depot:bim-5712""]","[""bim""]",pinned-relative,04.09.2026 08:05,0,1.05
2026-09-04,sugar_snacks,spread,Kakaolu fındık kreması,id:1A5P,id:1A5P,Peripella Kakaolu Fındık Kreması 630 Gr,0.63,kg,129.0,204.761905,204.761905,1,204.7619,0.0,api-refined,Çikolatalı Kremalar,sub_category,1,1,"[""depot:bim-5712""]","[""bim""]",pinned-relative,04.09.2026 08:01,0,1.05
2026-09-04,sugar_snacks,spread,Kakaolu fındık kreması,id:1O67,id:1O67,Fiskobirlik Sütlü Kakaolu Fındık Kreması 1.5 Kg,1.5,kg,149.0,99.333333,99.333333,1,99.33333,0.0,api-refined,Çikolatalı Kremalar,sub_category,1,1,"[""depot:bim-5712""]","[""bim""]",pinned-relative,04.09.2026 08:02,0,1.05
2026-09-04,sugar_snacks,spread,Kakaolu fındık kreması,id:29WG,id:29WG,Nutella Fındık Kreması 400 Gr,0.4,kg,189.0,472.5,472.5,1,472.5,0.0,api-refined,Çikolatalı Kremalar,sub_category,1,1,"[""depot:hakmar-5521""]","[""hakmar""]",pinned-relative,04.09.2026 08:04,0,1.05
2026-09-04,sugar_snacks,spread,Kakaolu fındık kreması,id:1NYL,id:1NYL,Fiskobirlik Nuga Sütlü Fındık Kreması 350 Gr,0.35,kg,244.95,699.857143,699.857143,1,699.8571,0.0,api-refined,Çikolatalı Kremalar,sub_category,1,1,"[""depot:migros-564""]","[""migros""]",pinned-relative,04.09.2026 08:02,0,1.05
2026-09-04,sugar_snacks,spread,Kakaolu fındık kreması,id:0PNL,id:0PNL,Torku Banada Fındık Kreması 700 Gr,0.7,kg,259.0,370.0,370.0,1,370.0,0.0,api-refined,Çikolatalı Kremalar,sub_category,1,1,"[""depot:hakmar-5521""]","[""hakmar""]",pinned-relative,04.09.2026 08:00,0,1.05
2026-09-04,sugar_snacks,spread,Kakaolu fındık kreması,id:0U4F,id:0U4F,Nutella Kakaolu Fındık Kreması 630 Gr,0.63,kg,265.0,420.634921,420.634921,1,420.63492,0.0,api-refined,Çikolatalı Kremalar,sub_category,1,1,"[""depot:bim-5712""]","[""bim""]",pinned-relative,04.09.2026 08:01,0,1.05
2026-09-04,sugar_snacks,spread,Kakaolu fındık kreması,id:1HBM,id:1HBM,Sarelle Kakaolu Fındık Kreması 2x350 Gr,0.7,kg,289.0,412.857143,412.857143,1,412.85715,0.0,api-refined,Çikolatalı Kremalar,sub_category,1,1,"[""depot:a101-6815""]","[""a101""]",pinned-relative,04.09.2026 08:02,0,1.05
2026-09-04,sugar_snacks,candy,Şekerleme,id:1WNM,id:1WNM,Haribo Mega Roulette Meyve Aromalı Yumuşak Şekerleme 45 Gr,0.045,kg,23.725,527.222222,527.222222,4,527.22223,0.0,api-refined,Sakız ve Şekerleme,main_category,4,4,"[""depot:carrefour-1012"",""depot:migros-4479"",""depot:sok-4707"",""depot:tarim_kredi-5022""]","[""carrefour"",""migros"",""sok"",""tarim_kredi""]",pinned-relative,04.09.2026 08:04,0,1.1
2026-09-04,sugar_snacks,candy,Şekerleme,id:1PLM,id:1PLM,Chupa Chups Fizzy Drinks Lolipop Şekerleme 15 Gr,0.015,kg,13.475,898.333333,898.333333,2,898.33335,0.0,api-refined,Sakız ve Şekerleme,main_category,2,2,"[""depot:carrefour-1012"",""depot:migros-564""]","[""carrefour"",""migros""]",pinned-relative,04.09.2026 08:03,0,1.1
2026-09-04,sugar_snacks,candy,Şekerleme,id:1B1Z,id:1B1Z,Migros Kürecik Meyve Aromalı Çiğnenebilir Şekerleme 25 Gr,0.025,kg,11.95,478.0,478.0,1,478.0,0.0,api-refined,Sakız ve Şekerleme,main_category,1,1,"[""depot:migros-1991""]","[""migros""]",pinned-relative,04.09.2026 08:01,0,1.1
2026-09-04,sugar_snacks,candy,Şekerleme,id:1AKI,id:1AKI,Migros Kürecik Ekşi Kaplamalı Karışık Meyve Aromalı Şekerleme 25 Gr,0.025,kg,11.95,478.0,478.0,1,478.0,0.0,api-refined,Sakız ve Şekerleme,main_category,1,1,"[""depot:migros-1991""]","[""migros""]",pinned-relative,04.09.2026 08:01,0,1.1
2026-09-04,sugar_snacks,candy,Şekerleme,id:0Y7V,id:0Y7V,Vegilet Nane Çilek Damla Sakız Şekerleme 21 Gr,0.021,kg,27.0,1285.714286,1285.714286,1,1285.7142,0.0,api-refined,Sakız ve Şekerleme,main_category,1,1,"[""depot:a101-6815""]","[""a101""]",pinned-relative,04.09.2026 08:01,0,1.1
2026-09-04,sugar_snacks,candy,Şekerleme,id:1KR1,id:1KR1,Ülker Yupo Kolalı Şekerleme 80 Gr,0.08,kg,39.95,499.375,499.375,1,499.37503,0.0,api-refined,Sakız ve Şekerleme,main_category,1,1,"[""depot:carrefour-5254""]","[""carrefour""]",pinned-relative,04.09.2026 08:02,0,1.1
2026-09-04,sugar_snacks,candy,Şekerleme,id:0KBE,id:0KBE,Haribo Ekşili Solucan Karışık Yumuşak Şekerleme 70 Gr,0.07,kg,51.45,735.0,735.0,1,735.0,0.0,api-refined,Sakız ve Şekerleme,main_category,1,1,"[""depot:migros-1991""]","[""migros""]",pinned-relative,04.09.2026 08:06,0,1.1
2026-09-04,sugar_snacks,candy,Şekerleme,id:0L4E,id:0L4E,Haribo Sour Goldbears Meyve Sulu Şekerleme 70 Gr,0.07,kg,51.45,735.0,735.0,1,735.0,0.0,api-refined,Sakız ve Şekerleme,main_category,1,1,"[""depot:migros-1991""]","[""migros""]",pinned-relative,04.09.2026 08:06,0,1.1
2026-09-04,sugar_snacks,candy,Şekerleme,id:1QXH,id:1QXH,Haribo Fizz Mix Karışık Yumuşak Şekerleme 70 Gr,0.07,kg,51.45,735.0,735.0,1,735.0,0.0,api-refined,Sakız ve Şekerleme,main_category,1,1,"[""depot:migros-1991""]","[""migros""]",pinned-relative,04.09.2026 08:03,0,1.1
2026-09-04,sugar_snacks,candy,Şekerleme,id:0X6O,id:0X6O,Mentos 2 Saat Yoğun Nane Aromalı Tablet Şekerleme 21 Gr,0.021,kg,54.45,2592.857143,2592.857143,1,2592.8572,0.0,api-refined,Sakız ve Şekerleme,main_category,1,1,"[""depot:migros-4479""]","[""migros""]",pinned-relative,04.09.2026 08:01,0,1.1
2026-09-04,sugar_snacks,candy,Şekerleme,id:0U3W,id:0U3W,Flipperz SpongeBob Meyve Aromalı Şekerleme 10 Gr,0.01,kg,88.95,8895.0,8895.0,1,8894.999,0.0,api-refined,Sakız ve Şekerleme,main_category,1,1,"[""depot:migros-1991""]","[""migros""]",pinned-relative,04.09.2026 08:01,0,1.1
2026-09-04,sugar_snacks,candy,Şekerleme,id:0WJ4,id:0WJ4,Flipperz Hello Kitty Meyve Aromalı Şekerleme 10 Gr,0.01,kg,88.95,8895.0,8895.0,1,8894.999,0.0,api-refined,Sakız ve Şekerleme,main_category,1,1,"[""depot:migros-1991""]","[""migros""]",pinned-relative,04.09.2026 08:01,0,1.1
2026-09-04,sugar_snacks,candy,Şekerleme,id:0TUB,id:0TUB,Flipperz Paw Patrol Meyve Aromalı Şekerleme 10 Gr,0.01,kg,88.95,8895.0,8895.0,1,8894.999,0.0,api-refined,Sakız ve Şekerleme,main_category,1,1,"[""depot:migros-1991""]","[""migros""]",pinned-relative,04.09.2026 08:01,0,1.1
2026-09-04,sugar_snacks,candy,Şekerleme,id:1BEG,id:1BEG,Servet Şekerleme Antep Fıstığı Bar 20 Gr,0.02,kg,109.95,5497.5,5497.5,1,5497.5,0.0,api-refined,Sakız ve Şekerleme,main_category,1,1,"[""depot:migros-1991""]","[""migros""]",pinned-relative,04.09.2026 08:01,0,1.1
2026-09-04,sugar_snacks,candy,Şekerleme,id:0TUC,id:0TUC,Haribo Happy Kola Aromalı Yumuşak Şekerleme 200 Gr,0.2,kg,114.45,572.25,572.25,1,572.25,0.0,api-refined,Sakız ve Şekerleme,main_category,1,1,"[""depot:migros-1991""]","[""migros""]",pinned-relative,04.09.2026 08:01,0,1.1
2026-09-04,other_food,tomato_paste,Salça,id:1I61,id:1I61,Tat Domates Salçası 830 Gr,0.83,kg,80.925,97.5,97.5,4,97.5,0.0,api-refined,Salça,main_category,4,4,"[""depot:bim-5712"",""depot:carrefour-5254"",""depot:migros-1991"",""depot:sok-4707""]","[""bim"",""carrefour"",""migros"",""sok""]",pinned-relative,04.09.2026 08:02,0,1.05
2026-09-04,other_food,tomato_paste,Salça,id:20PN,id:20PN,Tukaş Domates Salçası 1.65 Kg,1.65,kg,135.0,81.818182,81.818182,3,81.81818,0.0,api-refined,Salça,main_category,3,3,"[""depot:a101-4217"",""depot:bim-5712"",""depot:migros-1991""]","[""a101"",""bim"",""migros""]",pinned-relative,04.09.2026 08:02,0,1.05
2026-09-04,other_food,tomato_paste,Salça,id:1ZHR,id:1ZHR,Tat Domates Salçası 1.5 Kg,1.5,kg,149.95,99.966667,99.966667,3,99.96667,0.0,api-refined,Salça,main_category,3,3,"[""depot:bim-5712"",""depot:carrefour-1012"",""depot:migros-1991""]","[""bim"",""carrefour"",""migros""]",pinned-relative,04.09.2026 08:05,0,1.05
2026-09-04,other_food,tomato_paste,Salça,id:20VU,id:20VU,Öncü Domates Salçası 1.65 Kg,1.65,kg,239.95,145.424242,145.424242,3,145.42424,0.0,api-refined,Salça,main_category,3,3,"[""depot:a101-6815"",""depot:carrefour-5254"",""depot:migros-1991""]","[""a101"",""carrefour"",""migros""]",pinned-relative,04.09.2026 08:03,0,1.05
2026-09-04,other_food,tomato_paste,Salça,id:1UKT,id:1UKT,Tamek Domates Salçası 1.5 Kg,1.5,kg,129.0,86.0,112.983333,1,86.0,0.0,api-refined,Salça,main_category,1,1,"[""depot:bim-5712""]","[""bim""]",pinned-relative,04.09.2026 08:04,0,1.05
2026-09-04,other_food,tomato_paste,Salça,id:1ZKZ,id:1ZKZ,Tat Domates Salçası 170 Gr,0.17,kg,39.95,235.0,235.0,1,235.0,0.0,api-refined,Salça,main_category,1,1,"[""depot:carrefour-1012""]","[""carrefour""]",pinned-relative,04.09.2026 08:05,0,1.05
2026-09-04,other_food,tomato_paste,Salça,id:0TO8,id:0TO8,Migros Domates Salçası 830 Gr,0.83,kg,49.0,59.036145,59.036145,1,59.036144,0.0,api-refined,Salça,main_category,1,1,"[""depot:migros-1991""]","[""migros""]",pinned-relative,04.09.2026 08:00,0,1.05
2026-09-04,other_food,tomato_paste,Salça,id:035J,id:035J,Çokça Domates Salçası 28-30 Brix 830 Gr,0.83,kg,52.0,62.650602,62.650602,1,62.650604,0.0,api-refined,Salça,main_category,1,1,"[""depot:a101-6815""]","[""a101""]",pinned-relative,04.09.2026 08:04,0,1.05
2026-09-04,other_food,tomato_paste,Salça,id:0X7M,id:0X7M,Bizim Vatan Domates Salçası 830 Gr,0.83,kg,55.0,66.26506,66.26506,1,66.26506,0.0,api-refined,Salça,main_category,1,1,"[""depot:sok-4707""]","[""sok""]",pinned-relative,04.09.2026 08:01,0,1.05
2026-09-04,other_food,tomato_paste,Salça,id:02YV,id:02YV,Yurda Domates Salçası 830 Gr,0.83,kg,55.0,66.26506,66.26506,1,66.26506,0.0,api-refined,Salça,main_category,1,1,"[""depot:hakmar-5521""]","[""hakmar""]",pinned-relative,04.09.2026 08:04,0,1.05
2026-09-04,other_food,tomato_paste,Salça,id:1ZZK,id:1ZZK,Tat Cam Domates Salçası 360 Gr,0.36,kg,69.95,194.305556,194.305556,1,194.30556,0.0,api-refined,Salça,main_category,1,1,"[""depot:carrefour-1012""]","[""carrefour""]",pinned-relative,04.09.2026 08:05,0,1.05
2026-09-04,other_food,tomato_paste,Salça,id:1AN9,id:1AN9,Migros Domates Salçası Cam 700 Gr,0.7,kg,71.95,102.785714,102.785714,1,102.785706,0.0,api-refined,Salça,main_category,1,1,"[""depot:migros-1991""]","[""migros""]",pinned-relative,04.09.2026 08:01,0,1.05
2026-09-04,other_food,tomato_paste,Salça,id:08IJ,id:08IJ,Kazova Cam Domates Salçası 720 Gr,0.72,kg,79.5,110.416667,110.416667,1,110.416664,0.0,api-refined,Salça,main_category,1,1,"[""depot:hakmar-5521""]","[""hakmar""]",pinned-relative,04.09.2026 08:05,0,1.05
2026-09-04,other_food,tomato_paste,Salça,id:1YQD,id:1YQD,Tukaş Domates Salçası Cam 700 Gr,0.7,kg,107.95,154.214286,154.214286,1,154.21428,0.0,api-refined,Salça,main_category,1,1,"[""depot:migros-1991""]","[""migros""]",pinned-relative,04.09.2026 08:05,0,1.05
2026-09-04,other_food,tomato_paste,Salça,id:3X5R,id:3X5R,Tat Domates Salçası Cam 710 Gr,0.71,kg,109.95,154.859155,154.859155,1,154.85916,0.0,api-refined,Salça,main_category,1,1,"[""depot:migros-1991""]","[""migros""]",pinned-relative,04.09.2026 08:03,0,1.05
2026-09-04,other_food,tomato_paste,Salça,id:239B,id:239B,Tat Domates Salçası 710 Gr,0.71,kg,109.95,154.859155,154.859155,1,154.85916,0.0,api-refined,Salça,main_category,1,1,"[""depot:carrefour-5254""]","[""carrefour""]",pinned-relative,04.09.2026 08:03,0,1.05
2026-09-04,other_food,tomato_paste,Salça,id:0L4Y,id:0L4Y,Öncü Domates Salçası Cam 700 Gr,0.7,kg,119.95,171.357143,171.357143,1,171.35715,0.0,api-refined,Salça,main_category,1,1,"[""depot:migros-6679""]","[""migros""]",pinned-relative,04.09.2026 08:06,0,1.05
2026-09-04,other_food,tomato_paste,Salça,id:1S3N,id:1S3N,Tat Köy Domates Salçası 560 Gr,0.56,kg,149.95,267.767857,267.767857,1,267.76785,0.0,api-refined,Salça,main_category,2,1,"[""depot:carrefour-1012""]","[""carrefour""]",pinned-relative,04.09.2026 08:03,0,1.05
2026-09-04,other_food,tomato_paste,Salça,id:17Q2,id:17Q2,City Farm Organik Domates Salçası 650 Gr,0.65,kg,247.9,381.384615,381.384615,1,381.3846,0.0,api-refined,Salça,main_category,1,1,"[""depot:carrefour-1012""]","[""carrefour""]",pinned-relative,04.09.2026 08:01,0,1.05
2026-09-04,other_food,tomato_paste,Salça,id:0ESF,id:0ESF,Sade Organik Domates Salçası 650 Gr,0.65,kg,257.9,396.769231,396.769231,1,396.76923,0.0,api-refined,Salça,main_category,1,1,"[""depot:carrefour-1012""]","[""carrefour""]",pinned-relative,04.09.2026 08:06,0,1.05
2026-09-04,other_food,tomato_paste,Salça,id:0ZHG,id:0ZHG,Bizim Vatan Domates Salçası 4.3 Kg,4.3,kg,275.0,63.953488,63.953488,1,63.953487,0.0,api-refined,Salça,main_category,1,1,"[""depot:sok-4707""]","[""sok""]",pinned-relative,04.09.2026 08:01,0,1.05
2026-09-04,other_food,tomato_paste,Salça,id:1389,id:1389,Öncü Domates Salçası 4.3 Kg,4.3,kg,385.0,89.534884,89.534884,1,89.53489,0.0,api-refined,Salça,main_category,1,1,"[""depot:a101-9324""]","[""a101""]",pinned-relative,04.09.2026 08:00,0,1.05
2026-09-04,other_food,lentils,Mercimek,id:0RDI,id:0RDI,Yayla Yeşil Mercimek 1 Kg,1.0,kg,93.725,93.725,93.725,2,93.725,0.0,api-refined,Bakliyat,main_category,2,2,"[""depot:a101-4217"",""depot:migros-1991""]","[""a101"",""migros""]",pinned-relative,04.09.2026 08:00,0,1.1
2026-09-04,other_food,lentils,Mercimek,id:1TUZ,id:1TUZ,Hasata Mardin Kırmızı Mercimek 1 Kg,1.0,kg,113.99,113.99,106.97,1,113.99,0.0,api-refined,Bakliyat,main_category,2,1,"[""depot:carrefour-5036""]","[""carrefour""]",pinned-relative,04.09.2026 08:04,0,1.1
2026-09-04,other_food,lentils,Mercimek,id:1T24,id:1T24,Reis Kırmızı Mercimek 1 Kg,1.0,kg,179.95,179.95,181.373452,2,179.95,0.0,api-refined,Bakliyat,main_category,2,2,"[""depot:carrefour-1012"",""depot:migros-1991""]","[""carrefour"",""migros""]",pinned-relative,04.09.2026 08:04,0,1.1
2026-09-04,other_food,lentils,Mercimek,id:0U0T,id:0U0T,Reis Yeşil Mercimek 1 Kg,1.0,kg,191.95,191.95,191.95,2,191.95,0.0,api-refined,Bakliyat,main_category,2,2,"[""depot:carrefour-1012"",""depot:migros-1991""]","[""carrefour"",""migros""]",pinned-relative,04.09.2026 08:00,0,1.1
2026-09-04,other_food,lentils,Mercimek,id:052U,id:052U,Saban Kırmızı Mercimek 1 Kg,1.0,kg,49.5,49.5,49.5,1,49.5,0.0,api-refined,Bakliyat,main_category,1,1,"[""depot:bim-5712""]","[""bim""]",pinned-relative,04.09.2026 08:05,0,1.1
2026-09-04,other_food,lentils,Mercimek,id:0343,id:0343,Carrefour Kırmızı Mercimek 1 Kg,1.0,kg,49.95,49.95,49.95,1,49.95,0.0,api-refined,Bakliyat,main_category,1,1,"[""depot:carrefour-5254""]","[""carrefour""]",pinned-relative,04.09.2026 08:04,0,1.1
2026-09-04,other_food,lentils,Mercimek,id:03W7,id:03W7,Yurda Kırmızı Mercimek 1 Kg,1.0,kg,49.5,49.5,49.5,1,49.5,0.0,api-refined,Bakliyat,main_category,1,1,"[""depot:hakmar-5521""]","[""hakmar""]",pinned-relative,04.09.2026 08:04,0,1.1
2026-09-04,other_food,lentils,Mercimek,id:0N76,id:0N76,Yöremce Yeşil Mercimek 1 Kg,1.0,kg,57.0,57.0,57.0,1,57.0,0.0,api-refined,Bakliyat,main_category,1,1,"[""depot:a101-6815""]","[""a101""]",pinned-relative,04.09.2026 08:06,0,1.1
2026-09-04,other_food,lentils,Mercimek,id:0O6N,id:0O6N,Migros Yerli Yeşil Mercimek 1 Kg,1.0,kg,66.95,66.95,66.95,1,66.95,0.0,api-refined,Bakliyat,main_category,1,1,"[""depot:migros-1991""]","[""migros""]",pinned-relative,04.09.2026 07:59,0,1.1
2026-09-04,other_food,lentils,Mercimek,id:10HW,id:10HW,Anadolu Mutfağı Yeşil Mercimek 1 Kg,1.0,kg,67.5,67.5,67.5,1,67.5,0.0,api-refined,Bakliyat,main_category,1,1,"[""depot:sok-4707""]","[""sok""]",pinned-relative,04.09.2026 08:00,0,1.1
2026-09-04,other_food,lentils,Mercimek,id:011I,id:011I,Saban Yeşil Mercimek 1 Kg,1.0,kg,67.5,67.5,67.5,1,67.5,0.0,api-refined,Bakliyat,main_category,1,1,"[""depot:bim-5712""]","[""bim""]",pinned-relative,04.09.2026 08:04,0,1.1
2026-09-04,other_food,lentils,Mercimek,id:0J7S,id:0J7S,Carrefour Yeşil Mercimek 1 Kg,1.0,kg,67.5,67.5,67.5,1,67.5,0.0,api-refined,Bakliyat,main_category,1,1,"[""depot:carrefour-5254""]","[""carrefour""]",pinned-relative,04.09.2026 08:06,0,1.1
2026-09-04,other_food,lentils,Mercimek,id:016K,id:016K,Rençber Yeşil Mercimek 1 Kg,1.0,kg,67.5,67.5,67.5,1,67.5,0.0,api-refined,Bakliyat,main_category,1,1,"[""depot:hakmar-5521""]","[""hakmar""]",pinned-relative,04.09.2026 08:04,0,1.1
2026-09-04,other_food,lentils,Mercimek,id:0YWG,id:0YWG,Yöremce Yerli Kırmızı Mercimek 1 Kg,1.0,kg,89.5,89.5,89.5,1,89.5,0.0,api-refined,Bakliyat,main_category,1,1,"[""depot:a101-6815""]","[""a101""]",pinned-relative,04.09.2026 08:01,0,1.1
2026-09-04,other_food,lentils,Mercimek,id:14HR,id:14HR,Saban Yerli Kırmızı Mercimek 2.5 Kg,2.5,kg,179.0,71.6,71.6,1,71.6,0.0,api-refined,Bakliyat,main_category,1,1,"[""depot:bim-5712""]","[""bim""]",pinned-relative,04.09.2026 08:00,0,1.1
2026-09-04,other_food,lentils,Mercimek,id:1IBI,id:1IBI,Yayla Kırmızı Mercimek 1 Kg,1.0,kg,109.95,109.95,109.95,1,109.95,0.0,api-refined,Bakliyat,main_category,1,1,"[""depot:migros-1991""]","[""migros""]",pinned-relative,04.09.2026 08:02,0,1.1
2026-09-04,other_food,lentils,Mercimek,id:13SR,id:13SR,Saban Kırmızı Mercimek 2.5 Kg,2.5,kg,110.0,44.0,44.0,1,44.0,0.0,api-refined,Bakliyat,main_category,1,1,"[""depot:bim-5712""]","[""bim""]",pinned-relative,04.09.2026 08:00,0,1.1
2026-09-04,other_food,lentils,Mercimek,id:0FZK,id:0FZK,Duru Yeşil Mercimek 1 Kg,1.0,kg,161.9,161.9,161.9,1,161.9,0.0,api-refined,Bakliyat,main_category,1,1,"[""depot:carrefour-1012""]","[""carrefour""]",pinned-relative,04.09.2026 08:06,0,1.1
2026-09-04,other_food,lentils,Mercimek,id:1PL1,id:1PL1,Doyum Organik Yeşil Mercimek 1 Kg,1.0,kg,167.97,167.97,167.97,1,167.97,0.0,api-refined,Bakliyat,main_category,1,1,"[""depot:migros-1991""]","[""migros""]",pinned-relative,04.09.2026 08:03,0,1.1
2026-09-04,other_food,lentils,Mercimek,id:0MIW,id:0MIW,Yayla Kırmızı Mercimek 2 Kg,2.0,kg,174.95,87.475,87.475,1,87.475,0.0,api-refined,Bakliyat,main_category,1,1,"[""depot:migros-6679""]","[""migros""]",pinned-relative,04.09.2026 08:06,0,1.1
2026-09-04,other_food,lentils,Mercimek,id:1P8S,id:1P8S,Doyum Organik Kırmızı Mercimek 1 Kg,1.0,kg,178.47,178.47,178.47,1,178.47,0.0,api-refined,Bakliyat,main_category,1,1,"[""depot:migros-1991""]","[""migros""]",pinned-relative,04.09.2026 08:03,0,1.1
2026-09-04,other_food,lentils,Mercimek,id:21TO,id:21TO,Reis Sarı Mercimek 1 Kg,1.0,kg,209.95,209.95,209.95,1,209.95,0.0,api-refined,Bakliyat,main_category,1,1,"[""depot:carrefour-1012""]","[""carrefour""]",pinned-relative,04.09.2026 08:03,0,1.1
2026-09-04,other_food,lentils,Mercimek,id:0DER,id:0DER,Sade Organik Yeşil Mercimek 1 Kg,1.0,kg,263.9,263.9,263.9,1,263.9,0.0,api-refined,Bakliyat,main_category,1,1,"[""depot:carrefour-1012""]","[""carrefour""]",pinned-relative,04.09.2026 08:06,0,1.1
2026-09-04,other_food,beans,Kuru fasulye,id:1YA7,id:1YA7,Yurt Kuru Fasulye 400 Gr,0.4,kg,71.5,178.75,158.7,1,178.75,0.0,api-refined,Kuru Fasulye,sub_category,2,1,"[""depot:a101-6815""]","[""a101""]",pinned-relative,04.09.2026 08:04,0,1.1
2026-09-04,other_food,beans,Kuru fasulye,id:2CZ0,id:2CZ0,Reis Kuru Fasulye 1 Kg,1.0,kg,191.95,191.95,145.97,1,191.95,0.0,api-refined,Kuru Fasulye,sub_category,2,1,"[""depot:migros-1991""]","[""migros""]",pinned-relative,04.09.2026 08:05,0,1.1
2026-09-04,other_food,beans,Kuru fasulye,id:0ZL1,id:0ZL1,Bizim Vatan Haşlanmış Kuru Fasulye 800 Gr,0.8,kg,40.5,50.625,50.625,1,50.625,0.0,api-refined,Kuru Fasulye,sub_category,1,1,"[""depot:sok-4707""]","[""sok""]",pinned-relative,04.09.2026 08:01,0,1.1
2026-09-04,other_food,beans,Kuru fasulye,id:1KCN,id:1KCN,Duru Haşlanmış Fasulye 400 Gr,0.4,kg,49.95,124.875,124.875,1,124.875,0.0,api-refined,Kuru Fasulye,sub_category,1,1,"[""depot:carrefour-5254""]","[""carrefour""]",pinned-relative,04.09.2026 08:02,0,1.1
2026-09-04,other_food,beans,Kuru fasulye,id:1JMI,id:1JMI,Duru Haşlanmış Kırmızı Fasulye 400 Gr,0.4,kg,57.95,144.875,144.875,1,144.875,0.0,api-refined,Kuru Fasulye,sub_category,1,1,"[""depot:carrefour-1012""]","[""carrefour""]",pinned-relative,04.09.2026 08:02,0,1.1
2026-09-04,other_food,beans,Kuru fasulye,id:0WV5,id:0WV5,Anadolu Mutfağı Kuru Fasulye 1 Kg,1.0,kg,77.5,77.5,77.5,1,77.5,0.0,api-refined,Kuru Fasulye,sub_category,1,1,"[""depot:sok-4707""]","[""sok""]",pinned-relative,04.09.2026 08:01,0,1.1
2026-09-04,other_food,beans,Kuru fasulye,id:0YKZ,id:0YKZ,Yöremce Dermason Fasulye 1 Kg,1.0,kg,77.5,77.5,77.5,1,77.5,0.0,api-refined,Kuru Fasulye,sub_category,1,1,"[""depot:a101-6815""]","[""a101""]",pinned-relative,04.09.2026 08:01,0,1.1
2026-09-04,other_food,beans,Kuru fasulye,id:034U,id:034U,Saban Kuru Fasulye 1 Kg,1.0,kg,77.5,77.5,77.5,1,77.5,0.0,api-refined,Kuru Fasulye,sub_category,1,1,"[""depot:bim-5712""]","[""bim""]",pinned-relative,04.09.2026 08:04,0,1.1
2026-09-04,other_food,beans,Kuru fasulye,id:003P,id:003P,Rençber Sıra Fasulye 1 Kg,1.0,kg,77.5,77.5,77.5,1,77.5,0.0,api-refined,Kuru Fasulye,sub_category,1,1,"[""depot:hakmar-5521""]","[""hakmar""]",pinned-relative,04.09.2026 08:04,0,1.1
2026-09-04,other_food,beans,Kuru fasulye,id:0J59,id:0J59,Carrefour Dermason Kuru Fasulye 1 Kg,1.0,kg,77.95,77.95,77.95,1,77.95,0.0,api-refined,Kuru Fasulye,sub_category,1,1,"[""depot:carrefour-5254""]","[""carrefour""]",pinned-relative,04.09.2026 08:06,0,1.1
2026-09-04,other_food,beans,Kuru fasulye,id:01C4,id:01C4,Carrefour İri Dermason Kuru Fasulye 1 Kg,1.0,kg,84.5,84.5,84.5,1,84.5,0.0,api-refined,Kuru Fasulye,sub_category,1,1,"[""depot:carrefour-5254""]","[""carrefour""]",pinned-relative,04.09.2026 08:04,0,1.1
2026-09-04,other_food,beans,Kuru fasulye,id:0FTK,id:0FTK,Duru Kuru Fasulye 1 Kg,1.0,kg,88.99,88.99,88.99,1,88.99,0.0,api-refined,Kuru Fasulye,sub_category,1,1,"[""depot:carrefour-1012""]","[""carrefour""]",pinned-relative,04.09.2026 08:06,0,1.1
2026-09-04,other_food,beans,Kuru fasulye,id:01LH,id:01LH,Duru Dermason Fasulye 1 Kg,1.0,kg,88.99,88.99,88.99,1,88.99,0.0,api-refined,Kuru Fasulye,sub_category,1,1,"[""depot:carrefour-1012""]","[""carrefour""]",pinned-relative,04.09.2026 08:04,0,1.1
2026-09-04,other_food,beans,Kuru fasulye,id:0A83,id:0A83,Rençber Dermason Fasulye 1 Kg,1.0,kg,89.0,89.0,89.0,1,89.0,0.0,api-refined,Kuru Fasulye,sub_category,1,1,"[""depot:hakmar-5521""]","[""hakmar""]",pinned-relative,04.09.2026 08:05,0,1.1
2026-09-04,other_food,beans,Kuru fasulye,id:3WCC,id:3WCC,Kuru Fasulye 1 Kg,1.0,kg,89.9,89.9,89.9,1,89.9,0.0,api-refined,Kuru Fasulye,sub_category,1,1,"[""depot:carrefour-1012""]","[""carrefour""]",pinned-relative,04.09.2026 08:03,0,1.1
2026-09-04,other_food,beans,Kuru fasulye,id:1YA3,id:1YA3,Hasata Şeker Fasulye 500 Gr,0.5,kg,129.0,258.0,258.0,1,258.0,0.0,api-refined,Kuru Fasulye,sub_category,1,1,"[""depot:bim-5712""]","[""bim""]",pinned-relative,04.09.2026 08:04,0,1.1
2026-09-04,other_food,beans,Kuru fasulye,id:1S4D,id:1S4D,Reis Royal Battal Fasulye 500 Gr,0.5,kg,165.99,331.98,331.98,1,331.98,0.0,api-refined,Kuru Fasulye,sub_category,1,1,"[""depot:carrefour-1012""]","[""carrefour""]",pinned-relative,04.09.2026 08:03,0,1.1
2026-09-04,other_food,beans,Kuru fasulye,id:1PXF,id:1PXF,Reis Royal Siyah Fasulye 500 Gr,0.5,kg,197.95,395.9,395.9,1,395.9,0.0,api-refined,Kuru Fasulye,sub_category,1,1,"[""depot:carrefour-1012""]","[""carrefour""]",pinned-relative,04.09.2026 08:03,0,1.1
2026-09-04,other_food,beans,Kuru fasulye,id:07FQ,id:07FQ,Carrefour Bio Organik Dermason Fasulye 1 Kg,1.0,kg,199.95,199.95,199.95,1,199.95,0.0,api-refined,Kuru Fasulye,sub_category,1,1,"[""depot:carrefour-5254""]","[""carrefour""]",pinned-relative,04.09.2026 08:05,0,1.1
2026-09-04,other_food,beans,Kuru fasulye,id:1B1G,id:1B1G,Anadolu Lezzetleri İspir Kuru Fasulye 500 Gr,0.5,kg,249.95,499.9,499.9,1,499.9,0.0,api-refined,Kuru Fasulye,sub_category,1,1,"[""depot:migros-564""]","[""migros""]",pinned-relative,04.09.2026 08:01,0,1.1
2026-09-04,other_food,beans,Kuru fasulye,id:1JSA,id:1JSA,City Farm Organik Kuru Fasulye 1 Kg,1.0,kg,262.0,262.0,262.0,1,262.0,0.0,api-refined,Kuru Fasulye,sub_category,1,1,"[""depot:carrefour-1012""]","[""carrefour""]",pinned-relative,04.09.2026 08:02,0,1.1
2026-09-04,other_food,beans,Kuru fasulye,id:1ZMK,id:1ZMK,Hasata Derinkuyu Kuru Fasulyesi 1 Kg,1.0,kg,153.725,153.725,153.725,2,153.725,0.0,api-refined,Kuru Fasulye,sub_category,2,2,"[""depot:carrefour-1012"",""depot:migros-1991""]","[""carrefour"",""migros""]",pinned-relative,04.09.2026 08:05,0,1.0
2026-09-04,other_food,beans,Kuru fasulye,id:1NHM,id:1NHM,Yayla Haşlanmış Suyu Süzülmüş Meksika Fasulyesi 150 Gr,0.15,kg,74.95,499.666667,499.666667,1,499.66666,0.0,api-refined,Kuru Fasulye,sub_category,1,1,"[""depot:migros-1991""]","[""migros""]",pinned-relative,04.09.2026 08:02,0,1.0
2026-09-04,other_food,chickpeas,Nohut,id:1QJA,id:1QJA,Tamek Haşlanmış Nohut 800 Gr,0.8,kg,87.95,109.9375,109.9375,2,109.9375,0.0,api-refined,Nohut,sub_category,2,2,"[""depot:carrefour-1012"",""depot:migros-564""]","[""carrefour"",""migros""]",pinned-relative,04.09.2026 08:03,0,1.1
2026-09-04,other_food,chickpeas,Nohut,id:0MPQ,id:0MPQ,Bizim Vatan Haşlanmış Nohut 800 Gr,0.8,kg,40.5,50.625,50.625,1,50.625,0.0,api-refined,Nohut,sub_category,1,1,"[""depot:sok-4707""]","[""sok""]",pinned-relative,04.09.2026 08:06,0,1.1
2026-09-04,other_food,chickpeas,Nohut,id:1LEF,id:1LEF,Duru Haşlanmış Nohut 400 Gr,0.4,kg,42.9,107.25,107.25,1,107.25001,0.0,api-refined,Nohut,sub_category,1,1,"[""depot:carrefour-1012""]","[""carrefour""]",pinned-relative,04.09.2026 08:02,0,1.1
2026-09-04,other_food,chickpeas,Nohut,id:04Q4,id:04Q4,Saban Nohut 1 Kg,1.0,kg,54.5,54.5,54.5,1,54.5,0.0,api-refined,Nohut,sub_category,1,1,"[""depot:bim-5712""]","[""bim""]",pinned-relative,04.09.2026 08:05,0,1.1
2026-09-04,other_food,chickpeas,Nohut,id:0FM2,id:0FM2,Yöremce Koçbaşı Nohut 1 Kg,1.0,kg,57.5,57.5,57.5,1,57.5,0.0,api-refined,Nohut,sub_category,1,1,"[""depot:a101-6815""]","[""a101""]",pinned-relative,04.09.2026 08:06,0,1.1
2026-09-04,other_food,chickpeas,Nohut,id:10KL,id:10KL,Anadolu Mutfağı Nohut 1 Kg,1.0,kg,62.5,62.5,62.5,1,62.5,0.0,api-refined,Nohut,sub_category,1,1,"[""depot:sok-4707""]","[""sok""]",pinned-relative,04.09.2026 08:00,0,1.1
2026-09-04,other_food,chickpeas,Nohut,id:0FBS,id:0FBS,Tarım Kredi Anadolu Nohut 1 Kg,1.0,kg,62.5,62.5,62.5,1,62.5,0.0,api-refined,Nohut,sub_category,1,1,"[""depot:tarim_kredi-5022""]","[""tarim_kredi""]",pinned-relative,04.09.2026 08:06,0,1.1
2026-09-04,other_food,chickpeas,Nohut,id:0BAA,id:0BAA,Rençber Nohut 1 Kg,1.0,kg,64.5,64.5,64.5,1,64.5,0.0,api-refined,Nohut,sub_category,1,1,"[""depot:hakmar-5521""]","[""hakmar""]",pinned-relative,04.09.2026 08:05,0,1.1
2026-09-04,other_food,chickpeas,Nohut,id:1QVB,id:1QVB,Yayla Haşlanmış Nohut 700 Gr,0.7,kg,65.0,92.857143,92.857143,1,92.85715,0.0,api-refined,Nohut,sub_category,2,1,"[""depot:a101-6815""]","[""a101""]",pinned-relative,04.09.2026 08:03,0,1.1
2026-09-04,other_food,chickpeas,Nohut,id:09OO,id:09OO,Carrefour Beyaz Nohut 1 Kg,1.0,kg,92.9,92.9,92.9,1,92.9,0.0,api-refined,Nohut,sub_category,1,1,"[""depot:carrefour-5254""]","[""carrefour""]",pinned-relative,04.09.2026 08:05,0,1.1
2026-09-04,other_food,chickpeas,Nohut,id:0JBC,id:0JBC,Tarım Kredi Nohut 9 Mm 1 Kg,1.0,kg,94.5,94.5,94.5,1,94.5,0.0,api-refined,Nohut,sub_category,1,1,"[""depot:tarim_kredi-5022""]","[""tarim_kredi""]",pinned-relative,04.09.2026 08:06,0,1.1
2026-09-04,other_food,chickpeas,Nohut,id:0T35,id:0T35,Burcu Organik Haşlanmış Nohut 600 Gr,0.6,kg,94.95,158.25,158.25,1,158.24998,0.0,api-refined,Nohut,sub_category,1,1,"[""depot:migros-1991""]","[""migros""]",pinned-relative,04.09.2026 08:00,0,1.1
2026-09-04,other_food,chickpeas,Nohut,id:0TDB,id:0TDB,Yöremce Beyaz Nohut 1 Kg,1.0,kg,99.0,99.0,99.0,1,99.0,0.0,api-refined,Nohut,sub_category,1,1,"[""depot:a101-6815""]","[""a101""]",pinned-relative,04.09.2026 08:00,0,1.1
2026-09-04,other_food,chickpeas,Nohut,id:06D9,id:06D9,Saban Beyaz Nohut 1 Kg,1.0,kg,99.0,99.0,99.0,1,99.0,0.0,api-refined,Nohut,sub_category,1,1,"[""depot:bim-5712""]","[""bim""]",pinned-relative,04.09.2026 08:05,0,1.1
2026-09-04,other_food,chickpeas,Nohut,id:07ZT,id:07ZT,Rençber Beyaz Nohut 1 Kg,1.0,kg,99.5,99.5,99.5,1,99.5,0.0,api-refined,Nohut,sub_category,1,1,"[""depot:hakmar-5521""]","[""hakmar""]",pinned-relative,04.09.2026 08:05,0,1.1
2026-09-04,other_food,chickpeas,Nohut,id:008C,id:008C,Tukaş Haşlanmış Nohut 800 Gr,0.8,kg,99.95,124.9375,124.9375,1,124.9375,0.0,api-refined,Nohut,sub_category,1,1,"[""depot:migros-4479""]","[""migros""]",pinned-relative,04.09.2026 08:04,0,1.1
2026-09-04,other_food,chickpeas,Nohut,id:1TW0,id:1TW0,Reis Royal Beyaz Nohut 500 Gr,0.5,kg,108.99,217.98,217.98,1,217.98,0.0,api-refined,Nohut,sub_category,1,1,"[""depot:carrefour-5036""]","[""carrefour""]",pinned-relative,04.09.2026 08:04,0,1.1
2026-09-04,other_food,chickpeas,Nohut,id:1LKI,id:1LKI,City Farm Organik Nohut 1 Kg,1.0,kg,120.99,120.99,120.99,1,120.99,0.0,api-refined,Nohut,sub_category,1,1,"[""depot:carrefour-1012""]","[""carrefour""]",pinned-relative,04.09.2026 08:02,0,1.1
2026-09-04,other_food,chickpeas,Nohut,id:13HY,id:13HY,Saban Nohut 2.5 Kg,2.5,kg,139.0,55.6,55.6,1,55.6,0.0,api-refined,Nohut,sub_category,1,1,"[""depot:bim-5712""]","[""bim""]",pinned-relative,04.09.2026 08:00,0,1.1
2026-09-04,other_food,chickpeas,Nohut,id:12W5,id:12W5,Mlife Bio Organik Nohut 1 Kg,1.0,kg,169.95,169.95,169.95,1,169.95,0.0,api-refined,Nohut,sub_category,1,1,"[""depot:migros-1991""]","[""migros""]",pinned-relative,04.09.2026 08:00,0,1.1
2026-09-04,other_food,chickpeas,Nohut,id:14LU,id:14LU,Carrefour Bio Organik Nohut 1 Kg,1.0,kg,169.95,169.95,169.95,1,169.95,0.0,api-refined,Nohut,sub_category,1,1,"[""depot:carrefour-5254""]","[""carrefour""]",pinned-relative,04.09.2026 08:00,0,1.1
2026-09-04,other_food,chickpeas,Nohut,id:1HEO,id:1HEO,TK 8.5 Mm Nohut 2.5 Kg,2.5,kg,182.5,73.0,73.0,1,73.0,0.0,api-refined,Nohut,sub_category,1,1,"[""depot:tarim_kredi-5022""]","[""tarim_kredi""]",pinned-relative,04.09.2026 08:02,0,1.1
2026-09-04,other_food,chickpeas,Nohut,id:05UT,id:05UT,Hasata Beyaz Nohut 1 Kg,1.0,kg,189.95,189.95,189.95,1,189.95,0.0,api-refined,Nohut,sub_category,1,1,"[""depot:carrefour-1012""]","[""carrefour""]",pinned-relative,04.09.2026 08:05,0,1.1
2026-09-04,other_food,canned_veg,Konserve sebze,id:1QM3,id:1QM3,SuperFresh Konserve Mısır 200 Gr,0.2,kg,54.95,274.75,237.25,1,274.75,0.0,api-refined,Mısır Konservesi,sub_category,2,1,"[""depot:carrefour-5254""]","[""carrefour""]",pinned-relative,04.09.2026 08:03,0,1.1
2026-09-04,other_food,canned_veg,Konserve sebze,id:205E,id:205E,Superfresh Konserve Mısır 600 Gr,0.6,kg,90.95,151.583333,151.583333,2,151.58333,0.0,api-refined,Mısır Konservesi,sub_category,2,2,"[""depot:carrefour-5254"",""depot:migros-1991""]","[""carrefour"",""migros""]",pinned-relative,04.09.2026 08:02,0,1.1
2026-09-04,other_food,canned_veg,Konserve sebze,id:0MZ7,id:0MZ7,Çokça Konserve Mısır 340 Gr,0.34,kg,46.5,136.764706,136.764706,1,136.76471,0.0,api-refined,Mısır Konservesi,sub_category,1,1,"[""depot:a101-6815""]","[""a101""]",pinned-relative,04.09.2026 08:06,0,1.1
2026-09-04,other_food,canned_veg,Konserve sebze,id:0UFA,id:0UFA,Burcu Cam Konserve Mısır 320 Gr,0.32,kg,55.0,171.875,171.875,1,171.875,0.0,api-refined,Mısır Konservesi,sub_category,1,1,"[""depot:hakmar-5521""]","[""hakmar""]",pinned-relative,04.09.2026 08:01,0,1.1
2026-09-04,other_food,canned_veg,Konserve sebze,id:2AIF,id:2AIF,Superfresh Konserve Mısır 3'lü 600 Gr,0.6,kg,89.0,148.333333,148.333333,1,148.33333,0.0,api-refined,Mısır Konservesi,sub_category,1,1,"[""depot:hakmar-5521""]","[""hakmar""]",pinned-relative,04.09.2026 08:05,0,1.1
2026-09-04,other_food,soup,Hazır çorba,id:1Y1L,id:1Y1L,Knorr Çabuk Çorba Kremalı Mantar 19 Gr,0.019,kg,19.95,1050.0,893.421053,1,1050.0001,0.0,api-refined,Hazır Çorbalar,sub_category,2,1,"[""depot:sok-4707""]","[""sok""]",pinned-relative,04.09.2026 08:04,0,1.1
2026-09-04,other_food,soup,Hazır çorba,id:1T29,id:1T29,Knorr Çabuk Çorba Kıtır Kremalı Tavuk 18 Gr,0.018,kg,15.71,872.777778,872.777778,1,872.7778,0.0,api-refined,Hazır Çorbalar,sub_category,1,1,"[""depot:migros-3296""]","[""migros""]",pinned-relative,04.09.2026 08:04,0,1.1
2026-09-04,other_food,soup,Hazır çorba,id:1L2P,id:1L2P,Knorr Çabuk Çorba Ezogelin 22 Gr,0.022,kg,19.95,906.818182,906.818182,1,906.81824,0.0,api-refined,Hazır Çorbalar,sub_category,2,1,"[""depot:sok-4707""]","[""sok""]",pinned-relative,04.09.2026 08:02,0,1.1
2026-09-04,other_food,soup,Hazır çorba,id:0A4S,id:0A4S,Ferr Ezogelin Çorba 65 Gr,0.065,kg,21.75,334.615385,334.615385,1,334.6154,0.0,api-refined,Hazır Çorbalar,sub_category,1,1,"[""depot:hakmar-5521""]","[""hakmar""]",pinned-relative,04.09.2026 08:05,0,1.1
2026-09-04,other_food,soup,Hazır çorba,id:1RO8,id:1RO8,Knorr Gurme Hazır Çorba 79 Gr,0.079,kg,48.71,616.582278,616.582278,1,616.5823,0.0,api-refined,Hazır Çorbalar,sub_category,1,1,"[""depot:migros-1991""]","[""migros""]",pinned-relative,04.09.2026 08:03,0,1.1
2026-09-04,other_food,soup,Hazır çorba,id:1UZ5,id:1UZ5,Knorr Ezogelin Çorbası 74 Gr,0.074,kg,49.5,668.918919,636.342097,7,668.9189,0.0,api-refined,Hazır Çorbalar,sub_category,7,7,"[""depot:a101-6815"",""depot:bim-5712"",""depot:carrefour-5254"",""depot:hakmar-5521"",""depot:migros-6679"",""depot:sok-4711"",""depot:tarim_kredi-5022""]","[""a101"",""bim"",""carrefour"",""hakmar"",""migros"",""sok"",""tarim_kredi""]",pinned-relative,04.09.2026 08:04,0,1.0
2026-09-04,other_food,soup,Hazır çorba,id:1UZW,id:1UZW,Knorr Kremalı Domates Çorbası 69 Gr,0.069,kg,49.5,717.391304,668.960006,5,717.3913,0.0,api-refined,Hazır Çorbalar,sub_category,5,5,"[""depot:a101-6815"",""depot:bim-5712"",""depot:carrefour-5036"",""depot:migros-6679"",""depot:sok-1017""]","[""a101"",""bim"",""carrefour"",""migros"",""sok""]",pinned-relative,04.09.2026 08:04,0,1.0
2026-09-04,other_food,soup,Hazır çorba,id:1YGU,id:1YGU,Knorr Kremalı Tavuk Çorbası 65 Gr,0.065,kg,49.5,761.538462,761.538462,4,761.53845,0.0,api-refined,Hazır Çorbalar,sub_category,5,4,"[""depot:bim-5712"",""depot:hakmar-5521"",""depot:migros-4479"",""depot:tarim_kredi-5022""]","[""bim"",""hakmar"",""migros"",""tarim_kredi""]",pinned-relative,04.09.2026 08:05,0,1.0
2026-09-04,other_food,soup,Hazır çorba,id:1XY4,id:1XY4,Knorr Mercimek Çorbası 76 Gr,0.076,kg,32.95,433.552632,444.695164,2,433.55264,0.0,api-refined,Hazır Çorbalar,sub_category,2,2,"[""depot:carrefour-5254"",""depot:sok-4707""]","[""carrefour"",""sok""]",pinned-relative,04.09.2026 08:04,0,1.0
2026-09-04,other_food,soup,Hazır çorba,id:1PVA,id:1PVA,Knorr Çabuk Mercimek Çorbası 22 Gr,0.022,kg,19.95,906.818182,906.818182,1,906.81824,0.0,api-refined,Hazır Çorbalar,sub_category,1,1,"[""depot:sok-4707""]","[""sok""]",pinned-relative,04.09.2026 08:03,0,1.0
2026-09-04,other_food,soup,Hazır çorba,id:023D,id:023D,Ferrero Kremalı Mantar/Kremalı Tavuk Çorbası 65 Gr,0.065,kg,21.75,334.615385,334.615385,1,334.6154,0.0,api-refined,Hazır Çorbalar,sub_category,1,1,"[""depot:hakmar-5521""]","[""hakmar""]",pinned-relative,04.09.2026 08:04,0,1.0
2026-09-04,other_food,soup,Hazır çorba,id:3WDE,id:3WDE,Yayla Şehriyeli Tavuk Çorbası 65 Gr,0.065,kg,21.75,334.615385,334.615385,1,334.6154,0.0,api-refined,Hazır Çorbalar,sub_category,1,1,"[""depot:hakmar-5521""]","[""hakmar""]",pinned-relative,04.09.2026 08:03,0,1.0
2026-09-04,other_food,soup,Hazır çorba,id:0ZYR,id:0ZYR,Piyale Yayla Çorbası 80 Gr,0.08,kg,32.9,411.25,411.25,1,411.25003,0.0,api-refined,Hazır Çorbalar,sub_category,1,1,"[""depot:sok-4707""]","[""sok""]",pinned-relative,04.09.2026 08:01,0,1.0
2026-09-04,other_food,soup,Hazır çorba,id:0YLX,id:0YLX,Piyale Kremalı Tavuk Çorbası 62 Gr,0.062,kg,32.9,530.645161,530.645161,1,530.6452,0.0,api-refined,Hazır Çorbalar,sub_category,1,1,"[""depot:sok-4707""]","[""sok""]",pinned-relative,04.09.2026 08:01,0,1.0
2026-09-04,other_food,soup,Hazır çorba,id:10QL,id:10QL,Piyale Kremalı Mantar Çorbası 65 Gr,0.065,kg,32.9,506.153846,506.153846,1,506.15387,0.0,api-refined,Hazır Çorbalar,sub_category,1,1,"[""depot:sok-4707""]","[""sok""]",pinned-relative,04.09.2026 08:00,0,1.0
2026-09-04,other_food,soup,Hazır çorba,id:0OYB,id:0OYB,Piyale İşkembe Çorbası 65 Gr,0.065,kg,32.9,506.153846,506.153846,1,506.15387,0.0,api-refined,Hazır Çorbalar,sub_category,1,1,"[""depot:sok-4707""]","[""sok""]",pinned-relative,04.09.2026 08:00,0,1.0
2026-09-04,other_food,soup,Hazır çorba,id:20VD,id:20VD,Bizim Mutfak Yayla Çorbası 80 Gr,0.08,kg,43.9,548.75,548.75,1,548.75006,0.0,api-refined,Hazır Çorbalar,sub_category,1,1,"[""depot:carrefour-1012""]","[""carrefour""]",pinned-relative,04.09.2026 08:03,0,1.0
2026-09-04,other_food,soup,Hazır çorba,id:204O,id:204O,Knorr Gourmet Tutmaç Çorbası 76 Gr,0.076,kg,48.71,640.921053,640.921053,1,640.9211,0.0,api-refined,Hazır Çorbalar,sub_category,1,1,"[""depot:migros-1991""]","[""migros""]",pinned-relative,04.09.2026 08:02,0,1.0
2026-09-04,other_food,soup,Hazır çorba,id:21R6,id:21R6,Knorr İşkembe Çorbası 63 Gr,0.063,kg,49.95,792.857143,792.857143,1,792.8572,0.0,api-refined,Hazır Çorbalar,sub_category,1,1,"[""depot:migros-1991""]","[""migros""]",pinned-relative,04.09.2026 08:03,0,1.0
2026-09-04,other_food,ketchup,Ketçap,id:1FGB,id:1FGB,Tat Ketçap Pickle 390 Gr,0.39,kg,66.18,169.692308,169.692308,2,169.692315,0.0,api-refined,Ketçap,sub_category,2,2,"[""depot:carrefour-1012"",""depot:migros-564""]","[""carrefour"",""migros""]",pinned-relative,04.09.2026 08:02,0,1.1
2026-09-04,other_food,ketchup,Ketçap,id:1T54,id:1T54,Calve Ketçap 430 Gr,0.43,kg,126.95,295.232558,302.129862,2,295.23257,0.0,api-refined,Ketçap,sub_category,2,2,"[""depot:carrefour-1012"",""depot:migros-4479""]","[""carrefour"",""migros""]",pinned-relative,04.09.2026 08:04,0,1.1
2026-09-04,other_food,ketchup,Ketçap,id:20WK,id:20WK,Calve Ketçap 600 Gr,0.6,kg,134.95,224.916667,190.55,1,221.2295,1.6667,api-refined,Ketçap,sub_category,2,1,"[""depot:migros-1991""]","[""migros""]",pinned-relative,04.09.2026 08:03,0,1.1
2026-09-04,other_food,ketchup,Ketçap,id:0W5S,id:0W5S,Calvé Ketçap 610 Gr,0.61,kg,129.25,211.885246,211.885246,2,211.885255,0.0,api-refined,Ketçap,sub_category,2,2,"[""depot:a101-6815"",""depot:hakmar-5521""]","[""a101"",""hakmar""]",pinned-relative,04.09.2026 08:01,0,1.1
2026-09-04,other_food,ketchup,Ketçap,id:1Z57,id:1Z57,Hellmann's Ketçap 460 Gr,0.46,kg,131.925,286.793478,286.793478,2,286.79347,0.0,api-refined,Ketçap,sub_category,2,2,"[""depot:carrefour-1012"",""depot:migros-1991""]","[""carrefour"",""migros""]",pinned-relative,04.09.2026 08:05,0,1.1
2026-09-04,other_food,ketchup,Ketçap,id:1TUR,id:1TUR,Heinz Sarımsaklı Ketçap 375 Gr,0.375,kg,132.95,354.533333,354.533333,2,354.53333,0.0,api-refined,Ketçap,sub_category,2,2,"[""depot:carrefour-1012"",""depot:migros-1991""]","[""carrefour"",""migros""]",pinned-relative,04.09.2026 08:04,0,1.1
2026-09-04,other_food,ketchup,Ketçap,id:1S67,id:1S67,Heinz Ketçap 570 Gr,0.57,kg,142.95,250.789474,250.789474,2,250.78946,0.0,api-refined,Ketçap,sub_category,2,2,"[""depot:carrefour-5254"",""depot:migros-1991""]","[""carrefour"",""migros""]",pinned-relative,04.09.2026 08:03,0,1.1
2026-09-04,other_food,ketchup,Ketçap,id:1GT3,id:1GT3,Hellmann's Ketçap 610 Gr,0.61,kg,157.925,258.893443,258.893443,2,258.893435,0.0,api-refined,Ketçap,sub_category,2,2,"[""depot:carrefour-1012"",""depot:migros-564""]","[""carrefour"",""migros""]",pinned-relative,04.09.2026 08:02,0,1.1
2026-09-04,other_food,ketchup,Ketçap,id:1Z90,id:1Z90,Heinz Organik Ketçap 580 Gr,0.58,kg,263.425,454.181034,454.181034,2,454.181045,0.0,api-refined,Ketçap,sub_category,2,2,"[""depot:carrefour-1012"",""depot:migros-1991""]","[""carrefour"",""migros""]",pinned-relative,04.09.2026 08:05,0,1.1
2026-09-04,other_food,ketchup,Ketçap,id:11IE,id:11IE,Çokça Tatlı Ketçap 250 Gr,0.25,kg,29.5,118.0,118.0,1,118.0,0.0,api-refined,Ketçap,sub_category,1,1,"[""depot:a101-6815""]","[""a101""]",pinned-relative,04.09.2026 08:00,0,1.1
2026-09-04,other_food,ketchup,Ketçap,id:143U,id:143U,Tukaş Ketçap 1 Kg,1.0,kg,52.5,52.5,52.5,1,52.5,0.0,api-refined,Ketçap,sub_category,1,1,"[""depot:bim-5712""]","[""bim""]",pinned-relative,04.09.2026 08:00,0,1.1
2026-09-04,other_food,ketchup,Ketçap,id:1CZ8,id:1CZ8,Riksos Ketçap 730 Gr,0.73,kg,59.5,81.506849,81.506849,1,81.50685,0.0,api-refined,Ketçap,sub_category,1,1,"[""depot:hakmar-5521""]","[""hakmar""]",pinned-relative,04.09.2026 08:01,0,1.1
2026-09-04,other_food,ketchup,Ketçap,id:10OJ,id:10OJ,Tukaş Ketçap 650 Gr,0.65,kg,79.0,121.538462,121.538462,1,121.53846,0.0,api-refined,Ketçap,sub_category,1,1,"[""depot:tarim_kredi-5022""]","[""tarim_kredi""]",pinned-relative,04.09.2026 08:00,0,1.1
2026-09-04,other_food,ketchup,Ketçap,id:0NVY,id:0NVY,Çokça Acılı Ketçap 1 Kg,1.0,kg,83.0,83.0,83.0,1,83.0,0.0,api-refined,Ketçap,sub_category,1,1,"[""depot:a101-6815""]","[""a101""]",pinned-relative,04.09.2026 07:59,0,1.1
2026-09-04,other_food,ketchup,Ketçap,id:018B,id:018B,Bolbol Acı Ketçap 1 Kg,1.0,kg,83.0,83.0,83.0,1,83.0,0.0,api-refined,Ketçap,sub_category,1,1,"[""depot:bim-5712""]","[""bim""]",pinned-relative,04.09.2026 08:04,0,1.1
2026-09-04,other_food,ketchup,Ketçap,id:054R,id:054R,Bolbol Ketçap 1 Kg,1.0,kg,83.0,83.0,83.0,1,83.0,0.0,api-refined,Ketçap,sub_category,1,1,"[""depot:bim-5712""]","[""bim""]",pinned-relative,04.09.2026 08:05,0,1.1
2026-09-04,other_food,ketchup,Ketçap,id:12RU,id:12RU,Migros Ketçap 1 Kg,1.0,kg,84.5,84.5,84.5,1,84.5,0.0,api-refined,Ketçap,sub_category,1,1,"[""depot:migros-4479""]","[""migros""]",pinned-relative,04.09.2026 08:00,0,1.1
2026-09-04,other_food,ketchup,Ketçap,id:0VWY,id:0VWY,Burcu Ketçap 650 Gr,0.65,kg,85.0,130.769231,130.769231,1,130.76924,0.0,api-refined,Ketçap,sub_category,1,1,"[""depot:a101-4102""]","[""a101""]",pinned-relative,04.09.2026 08:01,0,1.1
2026-09-04,other_food,ketchup,Ketçap,id:1P3D,id:1P3D,Tat Ketçap 390 Gr,0.39,kg,99.9,256.153846,256.153846,1,256.15384,0.0,api-refined,Ketçap,sub_category,1,1,"[""depot:sok-4707""]","[""sok""]",pinned-relative,04.09.2026 08:03,0,1.1
2026-09-04,other_food,ketchup,Ketçap,id:1OAY,id:1OAY,Heinz Ketçap 375 Gr,0.375,kg,109.9,293.066667,293.066667,1,293.06668,0.0,api-refined,Ketçap,sub_category,2,1,"[""depot:carrefour-1012""]","[""carrefour""]",pinned-relative,04.09.2026 08:02,0,1.1
2026-09-04,other_food,ketchup,Ketçap,id:05W1,id:05W1,Tukaş Ketçap Mayonez Eko Paket 1.2 Kg,1.2,kg,129.0,107.5,107.5,1,107.5,0.0,api-refined,Ketçap,sub_category,1,1,"[""depot:tarim_kredi-5022""]","[""tarim_kredi""]",pinned-relative,04.09.2026 08:05,0,1.1
2026-09-04,other_food,ketchup,Ketçap,id:04C4,id:04C4,Heinz Ketçap 700 Gr,0.7,kg,199.0,284.285714,284.285714,1,284.28574,0.0,api-refined,Ketçap,sub_category,1,1,"[""depot:a101-6815""]","[""a101""]",pinned-relative,04.09.2026 08:05,0,1.1
2026-09-04,other_food,mayonnaise,Mayonez,id:1KOR,id:1KOR,Tat Yoğun Lezzet Mayonez 330 Gr,0.33,kg,139.0,421.212121,421.212121,3,421.2121,0.0,api-refined,Mayonez,sub_category,3,3,"[""depot:carrefour-5254"",""depot:migros-1991"",""depot:sok-4707""]","[""carrefour"",""migros"",""sok""]",pinned-relative,04.09.2026 08:02,0,1.1
2026-09-04,other_food,mayonnaise,Mayonez,id:1RZE,id:1RZE,Heinz Mayonez 505 Gr,0.505,kg,199.95,395.940594,395.940594,3,395.9406,0.0,api-refined,Mayonez,sub_category,3,3,"[""depot:a101-6815"",""depot:carrefour-1012"",""depot:migros-1991""]","[""a101"",""carrefour"",""migros""]",pinned-relative,04.09.2026 08:03,0,1.1
2026-09-04,other_food,mayonnaise,Mayonez,id:1YQN,id:1YQN,Tat Mayonez 550 Gr,0.55,kg,152.96,278.109091,278.109091,2,278.10909,0.0,api-refined,Mayonez,sub_category,2,2,"[""depot:carrefour-1012"",""depot:migros-564""]","[""carrefour"",""migros""]",pinned-relative,04.09.2026 08:05,0,1.1
2026-09-04,other_food,mayonnaise,Mayonez,id:1QJH,id:1QJH,Calvé Trüflü Mayonez 235 Gr,0.235,kg,196.95,838.085106,712.574468,1,838.08514,0.0,api-refined,Mayonez,sub_category,2,1,"[""depot:migros-4479""]","[""migros""]",pinned-relative,04.09.2026 08:03,0,1.1
2026-09-04,other_food,mayonnaise,Mayonez,id:1SMH,id:1SMH,Calvé Sriracha Mayonez 240 Gr,0.24,kg,196.95,820.625,833.658682,2,820.625,0.0,api-refined,Mayonez,sub_category,2,2,"[""depot:carrefour-1012"",""depot:migros-564""]","[""carrefour"",""migros""]",pinned-relative,04.09.2026 08:04,0,1.1
2026-09-04,other_food,mayonnaise,Mayonez,id:20YI,id:20YI,Calvé Mayonez Cam 500 Gr,0.5,kg,290.95,581.9,589.665364,2,581.9,0.0,api-refined,Mayonez,sub_category,2,2,"[""depot:carrefour-1012"",""depot:migros-1991""]","[""carrefour"",""migros""]",pinned-relative,04.09.2026 08:03,0,1.1
2026-09-04,other_food,mayonnaise,Mayonez,id:1Q02,id:1Q02,Hellmann's Trüflü Mayonez 235 Gr,0.235,kg,230.425,980.531915,980.531915,2,980.53188,0.0,api-refined,Mayonez,sub_category,2,2,"[""depot:carrefour-1012"",""depot:migros-1991""]","[""carrefour"",""migros""]",pinned-relative,04.09.2026 08:03,0,1.1
2026-09-04,other_food,mayonnaise,Mayonez,id:1JO1,id:1JO1,Heinz Light Mayonez 420 Gr,0.42,kg,242.95,578.452381,578.452381,2,578.45233,0.0,api-refined,Mayonez,sub_category,2,2,"[""depot:carrefour-1012"",""depot:migros-1991""]","[""carrefour"",""migros""]",pinned-relative,04.09.2026 08:02,0,1.1
2026-09-04,other_food,mayonnaise,Mayonez,id:1SM6,id:1SM6,Heinz Sarımsaklı Mayonez 400 Gr,0.4,kg,279.95,699.875,699.875,2,699.87506,0.0,api-refined,Mayonez,sub_category,2,2,"[""depot:carrefour-1012"",""depot:migros-1991""]","[""carrefour"",""migros""]",pinned-relative,04.09.2026 08:04,0,1.1
2026-09-04,other_food,mayonnaise,Mayonez,id:145T,id:145T,Tukaş Mayonez 840 Gr,0.84,kg,58.5,69.642857,69.642857,1,69.64286,0.0,api-refined,Mayonez,sub_category,1,1,"[""depot:bim-5712""]","[""bim""]",pinned-relative,04.09.2026 08:00,0,1.1
2026-09-04,other_food,mayonnaise,Mayonez,id:0ZC4,id:0ZC4,Çokça Mayonez 220 Gr,0.22,kg,59.5,270.454545,270.454545,1,270.45456,0.0,api-refined,Mayonez,sub_category,1,1,"[""depot:a101-6815""]","[""a101""]",pinned-relative,04.09.2026 08:01,0,1.1
2026-09-04,other_food,mayonnaise,Mayonez,id:21H3,id:21H3,Tukaş Mayonez 550 Gr,0.55,kg,79.0,143.636364,143.636364,1,143.63637,0.0,api-refined,Mayonez,sub_category,1,1,"[""depot:tarim_kredi-5022""]","[""tarim_kredi""]",pinned-relative,04.09.2026 08:03,0,1.1
2026-09-04,other_food,mayonnaise,Mayonez,id:1D49,id:1D49,Riksos Mayonez 650 Gr,0.65,kg,79.5,122.307692,122.307692,1,122.30769,0.0,api-refined,Mayonez,sub_category,1,1,"[""depot:hakmar-5521""]","[""hakmar""]",pinned-relative,04.09.2026 08:01,0,1.1
2026-09-04,other_food,mayonnaise,Mayonez,id:0YGK,id:0YGK,Bizim Vatan Mayonez 430 Gr,0.43,kg,85.0,197.674419,197.674419,1,197.67442,0.0,api-refined,Mayonez,sub_category,1,1,"[""depot:sok-4707""]","[""sok""]",pinned-relative,04.09.2026 08:01,0,1.1
2026-09-04,other_food,mayonnaise,Mayonez,id:0H6O,id:0H6O,Tarım Kredi Katkısız Mayonez 350 Gr,0.35,kg,89.0,254.285714,254.285714,1,254.28572,0.0,api-refined,Mayonez,sub_category,1,1,"[""depot:tarim_kredi-5022""]","[""tarim_kredi""]",pinned-relative,04.09.2026 08:06,0,1.1
2026-09-04,other_food,mayonnaise,Mayonez,id:06FI,id:06FI,Tat Sarımsaklı Mayonez 260 Gr,0.26,kg,99.95,384.423077,384.423077,1,384.42307,0.0,api-refined,Mayonez,sub_category,1,1,"[""depot:carrefour-1012""]","[""carrefour""]",pinned-relative,04.09.2026 08:05,0,1.1
2026-09-04,other_food,mayonnaise,Mayonez,id:1ZSW,id:1ZSW,Tamek Mayonez 540 Gr,0.54,kg,144.95,268.425926,268.425926,1,268.4259,0.0,api-refined,Mayonez,sub_category,1,1,"[""depot:carrefour-1012""]","[""carrefour""]",pinned-relative,04.09.2026 08:05,0,1.1
2026-09-04,other_food,mayonnaise,Mayonez,id:0YQZ,id:0YQZ,Çokça Az Yağlı Mayonez 840 Gr,0.84,kg,112.0,133.333333,133.333333,1,133.33334,0.0,api-refined,Mayonez,sub_category,1,1,"[""depot:a101-6815""]","[""a101""]",pinned-relative,04.09.2026 08:01,0,1.1
2026-09-04,other_food,mayonnaise,Mayonez,id:0MP2,id:0MP2,Çokça Mayonez 840 Gr,0.84,kg,149.0,177.380952,177.380952,1,177.38095,0.0,api-refined,Mayonez,sub_category,1,1,"[""depot:a101-6815""]","[""a101""]",pinned-relative,04.09.2026 08:06,0,1.1
2026-09-04,other_food,mayonnaise,Mayonez,id:0415,id:0415,Bolbol Mayonez 840 Gr,0.84,kg,149.0,177.380952,177.380952,1,177.38095,0.0,api-refined,Mayonez,sub_category,1,1,"[""depot:bim-5712""]","[""bim""]",pinned-relative,04.09.2026 08:04,0,1.1
2026-09-04,other_food,mayonnaise,Mayonez,id:1QJG,id:1QJG,Heinz Mayonez 330 Gr,0.33,kg,157.9,478.484848,478.484848,1,478.48483,0.0,api-refined,Mayonez,sub_category,1,1,"[""depot:carrefour-1012""]","[""carrefour""]",pinned-relative,04.09.2026 08:03,0,1.1
2026-09-04,other_food,mayonnaise,Mayonez,id:2CR7,id:2CR7,Calvé Mayonez 540 Gr,0.54,kg,169.0,312.962963,312.962963,1,312.96295,0.0,api-refined,Mayonez,sub_category,1,1,"[""depot:hakmar-5521""]","[""hakmar""]",pinned-relative,04.09.2026 08:05,0,1.1
2026-09-04,other_food,mayonnaise,Mayonez,id:1KKV,id:1KKV,Tat Sriracha Mayonez 350 Gr,0.35,kg,169.95,485.571429,485.571429,1,485.5714,0.0,api-refined,Mayonez,sub_category,2,1,"[""depot:carrefour-1012""]","[""carrefour""]",pinned-relative,04.09.2026 08:02,0,1.1
2026-09-04,other_food,salt,Tuz,id:1PLP,id:1PLP,Billur Tuz İyotlu 750 Gr,0.75,kg,38.0,50.666667,50.0,2,50.666668,0.0,api-refined,Tuz Baharat ve Harçlar,main_category,3,2,"[""depot:migros-1991"",""depot:sok-4707""]","[""migros"",""sok""]",pinned-relative,04.09.2026 08:03,0,1.1
2026-09-04,other_food,salt,Tuz,id:1OR3,id:1OR3,Billur Tuz İyotlu Sofra Tuzu 500 Gr,0.5,kg,55.95,111.9,111.9,3,111.9,0.0,api-refined,Tuz Baharat ve Harçlar,main_category,3,3,"[""depot:a101-6815"",""depot:carrefour-1012"",""depot:migros-1991""]","[""a101"",""carrefour"",""migros""]",pinned-relative,04.09.2026 08:02,0,1.1
2026-09-04,other_food,salt,Tuz,id:1Y28,id:1Y28,Billur Sodyumu Azaltılmış Tuz 500 Gr,0.5,kg,140.425,280.85,280.85,2,280.85,0.0,api-refined,Tuz Baharat ve Harçlar,main_category,2,2,"[""depot:carrefour-1012"",""depot:migros-564""]","[""carrefour"",""migros""]",pinned-relative,04.09.2026 08:04,0,1.1
2026-09-04,other_food,salt,Tuz,id:0EUT,id:0EUT,Işıl Tuz 750 Gr,0.75,kg,11.5,15.333333,15.333333,1,15.333333,0.0,api-refined,Tuz Baharat ve Harçlar,main_category,1,1,"[""depot:tarim_kredi-5022""]","[""tarim_kredi""]",pinned-relative,04.09.2026 08:06,0,1.1
2026-09-04,other_food,salt,Tuz,id:0UZB,id:0UZB,Anadolu Mutfağı Tuz 750 Gr,0.75,kg,12.0,16.0,16.0,1,16.0,0.0,api-refined,Tuz Baharat ve Harçlar,main_category,1,1,"[""depot:sok-4707""]","[""sok""]",pinned-relative,04.09.2026 08:01,0,1.1
2026-09-04,other_food,salt,Tuz,id:00O6,id:00O6,Sofra İyotlu Tuz 750 Gr,0.75,kg,12.0,16.0,16.0,1,16.0,0.0,api-refined,Tuz Baharat ve Harçlar,main_category,1,1,"[""depot:bim-5712""]","[""bim""]",pinned-relative,04.09.2026 08:04,0,1.1
2026-09-04,other_food,salt,Tuz,id:008E,id:008E,Tuzum İyotlu Tuz 750 Gr,0.75,kg,12.0,16.0,16.0,1,16.0,0.0,api-refined,Tuz Baharat ve Harçlar,main_category,1,1,"[""depot:hakmar-5521""]","[""hakmar""]",pinned-relative,04.09.2026 08:04,0,1.1
2026-09-04,other_food,salt,Tuz,id:00CG,id:00CG,Safir İyotlu Poşet Tuz 750 Gr,0.75,kg,15.0,20.0,20.0,1,20.0,0.0,api-refined,Tuz Baharat ve Harçlar,main_category,1,1,"[""depot:tarim_kredi-5022""]","[""tarim_kredi""]",pinned-relative,04.09.2026 08:04,0,1.1
2026-09-04,other_food,salt,Tuz,id:1XUF,id:1XUF,Salina İyotlu Tuz 1.5 Kg,1.5,kg,19.5,13.0,13.0,1,13.0,0.0,api-refined,Tuz Baharat ve Harçlar,main_category,1,1,"[""depot:bim-5712""]","[""bim""]",pinned-relative,04.09.2026 08:04,0,1.1
2026-09-04,other_food,salt,Tuz,id:11IB,id:11IB,Samire Tuz 1.5 Kg,1.5,kg,24.0,16.0,16.0,1,16.0,0.0,api-refined,Tuz Baharat ve Harçlar,main_category,1,1,"[""depot:a101-6815""]","[""a101""]",pinned-relative,04.09.2026 08:00,0,1.1
2026-09-04,other_food,salt,Tuz,id:09IC,id:09IC,Pak Tuz İyotlu Tuz 1.5 Kg,1.5,kg,28.5,19.0,19.0,1,19.0,0.0,api-refined,Tuz Baharat ve Harçlar,main_category,1,1,"[""depot:hakmar-5521""]","[""hakmar""]",pinned-relative,04.09.2026 08:05,0,1.1
2026-09-04,other_food,salt,Tuz,id:0JSU,id:0JSU,Safir İyotlu Poşet Tuz 1.5 Kg,1.5,kg,30.0,20.0,20.0,1,20.0,0.0,api-refined,Tuz Baharat ve Harçlar,main_category,1,1,"[""depot:tarim_kredi-5022""]","[""tarim_kredi""]",pinned-relative,04.09.2026 08:06,0,1.1
2026-09-04,other_food,salt,Tuz,id:0AZD,id:0AZD,Pak Tuz İri Salamura Tuz 3 Kg,3.0,kg,34.5,11.5,11.5,1,11.5,0.0,api-refined,Tuz Baharat ve Harçlar,main_category,1,1,"[""depot:hakmar-5521""]","[""hakmar""]",pinned-relative,04.09.2026 08:05,0,1.1
2026-09-04,other_food,salt,Tuz,id:1V3H,id:1V3H,Işıl Salamura Tuz 3 Kg,3.0,kg,39.9,13.3,13.3,1,13.300001,0.0,api-refined,Tuz Baharat ve Harçlar,main_category,1,1,"[""depot:tarim_kredi-5022""]","[""tarim_kredi""]",pinned-relative,04.09.2026 08:04,0,1.1
2026-09-04,other_food,salt,Tuz,id:20LX,id:20LX,Billur İyotsuz Sofralık Tuz 250 Gr,0.25,kg,44.9,179.6,179.6,1,179.6,0.0,api-refined,Tuz Baharat ve Harçlar,main_category,1,1,"[""depot:carrefour-1012""]","[""carrefour""]",pinned-relative,04.09.2026 08:02,0,1.1
2026-09-04,other_food,salt,Tuz,id:29X3,id:29X3,Billur Tuz 1.5 Kg,1.5,kg,67.5,45.0,45.0,1,45.0,0.0,api-refined,Tuz Baharat ve Harçlar,main_category,1,1,"[""depot:hakmar-5521""]","[""hakmar""]",pinned-relative,04.09.2026 08:04,0,1.1
2026-09-04,other_food,salt,Tuz,id:0JD0,id:0JD0,Ant Tuz Çok Amaçlı Tuz 1.5 Kg,1.5,kg,74.5,49.666667,49.666667,1,49.666664,0.0,api-refined,Tuz Baharat ve Harçlar,main_category,1,1,"[""depot:tarim_kredi-5022""]","[""tarim_kredi""]",pinned-relative,04.09.2026 08:06,0,1.1
2026-09-04,other_food,salt,Tuz,id:1NQL,id:1NQL,Billur Tuz Rafine İyotlu Sofra Tuzu 1.5 Kg,1.5,kg,74.95,49.966667,49.966667,1,49.966663,0.0,api-refined,Tuz Baharat ve Harçlar,main_category,1,1,"[""depot:migros-1991""]","[""migros""]",pinned-relative,04.09.2026 08:02,0,1.1
2026-09-04,other_food,salt,Tuz,id:1NQK,id:1NQK,Billur Tuz Demir Mineralli İyotlu Tuz 500 Gr,0.5,kg,76.9,153.8,153.8,1,153.8,0.0,api-refined,Tuz Baharat ve Harçlar,main_category,1,1,"[""depot:carrefour-1012""]","[""carrefour""]",pinned-relative,04.09.2026 08:02,0,1.1
2026-09-04,other_food,salt,Tuz,id:1OP2,id:1OP2,Billur Tuz Sofrada Öğütme Himalaya Tuzu 200 Gr,0.2,kg,106.9,534.5,534.5,1,534.5,0.0,api-refined,Tuz Baharat ve Harçlar,main_category,1,1,"[""depot:carrefour-1012""]","[""carrefour""]",pinned-relative,04.09.2026 08:02,0,1.1
2026-09-04,other_food,vinegar,Sirke,id:1Z91,id:1Z91,Ferfresh Beyaz Sirke 2 Lt,2.0,l,139.9,69.95,69.9625,1,69.95,0.0,api-refined,Sirke,sub_category,2,1,"[""depot:carrefour-1012""]","[""carrefour""]",pinned-relative,04.09.2026 08:05,0,1.1
2026-09-04,other_food,vinegar,Sirke,id:1X98,id:1X98,Fersan Balsamik Sirke 250 Ml,0.25,l,216.425,865.7,865.7,2,865.7,0.0,api-refined,Sirke,sub_category,2,2,"[""depot:carrefour-1012"",""depot:migros-4479""]","[""carrefour"",""migros""]",pinned-relative,04.09.2026 08:04,0,1.1
2026-09-04,other_food,vinegar,Sirke,id:09V5,id:09V5,Carrefour Beyaz Sirke 1 Lt,1.0,l,19.5,19.5,19.5,1,19.5,0.0,api-refined,Sirke,sub_category,1,1,"[""depot:carrefour-5254""]","[""carrefour""]",pinned-relative,04.09.2026 08:05,0,1.1
2026-09-04,other_food,vinegar,Sirke,id:0ZSU,id:0ZSU,Bizim Vatan Beyaz Sirke 2 Lt,2.0,l,36.5,18.25,18.25,1,18.25,0.0,api-refined,Sirke,sub_category,1,1,"[""depot:sok-4707""]","[""sok""]",pinned-relative,04.09.2026 08:01,0,1.1
2026-09-04,other_food,vinegar,Sirke,id:0XW1,id:0XW1,Galle Beyaz Sirke 2 Lt,2.0,l,36.5,18.25,18.25,1,18.25,0.0,api-refined,Sirke,sub_category,1,1,"[""depot:a101-6815""]","[""a101""]",pinned-relative,04.09.2026 08:01,0,1.1
2026-09-04,other_food,vinegar,Sirke,id:03PJ,id:03PJ,Efor Beyaz Sirke 2 Lt,2.0,l,36.5,18.25,18.25,1,18.25,0.0,api-refined,Sirke,sub_category,1,1,"[""depot:bim-5712""]","[""bim""]",pinned-relative,04.09.2026 08:04,0,1.1
2026-09-04,other_food,vinegar,Sirke,id:05BW,id:05BW,Tarım Kredi Anadolu Beyaz Sirke 2 Lt,2.0,l,36.5,18.25,18.25,1,18.25,0.0,api-refined,Sirke,sub_category,1,1,"[""depot:tarim_kredi-5022""]","[""tarim_kredi""]",pinned-relative,04.09.2026 08:05,0,1.1
2026-09-04,other_food,vinegar,Sirke,id:0901,id:0901,Carrefour Beyaz Sirke 2 Lt,2.0,l,37.5,18.75,18.75,1,18.75,0.0,api-refined,Sirke,sub_category,1,1,"[""depot:carrefour-1012""]","[""carrefour""]",pinned-relative,04.09.2026 08:05,0,1.1
2026-09-04,other_food,vinegar,Sirke,id:1WQD,id:1WQD,Kühne Beyaz Sirke 1 Lt,1.0,l,79.9,79.9,79.9,1,79.9,0.0,api-refined,Sirke,sub_category,2,1,"[""depot:carrefour-1012""]","[""carrefour""]",pinned-relative,04.09.2026 08:04,0,1.1
2026-09-04,other_food,vinegar,Sirke,id:10MI,id:10MI,Kilikya Beyaz Sirke 5 Lt,5.0,l,75.0,15.0,15.0,1,15.0,0.0,api-refined,Sirke,sub_category,1,1,"[""depot:bim-5712""]","[""bim""]",pinned-relative,04.09.2026 08:00,0,1.1
2026-09-04,other_food,vinegar,Sirke,id:20II,id:20II,Ferfresh Beyaz Sirke 1 Lt,1.0,l,90.9,90.9,90.9,1,90.9,0.0,api-refined,Sirke,sub_category,1,1,"[""depot:carrefour-1012""]","[""carrefour""]",pinned-relative,04.09.2026 08:02,0,1.1
2026-09-04,other_food,vinegar,Sirke,id:0832,id:0832,Happylife Organik Sirke Cam 500 Ml,0.5,l,99.0,198.0,198.0,1,198.0,0.0,api-refined,Sirke,sub_category,1,1,"[""depot:hakmar-5521""]","[""hakmar""]",pinned-relative,04.09.2026 08:05,0,1.1
2026-09-04,other_food,vinegar,Sirke,id:12DX,id:12DX,Kemal Kükrer Beyaz Sirke 2 Lt,2.0,l,129.9,64.95,64.95,1,64.95,0.0,api-refined,Sirke,sub_category,1,1,"[""depot:carrefour-1012""]","[""carrefour""]",pinned-relative,04.09.2026 08:00,0,1.1
2026-09-04,other_food,vinegar,Sirke,id:1591,id:1591,Fersan Balsamik Sirke Condimento Rose 250 Ml,0.25,l,191.95,767.8,767.8,1,767.8,0.0,api-refined,Sirke,sub_category,1,1,"[""depot:migros-564""]","[""migros""]",pinned-relative,04.09.2026 08:00,0,1.1
2026-09-04,other_food,vinegar,Sirke,id:1YCC,id:1YCC,Sirke Analı Elma Sirkesi 500 Ml,0.5,l,194.95,389.9,389.9,1,389.9,0.0,api-refined,Sirke,sub_category,1,1,"[""depot:migros-1991""]","[""migros""]",pinned-relative,04.09.2026 08:04,0,1.1
2026-09-04,other_food,vinegar,Sirke,id:20P2,id:20P2,Fersan Detox Doğal Sirke Analı Üzüm Sirkesi 500 Ml,0.5,l,194.95,389.9,389.9,1,389.9,0.0,api-refined,Sirke,sub_category,1,1,"[""depot:migros-1991""]","[""migros""]",pinned-relative,04.09.2026 08:02,0,1.1
2026-09-04,other_food,vinegar,Sirke,id:203B,id:203B,Kühne Balsamik Sirke 500 Ml,0.5,l,232.37,464.74,464.74,1,464.74,0.0,api-refined,Sirke,sub_category,2,1,"[""depot:migros-1991""]","[""migros""]",pinned-relative,04.09.2026 08:02,0,1.1
2026-09-04,other_food,vinegar,Sirke,id:1R6R,id:1R6R,Sarson's Malt Sirke 250 Ml,0.25,l,299.9,1199.6,1199.6,1,1199.6,0.0,api-refined,Sirke,sub_category,1,1,"[""depot:carrefour-1012""]","[""carrefour""]",pinned-relative,04.09.2026 08:03,0,1.1
2026-09-04,other_food,vinegar,Sirke,id:0OOP,id:0OOP,Yakamoz Üzüm Sirkesi 2 Lt,2.0,l,69.5,34.75,34.75,1,34.75,0.0,api-refined,Sirke,sub_category,1,1,"[""depot:a101-9324""]","[""a101""]",pinned-relative,04.09.2026 08:00,0,1.0
2026-09-04,other_food,vinegar,Sirke,id:214Q,id:214Q,Kühne Üzüm Sirkesi 500 Ml,0.5,l,92.37,184.74,184.74,1,184.74,0.0,api-refined,Sirke,sub_category,1,1,"[""depot:migros-1991""]","[""migros""]",pinned-relative,04.09.2026 08:03,0,1.0
2026-09-04,drinks,black_tea,Siyah çay,id:1L5J,id:1L5J,Efor Rize Siyah Çay 1 Kg,1.0,kg,266.97,266.97,266.97,2,266.97,0.0,api-refined,Çay ve Bitki Çayları,main_category,2,2,"[""depot:carrefour-5254"",""depot:migros-1991""]","[""carrefour"",""migros""]",pinned-relative,04.09.2026 08:02,0,1.1
2026-09-04,drinks,black_tea,Siyah çay,id:1O9M,id:1O9M,Lipton Extra Dem Siyah Çay 500 Gr,0.5,kg,284.71,569.42,569.42,2,569.42,0.0,api-refined,Çay ve Bitki Çayları,main_category,2,2,"[""depot:carrefour-1012"",""depot:migros-1991""]","[""carrefour"",""migros""]",pinned-relative,04.09.2026 08:02,0,1.1
2026-09-04,drinks,black_tea,Siyah çay,id:1SO9,id:1SO9,Ofçay Tiryaki Siyah Çay 1 Kg,1.0,kg,327.475,327.475,327.475,2,327.475,0.0,api-refined,Çay ve Bitki Çayları,main_category,2,2,"[""depot:carrefour-5254"",""depot:hakmar-5521""]","[""carrefour"",""hakmar""]",pinned-relative,04.09.2026 08:04,0,1.1
2026-09-04,drinks,black_tea,Siyah çay,id:29V3,id:29V3,Çaykur Tomurcuk Siyah Çay 125 Gr,0.125,kg,109.0,872.0,872.0,1,872.0,0.0,api-refined,Çay ve Bitki Çayları,main_category,1,1,"[""depot:hakmar-5521""]","[""hakmar""]",pinned-relative,04.09.2026 08:04,0,1.1
2026-09-04,drinks,black_tea,Siyah çay,id:01KL,id:01KL,Berk Filiz Siyah Çay 500 Gr,0.5,kg,139.0,278.0,278.0,1,278.0,0.0,api-refined,Çay ve Bitki Çayları,main_category,1,1,"[""depot:bim-5712""]","[""bim""]",pinned-relative,04.09.2026 08:04,0,1.1
2026-09-04,drinks,black_tea,Siyah çay,id:0VGX,id:0VGX,Migros Filiz Siyah Çay 500 Gr,0.5,kg,139.95,279.9,279.9,1,279.9,0.0,api-refined,Çay ve Bitki Çayları,main_category,1,1,"[""depot:migros-4479""]","[""migros""]",pinned-relative,04.09.2026 08:01,0,1.1
2026-09-04,drinks,black_tea,Siyah çay,id:0N2H,id:0N2H,Karali Organik Siyah Çay 500 Gr,0.5,kg,199.95,399.9,399.9,1,399.9,0.0,api-refined,Çay ve Bitki Çayları,main_category,1,1,"[""depot:migros-1991""]","[""migros""]",pinned-relative,04.09.2026 08:06,0,1.1
2026-09-04,drinks,black_tea,Siyah çay,id:25FS,id:25FS,Çaykur Kamelya Siyah Çay 500 Gr,0.5,kg,219.0,438.0,438.0,1,438.0,0.0,api-refined,Çay ve Bitki Çayları,main_category,1,1,"[""depot:hakmar-5521""]","[""hakmar""]",pinned-relative,04.09.2026 08:04,0,1.1
2026-09-04,drinks,black_tea,Siyah çay,id:0B5O,id:0B5O,Tarım Kredi Harman Siyah Çay 1 Kg,1.0,kg,219.0,219.0,219.0,1,219.0,0.0,api-refined,Çay ve Bitki Çayları,main_category,1,1,"[""depot:tarim_kredi-7488""]","[""tarim_kredi""]",pinned-relative,04.09.2026 08:05,0,1.1
2026-09-04,drinks,black_tea,Siyah çay,id:092Q,id:092Q,Efor Platinum Siyah Çay 1 Kg,1.0,kg,233.99,233.99,233.99,1,233.99,0.0,api-refined,Çay ve Bitki Çayları,main_category,1,1,"[""depot:carrefour-5254""]","[""carrefour""]",pinned-relative,04.09.2026 08:05,0,1.1
2026-09-04,drinks,black_tea,Siyah çay,id:0XGC,id:0XGC,Migros Harman Siyah Çay 1 Kg,1.0,kg,249.95,249.95,249.95,1,249.95,0.0,api-refined,Çay ve Bitki Çayları,main_category,1,1,"[""depot:migros-1991""]","[""migros""]",pinned-relative,04.09.2026 08:01,0,1.1
2026-09-04,drinks,black_tea,Siyah çay,id:02H6,id:02H6,Herdem Harman Siyah Çay 1 Kg,1.0,kg,250.0,250.0,250.0,1,250.0,0.0,api-refined,Çay ve Bitki Çayları,main_category,1,1,"[""depot:hakmar-5521""]","[""hakmar""]",pinned-relative,04.09.2026 08:04,0,1.1
2026-09-04,drinks,black_tea,Siyah çay,id:05N0,id:05N0,Berk Rize Siyah Çay 1 Kg,1.0,kg,259.0,259.0,259.0,1,259.0,0.0,api-refined,Çay ve Bitki Çayları,main_category,1,1,"[""depot:bim-5712""]","[""bim""]",pinned-relative,04.09.2026 08:05,0,1.1
2026-09-04,drinks,black_tea,Siyah çay,id:06RO,id:06RO,Herdem Rize Siyah Çay 1 Kg,1.0,kg,259.0,259.0,259.0,1,259.0,0.0,api-refined,Çay ve Bitki Çayları,main_category,1,1,"[""depot:hakmar-5521""]","[""hakmar""]",pinned-relative,04.09.2026 08:05,0,1.1
2026-09-04,drinks,black_tea,Siyah çay,id:0TQG,id:0TQG,Migros Rize Siyah Çay 1 Kg,1.0,kg,259.95,259.95,259.95,1,259.95,0.0,api-refined,Çay ve Bitki Çayları,main_category,1,1,"[""depot:migros-1991""]","[""migros""]",pinned-relative,04.09.2026 08:00,0,1.1
2026-09-04,drinks,black_tea,Siyah çay,id:0A82,id:0A82,Deren Tiryaki Siyah Çay 1 Kg,1.0,kg,265.0,265.0,265.0,1,265.0,0.0,api-refined,Çay ve Bitki Çayları,main_category,1,1,"[""depot:sok-4707""]","[""sok""]",pinned-relative,04.09.2026 08:05,0,1.1
2026-09-04,drinks,black_tea,Siyah çay,id:0655,id:0655,Berk Tiryakim Siyah Çay 1 Kg,1.0,kg,265.0,265.0,265.0,1,265.0,0.0,api-refined,Çay ve Bitki Çayları,main_category,1,1,"[""depot:bim-5712""]","[""bim""]",pinned-relative,04.09.2026 08:05,0,1.1
2026-09-04,drinks,black_tea,Siyah çay,id:1QWZ,id:1QWZ,Efor Harman Siyah Çay 1 Kg,1.0,kg,299.95,299.95,299.95,1,299.95,0.0,api-refined,Çay ve Bitki Çayları,main_category,1,1,"[""depot:migros-1991""]","[""migros""]",pinned-relative,04.09.2026 08:03,0,1.1
2026-09-04,drinks,black_tea,Siyah çay,id:1WZN,id:1WZN,Doğuş Tiryaki Siyah Çay 1 Kg,1.0,kg,309.0,309.0,309.0,1,309.0,0.0,api-refined,Çay ve Bitki Çayları,main_category,1,1,"[""depot:bim-5712""]","[""bim""]",pinned-relative,04.09.2026 08:04,0,1.1
2026-09-04,drinks,black_tea,Siyah çay,id:1W39,id:1W39,Doğuş Karadeniz Siyah Çay 1 Kg,1.0,kg,271.0,271.0,271.0,1,271.0,0.0,api-refined,Çay ve Bitki Çayları,main_category,1,1,"[""depot:bim-5712""]","[""bim""]",pinned-relative,04.09.2026 08:04,0,1.1
2026-09-04,drinks,black_tea,Siyah çay,id:0VTT,id:0VTT,Efor Çamlıca Siyah Çay 1 Kg,1.0,kg,369.95,369.95,369.95,1,369.95,0.0,api-refined,Çay ve Bitki Çayları,main_category,1,1,"[""depot:migros-4479""]","[""migros""]",pinned-relative,04.09.2026 08:01,0,1.1
2026-09-04,drinks,black_tea,Siyah çay,id:1NL9,id:1NL9,Efor Opa Ceylon Siyah Çay 400 Gr,0.4,kg,399.95,999.875,999.875,1,999.875,0.0,api-refined,Çay ve Bitki Çayları,main_category,1,1,"[""depot:carrefour-1012""]","[""carrefour""]",pinned-relative,04.09.2026 08:02,0,1.1
2026-09-04,drinks,turkish_coffee,Türk kahvesi,id:1IO9,id:1IO9,Kocatepe Türk Kahvesi 100 Gr,0.1,kg,89.5,895.0,895.0,3,895.0,0.0,api-refined,Türk Kahvesi,sub_category,3,3,"[""depot:carrefour-1012"",""depot:sok-7238"",""depot:tarim_kredi-5022""]","[""carrefour"",""sok"",""tarim_kredi""]",pinned-relative,04.09.2026 08:02,0,1.1
2026-09-04,drinks,turkish_coffee,Türk kahvesi,id:1RQV,id:1RQV,Kurukahveci Mehmet Efendi Kafeinsiz Türk Kahvesi 50 Gr,0.05,kg,99.45,1989.0,1989.0,2,1989.0,0.0,api-refined,Türk Kahvesi,sub_category,2,2,"[""depot:carrefour-1012"",""depot:migros-6679""]","[""carrefour"",""migros""]",pinned-relative,04.09.2026 08:03,0,1.1
2026-09-04,drinks,turkish_coffee,Türk kahvesi,id:12CB,id:12CB,Keyfe Hazır Orta Türk Kahvesi 9 Gr,0.009,kg,7.0,777.777778,777.777778,1,777.7778,0.0,api-refined,Türk Kahvesi,sub_category,1,1,"[""depot:a101-6815""]","[""a101""]",pinned-relative,04.09.2026 08:00,0,1.1
2026-09-04,drinks,turkish_coffee,Türk kahvesi,id:0ZQI,id:0ZQI,Keyfe Hazır Aromalı Türk Kahvesi 100 Gr,0.1,kg,42.0,420.0,420.0,1,420.0,0.0,api-refined,Türk Kahvesi,sub_category,1,1,"[""depot:a101-6815""]","[""a101""]",pinned-relative,04.09.2026 08:01,0,1.1
2026-09-04,drinks,turkish_coffee,Türk kahvesi,id:0TMX,id:0TMX,Cafe Crown Türk Kahvesi 100 Gr,0.1,kg,59.0,590.0,590.0,1,590.0,0.0,api-refined,Türk Kahvesi,sub_category,1,1,"[""depot:bim-5712""]","[""bim""]",pinned-relative,04.09.2026 08:00,0,1.1
2026-09-04,drinks,turkish_coffee,Türk kahvesi,id:0NX4,id:0NX4,Yemeneli Türk Kahvesi 100 Gr,0.1,kg,69.5,695.0,695.0,1,695.0,0.0,api-refined,Türk Kahvesi,sub_category,1,1,"[""depot:sok-4707""]","[""sok""]",pinned-relative,04.09.2026 07:59,0,1.1
2026-09-04,drinks,turkish_coffee,Türk kahvesi,id:0695,id:0695,Halis Efendi Türk Kahvesi 100 Gr,0.1,kg,69.5,695.0,695.0,1,695.0,0.0,api-refined,Türk Kahvesi,sub_category,1,1,"[""depot:hakmar-5521""]","[""hakmar""]",pinned-relative,04.09.2026 08:05,0,1.1
2026-09-04,drinks,turkish_coffee,Türk kahvesi,id:044B,id:044B,Tarım Kredi Dibek Türk Kahvesi 200 Gr,0.2,kg,69.5,347.5,347.5,1,347.5,0.0,api-refined,Türk Kahvesi,sub_category,1,1,"[""depot:tarim_kredi-5022""]","[""tarim_kredi""]",pinned-relative,04.09.2026 08:04,0,1.1
2026-09-04,drinks,turkish_coffee,Türk kahvesi,id:0AHF,id:0AHF,Tarım Kredi Türk Kahvesi 100 Gr,0.1,kg,69.5,695.0,695.0,1,695.0,0.0,api-refined,Türk Kahvesi,sub_category,1,1,"[""depot:tarim_kredi-5022""]","[""tarim_kredi""]",pinned-relative,04.09.2026 08:05,0,1.1
2026-09-04,drinks,turkish_coffee,Türk kahvesi,id:1G5C,id:1G5C,Üstad Türk Kahvesi 100 Gr,0.1,kg,74.5,745.0,745.0,1,745.0,0.0,api-refined,Türk Kahvesi,sub_category,1,1,"[""depot:a101-6815""]","[""a101""]",pinned-relative,04.09.2026 08:02,0,1.1
2026-09-04,drinks,turkish_coffee,Türk kahvesi,id:1FKY,id:1FKY,AOÇ Türk Kahvesi 100 Gr,0.1,kg,89.0,890.0,890.0,1,890.0,0.0,api-refined,Türk Kahvesi,sub_category,1,1,"[""depot:tarim_kredi-5022""]","[""tarim_kredi""]",pinned-relative,04.09.2026 08:02,0,1.1
2026-09-04,drinks,turkish_coffee,Türk kahvesi,id:1QLD,id:1QLD,Hisar Türk Kahvesi 100 Gr,0.1,kg,89.95,899.5,899.5,1,899.49994,0.0,api-refined,Türk Kahvesi,sub_category,1,1,"[""depot:carrefour-1012""]","[""carrefour""]",pinned-relative,04.09.2026 08:03,0,1.1
2026-09-04,drinks,turkish_coffee,Türk kahvesi,id:1M0V,id:1M0V,Kocatepe 1949 Türk Kahvesi 100 Gr,0.1,kg,95.95,959.5,959.5,1,959.49994,0.0,api-refined,Türk Kahvesi,sub_category,1,1,"[""depot:migros-4479""]","[""migros""]",pinned-relative,04.09.2026 08:02,0,1.1
2026-09-04,drinks,turkish_coffee,Türk kahvesi,id:2564,id:2564,Kocatepe Damla Sakızlı Dibek Türk Kahvesi 100 Gr,0.1,kg,99.5,995.0,995.0,1,995.0,0.0,api-refined,Türk Kahvesi,sub_category,1,1,"[""depot:a101-6815""]","[""a101""]",pinned-relative,04.09.2026 08:04,0,1.1
2026-09-04,drinks,turkish_coffee,Türk kahvesi,id:0FJI,id:0FJI,Tarım Kredi Türk Kahvesi 200 Gr,0.2,kg,134.9,674.5,674.5,1,674.5,0.0,api-refined,Türk Kahvesi,sub_category,1,1,"[""depot:tarim_kredi-5022""]","[""tarim_kredi""]",pinned-relative,04.09.2026 08:06,0,1.1
2026-09-04,drinks,turkish_coffee,Türk kahvesi,id:0O3H,id:0O3H,Kocatepe Damla Sakızlı Türk Kahvesi 100 Gr,0.1,kg,139.95,1399.5,1399.5,1,1399.5,0.0,api-refined,Türk Kahvesi,sub_category,1,1,"[""depot:carrefour-1012""]","[""carrefour""]",pinned-relative,04.09.2026 07:59,0,1.1
2026-09-04,drinks,turkish_coffee,Türk kahvesi,id:256V,id:256V,Kocatepe Türk Kahvesi 250 Gr,0.25,kg,159.0,636.0,636.0,1,636.0,0.0,api-refined,Türk Kahvesi,sub_category,1,1,"[""depot:a101-6815""]","[""a101""]",pinned-relative,04.09.2026 08:04,0,1.1
2026-09-04,drinks,turkish_coffee,Türk kahvesi,id:02E5,id:02E5,Carrefour Türk Kahvesi 250 Gr,0.25,kg,175.9,703.6,703.6,1,703.6,0.0,api-refined,Türk Kahvesi,sub_category,1,1,"[""depot:carrefour-5254""]","[""carrefour""]",pinned-relative,04.09.2026 08:04,0,1.1
2026-09-04,drinks,turkish_coffee,Türk kahvesi,id:1MKC,id:1MKC,Starbucks Türk Kahvesi Veranda Blend 100 Gr,0.1,kg,199.5,1995.0,1995.0,1,1995.0,0.0,api-refined,Türk Kahvesi,sub_category,1,1,"[""depot:carrefour-5254""]","[""carrefour""]",pinned-relative,04.09.2026 08:02,0,1.1
2026-09-04,drinks,turkish_coffee,Türk kahvesi,id:1WND,id:1WND,Karaca Hatır Türk Kahvesi 250 Gr,0.25,kg,299.9,1199.6,1199.6,1,1199.6,0.0,api-refined,Türk Kahvesi,sub_category,1,1,"[""depot:carrefour-1012""]","[""carrefour""]",pinned-relative,04.09.2026 08:04,0,1.1
2026-09-04,drinks,turkish_coffee,Türk kahvesi,id:0W2D,id:0W2D,Kurukahveci Mehmet Efendi Türk Kahvesi Teneke 500 Gr,0.5,kg,551.5,1103.0,1103.0,1,1103.0,0.0,api-refined,Türk Kahvesi,sub_category,1,1,"[""depot:carrefour-1012""]","[""carrefour""]",pinned-relative,04.09.2026 08:01,0,1.1
2026-09-04,drinks,instant_coffee,Çözünebilir kahve,id:0HJZ,id:0HJZ,Cafex Instant Mocha Kahve 18 Gr,0.018,kg,5.5,305.555556,305.555556,1,305.55554,0.0,api-refined,Granül Kahve,sub_category,1,1,"[""depot:a101-6815""]","[""a101""]",pinned-relative,04.09.2026 08:06,0,1.1
2026-09-04,drinks,instant_coffee,Çözünebilir kahve,id:1SOA,id:1SOA,Nescafé Instant Mocha Kahve 17 Gr,0.017,kg,8.75,514.705882,514.705882,1,514.7059,0.0,api-refined,Granül Kahve,sub_category,1,1,"[""depot:a101-6815""]","[""a101""]",pinned-relative,04.09.2026 08:04,0,1.1
2026-09-04,drinks,instant_coffee,Çözünebilir kahve,id:0TN2,id:0TN2,Nescafé 3'ü 1 Arada Sütlü Köpüklü Hazır Kahve 17 Gr,0.017,kg,12.0,705.882353,705.882353,1,705.8824,0.0,api-refined,Granül Kahve,sub_category,1,1,"[""depot:a101-6815""]","[""a101""]",pinned-relative,04.09.2026 08:00,0,1.1
2026-09-04,drinks,instant_coffee,Çözünebilir kahve,id:2CPH,id:2CPH,Jacobs Gold Yoğun 3'ü 1 Arada Granül Kahve 18 Gr,0.018,kg,17.5,972.222222,972.222222,1,972.2222,0.0,api-refined,Granül Kahve,sub_category,1,1,"[""depot:hakmar-5521""]","[""hakmar""]",pinned-relative,04.09.2026 08:05,0,1.1
2026-09-04,drinks,instant_coffee,Çözünebilir kahve,id:0QD4,id:0QD4,Starbucks Cappuccino Premium Kahve Karışımı 18 Gr,0.018,kg,19.95,1108.333333,1108.333333,1,1108.3334,0.0,api-refined,Granül Kahve,sub_category,1,1,"[""depot:migros-3296""]","[""migros""]",pinned-relative,04.09.2026 08:00,0,1.1
2026-09-04,drinks,instant_coffee,Çözünebilir kahve,id:0DR6,id:0DR6,Carrefour Gold Kahve 100 Gr,0.1,kg,110.95,1109.5,1109.5,1,1109.4999,0.0,api-refined,Granül Kahve,sub_category,1,1,"[""depot:carrefour-5254""]","[""carrefour""]",pinned-relative,04.09.2026 08:06,0,1.1
2026-09-04,drinks,instant_coffee,Çözünebilir kahve,id:2A4W,id:2A4W,Nescafé Gold Granül Kahve 100 Gr,0.1,kg,339.5,3395.0,3395.0,1,3395.0,0.0,api-refined,Granül Kahve,sub_category,1,1,"[""depot:hakmar-5521""]","[""hakmar""]",pinned-relative,04.09.2026 08:05,0,1.1
2026-09-04,drinks,instant_coffee,Çözünebilir kahve,id:20YL,id:20YL,Nescafé Gold Kavanoz Granül Kahve 100 Gr,0.1,kg,599.0,5990.0,5990.0,1,5990.0,0.0,api-refined,Granül Kahve,sub_category,1,1,"[""depot:a101-4217""]","[""a101""]",pinned-relative,04.09.2026 08:03,0,1.1
2026-09-04,drinks,filter_coffee,Filtre kahve,id:20XM,id:20XM,Jacobs Monarch Intense Filtre Kahve 250 Gr,0.25,kg,234.99,939.96,939.96,3,939.96,0.0,api-refined,Filtre Kahve,sub_category,3,3,"[""depot:bim-5712"",""depot:carrefour-5254"",""depot:migros-564""]","[""bim"",""carrefour"",""migros""]",pinned-relative,04.09.2026 08:03,0,1.1
2026-09-04,drinks,filter_coffee,Filtre kahve,id:1L5V,id:1L5V,Jacobs Selection Filtre Kahve 250 Gr,0.25,kg,342.0,1368.0,1356.0,2,1368.0,0.0,api-refined,Filtre Kahve,sub_category,3,2,"[""depot:migros-1991"",""depot:sok-4707""]","[""migros"",""sok""]",pinned-relative,04.09.2026 08:02,0,1.1
2026-09-04,drinks,filter_coffee,Filtre kahve,id:20TC,id:20TC,Nescafé Gold Filtre Kahve 250 Gr,0.25,kg,294.95,1179.8,1179.8,2,1179.8,0.0,api-refined,Filtre Kahve,sub_category,2,2,"[""depot:carrefour-1012"",""depot:migros-564""]","[""carrefour"",""migros""]",pinned-relative,04.09.2026 08:03,0,1.1
2026-09-04,drinks,filter_coffee,Filtre kahve,id:201M,id:201M,Kahve Dünyası Filtre Kahve 250 Gr,0.25,kg,286.225,1144.9,1144.9,2,1144.9,0.0,api-refined,Filtre Kahve,sub_category,2,2,"[""depot:carrefour-1012"",""depot:migros-1991""]","[""carrefour"",""migros""]",pinned-relative,04.09.2026 08:02,0,1.1
2026-09-04,drinks,filter_coffee,Filtre kahve,id:1QGK,id:1QGK,Starbucks Caffe Verona Filtre Kahve 200 Gr,0.2,kg,405.99,2029.95,2014.85,1,2029.95,0.0,api-refined,Filtre Kahve,sub_category,1,1,"[""depot:carrefour-5254""]","[""carrefour""]",pinned-relative,04.09.2026 08:03,0,1.1
2026-09-04,drinks,filter_coffee,Filtre kahve,id:1ANH,id:1ANH,Migros Filtre Kahve Kenya 225 Gr,0.225,kg,179.0,795.555556,795.555556,1,795.55554,0.0,api-refined,Filtre Kahve,sub_category,1,1,"[""depot:migros-564""]","[""migros""]",pinned-relative,04.09.2026 08:01,0,1.1
2026-09-04,drinks,filter_coffee,Filtre kahve,id:103Q,id:103Q,Lezzcafe Filtre Kahve 250 Gr,0.25,kg,189.0,756.0,756.0,1,756.0,0.0,api-refined,Filtre Kahve,sub_category,1,1,"[""depot:sok-4707""]","[""sok""]",pinned-relative,04.09.2026 07:59,0,1.1
2026-09-04,drinks,filter_coffee,Filtre kahve,id:1AFH,id:1AFH,Bonheur Colombia Filtre Kahve 250 Gr,0.25,kg,189.0,756.0,756.0,1,756.0,0.0,api-refined,Filtre Kahve,sub_category,1,1,"[""depot:carrefour-5254""]","[""carrefour""]",pinned-relative,04.09.2026 08:01,0,1.1
2026-09-04,drinks,filter_coffee,Filtre kahve,id:1YOF,id:1YOF,Dripon Filtre Kahve 250 Gr,0.25,kg,189.0,756.0,756.0,1,756.0,0.0,api-refined,Filtre Kahve,sub_category,1,1,"[""depot:tarim_kredi-5022""]","[""tarim_kredi""]",pinned-relative,04.09.2026 08:05,0,1.1
2026-09-04,drinks,filter_coffee,Filtre kahve,id:1P2Z,id:1P2Z,Kurukahveci Colombian Filtre Kahve 250 Gr,0.25,kg,275.0,1100.0,1100.0,1,1100.0,0.0,api-refined,Filtre Kahve,sub_category,1,1,"[""depot:sok-4711""]","[""sok""]",pinned-relative,04.09.2026 08:03,0,1.1
2026-09-04,drinks,filter_coffee,Filtre kahve,id:1NDA,id:1NDA,Kurukahveci Mehmet Efendi Colombian Filtre Kahve 250 Gr,0.25,kg,285.5,1142.0,1142.0,1,1142.0,0.0,api-refined,Filtre Kahve,sub_category,1,1,"[""depot:migros-564""]","[""migros""]",pinned-relative,04.09.2026 08:02,0,1.1
2026-09-04,drinks,filter_coffee,Filtre kahve,id:1SGZ,id:1SGZ,Jacobs Monarch Filtre Kahve 250 Gr,0.25,kg,349.95,1399.8,1399.8,1,1399.8,0.0,api-refined,Filtre Kahve,sub_category,1,1,"[""depot:migros-1991""]","[""migros""]",pinned-relative,04.09.2026 08:04,0,1.1
2026-09-04,drinks,filter_coffee,Filtre kahve,id:0LKE,id:0LKE,Jacobs Monarch Filtre Kahve 500 Gr,0.5,kg,466.99,933.98,933.98,1,933.98,0.0,api-refined,Filtre Kahve,sub_category,1,1,"[""depot:carrefour-5254""]","[""carrefour""]",pinned-relative,04.09.2026 08:06,0,1.1
2026-09-04,drinks,filter_coffee,Filtre kahve,id:1XXU,id:1XXU,Venado Stella Filtre Kahve 250 Gr,0.25,kg,479.9,1919.6,1919.6,1,1919.6,0.0,api-refined,Filtre Kahve,sub_category,1,1,"[""depot:carrefour-1012""]","[""carrefour""]",pinned-relative,04.09.2026 08:04,0,1.1
2026-09-04,drinks,filter_coffee,Filtre kahve,id:2NHS,id:2NHS,Jacobs Monarch Filtre Kahve 250 Gr,0.25,kg,537.9,2151.6,2151.6,1,2151.6,0.0,api-refined,Filtre Kahve,sub_category,1,1,"[""depot:carrefour-1012""]","[""carrefour""]",pinned-relative,04.09.2026 08:06,0,1.1
2026-09-04,drinks,filter_coffee,Filtre kahve,id:1GYO,id:1GYO,Moliendo Breakfast Blend Filtre Kahve 250 Gr,0.25,kg,575.0,2300.0,2300.0,1,2300.0,0.0,api-refined,Filtre Kahve,sub_category,1,1,"[""depot:carrefour-1012""]","[""carrefour""]",pinned-relative,04.09.2026 08:02,0,1.1
2026-09-04,drinks,filter_coffee,Filtre kahve,id:1OKN,id:1OKN,Davidoff Rich Aroma Filtre Kahve 250 Gr,0.25,kg,679.9,2719.6,2719.6,1,2719.6,0.0,api-refined,Filtre Kahve,sub_category,1,1,"[""depot:carrefour-1012""]","[""carrefour""]",pinned-relative,04.09.2026 08:02,0,1.1
2026-09-04,drinks,filter_coffee,Filtre kahve,id:1S7U,id:1S7U,Jacobs Monarch Filtre Kahve 500 Gr,0.5,kg,995.5,1991.0,1991.0,1,1991.0,0.0,api-refined,Filtre Kahve,sub_category,1,1,"[""depot:migros-1991""]","[""migros""]",pinned-relative,04.09.2026 08:03,0,1.1
2026-09-04,drinks,cola,Kola,id:0ZI9,id:0ZI9,Sarıyer Kola Gazlı İçecek 250 Ml,0.25,l,14.75,59.0,59.0,2,59.0,0.0,api-refined,Kolalar,sub_category,2,2,"[""depot:a101-4141"",""depot:hakmar-5521""]","[""a101"",""hakmar""]",pinned-relative,04.09.2026 08:01,0,1.1
2026-09-04,drinks,cola,Kola,id:0ZLP,id:0ZLP,Pepsi Kola 330 Ml,0.33,l,38.0,115.151515,115.868977,2,115.15152,0.0,api-refined,Kolalar,sub_category,2,2,"[""depot:a101-6815"",""depot:bim-5712""]","[""a101"",""bim""]",pinned-relative,04.09.2026 08:01,0,1.1
2026-09-04,drinks,cola,Kola,id:0YAB,id:0YAB,Pepsi Kola 1 Lt,1.0,l,51.0,51.0,51.0,2,51.0,0.0,api-refined,Kolalar,sub_category,2,2,"[""depot:a101-6815"",""depot:bim-5712""]","[""a101"",""bim""]",pinned-relative,04.09.2026 08:01,0,1.1
2026-09-04,drinks,cola,Kola,id:11CT,id:11CT,Bi Kola Gazlı İçecek 250 Ml,0.25,l,14.0,56.0,56.0,1,56.0,0.0,api-refined,Kolalar,sub_category,1,1,"[""depot:a101-6815""]","[""a101""]",pinned-relative,04.09.2026 08:00,0,1.1
2026-09-04,drinks,cola,Kola,id:3WZQ,id:3WZQ,Crown Şekersiz Kola Kutu 330 Ml,0.33,l,23.0,69.69697,69.69697,1,69.69697,0.0,api-refined,Kolalar,sub_category,1,1,"[""depot:sok-4707""]","[""sok""]",pinned-relative,04.09.2026 08:03,0,1.1
2026-09-04,drinks,cola,Kola,id:0V4E,id:0V4E,Bi Kola Gazlı İçecek 330 Ml,0.33,l,25.0,75.757576,75.757576,1,75.757576,0.0,api-refined,Kolalar,sub_category,1,1,"[""depot:a101-6815""]","[""a101""]",pinned-relative,04.09.2026 08:01,0,1.1
2026-09-04,drinks,cola,Kola,id:06D7,id:06D7,Sarıyer Kola 1 Lt,1.0,l,32.5,32.5,32.5,1,32.5,0.0,api-refined,Kolalar,sub_category,1,1,"[""depot:tarim_kredi-5022""]","[""tarim_kredi""]",pinned-relative,04.09.2026 08:05,0,1.1
2026-09-04,drinks,cola,Kola,id:1STO,id:1STO,Pepsi Max Gazlı İçecek Kola 1 Lt,1.0,l,45.0,45.0,45.0,1,45.0,0.0,api-refined,Kolalar,sub_category,1,1,"[""depot:a101-6815""]","[""a101""]",pinned-relative,04.09.2026 08:04,0,1.1
2026-09-04,drinks,cola,Kola,id:1GPJ,id:1GPJ,Sarıyer Şekersiz Kola 1.5 Lt,1.5,l,49.5,33.0,33.0,1,33.0,0.0,api-refined,Kolalar,sub_category,1,1,"[""depot:tarim_kredi-5022""]","[""tarim_kredi""]",pinned-relative,04.09.2026 08:02,0,1.1
2026-09-04,drinks,cola,Kola,id:0QBX,id:0QBX,Pepsi Kola 1.5 Lt,1.5,l,53.5,35.666667,35.666667,1,35.666668,0.0,api-refined,Kolalar,sub_category,1,1,"[""depot:a101-6815""]","[""a101""]",pinned-relative,04.09.2026 08:00,0,1.1
2026-09-04,drinks,cola,Kola,id:0T4G,id:0T4G,Coca-Cola Kola 330 Ml,0.33,l,55.0,166.666667,166.666667,1,166.66667,0.0,api-refined,Kolalar,sub_category,1,1,"[""depot:a101-6815""]","[""a101""]",pinned-relative,04.09.2026 08:00,0,1.1
2026-09-04,drinks,cola,Kola,id:1MNY,id:1MNY,Sarıyer Kola Şekersiz 2.5 Lt,2.5,l,59.0,23.6,23.6,1,23.6,0.0,api-refined,Kolalar,sub_category,1,1,"[""depot:tarim_kredi-5022""]","[""tarim_kredi""]",pinned-relative,04.09.2026 08:02,0,1.1
2026-09-04,drinks,cola,Kola,id:0WO8,id:0WO8,Bi Kola Gazlı İçecek 2.5 Lt,2.5,l,64.0,25.6,25.6,1,25.599998,0.0,api-refined,Kolalar,sub_category,1,1,"[""depot:a101-4102""]","[""a101""]",pinned-relative,04.09.2026 08:01,0,1.1
2026-09-04,drinks,cola,Kola,id:1INJ,id:1INJ,Sarıyer Kola 2.5 Lt,2.5,l,64.0,25.6,25.6,1,25.599998,0.0,api-refined,Kolalar,sub_category,1,1,"[""depot:tarim_kredi-5022""]","[""tarim_kredi""]",pinned-relative,04.09.2026 08:02,0,1.1
2026-09-04,drinks,cola,Kola,id:20X2,id:20X2,Kristal Şekersiz Kola Gazlı İçecek 2.5 Lt,2.5,l,65.0,26.0,26.0,1,26.0,0.0,api-refined,Kolalar,sub_category,1,1,"[""depot:bim-5712""]","[""bim""]",pinned-relative,04.09.2026 08:03,0,1.1
2026-09-04,drinks,cola,Kola,id:0XAH,id:0XAH,Coca-Cola Kola 1.25 Lt,1.25,l,65.0,52.0,52.0,1,52.0,0.0,api-refined,Kolalar,sub_category,1,1,"[""depot:a101-4217""]","[""a101""]",pinned-relative,04.09.2026 08:01,0,1.1
2026-09-04,drinks,cola,Kola,id:0WSU,id:0WSU,Cola Turka Kola 2.5 Lt,2.5,l,70.0,28.0,28.0,1,28.0,0.0,api-refined,Kolalar,sub_category,1,1,"[""depot:a101-6815""]","[""a101""]",pinned-relative,04.09.2026 08:01,0,1.1
2026-09-04,drinks,cola,Kola,id:0ZND,id:0ZND,Coca-Cola Kola 1.75 Lt,1.75,l,85.0,48.571429,48.571429,1,48.57143,0.0,api-refined,Kolalar,sub_category,1,1,"[""depot:a101-6815""]","[""a101""]",pinned-relative,04.09.2026 08:01,0,1.1
2026-09-04,drinks,cola,Kola,id:0SRF,id:0SRF,Coca-Cola Şekersiz Kola 2.5 Lt,2.5,l,99.5,39.8,39.8,1,39.8,0.0,api-refined,Kolalar,sub_category,1,1,"[""depot:a101-6815""]","[""a101""]",pinned-relative,04.09.2026 08:00,0,1.1
2026-09-04,drinks,cola,Kola,id:10BG,id:10BG,Coca-Cola Kola 3 Lt,3.0,l,107.5,35.833333,35.833333,1,35.833332,0.0,api-refined,Kolalar,sub_category,1,1,"[""depot:a101-4217""]","[""a101""]",pinned-relative,04.09.2026 07:59,0,1.1
2026-09-04,drinks,cola,Kola,id:1EY3,id:1EY3,Sarıyer Kola Gazlı İçecek 1.98 Lt,1.98,l,129.0,65.151515,65.151515,1,65.15151,0.0,api-refined,Kolalar,sub_category,1,1,"[""depot:bim-5712""]","[""bim""]",pinned-relative,04.09.2026 08:02,0,1.1
2026-09-04,drinks,cola,Kola,id:1DTE,id:1DTE,Sarıyer Kola 4x1 Lt,4.0,l,145.0,36.25,36.25,1,36.25,0.0,api-refined,Kolalar,sub_category,1,1,"[""depot:tarim_kredi-5022""]","[""tarim_kredi""]",pinned-relative,04.09.2026 08:02,0,1.1
2026-09-04,drinks,cola,Kola,id:0WXN,id:0WXN,Coca-Cola Kola 4x1 Lt,4.0,l,159.0,39.75,39.75,1,39.75,0.0,api-refined,Kolalar,sub_category,1,1,"[""depot:a101-9324""]","[""a101""]",pinned-relative,04.09.2026 08:01,0,1.1
2026-09-04,drinks,cola,Kola,id:1N3U,id:1N3U,Pepsi Kola 4x1 Lt,4.0,l,169.0,42.25,42.25,1,42.25,0.0,api-refined,Kolalar,sub_category,1,1,"[""depot:bim-5712""]","[""bim""]",pinned-relative,04.09.2026 08:02,0,1.1
2026-09-04,drinks,fruit_juice,Meyve suyu,id:1FSE,id:1FSE,Naren %100 Sıkma Kırmızı Meyveler Suyu 720 Ml,0.72,l,101.99,141.652778,141.652778,1,141.65277,0.0,api-refined,Meyve Suyu,main_category,1,1,"[""depot:carrefour-5254""]","[""carrefour""]",pinned-relative,04.09.2026 08:02,0,1.05
2026-09-04,drinks,fruit_juice,Meyve suyu,id:0ORV,id:0ORV,Dimes %100 Tropik Meyveler Suyu 1 Lt,1.0,l,135.0,135.0,135.0,1,135.0,0.0,api-refined,Meyve Suyu,main_category,1,1,"[""depot:migros-1991""]","[""migros""]",pinned-relative,04.09.2026 08:00,0,1.05
2026-09-04,drinks,iced_tea,Soğuk çay,id:1T40,id:1T40,Lipton Mango Soğuk Çay 1 Lt,1.0,l,57.0,57.0,57.0,4,57.0,0.0,api-refined,Soğuk Çay,sub_category,4,4,"[""depot:bim-5712"",""depot:carrefour-1012"",""depot:hakmar-5521"",""depot:migros-6679""]","[""bim"",""carrefour"",""hakmar"",""migros""]",pinned-relative,04.09.2026 08:04,0,1.1
2026-09-04,drinks,iced_tea,Soğuk çay,id:1PGN,id:1PGN,Didi Bergamot Aromalı Soğuk Çay 500 Ml,0.5,l,37.75,75.5,82.254599,1,75.5,0.0,api-refined,Soğuk Çay,sub_category,2,1,"[""depot:carrefour-1012""]","[""carrefour""]",pinned-relative,04.09.2026 08:03,0,1.1
2026-09-04,drinks,iced_tea,Soğuk çay,id:1IXH,id:1IXH,Didi Soğuk Çay Şeftali 2.5 Lt,2.5,l,58.75,23.5,23.5,2,23.5,0.0,api-refined,Soğuk Çay,sub_category,2,2,"[""depot:bim-5712"",""depot:hakmar-5521""]","[""bim"",""hakmar""]",pinned-relative,04.09.2026 08:02,0,1.1
2026-09-04,drinks,iced_tea,Soğuk çay,id:1NOE,id:1NOE,Lipton Karpuz & Nane Soğuk Çay 1 Lt,1.0,l,63.5,63.5,63.5,2,63.5,0.0,api-refined,Soğuk Çay,sub_category,2,2,"[""depot:carrefour-1012"",""depot:migros-564""]","[""carrefour"",""migros""]",pinned-relative,04.09.2026 08:02,0,1.1
2026-09-04,drinks,iced_tea,Soğuk çay,id:0VLJ,id:0VLJ,Lipton Mango Soğuk Çay 1.5 Lt,1.5,l,69.95,46.633333,46.633333,2,46.633335,0.0,api-refined,Soğuk Çay,sub_category,2,2,"[""depot:carrefour-1012"",""depot:tarim_kredi-5022""]","[""carrefour"",""tarim_kredi""]",pinned-relative,04.09.2026 08:01,0,1.1
2026-09-04,drinks,iced_tea,Soğuk çay,id:0459,id:0459,Juss Soğuk Çay Şeftali 330 Ml,0.33,l,24.5,74.242424,74.242424,1,74.24243,0.0,api-refined,Soğuk Çay,sub_category,1,1,"[""depot:tarim_kredi-5022""]","[""tarim_kredi""]",pinned-relative,04.09.2026 08:04,0,1.1
2026-09-04,drinks,iced_tea,Soğuk çay,id:09GQ,id:09GQ,Juss Limonlu Soğuk Çay 330 Ml,0.33,l,24.5,74.242424,74.242424,1,74.24243,0.0,api-refined,Soğuk Çay,sub_category,1,1,"[""depot:tarim_kredi-5022""]","[""tarim_kredi""]",pinned-relative,04.09.2026 08:05,0,1.1
2026-09-04,drinks,iced_tea,Soğuk çay,id:1MTA,id:1MTA,Didi Şeftali Aromalı Soğuk Çay Kutu 500 Ml,0.5,l,37.75,75.5,75.5,1,75.5,0.0,api-refined,Soğuk Çay,sub_category,1,1,"[""depot:carrefour-1012""]","[""carrefour""]",pinned-relative,04.09.2026 08:02,0,1.1
2026-09-04,drinks,iced_tea,Soğuk çay,id:04P6,id:04P6,Juss Şeftalili Soğuk Çay 1 Lt,1.0,l,30.0,30.0,30.0,1,30.0,0.0,api-refined,Soğuk Çay,sub_category,1,1,"[""depot:hakmar-5521""]","[""hakmar""]",pinned-relative,04.09.2026 08:05,0,1.1
2026-09-04,drinks,iced_tea,Soğuk çay,id:0AS3,id:0AS3,Tarım Kredi Şeftali Aromalı Soğuk Çay 1 Lt,1.0,l,31.0,31.0,31.0,1,31.0,0.0,api-refined,Soğuk Çay,sub_category,1,1,"[""depot:tarim_kredi-5022""]","[""tarim_kredi""]",pinned-relative,04.09.2026 08:05,0,1.1
2026-09-04,drinks,iced_tea,Soğuk çay,id:16RE,id:16RE,Tarım Kredi Karışık Kırmızı Meyve Aromalı Soğuk Çay 1 Lt,1.0,l,31.0,31.0,31.0,1,31.0,0.0,api-refined,Soğuk Çay,sub_category,1,1,"[""depot:tarim_kredi-5022""]","[""tarim_kredi""]",pinned-relative,04.09.2026 08:01,0,1.1
2026-09-04,drinks,iced_tea,Soğuk çay,id:029J,id:029J,Didi Soğuk Çay 500 Ml,0.5,l,34.5,69.0,69.0,1,69.0,0.0,api-refined,Soğuk Çay,sub_category,1,1,"[""depot:hakmar-5521""]","[""hakmar""]",pinned-relative,04.09.2026 08:04,0,1.1
2026-09-04,drinks,iced_tea,Soğuk çay,id:1MSP,id:1MSP,Herby Soğuk Çay Armut Şeftali Aromalı 250 Ml,0.25,l,39.5,158.0,158.0,1,158.0,0.0,api-refined,Soğuk Çay,sub_category,1,1,"[""depot:bim-5712""]","[""bim""]",pinned-relative,04.09.2026 08:02,0,1.1
2026-09-04,drinks,iced_tea,Soğuk çay,id:20VI,id:20VI,Didi Şeftali Soğuk Çay 1 Lt,1.0,l,45.5,45.5,45.5,1,45.5,0.0,api-refined,Soğuk Çay,sub_category,1,1,"[""depot:carrefour-1012""]","[""carrefour""]",pinned-relative,04.09.2026 08:03,0,1.1
2026-09-04,drinks,iced_tea,Soğuk çay,id:29Z1,id:29Z1,Lipton Şeftali Soğuk Çay 330 Ml,0.33,l,47.5,143.939394,143.939394,1,143.93939,0.0,api-refined,Soğuk Çay,sub_category,1,1,"[""depot:hakmar-5521""]","[""hakmar""]",pinned-relative,04.09.2026 08:04,0,1.1
2026-09-04,drinks,iced_tea,Soğuk çay,id:2CNY,id:2CNY,Fuse Tea Karpuzlu Soğuk Çay 330 Ml,0.33,l,60.0,181.818182,181.818182,1,181.81819,0.0,api-refined,Soğuk Çay,sub_category,1,1,"[""depot:hakmar-5521""]","[""hakmar""]",pinned-relative,04.09.2026 08:05,0,1.1
2026-09-04,drinks,iced_tea,Soğuk çay,id:2CA7,id:2CA7,Fuse Tea Mango Ananas Soğuk Çay 330 Ml,0.33,l,60.0,181.818182,181.818182,1,181.81819,0.0,api-refined,Soğuk Çay,sub_category,1,1,"[""depot:hakmar-5521""]","[""hakmar""]",pinned-relative,04.09.2026 08:05,0,1.1
2026-09-04,drinks,iced_tea,Soğuk çay,id:0087,id:0087,Fuse Tea Limonlu Soğuk Çay 1 Lt,1.0,l,70.0,70.0,70.0,1,70.0,0.0,api-refined,Soğuk Çay,sub_category,1,1,"[""depot:hakmar-5521""]","[""hakmar""]",pinned-relative,04.09.2026 08:04,0,1.1
2026-09-04,drinks,iced_tea,Soğuk çay,id:2CH9,id:2CH9,Fuse Tea Soğuk Çay Karpuz 1 Lt,1.0,l,70.0,70.0,70.0,1,70.0,0.0,api-refined,Soğuk Çay,sub_category,1,1,"[""depot:hakmar-5521""]","[""hakmar""]",pinned-relative,04.09.2026 08:05,0,1.1
2026-09-04,drinks,iced_tea,Soğuk çay,id:1MB7,id:1MB7,Lipton Limon Soğuk Çay 4 Lt,4.0,l,266.0,66.5,66.5,1,66.5,0.0,api-refined,Soğuk Çay,sub_category,1,1,"[""depot:carrefour-1012""]","[""carrefour""]",pinned-relative,04.09.2026 08:02,0,1.1
2026-09-04,drinks,mineral_water,Maden suyu,id:1KI7,id:1KI7,Beypazarı Doğal Maden Suyu 200 Ml,0.2,l,12.0,60.0,60.0,3,60.0,0.0,api-refined,Maden Suyu,main_category,4,3,"[""depot:a101-6815"",""depot:bim-5712"",""depot:sok-7238""]","[""a101"",""bim"",""sok""]",pinned-relative,04.09.2026 08:02,0,1.1
2026-09-04,drinks,mineral_water,Maden suyu,id:1P7S,id:1P7S,Sarıkız Doğal Maden Suyu 6x250 Ml,1.5,l,66.0,44.0,44.0,3,44.0,0.0,api-refined,Maden Suyu,main_category,3,3,"[""depot:bim-5712"",""depot:carrefour-1012"",""depot:sok-4707""]","[""bim"",""carrefour"",""sok""]",pinned-relative,04.09.2026 08:03,0,1.1
2026-09-04,drinks,mineral_water,Maden suyu,id:1WEU,id:1WEU,Kızılay Maden Suyu 200 Ml,0.2,l,13.0,65.0,65.0,2,65.0,0.0,api-refined,Maden Suyu,main_category,2,2,"[""depot:migros-6679"",""depot:sok-4711""]","[""migros"",""sok""]",pinned-relative,04.09.2026 08:04,0,1.1
2026-09-04,drinks,mineral_water,Maden suyu,id:0XZC,id:0XZC,Kızılay Limonlu Maden Suyu 200 Ml,0.2,l,15.5,77.5,77.5,2,77.5,0.0,api-refined,Maden Suyu,main_category,2,2,"[""depot:hakmar-5521"",""depot:sok-7238""]","[""hakmar"",""sok""]",pinned-relative,04.09.2026 08:01,0,1.1
2026-09-04,drinks,mineral_water,Maden suyu,id:0X6U,id:0X6U,Uludağ Premium Maden Suyu 250 Ml,0.25,l,51.225,204.9,204.9,2,204.9,0.0,api-refined,Maden Suyu,main_category,2,2,"[""depot:carrefour-1012"",""depot:migros-1991""]","[""carrefour"",""migros""]",pinned-relative,04.09.2026 08:01,0,1.1
2026-09-04,drinks,mineral_water,Maden suyu,id:1K49,id:1K49,Kızılay Sade Maden Suyu 6x200 Ml,1.2,l,66.0,55.0,55.0,2,55.0,0.0,api-refined,Maden Suyu,main_category,2,2,"[""depot:a101-6815"",""depot:sok-4707""]","[""a101"",""sok""]",pinned-relative,04.09.2026 08:02,0,1.1
2026-09-04,drinks,mineral_water,Maden suyu,id:1KJQ,id:1KJQ,Uludağ Doğal Maden Suyu 6x200 Ml,1.2,l,72.375,60.3125,60.3125,2,60.312498,0.0,api-refined,Maden Suyu,main_category,2,2,"[""depot:carrefour-1012"",""depot:migros-4479""]","[""carrefour"",""migros""]",pinned-relative,04.09.2026 08:02,0,1.1
2026-09-04,drinks,mineral_water,Maden suyu,id:0T23,id:0T23,Kızılcahamam Sade Maden Suyu 200 Ml,0.2,l,11.5,57.5,57.5,1,57.5,0.0,api-refined,Maden Suyu,main_category,1,1,"[""depot:tarim_kredi-5022""]","[""tarim_kredi""]",pinned-relative,04.09.2026 08:00,0,1.1
2026-09-04,drinks,mineral_water,Maden suyu,id:25HA,id:25HA,Maden Suyu 200 Ml,0.2,l,12.0,60.0,60.0,1,60.0,0.0,api-refined,Maden Suyu,main_category,1,1,"[""depot:bim-5712""]","[""bim""]",pinned-relative,04.09.2026 08:04,0,1.1
2026-09-04,drinks,mineral_water,Maden suyu,id:1PBB,id:1PBB,Uludağ Doğal Maden Suyu 200 Ml,0.2,l,13.0,65.0,65.0,1,65.0,0.0,api-refined,Maden Suyu,main_category,1,1,"[""depot:migros-3296""]","[""migros""]",pinned-relative,04.09.2026 08:03,0,1.1
2026-09-04,drinks,mineral_water,Maden suyu,id:2AFW,id:2AFW,Avşar Mango Ananas Maden Suyu 200 Ml,0.2,l,16.0,80.0,80.0,1,80.0,0.0,api-refined,Maden Suyu,main_category,1,1,"[""depot:hakmar-5521""]","[""hakmar""]",pinned-relative,04.09.2026 08:05,0,1.1
2026-09-04,drinks,mineral_water,Maden suyu,id:1COJ,id:1COJ,Sırma Churchill Maden Suyu 250 Ml,0.25,l,29.5,118.0,118.0,1,118.0,0.0,api-refined,Maden Suyu,main_category,1,1,"[""depot:a101-4141""]","[""a101""]",pinned-relative,04.09.2026 08:01,0,1.1
2026-09-04,drinks,mineral_water,Maden suyu,id:002Z,id:002Z,Damla Mineral Sade Maden Suyu 200 Ml,0.2,l,34.0,170.0,170.0,1,170.0,0.0,api-refined,Maden Suyu,main_category,1,1,"[""depot:carrefour-1012""]","[""carrefour""]",pinned-relative,04.09.2026 08:04,0,1.1
2026-09-04,drinks,mineral_water,Maden suyu,id:1LPP,id:1LPP,Akmina Maden Suyu 1 Lt,1.0,l,41.5,41.5,41.5,1,41.5,0.0,api-refined,Maden Suyu,main_category,1,1,"[""depot:sok-4707""]","[""sok""]",pinned-relative,04.09.2026 08:02,0,1.1
2026-09-04,drinks,mineral_water,Maden suyu,id:1L0U,id:1L0U,Akmina Maden Suyu Pet 1 Lt,1.0,l,43.5,43.5,43.5,1,43.5,0.0,api-refined,Maden Suyu,main_category,1,1,"[""depot:carrefour-1012""]","[""carrefour""]",pinned-relative,04.09.2026 08:02,0,1.1
2026-09-04,drinks,mineral_water,Maden suyu,id:02XX,id:02XX,Karlıtepe Limon Aromalı Maden Suyu 1.2 Lt,1.2,l,62.0,51.666667,51.666667,1,51.666664,0.0,api-refined,Maden Suyu,main_category,1,1,"[""depot:bim-5712""]","[""bim""]",pinned-relative,04.09.2026 08:04,0,1.1
2026-09-04,drinks,mineral_water,Maden suyu,id:1NFI,id:1NFI,Maden Suyu 6x200 Ml,1.2,l,66.0,55.0,55.0,1,55.0,0.0,api-refined,Maden Suyu,main_category,1,1,"[""depot:bim-5712""]","[""bim""]",pinned-relative,04.09.2026 08:02,0,1.1
2026-09-04,drinks,mineral_water,Maden suyu,id:1NME,id:1NME,Kınık Maden Suyu 6x200 Ml,1.2,l,66.7,55.583333,55.583333,1,55.583332,0.0,api-refined,Maden Suyu,main_category,1,1,"[""depot:migros-564""]","[""migros""]",pinned-relative,04.09.2026 08:02,0,1.1
2026-09-04,drinks,mineral_water,Maden suyu,id:1MJP,id:1MJP,Kızılay Doğal Maden Suyu 6x200 Ml,1.2,l,69.5,57.916667,57.916667,1,57.916668,0.0,api-refined,Maden Suyu,main_category,1,1,"[""depot:carrefour-5254""]","[""carrefour""]",pinned-relative,04.09.2026 08:02,0,1.1
2026-09-04,drinks,mineral_water,Maden suyu,id:0M3W,id:0M3W,Damla Minera Sade Maden Suyu 1.2 Lt,1.2,l,72.0,60.0,60.0,1,60.0,0.0,api-refined,Maden Suyu,main_category,1,1,"[""depot:carrefour-1012""]","[""carrefour""]",pinned-relative,04.09.2026 08:06,0,1.1
2026-09-04,drinks,mineral_water,Maden suyu,id:1P29,id:1P29,Saka Doğal Maden Suyu 6x200 Ml,1.2,l,78.25,65.208333,65.208333,1,65.20833,0.0,api-refined,Maden Suyu,main_category,1,1,"[""depot:migros-4479""]","[""migros""]",pinned-relative,04.09.2026 08:03,0,1.1
2026-09-04,drinks,mineral_water,Maden suyu,id:1TZH,id:1TZH,Kınık Sade Maden Suyu 20x200 Ml,4.0,l,175.0,43.75,43.75,1,43.75,0.0,api-refined,Maden Suyu,main_category,1,1,"[""depot:a101-6815""]","[""a101""]",pinned-relative,04.09.2026 08:04,0,1.1
2026-09-04,drinks,water,İçme suyu,id:0006,id:0006,Erikli Su 500 Ml,0.5,l,23.95,47.9,47.9,3,47.9,0.0,api-refined,Pet Su,sub_category,3,3,"[""depot:carrefour-1012"",""depot:hakmar-5521"",""depot:migros-4479""]","[""carrefour"",""hakmar"",""migros""]",pinned-relative,04.09.2026 08:04,0,1.1
2026-09-04,drinks,water,İçme suyu,id:0YTN,id:0YTN,Elmacık Su 500 Ml,0.5,l,6.75,13.5,13.5,2,13.5,0.0,api-refined,Pet Su,sub_category,2,2,"[""depot:sok-1017"",""depot:tarim_kredi-5022""]","[""sok"",""tarim_kredi""]",pinned-relative,04.09.2026 08:01,0,1.1
2026-09-04,drinks,water,İçme suyu,id:16JA,id:16JA,Su 1.5 Lt,1.5,l,12.25,8.166667,8.166667,1,8.166667,0.0,api-refined,Pet Su,sub_category,2,1,"[""depot:bim-5712""]","[""bim""]",pinned-relative,04.09.2026 08:01,0,1.1
2026-09-04,drinks,water,İçme suyu,id:1NHT,id:1NHT,Abant Su 1.5 Lt,1.5,l,12.25,8.166667,8.5,1,8.166667,0.0,api-refined,Pet Su,sub_category,2,1,"[""depot:tarim_kredi-5022""]","[""tarim_kredi""]",pinned-relative,04.09.2026 08:02,0,1.1
2026-09-04,drinks,water,İçme suyu,id:10BC,id:10BC,Hayat Su 1.5 Lt,1.5,l,35.75,23.833333,23.833333,2,23.833334,0.0,api-refined,Pet Su,sub_category,2,2,"[""depot:a101-6815"",""depot:carrefour-1012""]","[""a101"",""carrefour""]",pinned-relative,04.09.2026 07:59,0,1.1
2026-09-04,drinks,water,İçme suyu,id:12HG,id:12HG,Su 5 Lt,5.0,l,36.0,7.2,7.2,2,7.2,0.0,api-refined,Pet Su,sub_category,2,2,"[""depot:a101-6815"",""depot:bim-5712""]","[""a101"",""bim""]",pinned-relative,04.09.2026 08:00,0,1.1
2026-09-04,drinks,water,İçme suyu,id:1ZOJ,id:1ZOJ,Erikli Su 1.5 Lt,1.5,l,44.75,29.833333,29.833333,2,29.833333,0.0,api-refined,Pet Su,sub_category,2,2,"[""depot:carrefour-1012"",""depot:migros-4479""]","[""carrefour"",""migros""]",pinned-relative,04.09.2026 08:05,0,1.1
2026-09-04,drinks,water,İçme suyu,id:1YC3,id:1YC3,Hayat Su 5 Lt,5.0,l,63.475,12.695,12.695,2,12.695,0.0,api-refined,Pet Su,sub_category,2,2,"[""depot:a101-6815"",""depot:carrefour-1012""]","[""a101"",""carrefour""]",pinned-relative,04.09.2026 08:04,0,1.1
2026-09-04,drinks,water,İçme suyu,id:1SJF,id:1SJF,Damla Su 5 Lt,5.0,l,77.25,15.45,15.45,2,15.45,0.0,api-refined,Pet Su,sub_category,2,2,"[""depot:carrefour-1012"",""depot:migros-6679""]","[""carrefour"",""migros""]",pinned-relative,04.09.2026 08:04,0,1.1
2026-09-04,drinks,water,İçme suyu,id:1WRN,id:1WRN,Erikli Su 6x1 Lt,6.0,l,157.75,26.291667,24.48192,2,26.291666,0.0,api-refined,Pet Su,sub_category,2,2,"[""depot:a101-4141"",""depot:carrefour-1012""]","[""a101"",""carrefour""]",pinned-relative,04.09.2026 08:04,0,1.1
2026-09-04,drinks,water,İçme suyu,id:0NIR,id:0NIR,Kardelen Su 500 Ml,0.5,l,6.75,13.5,13.5,1,13.5,0.0,api-refined,Pet Su,sub_category,1,1,"[""depot:sok-1017""]","[""sok""]",pinned-relative,04.09.2026 08:06,0,1.1
2026-09-04,drinks,water,İçme suyu,id:0PQA,id:0PQA,Assu Su 500 Ml,0.5,l,6.75,13.5,13.5,1,13.5,0.0,api-refined,Pet Su,sub_category,1,1,"[""depot:hakmar-5521""]","[""hakmar""]",pinned-relative,04.09.2026 08:00,0,1.1
2026-09-04,drinks,water,İçme suyu,id:006Q,id:006Q,Pınar Su 500 Ml,0.5,l,19.95,39.9,39.9,1,39.9,0.0,api-refined,Pet Su,sub_category,1,1,"[""depot:carrefour-1012""]","[""carrefour""]",pinned-relative,04.09.2026 08:04,0,1.1
2026-09-04,drinks,water,İçme suyu,id:1E4Y,id:1E4Y,Kızılay Su 1.5 Lt,1.5,l,25.9,17.266667,17.266667,1,17.266666,0.0,api-refined,Pet Su,sub_category,1,1,"[""depot:tarim_kredi-5022""]","[""tarim_kredi""]",pinned-relative,04.09.2026 08:02,0,1.1
2026-09-04,drinks,water,İçme suyu,id:065T,id:065T,Erikli Su 330 Ml,0.33,l,28.0,84.848485,84.848485,1,84.84849,0.0,api-refined,Pet Su,sub_category,1,1,"[""depot:carrefour-1012""]","[""carrefour""]",pinned-relative,04.09.2026 08:05,0,1.1
2026-09-04,drinks,water,İçme suyu,id:1E57,id:1E57,Kızılay Su 5 Lt,5.0,l,44.9,8.98,8.98,1,8.98,0.0,api-refined,Pet Su,sub_category,1,1,"[""depot:tarim_kredi-5022""]","[""tarim_kredi""]",pinned-relative,04.09.2026 08:02,0,1.1
2026-09-04,drinks,water,İçme suyu,id:1WHK,id:1WHK,Su 6x1 Lt,6.0,l,58.5,9.75,9.75,1,9.75,0.0,api-refined,Pet Su,sub_category,1,1,"[""depot:a101-6815""]","[""a101""]",pinned-relative,04.09.2026 08:04,0,1.1
2026-09-04,drinks,water,İçme suyu,id:0XGR,id:0XGR,Güzelpınar Su 12x250 Ml,3.0,l,63.25,21.083333,21.083333,1,21.083332,0.0,api-refined,Pet Su,sub_category,1,1,"[""depot:sok-4707""]","[""sok""]",pinned-relative,04.09.2026 08:01,0,1.1
2026-09-04,drinks,water,İçme suyu,id:07SC,id:07SC,Assu Su 12x250 Ml,3.0,l,54.0,18.0,18.0,1,18.0,0.0,api-refined,Pet Su,sub_category,1,1,"[""depot:bim-5712""]","[""bim""]",pinned-relative,04.09.2026 08:05,0,1.1
2026-09-04,drinks,water,İçme suyu,id:19KN,id:19KN,Su 12x330 Ml,3.96,l,57.0,14.393939,14.393939,1,14.39394,0.0,api-refined,Pet Su,sub_category,1,1,"[""depot:bim-5712""]","[""bim""]",pinned-relative,04.09.2026 08:01,0,1.1
2026-09-04,drinks,water,İçme suyu,id:1P6M,id:1P6M,Saka Su 10 Lt,10.0,l,95.5,9.55,9.55,1,9.549999,0.0,api-refined,Pet Su,sub_category,1,1,"[""depot:sok-1017""]","[""sok""]",pinned-relative,04.09.2026 08:03,0,1.1
2026-09-04,drinks,water,İçme suyu,id:0V4P,id:0V4P,Damla Su 6 Lt,6.0,l,117.5,19.583333,19.583333,1,19.583334,0.0,api-refined,Pet Su,sub_category,1,1,"[""depot:carrefour-1012""]","[""carrefour""]",pinned-relative,04.09.2026 08:01,0,1.1
2026-09-04,drinks,energy_drink,Enerji içeceği,id:1LMO,id:1LMO,Red Bull Enerji İçeceği 250 Ml,0.25,l,70.0,280.0,280.0,6,280.0,0.0,api-refined,Enerji İçecekleri,sub_category,6,6,"[""depot:a101-6815"",""depot:bim-5712"",""depot:hakmar-5521"",""depot:migros-1991"",""depot:sok-4707"",""depot:tarim_kredi-5022""]","[""a101"",""bim"",""hakmar"",""migros"",""sok"",""tarim_kredi""]",pinned-relative,04.09.2026 08:02,0,1.1
2026-09-04,drinks,energy_drink,Enerji içeceği,id:0U2P,id:0U2P,Hotline Enerji İçeceği 1 Lt,1.0,l,55.0,55.0,55.0,3,55.0,0.0,api-refined,Enerji İçecekleri,sub_category,3,3,"[""depot:a101-6815"",""depot:bim-5712"",""depot:sok-4711""]","[""a101"",""bim"",""sok""]",pinned-relative,04.09.2026 08:01,0,1.1
2026-09-04,drinks,energy_drink,Enerji içeceği,id:1NXI,id:1NXI,Monster Enerji İçeceği 500 Ml,0.5,l,80.0,160.0,173.353692,3,160.0,0.0,api-refined,Enerji İçecekleri,sub_category,3,3,"[""depot:carrefour-1012"",""depot:migros-1991"",""depot:sok-4707""]","[""carrefour"",""migros"",""sok""]",pinned-relative,04.09.2026 08:02,0,1.1
2026-09-04,drinks,energy_drink,Enerji içeceği,id:1ZQB,id:1ZQB,Red Bull Enerji İçeceği 473 Ml,0.473,l,120.0,253.699789,253.699789,3,253.69978,0.0,api-refined,Enerji İçecekleri,sub_category,3,3,"[""depot:a101-6815"",""depot:carrefour-1012"",""depot:migros-1991""]","[""a101"",""carrefour"",""migros""]",pinned-relative,04.09.2026 08:05,0,1.1
2026-09-04,drinks,energy_drink,Enerji içeceği,id:1QIE,id:1QIE,Monster Ultra Tropical Enerji İçeceği 500 Ml,0.5,l,80.0,160.0,161.158011,2,160.0,0.0,api-refined,Enerji İçecekleri,sub_category,2,2,"[""depot:carrefour-1012"",""depot:migros-1991""]","[""carrefour"",""migros""]",pinned-relative,04.09.2026 08:03,0,1.1
2026-09-04,drinks,energy_drink,Enerji içeceği,id:0P0W,id:0P0W,Burn Enerji İçeceği 500 Ml,0.5,l,100.0,200.0,200.0,2,200.0,0.0,api-refined,Enerji İçecekleri,sub_category,2,2,"[""depot:carrefour-5254"",""depot:migros-4479""]","[""carrefour"",""migros""]",pinned-relative,04.09.2026 08:00,0,1.1
2026-09-04,drinks,energy_drink,Enerji içeceği,id:0N3R,id:0N3R,Red Bull Enerji İçeceği 6x250 Ml,1.5,l,357.45,238.3,238.3,2,238.299995,0.0,api-refined,Enerji İçecekleri,sub_category,2,2,"[""depot:carrefour-1012"",""depot:migros-4479""]","[""carrefour"",""migros""]",pinned-relative,04.09.2026 08:06,0,1.1
2026-09-04,drinks,energy_drink,Enerji içeceği,id:0ORG,id:0ORG,Tornado Enerji İçeceği 250 Ml,0.25,l,29.9,119.6,119.6,1,119.6,0.0,api-refined,Enerji İçecekleri,sub_category,1,1,"[""depot:sok-4707""]","[""sok""]",pinned-relative,04.09.2026 08:00,0,1.1
2026-09-04,drinks,energy_drink,Enerji içeceği,id:1YP0,id:1YP0,Black Bruin Enerji İçeceği 250 Ml,0.25,l,29.9,119.6,119.6,1,119.6,0.0,api-refined,Enerji İçecekleri,sub_category,1,1,"[""depot:tarim_kredi-5022""]","[""tarim_kredi""]",pinned-relative,04.09.2026 08:05,0,1.1
2026-09-04,drinks,energy_drink,Enerji içeceği,id:06TO,id:06TO,Black Eagle Enerji İçeceği 500 Ml,0.5,l,33.5,67.0,67.0,1,67.0,0.0,api-refined,Enerji İçecekleri,sub_category,1,1,"[""depot:bim-5712""]","[""bim""]",pinned-relative,04.09.2026 08:05,0,1.1
2026-09-04,drinks,energy_drink,Enerji içeceği,id:1C7T,id:1C7T,Hotline Enerji İçeceği 500 Ml,0.5,l,33.5,67.0,67.0,1,67.0,0.0,api-refined,Enerji İçecekleri,sub_category,1,1,"[""depot:bim-5712""]","[""bim""]",pinned-relative,04.09.2026 08:01,0,1.1
2026-09-04,drinks,energy_drink,Enerji içeceği,id:1BSW,id:1BSW,Predator Şeftali Enerji İçeceği 250 Ml,0.25,l,35.0,140.0,140.0,1,140.0,0.0,api-refined,Enerji İçecekleri,sub_category,1,1,"[""depot:a101-6815""]","[""a101""]",pinned-relative,04.09.2026 08:01,0,1.1
2026-09-04,drinks,energy_drink,Enerji içeceği,id:1E3X,id:1E3X,Performans Multivitamin Şekersiz Enerji İçeceği 500 Ml,0.5,l,35.0,70.0,70.0,1,70.0,0.0,api-refined,Enerji İçecekleri,sub_category,1,1,"[""depot:bim-5712""]","[""bim""]",pinned-relative,04.09.2026 08:02,0,1.1
2026-09-04,drinks,energy_drink,Enerji içeceği,id:103P,id:103P,Predator Enerji İçeceği 250 Ml,0.25,l,35.0,140.0,140.0,1,140.0,0.0,api-refined,Enerji İçecekleri,sub_category,1,1,"[""depot:a101-4217""]","[""a101""]",pinned-relative,04.09.2026 07:59,0,1.1
2026-09-04,drinks,energy_drink,Enerji içeceği,id:1A3J,id:1A3J,Predator Gold Enerji İçeceği 250 Ml,0.25,l,45.0,180.0,180.0,1,180.0,0.0,api-refined,Enerji İçecekleri,sub_category,1,1,"[""depot:carrefour-1012""]","[""carrefour""]",pinned-relative,04.09.2026 08:01,0,1.1
2026-09-04,drinks,energy_drink,Enerji içeceği,id:11OZ,id:11OZ,Jack Wrestler Enerji İçeceği 500 Ml,0.5,l,49.0,98.0,98.0,1,98.0,0.0,api-refined,Enerji İçecekleri,sub_category,1,1,"[""depot:a101-6815""]","[""a101""]",pinned-relative,04.09.2026 08:00,0,1.1
2026-09-04,drinks,energy_drink,Enerji içeceği,id:219R,id:219R,Sting Enerji İçeceği 500 Ml,0.5,l,49.5,99.0,99.0,1,99.0,0.0,api-refined,Enerji İçecekleri,sub_category,1,1,"[""depot:a101-9324""]","[""a101""]",pinned-relative,04.09.2026 08:03,0,1.1
2026-09-04,drinks,energy_drink,Enerji içeceği,id:0ERF,id:0ERF,Tornado Enerji İçeceği 1 Lt,1.0,l,49.9,49.9,49.9,1,49.9,0.0,api-refined,Enerji İçecekleri,sub_category,1,1,"[""depot:sok-4707""]","[""sok""]",pinned-relative,04.09.2026 08:06,0,1.1
2026-09-04,drinks,energy_drink,Enerji içeceği,id:0Q4H,id:0Q4H,Black Eagle Enerji İçeceği 1 Lt,1.0,l,50.0,50.0,50.0,1,50.0,0.0,api-refined,Enerji İçecekleri,sub_category,1,1,"[""depot:a101-4141""]","[""a101""]",pinned-relative,04.09.2026 08:00,0,1.1
2026-09-04,drinks,soda,Gazoz,id:1I5Z,id:1I5Z,Fruko Gazoz 2.5 Lt,2.5,l,67.0,26.8,26.8,3,26.8,0.0,api-refined,Gazozlar,sub_category,4,3,"[""depot:bim-5712"",""depot:carrefour-1012"",""depot:tarim_kredi-5022""]","[""bim"",""carrefour"",""tarim_kredi""]",pinned-relative,04.09.2026 08:02,0,1.1
2026-09-04,drinks,soda,Gazoz,id:1ZCH,id:1ZCH,Uludağ Efsane Gazoz 1.5 Lt,1.5,l,224.5,149.666667,149.666667,3,149.66667,0.0,api-refined,Gazozlar,sub_category,3,3,"[""depot:carrefour-1012"",""depot:migros-1991"",""depot:tarim_kredi-5022""]","[""carrefour"",""migros"",""tarim_kredi""]",pinned-relative,04.09.2026 08:05,0,1.1
2026-09-04,drinks,soda,Gazoz,id:1P6V,id:1P6V,Fruko Gazoz 1.5 Lt,1.5,l,70.0,46.666667,46.666667,2,46.666666,0.0,api-refined,Gazozlar,sub_category,2,2,"[""depot:carrefour-1012"",""depot:migros-1991""]","[""carrefour"",""migros""]",pinned-relative,04.09.2026 08:03,0,1.1
2026-09-04,drinks,soda,Gazoz,id:1V9I,id:1V9I,Uludağ Efsane Gazoz 2.5 Lt,2.5,l,79.5,31.8,31.8,2,31.8,0.0,api-refined,Gazozlar,sub_category,2,2,"[""depot:bim-5712"",""depot:tarim_kredi-5022""]","[""bim"",""tarim_kredi""]",pinned-relative,04.09.2026 08:04,0,1.1
2026-09-04,drinks,soda,Gazoz,id:19VH,id:19VH,Sarıyer Gazoz 250 Ml,0.25,l,15.5,62.0,62.0,1,62.0,0.0,api-refined,Gazozlar,sub_category,1,1,"[""depot:a101-6815""]","[""a101""]",pinned-relative,04.09.2026 08:01,0,1.1
2026-09-04,drinks,soda,Gazoz,id:3X3N,id:3X3N,Çamlıca Gazoz 200 Ml,0.2,l,18.5,92.5,92.5,1,92.5,0.0,api-refined,Gazozlar,sub_category,1,1,"[""depot:hakmar-5521""]","[""hakmar""]",pinned-relative,04.09.2026 08:03,0,1.1
2026-09-04,drinks,soda,Gazoz,id:1MA1,id:1MA1,Sarıyer Gazoz 330 Ml,0.33,l,25.0,75.757576,75.757576,1,75.757576,0.0,api-refined,Gazozlar,sub_category,1,1,"[""depot:tarim_kredi-5022""]","[""tarim_kredi""]",pinned-relative,04.09.2026 08:02,0,1.1
2026-09-04,drinks,soda,Gazoz,id:0OBJ,id:0OBJ,Crown Gazoz 1.5 Lt,1.5,l,33.0,22.0,22.0,1,22.0,0.0,api-refined,Gazozlar,sub_category,1,1,"[""depot:sok-4707""]","[""sok""]",pinned-relative,04.09.2026 07:59,0,1.1
2026-09-04,drinks,soda,Gazoz,id:0OCX,id:0OCX,Bi Gazoz 1.5 Lt,1.5,l,33.0,22.0,22.0,1,22.0,0.0,api-refined,Gazozlar,sub_category,1,1,"[""depot:a101-4102""]","[""a101""]",pinned-relative,04.09.2026 07:59,0,1.1
2026-09-04,drinks,soda,Gazoz,id:1J9U,id:1J9U,Sarıyer Gazoz 1.5 Lt,1.5,l,33.0,22.0,22.0,1,22.0,0.0,api-refined,Gazozlar,sub_category,1,1,"[""depot:tarim_kredi-5022""]","[""tarim_kredi""]",pinned-relative,04.09.2026 08:02,0,1.1
2026-09-04,drinks,soda,Gazoz,id:0WZU,id:0WZU,Beyoğlu Zencefil Aromalı Gazoz 250 Ml,0.25,l,48.5,194.0,194.0,1,194.0,0.0,api-refined,Gazozlar,sub_category,1,1,"[""depot:carrefour-1012""]","[""carrefour""]",pinned-relative,04.09.2026 08:01,0,1.1
2026-09-04,drinks,soda,Gazoz,id:023K,id:023K,Fruko Gazlı İçecek Gazoz 2.5 Lt,2.5,l,53.5,21.4,21.4,1,21.400002,0.0,api-refined,Gazozlar,sub_category,1,1,"[""depot:a101-6815""]","[""a101""]",pinned-relative,04.09.2026 08:04,0,1.1
2026-09-04,drinks,soda,Gazoz,id:1TTH,id:1TTH,Uludağ Efsane Gazoz 1.5 Lt,1.5,l,54.9,36.6,36.6,1,36.600002,0.0,api-refined,Gazozlar,sub_category,1,1,"[""depot:migros-4479""]","[""migros""]",pinned-relative,04.09.2026 08:04,0,1.1
2026-09-04,drinks,soda,Gazoz,id:0LGC,id:0LGC,Sprite Limon Aromalı Gazoz 330 Ml,0.33,l,55.0,166.666667,166.666667,1,166.66667,0.0,api-refined,Gazozlar,sub_category,1,1,"[""depot:migros-1991""]","[""migros""]",pinned-relative,04.09.2026 08:06,0,1.1
2026-09-04,drinks,soda,Gazoz,id:1HBA,id:1HBA,Uludağ Sade Gazoz 1 Lt,1.0,l,59.5,59.5,59.5,1,59.5,0.0,api-refined,Gazozlar,sub_category,1,1,"[""depot:a101-4217""]","[""a101""]",pinned-relative,04.09.2026 08:02,0,1.1
2026-09-04,drinks,soda,Gazoz,id:2B6C,id:2B6C,Uludağ Az Kalorili Gazoz 1.5 Lt,1.5,l,59.5,39.666667,39.666667,1,39.666668,0.0,api-refined,Gazozlar,sub_category,1,1,"[""depot:hakmar-5521""]","[""hakmar""]",pinned-relative,04.09.2026 08:05,0,1.1
2026-09-04,drinks,soda,Gazoz,id:0W2G,id:0W2G,Uludağ Efsane Gazoz 1 Lt,1.0,l,59.5,59.5,59.5,1,59.5,0.0,api-refined,Gazozlar,sub_category,1,1,"[""depot:carrefour-1012""]","[""carrefour""]",pinned-relative,04.09.2026 08:01,0,1.1
2026-09-04,drinks,soda,Gazoz,id:0047,id:0047,Sarıyer Gazoz 2.5 Lt,2.5,l,64.0,25.6,25.6,1,25.599998,0.0,api-refined,Gazozlar,sub_category,1,1,"[""depot:tarim_kredi-5022""]","[""tarim_kredi""]",pinned-relative,04.09.2026 08:04,0,1.1
2026-09-04,drinks,soda,Gazoz,id:1LHY,id:1LHY,Sprite Gazoz 2.5 Lt,2.5,l,87.5,35.0,35.0,1,35.0,0.0,api-refined,Gazozlar,sub_category,1,1,"[""depot:carrefour-1012""]","[""carrefour""]",pinned-relative,04.09.2026 08:02,0,1.1
2026-09-04,drinks,soda,Gazoz,id:1V0F,id:1V0F,Sarıkız Gazoz 6x200 Ml,1.2,l,90.75,75.625,75.625,1,75.625,0.0,api-refined,Gazozlar,sub_category,1,1,"[""depot:bim-5712""]","[""bim""]",pinned-relative,04.09.2026 08:04,0,1.1
2026-09-04,drinks,soda,Gazoz,id:1T1E,id:1T1E,Kınık Gazoz 6x200 Ml,1.2,l,95.0,79.166667,79.166667,1,79.166664,0.0,api-refined,Gazozlar,sub_category,1,1,"[""depot:a101-6815""]","[""a101""]",pinned-relative,04.09.2026 08:04,0,1.1
2026-09-04,household_cleaning,dish_liquid,Elde bulaşık deterjanı,id:2244,id:2244,Pril Sirkeli Sıvı Bulaşık Deterjanı 1.1 Lt,1.1,l,75.0,68.181818,113.863636,1,68.18182,0.0,api-refined,Elde Yıkama Deterjanı,sub_category,1,1,"[""depot:bim-5712""]","[""bim""]",pinned-relative,04.09.2026 08:03,0,1.1
2026-09-04,household_cleaning,dish_liquid,Elde bulaşık deterjanı,id:1IOQ,id:1IOQ,Fairy Sıvı Bulaşık Deterjanı 650 Ml,0.65,l,117.0,180.0,180.0,2,180.0,0.0,api-refined,Elde Yıkama Deterjanı,sub_category,2,2,"[""depot:bim-5712"",""depot:hakmar-5521""]","[""bim"",""hakmar""]",pinned-relative,04.09.2026 08:02,0,1.1
2026-09-04,household_cleaning,dish_liquid,Elde bulaşık deterjanı,id:3WKW,id:3WKW,All Natura Sıvı Bulaşık Deterjanı 750 Ml,0.75,l,59.0,78.666667,78.666667,1,78.666664,0.0,api-refined,Elde Yıkama Deterjanı,sub_category,1,1,"[""depot:a101-6815""]","[""a101""]",pinned-relative,04.09.2026 08:03,0,1.1
2026-09-04,household_cleaning,dish_liquid,Elde bulaşık deterjanı,id:10JS,id:10JS,Mintax Sıvı Bulaşık Deterjanı Losyon 750 Ml,0.75,l,59.9,79.866667,79.866667,1,79.86667,0.0,api-refined,Elde Yıkama Deterjanı,sub_category,1,1,"[""depot:sok-1017""]","[""sok""]",pinned-relative,04.09.2026 08:00,0,1.1
2026-09-04,household_cleaning,dish_liquid,Elde bulaşık deterjanı,id:0CUJ,id:0CUJ,Elit Sıvı Bulaşık Deterjanı 750 Ml,0.75,l,62.0,82.666667,82.666667,1,82.666664,0.0,api-refined,Elde Yıkama Deterjanı,sub_category,1,1,"[""depot:tarim_kredi-5022""]","[""tarim_kredi""]",pinned-relative,04.09.2026 08:06,0,1.1
2026-09-04,household_cleaning,dish_liquid,Elde bulaşık deterjanı,id:0YN0,id:0YN0,Mintax Sıvı Bulaşık Deterjanı Limonlu 750 Ml,0.75,l,62.5,83.333333,83.333333,1,83.333336,0.0,api-refined,Elde Yıkama Deterjanı,sub_category,1,1,"[""depot:sok-4707""]","[""sok""]",pinned-relative,04.09.2026 08:01,0,1.1
2026-09-04,household_cleaning,dish_liquid,Elde bulaşık deterjanı,id:035S,id:035S,Desto Sıvı Bulaşık Deterjanı 750 Ml,0.75,l,62.5,83.333333,83.333333,1,83.333336,0.0,api-refined,Elde Yıkama Deterjanı,sub_category,1,1,"[""depot:bim-5712""]","[""bim""]",pinned-relative,04.09.2026 08:04,0,1.1
2026-09-04,household_cleaning,dish_liquid,Elde bulaşık deterjanı,id:0RG2,id:0RG2,Migros Limon Sıvı Bulaşık Deterjanı 750 Ml,0.75,l,66.95,89.266667,89.266667,1,89.26666,0.0,api-refined,Elde Yıkama Deterjanı,sub_category,1,1,"[""depot:migros-4479""]","[""migros""]",pinned-relative,04.09.2026 08:00,0,1.1
2026-09-04,household_cleaning,dish_liquid,Elde bulaşık deterjanı,id:0LFT,id:0LFT,Migros Losyon Sıvı Bulaşık Deterjanı 750 Ml,0.75,l,66.95,89.266667,89.266667,1,89.26666,0.0,api-refined,Elde Yıkama Deterjanı,sub_category,1,1,"[""depot:migros-3296""]","[""migros""]",pinned-relative,04.09.2026 08:06,0,1.1
2026-09-04,household_cleaning,dish_liquid,Elde bulaşık deterjanı,id:0YFC,id:0YFC,Mintax Ultra Sıvı Bulaşık Deterjanı 750 Ml,0.75,l,78.5,104.666667,104.666667,1,104.666664,0.0,api-refined,Elde Yıkama Deterjanı,sub_category,1,1,"[""depot:sok-4707""]","[""sok""]",pinned-relative,04.09.2026 08:01,0,1.1
2026-09-04,household_cleaning,dish_liquid,Elde bulaşık deterjanı,id:1SL5,id:1SL5,Fairy Elma Sıvı Bulaşık Deterjanı 650 Ml,0.65,l,101.95,156.846154,156.846154,1,156.84615,0.0,api-refined,Elde Yıkama Deterjanı,sub_category,1,1,"[""depot:migros-3296""]","[""migros""]",pinned-relative,04.09.2026 08:04,0,1.1
2026-09-04,household_cleaning,dish_liquid,Elde bulaşık deterjanı,id:0HPT,id:0HPT,Carrefour Eco Planet Limon Bitkisel Sıvı Bulaşık Deterjanı 750 Ml,0.75,l,119.9,159.866667,159.866667,1,159.86667,0.0,api-refined,Elde Yıkama Deterjanı,sub_category,1,1,"[""depot:carrefour-1012""]","[""carrefour""]",pinned-relative,04.09.2026 08:06,0,1.1
2026-09-04,household_cleaning,dish_liquid,Elde bulaşık deterjanı,id:0HEB,id:0HEB,Carrefour Eco Planet Aloe Vera Bitkisel Sıvı Bulaşık Deterjanı 750 Ml,0.75,l,119.9,159.866667,159.866667,1,159.86667,0.0,api-refined,Elde Yıkama Deterjanı,sub_category,1,1,"[""depot:carrefour-1012""]","[""carrefour""]",pinned-relative,04.09.2026 08:06,0,1.1
2026-09-04,household_cleaning,dish_liquid,Elde bulaşık deterjanı,id:0NMW,id:0NMW,Migros Limon Kokulu Sıvı Bulaşık Deterjanı 4 Lt,4.0,l,159.95,39.9875,39.9875,1,39.9875,0.0,api-refined,Elde Yıkama Deterjanı,sub_category,1,1,"[""depot:migros-4479""]","[""migros""]",pinned-relative,04.09.2026 07:59,0,1.1
2026-09-04,household_cleaning,dish_liquid,Elde bulaşık deterjanı,id:016N,id:016N,Senfoni Sıvı Bulaşık Deterjanı 4 Lt,4.0,l,170.0,42.5,42.5,1,42.5,0.0,api-refined,Elde Yıkama Deterjanı,sub_category,1,1,"[""depot:bim-5712""]","[""bim""]",pinned-relative,04.09.2026 08:04,0,1.1
2026-09-04,household_cleaning,dish_liquid,Elde bulaşık deterjanı,id:1T5F,id:1T5F,Mr. Oxy Maxima Yaban Mersini Sıvı Bulaşık Deterjanı 4 Lt,4.0,l,179.0,44.75,44.75,1,44.75,0.0,api-refined,Elde Yıkama Deterjanı,sub_category,1,1,"[""depot:bim-5712""]","[""bim""]",pinned-relative,04.09.2026 08:04,0,1.1
2026-09-04,household_cleaning,dish_liquid,Elde bulaşık deterjanı,id:1T8X,id:1T8X,Mr. Oxy Maxima Sıvı Bulaşık Deterjanı Limon 4 Lt,4.0,l,179.0,44.75,44.75,1,44.75,0.0,api-refined,Elde Yıkama Deterjanı,sub_category,1,1,"[""depot:bim-5712""]","[""bim""]",pinned-relative,04.09.2026 08:04,0,1.1
2026-09-04,household_cleaning,dish_liquid,Elde bulaşık deterjanı,id:0SGA,id:0SGA,Peros Limon Sıvı Bulaşık Deterjanı 3.88 Lt,3.88,l,189.95,48.956186,48.956186,1,48.956184,0.0,api-refined,Elde Yıkama Deterjanı,sub_category,1,1,"[""depot:migros-1991""]","[""migros""]",pinned-relative,04.09.2026 08:00,0,1.1
2026-09-04,household_cleaning,dish_liquid,Elde bulaşık deterjanı,id:1UGB,id:1UGB,Fairy Soğuk Suda Etkili Sıvı Bulaşık Deterjanı 1.5 Lt,1.5,l,182.95,121.966667,121.966667,1,121.96667,0.0,api-refined,Elde Yıkama Deterjanı,sub_category,1,1,"[""depot:migros-1991""]","[""migros""]",pinned-relative,04.09.2026 08:04,0,1.1
2026-09-04,household_cleaning,dishwasher_tabs,Bulaşık makinesi tableti,id:10IT,id:10IT,Mintax 9 In 1 Bulaşık Makinesi Tablet Deterjanı 50 Adet,50.0,count,175.0,3.5,3.5,1,3.5,0.0,title,Bulaşık Makinesi Tableti,sub_category,1,1,"[""depot:sok-4707""]","[""sok""]",pinned-relative,04.09.2026 08:00,0,1.1
2026-09-04,household_cleaning,dishwasher_tabs,Bulaşık makinesi tableti,id:1W9H,id:1W9H,Finish Quantum Özel Seri Bulaşık Makinesi Tableti 50 Adet,50.0,count,412.45,8.249,8.224448,2,8.249,0.0,title,Bulaşık Makinesi Tableti,sub_category,2,2,"[""depot:carrefour-5254"",""depot:migros-1991""]","[""carrefour"",""migros""]",pinned-relative,04.09.2026 08:04,0,1.05
2026-09-04,household_cleaning,dishwasher_tabs,Bulaşık makinesi tableti,id:20AX,id:20AX,Fairy Platinum Bulaşık Makinesi Tableti 50 Adet,50.0,count,634.925,12.6985,12.6985,2,12.6985,0.0,title,Bulaşık Makinesi Tableti,sub_category,2,2,"[""depot:carrefour-1012"",""depot:migros-1991""]","[""carrefour"",""migros""]",pinned-relative,04.09.2026 08:02,0,1.05
2026-09-04,household_cleaning,dishwasher_tabs,Bulaşık makinesi tableti,id:0IG4,id:0IG4,Elit Bulaşık Makinesi Tableti 50 Adet,50.0,count,99.0,1.98,1.98,1,1.98,0.0,title,Bulaşık Makinesi Tableti,sub_category,1,1,"[""depot:tarim_kredi-5022""]","[""tarim_kredi""]",pinned-relative,04.09.2026 08:06,0,1.05
2026-09-04,household_cleaning,dishwasher_tabs,Bulaşık makinesi tableti,id:0Q0O,id:0Q0O,Mintax Ultra Bulaşık Makinesi Tableti 33 Adet,33.0,count,165.0,5.0,5.0,1,5.0,0.0,title,Bulaşık Makinesi Tableti,sub_category,1,1,"[""depot:sok-4707""]","[""sok""]",pinned-relative,04.09.2026 08:00,0,1.05
2026-09-04,household_cleaning,dishwasher_tabs,Bulaşık makinesi tableti,id:06IC,id:06IC,Bind Activit Bulaşık Makinesi Tableti 50 Adet,50.0,count,175.0,3.5,3.5,1,3.5,0.0,title,Bulaşık Makinesi Tableti,sub_category,1,1,"[""depot:bim-5712""]","[""bim""]",pinned-relative,04.09.2026 08:05,0,1.05
2026-09-04,household_cleaning,dishwasher_tabs,Bulaşık makinesi tableti,id:0ZE7,id:0ZE7,Brid H1a Bulaşık Makinesi Tableti 50 Adet,50.0,count,175.0,3.5,3.5,1,3.5,0.0,title,Bulaşık Makinesi Tableti,sub_category,1,1,"[""depot:a101-9324""]","[""a101""]",pinned-relative,04.09.2026 08:01,0,1.05
2026-09-04,household_cleaning,dishwasher_tabs,Bulaşık makinesi tableti,id:0317,id:0317,Carrefour Bulaşık Makinesi Tableti 50 Adet,50.0,count,175.0,3.5,3.5,1,3.5,0.0,title,Bulaşık Makinesi Tableti,sub_category,1,1,"[""depot:carrefour-5254""]","[""carrefour""]",pinned-relative,04.09.2026 08:04,0,1.05
2026-09-04,household_cleaning,dishwasher_tabs,Bulaşık makinesi tableti,id:0G8F,id:0G8F,Carrefour Ultra Bulaşık Makinesi Tableti 33 Adet,33.0,count,195.0,5.909091,5.909091,1,5.909091,0.0,title,Bulaşık Makinesi Tableti,sub_category,1,1,"[""depot:carrefour-1012""]","[""carrefour""]",pinned-relative,04.09.2026 08:06,0,1.05
2026-09-04,household_cleaning,dishwasher_tabs,Bulaşık makinesi tableti,id:0GQI,id:0GQI,Elit Klasik Bulaşık Makinesi Tableti 100 Adet,100.0,count,179.0,1.79,1.79,1,1.79,0.0,title,Bulaşık Makinesi Tableti,sub_category,1,1,"[""depot:tarim_kredi-5022""]","[""tarim_kredi""]",pinned-relative,04.09.2026 08:06,0,1.05
2026-09-04,household_cleaning,dishwasher_tabs,Bulaşık makinesi tableti,id:20QW,id:20QW,Finish Quantum Bulaşık Makinesi Tableti 40 Adet,40.0,count,416.9,10.4225,10.4225,1,10.4225,0.0,title,Bulaşık Makinesi Tableti,sub_category,1,1,"[""depot:a101-6815""]","[""a101""]",pinned-relative,04.09.2026 08:03,0,1.05
2026-09-04,household_cleaning,dishwasher_tabs,Bulaşık makinesi tableti,id:0UVE,id:0UVE,Just Green Organic Bulaşık Makinesi Tableti 30 Adet,30.0,count,439.95,14.665,14.665,1,14.665,0.0,title,Bulaşık Makinesi Tableti,sub_category,1,1,"[""depot:migros-1991""]","[""migros""]",pinned-relative,04.09.2026 08:01,0,1.05
2026-09-04,household_cleaning,laundry_powder,Toz çamaşır deterjanı,id:3WV8,id:3WV8,Bingo Konsantre Ultra Beyaz Toz Çamaşır Deterjanı 1.5 Kg,1.5,kg,139.0,92.666667,92.666667,1,92.666664,0.0,api-refined,Toz Deterjanlar,sub_category,1,1,"[""depot:hakmar-5521""]","[""hakmar""]",pinned-relative,04.09.2026 08:03,0,1.05
2026-09-04,household_cleaning,laundry_powder,Toz çamaşır deterjanı,id:3WV9,id:3WV9,Bingo Ultra Beyaz Toz Çamaşır Deterjanı 4 Kg,4.0,kg,324.0,81.0,81.0,1,81.0,0.0,api-refined,Toz Deterjanlar,sub_category,1,1,"[""depot:hakmar-5521""]","[""hakmar""]",pinned-relative,04.09.2026 08:03,0,1.05
2026-09-04,household_cleaning,laundry_liquid,Sıvı çamaşır deterjanı,id:1V23,id:1V23,Peros Bakım Renkliler Sıvı Çamaşır Deterjanı 3 Lt,3.0,l,199.0,66.333333,66.333333,4,66.33333,0.0,api-refined,Sıvı Deterjanlar,sub_category,5,4,"[""depot:bim-5712"",""depot:carrefour-1012"",""depot:sok-4707"",""depot:tarim_kredi-5022""]","[""bim"",""carrefour"",""sok"",""tarim_kredi""]",pinned-relative,04.09.2026 08:04,0,1.05
2026-09-04,household_cleaning,laundry_liquid,Sıvı çamaşır deterjanı,id:1YNX,id:1YNX,Peros Siyahlar İçin Sıvı Çamaşır Deterjanı Bakım 3 Lt,3.0,l,199.0,66.333333,66.333333,5,66.33333,0.0,api-refined,Sıvı Deterjanlar,sub_category,5,5,"[""depot:bim-5712"",""depot:carrefour-1012"",""depot:migros-1991"",""depot:sok-4707"",""depot:tarim_kredi-5022""]","[""bim"",""carrefour"",""migros"",""sok"",""tarim_kredi""]",pinned-relative,04.09.2026 08:05,0,1.05
2026-09-04,household_cleaning,laundry_liquid,Sıvı çamaşır deterjanı,id:204V,id:204V,Perwoll Hızlı Yıkama Sıvı Çamaşır Deterjanı 2 Lt,2.0,l,152.425,76.2125,76.2125,2,76.2125,0.0,api-refined,Sıvı Deterjanlar,sub_category,2,2,"[""depot:migros-1991"",""depot:tarim_kredi-5022""]","[""migros"",""tarim_kredi""]",pinned-relative,04.09.2026 08:02,0,1.05
2026-09-04,household_cleaning,laundry_liquid,Sıvı çamaşır deterjanı,id:1N10,id:1N10,Tursil Leylak Bahçesi Sıvı Çamaşır Deterjanı 2.145 Lt,2.145,l,239.975,111.876457,111.876457,2,111.876463,0.0,api-refined,Sıvı Deterjanlar,sub_category,2,2,"[""depot:bim-5712"",""depot:migros-1991""]","[""bim"",""migros""]",pinned-relative,04.09.2026 08:02,0,1.05
2026-09-04,household_cleaning,laundry_liquid,Sıvı çamaşır deterjanı,id:0LKX,id:0LKX,Mintax Sıvı Çamaşır Deterjanı 1.69 Lt,1.69,l,139.9,82.781065,82.781065,1,82.78106,0.0,api-refined,Sıvı Deterjanlar,sub_category,1,1,"[""depot:sok-4707""]","[""sok""]",pinned-relative,04.09.2026 08:06,0,1.05
2026-09-04,household_cleaning,laundry_liquid,Sıvı çamaşır deterjanı,id:17PB,id:17PB,Peros Siyahlar İçin Sıvı Çamaşır Deterjanı 4 Lt,4.0,l,179.0,44.75,44.75,1,44.75,0.0,api-refined,Sıvı Deterjanlar,sub_category,1,1,"[""depot:bim-5712""]","[""bim""]",pinned-relative,04.09.2026 08:01,0,1.05
2026-09-04,household_cleaning,laundry_liquid,Sıvı çamaşır deterjanı,id:183F,id:183F,Peros Renkliler İçin Sıvı Çamaşır Deterjanı 4 Lt,4.0,l,179.0,44.75,44.75,1,44.75,0.0,api-refined,Sıvı Deterjanlar,sub_category,1,1,"[""depot:bim-5712""]","[""bim""]",pinned-relative,04.09.2026 08:01,0,1.05
2026-09-04,household_cleaning,laundry_liquid,Sıvı çamaşır deterjanı,id:2BUO,id:2BUO,Peros Siyahlar İçin Sıvı Çamaşır Deterjanı 3 Lt,3.0,l,179.0,59.666667,59.666667,1,59.666668,0.0,api-refined,Sıvı Deterjanlar,sub_category,1,1,"[""depot:hakmar-5521""]","[""hakmar""]",pinned-relative,04.09.2026 08:05,0,1.05
2026-09-04,household_cleaning,laundry_liquid,Sıvı çamaşır deterjanı,id:1OB5,id:1OB5,Peros Renkliler İçin Sıvı Çamaşır Deterjanı 3 Lt,3.0,l,179.0,59.666667,59.666667,1,59.666668,0.0,api-refined,Sıvı Deterjanlar,sub_category,1,1,"[""depot:hakmar-5521""]","[""hakmar""]",pinned-relative,04.09.2026 08:02,0,1.05
2026-09-04,household_cleaning,laundry_liquid,Sıvı çamaşır deterjanı,id:1H8T,id:1H8T,Omo Sıvı Çamaşır Deterjanı 1.5 Lt,1.5,l,199.0,132.666667,132.666667,1,132.66666,0.0,api-refined,Sıvı Deterjanlar,sub_category,1,1,"[""depot:bim-5712""]","[""bim""]",pinned-relative,04.09.2026 08:02,0,1.05
2026-09-04,household_cleaning,laundry_liquid,Sıvı çamaşır deterjanı,id:3WRW,id:3WRW,Bingo Beyaz Sabun Sıvı Çamaşır Deterjanı 1.755 Lt,1.755,l,224.97,128.188034,128.188034,1,128.18803,0.0,api-refined,Sıvı Deterjanlar,sub_category,1,1,"[""depot:carrefour-1012""]","[""carrefour""]",pinned-relative,04.09.2026 08:03,0,1.05
2026-09-04,household_cleaning,laundry_liquid,Sıvı çamaşır deterjanı,id:11HO,id:11HO,Abc Renkliler Sıvı Çamaşır Deterjanı 3 Lt,3.0,l,259.0,86.333333,86.333333,1,86.333336,0.0,api-refined,Sıvı Deterjanlar,sub_category,1,1,"[""depot:a101-6815""]","[""a101""]",pinned-relative,04.09.2026 08:00,0,1.05
2026-09-04,household_cleaning,laundry_liquid,Sıvı çamaşır deterjanı,id:0UVC,id:0UVC,Bingo Performans Sıvı Çamaşır Deterjanı 1.755 Lt,1.755,l,295.0,168.091168,168.091168,1,168.09116,0.0,api-refined,Sıvı Deterjanlar,sub_category,1,1,"[""depot:hakmar-5521""]","[""hakmar""]",pinned-relative,04.09.2026 08:01,0,1.05
2026-09-04,household_cleaning,laundry_liquid,Sıvı çamaşır deterjanı,id:3WMU,id:3WMU,Omo Express Beyazlar ve Renkliler Sıvı Çamaşır Deterjanı 1.48 Lt,1.48,l,299.0,202.027027,202.027027,1,202.02702,0.0,api-refined,Sıvı Deterjanlar,sub_category,1,1,"[""depot:bim-5712""]","[""bim""]",pinned-relative,04.09.2026 08:03,0,1.05
2026-09-04,household_cleaning,laundry_liquid,Sıvı çamaşır deterjanı,id:12MM,id:12MM,Dalin Atopik Cilt Sıvı Çamaşır Deterjanı 1.5 Lt,1.5,l,299.95,199.966667,199.966667,1,199.96667,0.0,api-refined,Sıvı Deterjanlar,sub_category,1,1,"[""depot:carrefour-1012""]","[""carrefour""]",pinned-relative,04.09.2026 08:00,0,1.05
2026-09-04,household_cleaning,laundry_liquid,Sıvı çamaşır deterjanı,id:3WRZ,id:3WRZ,Ariel Renkliler Sıvı Çamaşır Deterjanı 21 Yıkama 945 Ml,0.945,l,215.97,228.539683,228.539683,1,228.53969,0.0,api-refined,Sıvı Deterjanlar,sub_category,1,1,"[""depot:carrefour-1012""]","[""carrefour""]",pinned-relative,04.09.2026 08:03,0,1.05
2026-09-04,household_cleaning,laundry_liquid,Sıvı çamaşır deterjanı,id:3WS0,id:3WS0,Ariel Dağ Esintisi Sıvı Çamaşır Deterjanı 21 Yıkama 945 Ml,0.945,l,215.97,228.539683,228.539683,1,228.53969,0.0,api-refined,Sıvı Deterjanlar,sub_category,1,1,"[""depot:carrefour-1012""]","[""carrefour""]",pinned-relative,04.09.2026 08:03,0,1.05
2026-09-04,household_cleaning,laundry_liquid,Sıvı çamaşır deterjanı,id:1GEW,id:1GEW,Ariel Oxi Sıvı Çamaşır Deterjanı 24 Yıkama 1.08 Lt,1.08,l,274.17,253.861111,253.861111,1,253.86113,0.0,api-refined,Sıvı Deterjanlar,sub_category,1,1,"[""depot:carrefour-1012""]","[""carrefour""]",pinned-relative,04.09.2026 08:02,0,1.05
2026-09-04,household_cleaning,laundry_liquid,Sıvı çamaşır deterjanı,id:3WS1,id:3WS1,Ariel Renkliler Sıvı Çamaşır Deterjanı 32 Yıkama 1.44 Lt,1.44,l,310.17,215.395833,215.395833,1,215.39584,0.0,api-refined,Sıvı Deterjanlar,sub_category,1,1,"[""depot:carrefour-1012""]","[""carrefour""]",pinned-relative,04.09.2026 08:03,0,1.05
2026-09-04,household_cleaning,laundry_liquid,Sıvı çamaşır deterjanı,id:0SL7,id:0SL7,Frosch Aloe Vera Sıvı Çamaşır Deterjanı 1.5 Lt,1.5,l,581.95,387.966667,387.966667,1,387.96667,0.0,api-refined,Sıvı Deterjanlar,sub_category,1,1,"[""depot:migros-1991""]","[""migros""]",pinned-relative,04.09.2026 08:00,0,1.05
2026-09-04,household_cleaning,laundry_liquid,Sıvı çamaşır deterjanı,id:07OT,id:07OT,U Green Clean Sıvı Çamaşır Deterjanı 2.7 Lt,2.7,l,599.4,222.0,222.0,1,222.0,0.0,api-refined,Sıvı Deterjanlar,sub_category,1,1,"[""depot:carrefour-1012""]","[""carrefour""]",pinned-relative,04.09.2026 08:05,0,1.05
2026-09-04,household_cleaning,softener,Yumuşatıcı,id:0POT,id:0POT,Bebeland Sensitive Çamaşır Yumuşatıcı 1.5 Lt,1.5,l,49.0,32.666667,32.666667,1,32.666668,0.0,api-refined,Yumuşatıcılar,sub_category,1,1,"[""depot:sok-7238""]","[""sok""]",pinned-relative,04.09.2026 08:00,0,1.1
2026-09-04,household_cleaning,softener,Yumuşatıcı,id:04XG,id:04XG,Bulut Soft Çamaşır Yumuşatıcı Bahar Tazeliği 3 Lt,3.0,l,135.0,45.0,45.0,1,45.0,0.0,api-refined,Yumuşatıcılar,sub_category,1,1,"[""depot:bim-5712""]","[""bim""]",pinned-relative,04.09.2026 08:05,0,1.1
2026-09-04,household_cleaning,softener,Yumuşatıcı,id:01QS,id:01QS,Bulut Çamaşır Yumuşatıcı Lavanta Çiçek Bahar 3 Lt,3.0,l,135.0,45.0,45.0,1,45.0,0.0,api-refined,Yumuşatıcılar,sub_category,1,1,"[""depot:bim-5712""]","[""bim""]",pinned-relative,04.09.2026 08:04,0,1.1
2026-09-04,household_cleaning,softener,Yumuşatıcı,id:0Q91,id:0Q91,Minies Bebek Çamaşır Yumuşatıcı 1.5 Lt,1.5,l,159.95,106.633333,106.633333,1,106.63333,0.0,api-refined,Yumuşatıcılar,sub_category,1,1,"[""depot:migros-564""]","[""migros""]",pinned-relative,04.09.2026 08:00,0,1.1
2026-09-04,household_cleaning,softener,Yumuşatıcı,id:0JH5,id:0JH5,Carrefour Eco Planet Bitkisel Çamaşır Yumuşatıcı 750 Ml,0.75,l,169.9,226.533333,226.533333,1,226.53333,0.0,api-refined,Yumuşatıcılar,sub_category,1,1,"[""depot:carrefour-5254""]","[""carrefour""]",pinned-relative,04.09.2026 08:06,0,1.1
2026-09-04,household_cleaning,softener,Yumuşatıcı,id:1WT5,id:1WT5,Vernel Gülün Büyüsü Çamaşır Yumuşatıcısı 3 Lt,3.0,l,129.0,43.0,43.158333,1,43.0,0.0,api-refined,Yumuşatıcılar,sub_category,2,1,"[""depot:bim-5712""]","[""bim""]",pinned-relative,04.09.2026 08:04,0,1.0
2026-09-04,household_cleaning,softener,Yumuşatıcı,id:1YFX,id:1YFX,Uni Baby Çamaşır Yumuşatıcısı 1.5 Lt,1.5,l,210.45,140.3,140.3,2,140.299993,0.0,api-refined,Yumuşatıcılar,sub_category,2,2,"[""depot:carrefour-1012"",""depot:migros-6679""]","[""carrefour"",""migros""]",pinned-relative,04.09.2026 08:05,0,1.0
2026-09-04,household_cleaning,softener,Yumuşatıcı,id:1LJH,id:1LJH,Yumoş Çamaşır Yumuşatıcısı 5 Lt,5.0,l,199.0,39.8,39.8,1,39.8,0.0,api-refined,Yumuşatıcılar,sub_category,1,1,"[""depot:bim-5712""]","[""bim""]",pinned-relative,04.09.2026 08:02,0,1.0
2026-09-04,household_cleaning,softener,Yumuşatıcı,id:1O1J,id:1O1J,Yumoş Extra Çamaşır Yumuşatıcısı 1.44 Lt,1.44,l,219.0,152.083333,152.083333,1,152.08334,0.0,api-refined,Yumuşatıcılar,sub_category,1,1,"[""depot:bim-5712""]","[""bim""]",pinned-relative,04.09.2026 08:02,0,1.0
2026-09-04,household_cleaning,softener,Yumuşatıcı,id:0OYZ,id:0OYZ,Frosch Badem Sütlü Çamaşır Yumuşatıcısı 1 Lt,1.0,l,335.95,335.95,335.95,1,335.95,0.0,api-refined,Yumuşatıcılar,sub_category,1,1,"[""depot:migros-1991""]","[""migros""]",pinned-relative,04.09.2026 08:00,0,1.0
2026-09-04,household_cleaning,bleach,Çamaşır suyu,id:0XIH,id:0XIH,Domestos Ultra Çamaşır Suyu 3.24 Lt,3.24,l,295.0,91.049383,91.049383,4,91.04938,0.0,api-refined,Çamaşır Suyu,sub_category,4,4,"[""depot:a101-6815"",""depot:bim-5712"",""depot:hakmar-5521"",""depot:tarim_kredi-5022""]","[""a101"",""bim"",""hakmar"",""tarim_kredi""]",pinned-relative,04.09.2026 08:01,0,1.1
2026-09-04,household_cleaning,bleach,Çamaşır suyu,id:06PY,id:06PY,Elit Ultra Çamaşır Suyu 1 Lt,1.0,l,49.9,49.9,49.9,1,49.9,0.0,api-refined,Çamaşır Suyu,sub_category,1,1,"[""depot:tarim_kredi-5022""]","[""tarim_kredi""]",pinned-relative,04.09.2026 08:05,0,1.1
2026-09-04,household_cleaning,bleach,Çamaşır suyu,id:0MLM,id:0MLM,Mintax Çamaşır Suyu 2.5 Lt,2.5,l,64.5,25.8,25.8,1,25.800001,0.0,api-refined,Çamaşır Suyu,sub_category,1,1,"[""depot:sok-4707""]","[""sok""]",pinned-relative,04.09.2026 08:06,0,1.1
2026-09-04,household_cleaning,bleach,Çamaşır suyu,id:00F8,id:00F8,Güldal Çamaşır Suyu 2.5 Lt,2.5,l,64.5,25.8,25.8,1,25.800001,0.0,api-refined,Çamaşır Suyu,sub_category,1,1,"[""depot:bim-5712""]","[""bim""]",pinned-relative,04.09.2026 08:04,0,1.1
2026-09-04,household_cleaning,bleach,Çamaşır suyu,id:08NJ,id:08NJ,Elit Çamaşır Suyu 2.5 Lt,2.5,l,64.5,25.8,25.8,1,25.800001,0.0,api-refined,Çamaşır Suyu,sub_category,1,1,"[""depot:tarim_kredi-5022""]","[""tarim_kredi""]",pinned-relative,04.09.2026 08:05,0,1.1
2026-09-04,household_cleaning,bleach,Çamaşır suyu,id:0NK4,id:0NK4,Çiçeğim Ultra Çamaşır Suyu 1.25 Lt,1.25,l,65.5,52.4,52.4,1,52.4,0.0,api-refined,Çamaşır Suyu,sub_category,1,1,"[""depot:a101-6815""]","[""a101""]",pinned-relative,04.09.2026 08:06,0,1.1
2026-09-04,household_cleaning,bleach,Çamaşır suyu,id:081N,id:081N,Güldal Ultra Çamaşır Suyu 1.25 Lt,1.25,l,65.5,52.4,52.4,1,52.4,0.0,api-refined,Çamaşır Suyu,sub_category,1,1,"[""depot:bim-5712""]","[""bim""]",pinned-relative,04.09.2026 08:05,0,1.1
2026-09-04,household_cleaning,bleach,Çamaşır suyu,id:1P4Y,id:1P4Y,Ace Klasik Çamaşır Suyu 1 Lt,1.0,l,85.95,85.95,85.95,1,85.95,0.0,api-refined,Çamaşır Suyu,sub_category,1,1,"[""depot:migros-1991""]","[""migros""]",pinned-relative,04.09.2026 08:03,0,1.1
2026-09-04,household_cleaning,bleach,Çamaşır suyu,id:1Y95,id:1Y95,Bingo Oksijen Okaliptüs Çamaşır Suyu 750 Ml,0.75,l,89.5,119.333333,119.333333,1,119.333336,0.0,api-refined,Çamaşır Suyu,sub_category,1,1,"[""depot:a101-6815""]","[""a101""]",pinned-relative,04.09.2026 08:04,0,1.1
2026-09-04,household_cleaning,bleach,Çamaşır suyu,id:0AEV,id:0AEV,Carrefour Çamaşır Suyu 4 Lt,4.0,l,99.95,24.9875,24.9875,1,24.9875,0.0,api-refined,Çamaşır Suyu,sub_category,1,1,"[""depot:carrefour-1012""]","[""carrefour""]",pinned-relative,04.09.2026 08:05,0,1.1
2026-09-04,household_cleaning,bleach,Çamaşır suyu,id:1G1N,id:1G1N,Domestos Ultra Çamaşır Suyu 1.85 Lt,1.85,l,99.5,53.783784,53.783784,1,53.783787,0.0,api-refined,Çamaşır Suyu,sub_category,1,1,"[""depot:a101-4102""]","[""a101""]",pinned-relative,04.09.2026 08:02,0,1.1
2026-09-04,household_cleaning,bleach,Çamaşır suyu,id:2A15,id:2A15,Domestos Ultra Çamaşır Suyu 750 Ml,0.75,l,99.9,133.2,133.2,1,133.20001,0.0,api-refined,Çamaşır Suyu,sub_category,1,1,"[""depot:hakmar-5521""]","[""hakmar""]",pinned-relative,04.09.2026 08:05,0,1.1
2026-09-04,household_cleaning,bleach,Çamaşır suyu,id:1IC7,id:1IC7,Domestos Çamaşır Suyu 750 Ml,0.75,l,99.9,133.2,133.2,1,133.20001,0.0,api-refined,Çamaşır Suyu,sub_category,1,1,"[""depot:tarim_kredi-5022""]","[""tarim_kredi""]",pinned-relative,04.09.2026 08:02,0,1.1
2026-09-04,household_cleaning,bleach,Çamaşır suyu,id:1O6W,id:1O6W,Domestos Yoğun Çamaşır Suyu 750 Ml,0.75,l,99.95,133.266667,133.266667,1,133.26666,0.0,api-refined,Çamaşır Suyu,sub_category,1,1,"[""depot:sok-4707""]","[""sok""]",pinned-relative,04.09.2026 08:02,0,1.1
2026-09-04,household_cleaning,bleach,Çamaşır suyu,id:01PZ,id:01PZ,Domestos Çamaşır Suyu 1.25 Lt,1.25,l,167.0,133.6,133.6,1,133.59999,0.0,api-refined,Çamaşır Suyu,sub_category,1,1,"[""depot:bim-5712""]","[""bim""]",pinned-relative,04.09.2026 08:04,0,1.1
2026-09-04,household_cleaning,bleach,Çamaşır suyu,id:1FYF,id:1FYF,Domestos Ultra Çamaşır Suyu 5 Lt,5.0,l,229.0,45.8,45.8,1,45.8,0.0,api-refined,Çamaşır Suyu,sub_category,1,1,"[""depot:a101-6815""]","[""a101""]",pinned-relative,04.09.2026 08:02,0,1.1
2026-09-04,household_cleaning,bleach,Çamaşır suyu,id:0IM5,id:0IM5,Ace Çamaşır Suyu 4 Lt,4.0,l,250.0,62.5,62.5,1,62.5,0.0,api-refined,Çamaşır Suyu,sub_category,1,1,"[""depot:a101-6815""]","[""a101""]",pinned-relative,04.09.2026 08:06,0,1.1
2026-09-04,household_cleaning,bleach,Çamaşır suyu,id:1JCY,id:1JCY,Ace Klasik Çamaşır Suyu 4.3 Lt,4.3,l,252.95,58.825581,58.825581,1,58.82558,0.0,api-refined,Çamaşır Suyu,sub_category,1,1,"[""depot:carrefour-1012""]","[""carrefour""]",pinned-relative,04.09.2026 08:02,0,1.1
2026-09-04,household_cleaning,bleach,Çamaşır suyu,id:1NEM,id:1NEM,Ace Klasik Çamaşır Suyu 4 Lt,4.0,l,252.95,63.2375,63.2375,1,63.237495,0.0,api-refined,Çamaşır Suyu,sub_category,1,1,"[""depot:migros-1991""]","[""migros""]",pinned-relative,04.09.2026 08:02,0,1.1
2026-09-04,household_cleaning,bleach,Çamaşır suyu,id:214J,id:214J,Ace Klasik Çamaşır Suyu 5 Lt,5.0,l,299.95,59.99,59.99,1,59.990005,0.0,api-refined,Çamaşır Suyu,sub_category,1,1,"[""depot:migros-1991""]","[""migros""]",pinned-relative,04.09.2026 08:03,0,1.1
2026-09-04,household_cleaning,bleach,Çamaşır suyu,id:1UOG,id:1UOG,Bingo Oksijen Çamaşır Suyu Okaliptüs 4 Lt,4.0,l,306.95,76.7375,76.7375,1,76.7375,0.0,api-refined,Çamaşır Suyu,sub_category,1,1,"[""depot:carrefour-1012""]","[""carrefour""]",pinned-relative,04.09.2026 08:04,0,1.1
2026-09-04,household_cleaning,surface_cleaner,Yüzey temizleyici,id:1KXE,id:1KXE,Bingo Ferah Evim Yüzey Temizleyici 2.5 Lt,2.5,l,181.975,72.79,72.79,2,72.790001,0.0,api-refined,Yüzey Temizleyiciler,sub_category,2,2,"[""depot:a101-4102"",""depot:carrefour-1012""]","[""a101"",""carrefour""]",pinned-relative,04.09.2026 08:02,0,1.1
2026-09-04,household_cleaning,surface_cleaner,Yüzey temizleyici,id:217T,id:217T,Domestos Bahar Çiçekleri Yüzey Temizleyici 1.5 Lt,1.5,l,162.45,108.3,108.3,2,108.299995,0.0,api-refined,Yüzey Temizleyiciler,sub_category,2,2,"[""depot:carrefour-1012"",""depot:migros-1991""]","[""carrefour"",""migros""]",pinned-relative,04.09.2026 08:03,0,1.1
2026-09-04,household_cleaning,surface_cleaner,Yüzey temizleyici,id:1ZC0,id:1ZC0,Asperox Menekşe & Yasemin Yüzey Temizleyici 2.5 Lt,2.5,l,239.95,95.98,95.98,2,95.979996,0.0,api-refined,Yüzey Temizleyiciler,sub_category,2,2,"[""depot:carrefour-5254"",""depot:migros-1991""]","[""carrefour"",""migros""]",pinned-relative,04.09.2026 08:05,0,1.1
2026-09-04,household_cleaning,surface_cleaner,Yüzey temizleyici,id:20G5,id:20G5,Asperox Temizlik Kokusu Yüzey Temizleyici 2.5 Lt,2.5,l,239.95,95.98,95.98,2,95.979996,0.0,api-refined,Yüzey Temizleyiciler,sub_category,2,2,"[""depot:carrefour-1012"",""depot:migros-4479""]","[""carrefour"",""migros""]",pinned-relative,04.09.2026 08:02,0,1.1
2026-09-04,household_cleaning,surface_cleaner,Yüzey temizleyici,id:124L,id:124L,Highgenic Sirkelim Yüzey Temizleyici 750 Ml,0.75,l,47.5,63.333333,63.333333,1,63.333332,0.0,api-refined,Yüzey Temizleyiciler,sub_category,1,1,"[""depot:a101-4141""]","[""a101""]",pinned-relative,04.09.2026 08:00,0,1.1
2026-09-04,household_cleaning,surface_cleaner,Yüzey temizleyici,id:0YEI,id:0YEI,Çiçeğim Yüzey Temizleyici Lavanta 1.5 Lt,1.5,l,64.0,42.666667,42.666667,1,42.666668,0.0,api-refined,Yüzey Temizleyiciler,sub_category,1,1,"[""depot:a101-6815""]","[""a101""]",pinned-relative,04.09.2026 08:01,0,1.1
2026-09-04,household_cleaning,surface_cleaner,Yüzey temizleyici,id:0SMT,id:0SMT,Çiçeğim Gül Yüzey Temizleyici 1.5 Lt,1.5,l,64.0,42.666667,42.666667,1,42.666668,0.0,api-refined,Yüzey Temizleyiciler,sub_category,1,1,"[""depot:a101-6815""]","[""a101""]",pinned-relative,04.09.2026 08:00,0,1.1
2026-09-04,household_cleaning,surface_cleaner,Yüzey temizleyici,id:07DW,id:07DW,Aks Yüzey Temizleyici 1.5 Lt,1.5,l,64.0,42.666667,42.666667,1,42.666668,0.0,api-refined,Yüzey Temizleyiciler,sub_category,1,1,"[""depot:bim-5712""]","[""bim""]",pinned-relative,04.09.2026 08:05,0,1.1
2026-09-04,household_cleaning,surface_cleaner,Yüzey temizleyici,id:0MJ0,id:0MJ0,Çiçeğim Silikonlu Yüzey Temizleyici 1 Lt,1.0,l,65.0,65.0,65.0,1,65.0,0.0,api-refined,Yüzey Temizleyiciler,sub_category,1,1,"[""depot:a101-6815""]","[""a101""]",pinned-relative,04.09.2026 08:06,0,1.1
2026-09-04,household_cleaning,surface_cleaner,Yüzey temizleyici,id:091O,id:091O,Carrefour Yüzey Temizleyici Beyaz Sabun 1.5 Lt,1.5,l,66.95,44.633333,44.633333,1,44.63333,0.0,api-refined,Yüzey Temizleyiciler,sub_category,1,1,"[""depot:carrefour-5254""]","[""carrefour""]",pinned-relative,04.09.2026 08:05,0,1.1
2026-09-04,household_cleaning,surface_cleaner,Yüzey temizleyici,id:03Q9,id:03Q9,Carrefour Yüzey Temizleyici Bahar Çiçekleri 1.5 Lt,1.5,l,66.95,44.633333,44.633333,1,44.63333,0.0,api-refined,Yüzey Temizleyiciler,sub_category,1,1,"[""depot:carrefour-5254""]","[""carrefour""]",pinned-relative,04.09.2026 08:04,0,1.1
2026-09-04,household_cleaning,surface_cleaner,Yüzey temizleyici,id:0B10,id:0B10,Carrefour Yüzey Temizleyici Lavanta 1.5 Lt,1.5,l,66.95,44.633333,44.633333,1,44.63333,0.0,api-refined,Yüzey Temizleyiciler,sub_category,1,1,"[""depot:carrefour-5254""]","[""carrefour""]",pinned-relative,04.09.2026 08:05,0,1.1
2026-09-04,household_cleaning,surface_cleaner,Yüzey temizleyici,id:267N,id:267N,Doa Yüzey Temizleyici 2.5 Lt,2.5,l,89.0,35.6,35.6,1,35.6,0.0,api-refined,Yüzey Temizleyiciler,sub_category,1,1,"[""depot:bim-5712""]","[""bim""]",pinned-relative,04.09.2026 08:04,0,1.1
2026-09-04,household_cleaning,surface_cleaner,Yüzey temizleyici,id:0WEF,id:0WEF,Mintax Yüzey Temizleyici 2.5 Lt,2.5,l,105.0,42.0,42.0,1,42.0,0.0,api-refined,Yüzey Temizleyiciler,sub_category,1,1,"[""depot:sok-4707""]","[""sok""]",pinned-relative,04.09.2026 08:01,0,1.1
2026-09-04,household_cleaning,surface_cleaner,Yüzey temizleyici,id:1MG7,id:1MG7,Asperox Okyanus Yüzey Temizleyici 2.5 Lt,2.5,l,119.0,47.6,47.6,1,47.600002,0.0,api-refined,Yüzey Temizleyiciler,sub_category,1,1,"[""depot:bim-5712""]","[""bim""]",pinned-relative,04.09.2026 08:02,0,1.1
2026-09-04,household_cleaning,surface_cleaner,Yüzey temizleyici,id:0TZ5,id:0TZ5,Bingo Yüzey Temizleyici 2.5 Lt,2.5,l,119.0,47.6,47.6,1,47.600002,0.0,api-refined,Yüzey Temizleyiciler,sub_category,1,1,"[""depot:a101-9324""]","[""a101""]",pinned-relative,04.09.2026 08:01,0,1.1
2026-09-04,household_cleaning,surface_cleaner,Yüzey temizleyici,id:2CRI,id:2CRI,Glint Bitkisel Yüzey Temizleyici 1 Lt,1.0,l,119.0,119.0,119.0,1,119.0,0.0,api-refined,Yüzey Temizleyiciler,sub_category,1,1,"[""depot:hakmar-5521""]","[""hakmar""]",pinned-relative,04.09.2026 08:05,0,1.1
2026-09-04,household_cleaning,surface_cleaner,Yüzey temizleyici,id:2AT1,id:2AT1,Asperox Mavi Güç Yüzey Temizleyici 1 Lt,1.0,l,159.0,159.0,159.0,1,159.0,0.0,api-refined,Yüzey Temizleyiciler,sub_category,1,1,"[""depot:hakmar-5521""]","[""hakmar""]",pinned-relative,04.09.2026 08:05,0,1.1
2026-09-04,household_cleaning,surface_cleaner,Yüzey temizleyici,id:2B71,id:2B71,Asperox Yüzey Temizleyici 2.5 Lt,2.5,l,159.0,63.6,63.6,1,63.600002,0.0,api-refined,Yüzey Temizleyiciler,sub_category,1,1,"[""depot:hakmar-5521""]","[""hakmar""]",pinned-relative,04.09.2026 08:05,0,1.1
2026-09-04,household_cleaning,garbage_bags,Çöp torbası,id:1RZO,id:1RZO,Koroplast Küçük Boy Çöp Torbası 30 Adet,30.0,count,78.715,2.623833,2.623833,2,2.623833,0.0,title,Çöp Torbası,sub_category,2,2,"[""depot:carrefour-5254"",""depot:migros-1991""]","[""carrefour"",""migros""]",pinned-relative,04.09.2026 08:03,0,1.05
2026-09-04,household_cleaning,garbage_bags,Çöp torbası,id:21QN,id:21QN,Koroplast Büyük Boy Çöp Torbası 10 Adet,10.0,count,78.715,7.8715,7.8715,2,7.8715,0.0,title,Çöp Torbası,sub_category,2,2,"[""depot:carrefour-1012"",""depot:migros-1991""]","[""carrefour"",""migros""]",pinned-relative,04.09.2026 08:03,0,1.05
2026-09-04,household_cleaning,garbage_bags,Çöp torbası,id:1RYC,id:1RYC,Koroplast Küçük Boy Mandarin Kokulu Çöp Torbası 30 Adet,30.0,count,72.465,2.4155,2.4155,2,2.4155,0.0,title,Çöp Torbası,sub_category,2,2,"[""depot:carrefour-1012"",""depot:migros-4479""]","[""carrefour"",""migros""]",pinned-relative,04.09.2026 08:03,0,1.05
2026-09-04,household_cleaning,garbage_bags,Çöp torbası,id:1POY,id:1POY,Koroplast Trend Çöp Torbası Orta Boy 10 Adet,10.0,count,86.215,8.6215,8.6215,2,8.6215,0.0,title,Çöp Torbası,sub_category,2,2,"[""depot:carrefour-1012"",""depot:migros-1991""]","[""carrefour"",""migros""]",pinned-relative,04.09.2026 08:03,0,1.05
2026-09-04,household_cleaning,garbage_bags,Çöp torbası,id:3WBB,id:3WBB,Macromax Büzgülü Orta Boy Çöp Torbası 10 Adet,10.0,count,35.0,3.5,3.5,1,3.5,0.0,title,Çöp Torbası,sub_category,1,1,"[""depot:bim-5712""]","[""bim""]",pinned-relative,04.09.2026 08:03,0,1.05
2026-09-04,household_cleaning,garbage_bags,Çöp torbası,id:17W4,id:17W4,Parex Güçlü Çöp Torbası Mini 30 Adet,30.0,count,39.95,1.331667,1.331667,1,1.331667,0.0,title,Çöp Torbası,sub_category,1,1,"[""depot:carrefour-5254""]","[""carrefour""]",pinned-relative,04.09.2026 08:01,0,1.05
2026-09-04,household_cleaning,garbage_bags,Çöp torbası,id:17X8,id:17X8,Parex Güçlü Çöp Torbası Büyük Boy 10 Adet,10.0,count,39.95,3.995,3.995,1,3.995,0.0,title,Çöp Torbası,sub_category,1,1,"[""depot:carrefour-5254""]","[""carrefour""]",pinned-relative,04.09.2026 08:01,0,1.05
2026-09-04,household_cleaning,garbage_bags,Çöp torbası,id:17Q3,id:17Q3,Parex Güçlü Çöp Torbası Orta Boy 15 Adet,15.0,count,39.95,2.663333,2.663333,1,2.663333,0.0,title,Çöp Torbası,sub_category,1,1,"[""depot:carrefour-5254""]","[""carrefour""]",pinned-relative,04.09.2026 08:01,0,1.05
2026-09-04,household_cleaning,garbage_bags,Çöp torbası,id:139T,id:139T,Çöp Torbası Orta Boy 30'lu Protex,30.0,count,57.5,1.916667,1.916667,1,1.916667,0.0,title,Çöp Torbası,sub_category,1,1,"[""depot:bim-5712""]","[""bim""]",pinned-relative,04.09.2026 08:00,0,1.05
2026-09-04,household_cleaning,garbage_bags,Çöp torbası,id:0LFY,id:0LFY,Migros Ekonomik Orta Boy Çöp Torbası 30 Adet,30.0,count,63.95,2.131667,2.131667,1,2.131667,0.0,title,Çöp Torbası,sub_category,1,1,"[""depot:migros-1991""]","[""migros""]",pinned-relative,04.09.2026 08:06,0,1.05
2026-09-04,household_cleaning,garbage_bags,Çöp torbası,id:0W0D,id:0W0D,Migros Ekonomik Büyük Boy Çöp Torbası 20 Adet,20.0,count,79.95,3.9975,3.9975,1,3.9975,0.0,title,Çöp Torbası,sub_category,1,1,"[""depot:migros-1991""]","[""migros""]",pinned-relative,04.09.2026 08:01,0,1.05
2026-09-04,household_cleaning,garbage_bags,Çöp torbası,id:1ZTZ,id:1ZTZ,Macromax Extra Güçlü Battal Boy Çöp Torbası 10 Adet,10.0,count,84.95,8.495,8.495,1,8.495,0.0,title,Çöp Torbaları,sub_category,1,1,"[""depot:migros-6679""]","[""migros""]",pinned-relative,04.09.2026 08:05,0,1.05
2026-09-04,household_cleaning,garbage_bags,Çöp torbası,id:1BCK,id:1BCK,Parex Natura Büzgülü Çöp Torbası Büyük Boy 10 Adet,10.0,count,84.95,8.495,8.495,1,8.495,0.0,title,Çöp Torbası,sub_category,1,1,"[""depot:carrefour-1012""]","[""carrefour""]",pinned-relative,04.09.2026 08:01,0,1.05
2026-09-04,household_cleaning,garbage_bags,Çöp torbası,id:138Z,id:138Z,Çöp Torbası Büzgülü 65*70 Cm 15li Protex,15.0,count,89.5,5.966667,5.966667,1,5.966667,0.0,title,Çöp Torbası,sub_category,1,1,"[""depot:bim-5712""]","[""bim""]",pinned-relative,04.09.2026 08:00,0,1.05
2026-09-04,household_cleaning,garbage_bags,Çöp torbası,id:071V,id:071V,Gomi Pristino Büzgülü Çöp Torbası 65x70 cm 15 Adet,15.0,count,89.5,5.966667,5.966667,1,5.966667,0.0,title,Çöp Torbaları,sub_category,1,1,"[""depot:hakmar-5521""]","[""hakmar""]",pinned-relative,04.09.2026 08:05,0,1.05
2026-09-04,household_cleaning,garbage_bags,Çöp torbası,id:0GJW,id:0GJW,Parex Güçlü Çöp Torbası Battal 10 Adet,10.0,count,99.95,9.995,9.995,1,9.995,0.0,title,Çöp Torbası,sub_category,1,1,"[""depot:carrefour-1012""]","[""carrefour""]",pinned-relative,04.09.2026 08:06,0,1.05
2026-09-04,household_cleaning,garbage_bags,Çöp torbası,id:0VMI,id:0VMI,Macromax Vanilyalı Büzgülü Büyük Çöp Torbası 20 Adet,20.0,count,109.95,5.4975,5.4975,1,5.4975,0.0,title,Çöp Torbaları,sub_category,1,1,"[""depot:migros-1991""]","[""migros""]",pinned-relative,04.09.2026 08:01,0,1.05
2026-09-04,household_cleaning,garbage_bags,Çöp torbası,id:09LV,id:09LV,Parex Büzgülü Çöp Torbası Orta Boy Limon Kokulu 15 Adet,15.0,count,114.95,7.663333,7.663333,1,7.663333,0.0,title,Çöp Torbası,sub_category,1,1,"[""depot:carrefour-1012""]","[""carrefour""]",pinned-relative,04.09.2026 08:05,0,1.05
2026-09-04,household_cleaning,garbage_bags,Çöp torbası,id:1Y4I,id:1Y4I,Cook Eko Büyük Boy Çöp Torbası 20 Adet,20.0,count,129.95,6.4975,6.4975,1,6.4975,0.0,title,Çöp Torbaları,sub_category,1,1,"[""depot:migros-564""]","[""migros""]",pinned-relative,04.09.2026 08:04,0,1.05
2026-09-04,household_cleaning,garbage_bags,Çöp torbası,id:0JGT,id:0JGT,Parex Ekstra Dayanıklı Çöp Torbası Battal 7 Adet,7.0,count,139.95,19.992857,19.992857,1,19.992857,0.0,title,Çöp Torbası,sub_category,1,1,"[""depot:carrefour-1012""]","[""carrefour""]",pinned-relative,04.09.2026 08:06,0,1.05
2026-09-04,household_cleaning,garbage_bags,Çöp torbası,id:1OB8,id:1OB8,Cook Büzgülü Çöp Torbası Büyük Limon Kokulu 10 Adet,10.0,count,159.95,15.995,15.995,1,15.995,0.0,title,Çöp Torbaları,sub_category,1,1,"[""depot:migros-564""]","[""migros""]",pinned-relative,04.09.2026 08:02,0,1.05
2026-09-04,household_cleaning,garbage_bags,Çöp torbası,id:0U5D,id:0U5D,Migros Battal Boy Çöp Torbası 10 Adet,10.0,count,199.95,19.995,19.995,1,19.994999,0.0,title,Çöp Torbası,sub_category,1,1,"[""depot:migros-1991""]","[""migros""]",pinned-relative,04.09.2026 08:01,0,1.05
2026-09-04,household_cleaning,sponge,Bulaşık süngeri,id:1F0G,id:1F0G,Parex Magic Force Sünger 1 Adet,1.0,count,54.9,54.9,54.9,1,54.9,0.0,title,Bulaşık Süngeri,sub_category,1,1,"[""depot:carrefour-1012""]","[""carrefour""]",pinned-relative,04.09.2026 08:02,0,1.1
2026-09-04,household_cleaning,sponge,Bulaşık süngeri,id:0F9A,id:0F9A,Parex Mega Comfort Oluklu Sünger 2 Adet,2.0,count,119.9,59.95,59.95,1,59.95,0.0,title,Bulaşık Süngeri,sub_category,1,1,"[""depot:carrefour-1012""]","[""carrefour""]",pinned-relative,04.09.2026 08:06,0,1.1
2026-09-04,household_cleaning,sponge,Bulaşık süngeri,id:1ZGN,id:1ZGN,Parex Klasik Yeşil Düz Sünger 5 Adet,5.0,count,129.9,25.98,25.98,1,25.98,0.0,title,Bulaşık Süngeri,sub_category,1,1,"[""depot:carrefour-1012""]","[""carrefour""]",pinned-relative,04.09.2026 08:05,0,1.1
2026-09-04,household_cleaning,sponge,Bulaşık süngeri,id:08E7,id:08E7,Vileda Miraclean Silgi Sünger 2 Adet,2.0,count,171.5,85.75,85.75,1,85.75,0.0,title,Bulaşık Süngeri,sub_category,1,1,"[""depot:carrefour-1012""]","[""carrefour""]",pinned-relative,04.09.2026 08:05,0,1.1
2026-09-04,household_cleaning,sponge,Bulaşık süngeri,id:075V,id:075V,Vileda Yeşil Sünger Oluklu 5 Adet,5.0,count,188.9,37.78,37.78,1,37.78,0.0,title,Bulaşık Süngeri,sub_category,1,1,"[""depot:carrefour-1012""]","[""carrefour""]",pinned-relative,04.09.2026 08:05,0,1.1
2026-09-04,household_cleaning,sponge,Bulaşık süngeri,id:03S2,id:03S2,Vileda Yeşil Sünger Oluklu 8 Adet,8.0,count,244.5,30.5625,30.5625,1,30.5625,0.0,title,Bulaşık Süngeri,sub_category,1,1,"[""depot:carrefour-1012""]","[""carrefour""]",pinned-relative,04.09.2026 08:04,0,1.1
2026-09-04,household_cleaning,sponge,Bulaşık süngeri,id:08FL,id:08FL,Carrefour Oluklu Bulaşık Süngeri 1 Adet,1.0,count,11.9,11.9,11.9,1,11.9,0.0,title,Bulaşık Süngeri,sub_category,1,1,"[""depot:carrefour-1012""]","[""carrefour""]",pinned-relative,04.09.2026 08:05,0,1.0
2026-09-04,household_cleaning,sponge,Bulaşık süngeri,id:0XDD,id:0XDD,Clean & Fun Oluklu Bulaşık Süngeri 5 Adet,5.0,count,34.0,6.8,6.8,1,6.8,0.0,title,Bulaşık Süngeri,sub_category,1,1,"[""depot:a101-6815""]","[""a101""]",pinned-relative,04.09.2026 08:01,0,1.0
2026-09-04,household_cleaning,sponge,Bulaşık süngeri,id:00NC,id:00NC,Mr. Green Oluklu Bulaşık Süngeri 5 Adet,5.0,count,34.0,6.8,6.8,1,6.8,0.0,title,Bulaşık Süngeri,sub_category,1,1,"[""depot:bim-5712""]","[""bim""]",pinned-relative,04.09.2026 08:04,0,1.0
2026-09-04,household_cleaning,sponge,Bulaşık süngeri,id:02T5,id:02T5,Carrefour Yeşil Oluklu Bulaşık Süngeri 5 Adet,5.0,count,37.95,7.59,7.59,1,7.59,0.0,title,Bulaşık Süngeri,sub_category,1,1,"[""depot:carrefour-5254""]","[""carrefour""]",pinned-relative,04.09.2026 08:04,0,1.0
2026-09-04,household_cleaning,sponge,Bulaşık süngeri,id:0DPB,id:0DPB,Carrefour Yeşil Düz Bulaşık Süngeri 5 Adet,5.0,count,37.95,7.59,7.59,1,7.59,0.0,title,Bulaşık Süngeri,sub_category,1,1,"[""depot:carrefour-5254""]","[""carrefour""]",pinned-relative,04.09.2026 08:06,0,1.0
2026-09-04,household_cleaning,sponge,Bulaşık süngeri,id:05YV,id:05YV,Poliner Oluklu Bulaşık Süngeri 5 Adet,5.0,count,34.0,6.8,6.8,1,6.8,0.0,title,Bulaşık Süngeri,sub_category,1,1,"[""depot:hakmar-5521""]","[""hakmar""]",pinned-relative,04.09.2026 08:05,0,1.0
2026-09-04,household_cleaning,sponge,Bulaşık süngeri,id:13TZ,id:13TZ,Mr. Green Selülozik Bulaşık Süngeri 2 Adet,2.0,count,34.5,17.25,17.25,1,17.25,0.0,title,Bulaşık Süngeri,sub_category,1,1,"[""depot:bim-5712""]","[""bim""]",pinned-relative,04.09.2026 08:00,0,1.0
2026-09-04,household_cleaning,sponge,Bulaşık süngeri,id:0OQ4,id:0OQ4,Migros Oluklu Bulaşık Süngeri 5 Adet,5.0,count,37.95,7.59,7.59,1,7.59,0.0,title,Bulaşık Süngeri,sub_category,1,1,"[""depot:migros-1991""]","[""migros""]",pinned-relative,04.09.2026 08:00,0,1.0
2026-09-04,household_cleaning,sponge,Bulaşık süngeri,id:01GT,id:01GT,Poliner Konfor Bulaşık Süngeri 2 Adet,2.0,count,54.5,27.25,27.25,1,27.25,0.0,title,Bulaşık Süngeri,sub_category,1,1,"[""depot:hakmar-5521""]","[""hakmar""]",pinned-relative,04.09.2026 08:04,0,1.0
2026-09-04,household_cleaning,sponge,Bulaşık süngeri,id:3WB7,id:3WB7,Quickdish Coconut Bulaşık Süngeri 2 Adet,2.0,count,59.0,29.5,29.5,1,29.5,0.0,title,Bulaşık Süngeri,sub_category,1,1,"[""depot:bim-5712""]","[""bim""]",pinned-relative,04.09.2026 08:03,0,1.0
2026-09-04,household_cleaning,sponge,Bulaşık süngeri,id:0TF9,id:0TF9,Clean&fun Renkli Konfor Bulaşık Süngeri 3 Adet,3.0,count,65.0,21.666667,21.666667,1,21.666666,0.0,title,Bulaşık Süngeri,sub_category,1,1,"[""depot:a101-6815""]","[""a101""]",pinned-relative,04.09.2026 08:00,0,1.0
2026-09-04,household_cleaning,sponge,Bulaşık süngeri,id:1EF5,id:1EF5,Quickdish Bulaşık Süngeri 2 Adet,2.0,count,99.0,49.5,49.5,1,49.5,0.0,title,Bulaşık Süngeri,sub_category,1,1,"[""depot:bim-5712""]","[""bim""]",pinned-relative,04.09.2026 08:02,0,1.0
2026-09-04,personal_paper,shampoo,Şampuan,id:1Y7J,id:1Y7J,Blendax Isırgan Özlü Şampuan 500 Ml,0.5,l,175.0,350.0,350.0,3,350.0,0.0,api-refined,Şampuanlar,sub_category,3,3,"[""depot:a101-6815"",""depot:migros-564"",""depot:sok-4707""]","[""a101"",""migros"",""sok""]",pinned-relative,04.09.2026 08:04,0,1.1
2026-09-04,personal_paper,shampoo,Şampuan,id:1YTT,id:1YTT,Gliss Ultimate Repair Şampuan 400 Ml,0.4,l,199.95,499.875,386.1875,1,499.87497,0.0,api-refined,Şampuanlar,sub_category,1,1,"[""depot:migros-1991""]","[""migros""]",pinned-relative,04.09.2026 08:05,0,1.1
2026-09-04,personal_paper,shampoo,Şampuan,id:1O4A,id:1O4A,Clear Şampuan 350 Ml,0.35,l,204.0,582.857143,582.857143,2,582.85715,0.0,api-refined,Şampuanlar,sub_category,2,2,"[""depot:bim-5712"",""depot:hakmar-5521""]","[""bim"",""hakmar""]",pinned-relative,04.09.2026 08:02,0,1.1
2026-09-04,personal_paper,shampoo,Şampuan,id:0MRB,id:0MRB,Elidor Güçlü Parlaklık Şampuan 650 Ml,0.65,l,199.9,307.538462,280.692308,1,307.53845,0.0,api-refined,Şampuanlar,sub_category,1,1,"[""depot:tarim_kredi-5022""]","[""tarim_kredi""]",pinned-relative,04.09.2026 08:06,0,1.1
2026-09-04,personal_paper,shampoo,Şampuan,id:1LBX,id:1LBX,Elidor Keratin Şampuan 400 Ml,0.4,l,174.475,436.1875,436.1875,2,436.1875,0.0,api-refined,Şampuanlar,sub_category,2,2,"[""depot:migros-6679"",""depot:sok-7238""]","[""migros"",""sok""]",pinned-relative,04.09.2026 08:02,0,1.1
2026-09-04,personal_paper,shampoo,Şampuan,id:1NAZ,id:1NAZ,Blendax Şampuan 500 Ml,0.5,l,175.0,350.0,350.0,2,350.0,0.0,api-refined,Şampuanlar,sub_category,2,2,"[""depot:bim-5712"",""depot:hakmar-5521""]","[""bim"",""hakmar""]",pinned-relative,04.09.2026 08:02,0,1.1
2026-09-04,personal_paper,shampoo,Şampuan,id:1L60,id:1L60,Elidor Şampuan Çeşitleri 400 Ml,0.4,l,219.0,547.5,547.5,2,547.5,0.0,api-refined,Şampuanlar,sub_category,2,2,"[""depot:bim-5712"",""depot:tarim_kredi-5022""]","[""bim"",""tarim_kredi""]",pinned-relative,04.09.2026 08:02,0,1.1
2026-09-04,personal_paper,shampoo,Şampuan,id:1F0F,id:1F0F,Elidor Anında Onarıcı Şampuan 325 Ml,0.325,l,69.0,212.307692,212.307692,1,212.3077,0.0,api-refined,Şampuanlar,sub_category,1,1,"[""depot:tarim_kredi-5022""]","[""tarim_kredi""]",pinned-relative,04.09.2026 08:02,0,1.1
2026-09-04,personal_paper,shampoo,Şampuan,id:00FB,id:00FB,A Plus Premium Bakım Şampuan 600 Ml,0.6,l,97.5,162.5,162.5,1,162.5,0.0,api-refined,Şampuanlar,sub_category,1,1,"[""depot:bim-5712""]","[""bim""]",pinned-relative,04.09.2026 08:04,0,1.1
2026-09-04,personal_paper,shampoo,Şampuan,id:1PEG,id:1PEG,İpek Yağ Hazinesi Şampuan 480 Ml,0.48,l,99.5,207.291667,207.291667,1,207.29166,0.0,api-refined,Şampuanlar,sub_category,1,1,"[""depot:sok-4707""]","[""sok""]",pinned-relative,04.09.2026 08:03,0,1.1
2026-09-04,personal_paper,shampoo,Şampuan,id:1H9B,id:1H9B,İpek Dökülen Saçlar Şampuan 480 Ml,0.48,l,99.5,207.291667,207.291667,1,207.29166,0.0,api-refined,Şampuanlar,sub_category,1,1,"[""depot:a101-6815""]","[""a101""]",pinned-relative,04.09.2026 08:02,0,1.1
2026-09-04,personal_paper,shampoo,Şampuan,id:06AZ,id:06AZ,İpek Şampuan 480 Ml,0.48,l,99.95,208.229167,208.229167,1,208.22916,0.0,api-refined,Şampuanlar,sub_category,1,1,"[""depot:hakmar-5521""]","[""hakmar""]",pinned-relative,04.09.2026 08:05,0,1.1
2026-09-04,personal_paper,shampoo,Şampuan,id:1TYR,id:1TYR,Blendax Yasemin Şampuan 500 Ml,0.5,l,175.0,350.0,350.0,1,350.0,0.0,api-refined,Şampuanlar,sub_category,1,1,"[""depot:a101-6815""]","[""a101""]",pinned-relative,04.09.2026 08:04,0,1.1
2026-09-04,personal_paper,shampoo,Şampuan,id:1LVQ,id:1LVQ,Blendax Şampuan Çeşitleri 500 Ml,0.5,l,175.0,350.0,350.0,1,350.0,0.0,api-refined,Şampuanlar,sub_category,1,1,"[""depot:tarim_kredi-5022""]","[""tarim_kredi""]",pinned-relative,04.09.2026 08:02,0,1.1
2026-09-04,personal_paper,shampoo,Şampuan,id:1WLN,id:1WLN,Dp Şampuan 425 Ml,0.425,l,179.0,421.176471,421.176471,1,421.17645,0.0,api-refined,Şampuanlar,sub_category,1,1,"[""depot:a101-9324""]","[""a101""]",pinned-relative,04.09.2026 08:04,0,1.1
2026-09-04,personal_paper,shampoo,Şampuan,id:1ODU,id:1ODU,Head&Shoulders Şampuan 330 Ml,0.33,l,199.0,603.030303,603.030303,1,603.03033,0.0,api-refined,Şampuanlar,sub_category,1,1,"[""depot:bim-5712""]","[""bim""]",pinned-relative,04.09.2026 08:02,0,1.1
2026-09-04,personal_paper,shampoo,Şampuan,id:1C15,id:1C15,Pantene Şampuan 400 Ml,0.4,l,199.0,497.5,497.5,1,497.5,0.0,api-refined,Şampuanlar,sub_category,1,1,"[""depot:hakmar-5521""]","[""hakmar""]",pinned-relative,04.09.2026 08:01,0,1.1
2026-09-04,personal_paper,shampoo,Şampuan,id:2AFN,id:2AFN,Head&Shoulders Şampuan 330 Ml,0.33,l,199.0,603.030303,603.030303,1,603.03033,0.0,api-refined,Şampuanlar,sub_category,1,1,"[""depot:hakmar-5521""]","[""hakmar""]",pinned-relative,04.09.2026 08:05,0,1.1
2026-09-04,personal_paper,shampoo,Şampuan,id:092S,id:092S,Eyüp Sabri Tuncer Zeytinyağlı Şampuan 700 Ml,0.7,l,199.0,284.285714,284.285714,1,284.28574,0.0,api-refined,Şampuanlar,sub_category,1,1,"[""depot:hakmar-5521""]","[""hakmar""]",pinned-relative,04.09.2026 08:05,0,1.1
2026-09-04,personal_paper,shampoo,Şampuan,id:0YEX,id:0YEX,Bioblas Şampuan 360 Ml,0.36,l,209.0,580.555556,580.555556,1,580.55554,0.0,api-refined,Şampuanlar,sub_category,1,1,"[""depot:a101-6815""]","[""a101""]",pinned-relative,04.09.2026 08:01,0,1.1
2026-09-04,personal_paper,shampoo,Şampuan,id:1TXW,id:1TXW,Elidor Onarıcı Şampuan 400 Ml,0.4,l,219.0,547.5,547.5,1,547.5,0.0,api-refined,Şampuanlar,sub_category,1,1,"[""depot:a101-6815""]","[""a101""]",pinned-relative,04.09.2026 08:04,0,1.1
2026-09-04,personal_paper,shampoo,Şampuan,id:2BLL,id:2BLL,Elidor Şampuan 400 Ml,0.4,l,219.0,547.5,547.5,1,547.5,0.0,api-refined,Şampuanlar,sub_category,1,1,"[""depot:hakmar-5521""]","[""hakmar""]",pinned-relative,04.09.2026 08:05,0,1.1
2026-09-04,personal_paper,shampoo,Şampuan,id:1C7N,id:1C7N,Head & Shoulders Klasik Bakım Şampuan 800 Ml,0.8,l,417.95,522.4375,522.4375,1,522.4375,0.0,api-refined,Şampuanlar,sub_category,1,1,"[""depot:migros-1991""]","[""migros""]",pinned-relative,04.09.2026 08:01,0,1.1
2026-09-04,personal_paper,soap_liquid,Sıvı sabun,id:1KWR,id:1KWR,Activex Hassas Sıvı Sabun 500 Ml,0.5,l,129.965,259.93,321.86,2,259.93,0.0,api-refined,Sıvı Sabunlar,sub_category,3,2,"[""depot:carrefour-1012"",""depot:tarim_kredi-5022""]","[""carrefour"",""tarim_kredi""]",pinned-relative,04.09.2026 08:02,0,1.1
2026-09-04,personal_paper,soap_liquid,Sıvı sabun,id:1ZG8,id:1ZG8,Dalan D'Olive Zeytinyağlı Besleyici Sıvı Sabun 400 Ml,0.4,l,69.95,174.875,174.025,1,174.87498,0.0,api-refined,Sıvı Sabunlar,sub_category,2,1,"[""depot:migros-1991""]","[""migros""]",pinned-relative,04.09.2026 08:05,0,1.1
2026-09-04,personal_paper,soap_liquid,Sıvı sabun,id:01PQ,id:01PQ,Saloon Sıvı Sabun 500 Ml,0.5,l,34.5,69.0,69.0,1,69.0,0.0,api-refined,Sıvı Sabunlar,sub_category,1,1,"[""depot:hakmar-5521""]","[""hakmar""]",pinned-relative,04.09.2026 08:04,0,1.1
2026-09-04,personal_paper,soap_liquid,Sıvı sabun,id:0O0R,id:0O0R,Ebru Sıvı Sabun Okyanus Rüzgarı 750 Ml,0.75,l,48.0,64.0,64.0,1,64.0,0.0,api-refined,Sıvı Sabunlar,sub_category,1,1,"[""depot:sok-4707""]","[""sok""]",pinned-relative,04.09.2026 07:59,0,1.1
2026-09-04,personal_paper,soap_liquid,Sıvı sabun,id:06TI,id:06TI,Işıl Sıvı Sabun 750 Ml,0.75,l,48.0,64.0,64.0,1,64.0,0.0,api-refined,Sıvı Sabunlar,sub_category,1,1,"[""depot:bim-5712""]","[""bim""]",pinned-relative,04.09.2026 08:05,0,1.1
2026-09-04,personal_paper,soap_liquid,Sıvı sabun,id:04MF,id:04MF,Elit Okyanus Sıvı Sabun 750 Ml,0.75,l,48.0,64.0,64.0,1,64.0,0.0,api-refined,Sıvı Sabunlar,sub_category,1,1,"[""depot:tarim_kredi-5022""]","[""tarim_kredi""]",pinned-relative,04.09.2026 08:05,0,1.1
2026-09-04,personal_paper,soap_liquid,Sıvı sabun,id:03LZ,id:03LZ,Elit Sıvı Sabun Lavanta 750 Ml,0.75,l,48.0,64.0,64.0,1,64.0,0.0,api-refined,Sıvı Sabunlar,sub_category,1,1,"[""depot:tarim_kredi-5022""]","[""tarim_kredi""]",pinned-relative,04.09.2026 08:04,0,1.1
2026-09-04,personal_paper,soap_liquid,Sıvı sabun,id:1YX7,id:1YX7,Duru Sıvı Sabun 500 Ml,0.5,l,64.0,128.0,128.0,1,128.0,0.0,api-refined,Sıvı Sabunlar,sub_category,1,1,"[""depot:bim-5712""]","[""bim""]",pinned-relative,04.09.2026 08:05,0,1.1
2026-09-04,personal_paper,soap_liquid,Sıvı sabun,id:1WE4,id:1WE4,Dalan Sıvı Sabun Frezya 500 Ml,0.5,l,80.43,160.86,160.86,1,160.86,0.0,api-refined,Sıvı Sabunlar,sub_category,1,1,"[""depot:carrefour-1012""]","[""carrefour""]",pinned-relative,04.09.2026 08:04,0,1.1
2026-09-04,personal_paper,soap_liquid,Sıvı sabun,id:1P11,id:1P11,Savon De Royal Pearl Baroness Sıvı Sabun 500 Ml,0.5,l,96.53,193.06,193.06,1,193.06,0.0,api-refined,Sıvı Sabunlar,sub_category,1,1,"[""depot:carrefour-1012""]","[""carrefour""]",pinned-relative,04.09.2026 08:02,0,1.1
2026-09-04,personal_paper,soap_liquid,Sıvı sabun,id:07L2,id:07L2,Işıl Sıvı Sabun 2.5 Lt,2.5,l,105.0,42.0,42.0,1,42.0,0.0,api-refined,Sıvı Sabunlar,sub_category,1,1,"[""depot:bim-5712""]","[""bim""]",pinned-relative,04.09.2026 08:05,0,1.1
2026-09-04,personal_paper,soap_liquid,Sıvı sabun,id:1ZAG,id:1ZAG,Duru Sıvı Sabun Kiraz Çiçeği 500 Ml,0.5,l,106.05,212.1,212.1,1,212.1,0.0,api-refined,Sıvı Sabunlar,sub_category,1,1,"[""depot:carrefour-5254""]","[""carrefour""]",pinned-relative,04.09.2026 08:05,0,1.1
2026-09-04,personal_paper,soap_liquid,Sıvı sabun,id:0UDI,id:0UDI,Protex Cream Sıvı Sabun 300 Ml,0.3,l,108.47,361.566667,361.566667,1,361.56665,0.0,api-refined,Sıvı Sabunlar,sub_category,1,1,"[""depot:carrefour-1012""]","[""carrefour""]",pinned-relative,04.09.2026 08:01,0,1.1
2026-09-04,personal_paper,soap_liquid,Sıvı sabun,id:1BE3,id:1BE3,Senfoni Sıvı Sabun 4 Lt,4.0,l,119.0,29.75,29.75,1,29.75,0.0,api-refined,Sıvı Sabunlar,sub_category,1,1,"[""depot:bim-5712""]","[""bim""]",pinned-relative,04.09.2026 08:01,0,1.1
2026-09-04,personal_paper,soap_liquid,Sıvı sabun,id:0ZEB,id:0ZEB,Fax Sıvı Sabun 3 Lt,3.0,l,160.0,53.333333,53.333333,1,53.333336,0.0,api-refined,Sıvı Sabunlar,sub_category,1,1,"[""depot:a101-4141""]","[""a101""]",pinned-relative,04.09.2026 08:01,0,1.1
2026-09-04,personal_paper,soap_liquid,Sıvı sabun,id:0H73,id:0H73,Elit Okyanus Sıvı Sabun 4 Lt,4.0,l,168.0,42.0,42.0,1,42.0,0.0,api-refined,Sıvı Sabunlar,sub_category,1,1,"[""depot:tarim_kredi-5022""]","[""tarim_kredi""]",pinned-relative,04.09.2026 08:06,0,1.1
2026-09-04,personal_paper,soap_liquid,Sıvı sabun,id:039I,id:039I,Elit Lavanta Sıvı Sabun 4 Lt,4.0,l,168.0,42.0,42.0,1,42.0,0.0,api-refined,Sıvı Sabunlar,sub_category,1,1,"[""depot:tarim_kredi-5022""]","[""tarim_kredi""]",pinned-relative,04.09.2026 08:04,0,1.1
2026-09-04,personal_paper,soap_liquid,Sıvı sabun,id:1V49,id:1V49,Duru Sıvı Sabun Avokado 1.5 Lt,1.5,l,244.93,163.286667,163.286667,1,163.28665,0.0,api-refined,Sıvı Sabunlar,sub_category,1,1,"[""depot:carrefour-1012""]","[""carrefour""]",pinned-relative,04.09.2026 08:04,0,1.1
2026-09-04,personal_paper,soap_liquid,Sıvı sabun,id:1OY9,id:1OY9,Dove Sıvı Sabun 450 Ml,0.45,l,299.0,664.444444,664.444444,1,664.44446,0.0,api-refined,Sıvı Sabunlar,sub_category,1,1,"[""depot:sok-4707""]","[""sok""]",pinned-relative,04.09.2026 08:03,0,1.1
2026-09-04,personal_paper,soap_liquid,Sıvı sabun,id:06QE,id:06QE,Protex Sıvı Sabun Ultra 1.5 Lt,1.5,l,363.97,242.646667,242.646667,1,242.64667,0.0,api-refined,Sıvı Sabunlar,sub_category,1,1,"[""depot:carrefour-1012""]","[""carrefour""]",pinned-relative,04.09.2026 08:05,0,1.1
2026-09-04,personal_paper,soap_bar,Kalıp sabun,id:1N5T,id:1N5T,Dove Original Cream Bar Katı Sabun 4x90 Gr,0.36,kg,226.69,629.694444,629.694444,2,629.694475,0.0,api-refined,Katı Sabunlar,sub_category,2,2,"[""depot:carrefour-1012"",""depot:migros-1991""]","[""carrefour"",""migros""]",pinned-relative,04.09.2026 08:02,0,1.1
2026-09-04,personal_paper,soap_bar,Kalıp sabun,id:0N9T,id:0N9T,Ebru Sabun Leylak 375 Gr,0.375,kg,70.0,186.666667,186.666667,1,186.66667,0.0,api-refined,Katı Sabunlar,sub_category,1,1,"[""depot:sok-4707""]","[""sok""]",pinned-relative,04.09.2026 08:06,0,1.1
2026-09-04,personal_paper,soap_bar,Kalıp sabun,id:05VT,id:05VT,Işıl Güzellik Katı Sabun 375 Gr,0.375,kg,70.0,186.666667,186.666667,1,186.66667,0.0,api-refined,Katı Sabunlar,sub_category,1,1,"[""depot:bim-5712""]","[""bim""]",pinned-relative,04.09.2026 08:05,0,1.1
2026-09-04,personal_paper,soap_bar,Kalıp sabun,id:13F4,id:13F4,Dove Güzellik Katı Sabun 90 Gr,0.09,kg,79.5,883.333333,883.333333,1,883.3333,0.0,api-refined,Katı Sabunlar,sub_category,1,1,"[""depot:bim-5712""]","[""bim""]",pinned-relative,04.09.2026 08:00,0,1.1
2026-09-04,personal_paper,soap_bar,Kalıp sabun,id:0MOQ,id:0MOQ,Ebru Klasik Kalıp Beyaz Sabun 4x200 Gr,0.8,kg,109.0,136.25,136.25,1,136.25,0.0,api-refined,Katı Sabunlar,sub_category,1,1,"[""depot:sok-4707""]","[""sok""]",pinned-relative,04.09.2026 08:06,0,1.1
2026-09-04,personal_paper,soap_bar,Kalıp sabun,id:059W,id:059W,Işıl Doğal Katı Sabun 800 Gr,0.8,kg,109.0,136.25,136.25,1,136.25,0.0,api-refined,Katı Sabunlar,sub_category,1,1,"[""depot:bim-5712""]","[""bim""]",pinned-relative,04.09.2026 08:05,0,1.1
2026-09-04,personal_paper,soap_bar,Kalıp sabun,id:0QHU,id:0QHU,Migros Klasik Katı Sabun 4x200 Gr,0.8,kg,111.95,139.9375,139.9375,1,139.93748,0.0,api-refined,Katı Sabunlar,sub_category,1,1,"[""depot:migros-1991""]","[""migros""]",pinned-relative,04.09.2026 08:00,0,1.1
2026-09-04,personal_paper,soap_bar,Kalıp sabun,id:2MR2,id:2MR2,Dalin Klasik Katı Sabun 225 Gr,0.225,kg,119.0,528.888889,528.888889,1,528.88885,0.0,api-refined,Katı Sabunlar,sub_category,1,1,"[""depot:sok-4707""]","[""sok""]",pinned-relative,04.09.2026 08:06,0,1.1
2026-09-04,personal_paper,soap_bar,Kalıp sabun,id:2BMV,id:2BMV,Hacı Şakir Kalıp Sabun 600 Gr,0.6,kg,149.0,248.333333,248.333333,1,248.33333,0.0,api-refined,Katı Sabunlar,sub_category,1,1,"[""depot:hakmar-5521""]","[""hakmar""]",pinned-relative,04.09.2026 08:05,0,1.1
2026-09-04,personal_paper,soap_bar,Kalıp sabun,id:1NWB,id:1NWB,Dalan Fresh & Minerals Deniz Tuzu Sabun 440 Gr,0.44,kg,149.95,340.795455,340.795455,1,340.79547,0.0,api-refined,Katı Sabunlar,sub_category,1,1,"[""depot:migros-1991""]","[""migros""]",pinned-relative,04.09.2026 08:02,0,1.1
2026-09-04,personal_paper,soap_bar,Kalıp sabun,id:01PK,id:01PK,Dalan Zeytinyağlı Katı Sabun 900 Gr,0.9,kg,155.0,172.222222,172.222222,1,172.22223,0.0,api-refined,Katı Sabunlar,sub_category,1,1,"[""depot:bim-5712""]","[""bim""]",pinned-relative,04.09.2026 08:04,0,1.1
2026-09-04,personal_paper,soap_bar,Kalıp sabun,id:0FNZ,id:0FNZ,Hacı Şakir Kalıp Sabun Leylak 4x150 Gr,0.6,kg,164.43,274.05,274.05,1,274.05,0.0,api-refined,Katı Sabunlar,sub_category,1,1,"[""depot:carrefour-1012""]","[""carrefour""]",pinned-relative,04.09.2026 08:06,0,1.1
2026-09-04,personal_paper,soap_bar,Kalıp sabun,id:0ARX,id:0ARX,Balmy Çilek Limon Esanslı Katı Sabun 110 Gr,0.11,kg,194.95,1772.272727,1772.272727,1,1772.2727,0.0,api-refined,Katı Sabunlar,sub_category,1,1,"[""depot:migros-564""]","[""migros""]",pinned-relative,04.09.2026 08:05,0,1.1
2026-09-04,personal_paper,soap_bar,Kalıp sabun,id:1MLB,id:1MLB,Duru Duş Katı Sabun 600 Gr,0.6,kg,195.0,325.0,325.0,1,325.0,0.0,api-refined,Katı Sabunlar,sub_category,1,1,"[""depot:bim-5712""]","[""bim""]",pinned-relative,04.09.2026 08:02,0,1.1
2026-09-04,personal_paper,soap_bar,Kalıp sabun,id:1Z23,id:1Z23,Duru Güzellik Sabunu Saf & Doğal Klasik 4x70 Gr,0.28,kg,99.0,353.571429,353.571429,1,353.5714,0.0,api-refined,Katı Sabunlar,sub_category,1,1,"[""depot:tarim_kredi-5022""]","[""tarim_kredi""]",pinned-relative,04.09.2026 08:05,0,1.0
2026-09-04,personal_paper,toothpaste,Diş macunu,id:1ZOR,id:1ZOR,Signal White System Diş Macunu 75 Ml,0.075,l,122.475,1633.0,1633.0,4,1632.99995,0.0,api-refined,Diş Macunları,sub_category,4,4,"[""depot:a101-6815"",""depot:carrefour-1012"",""depot:migros-4479"",""depot:sok-4707""]","[""a101"",""carrefour"",""migros"",""sok""]",pinned-relative,04.09.2026 08:05,0,1.1
2026-09-04,personal_paper,toothpaste,Diş macunu,id:1KQV,id:1KQV,Sensodyne Florürlü Diş Macunu 100 Ml,0.1,l,192.43,1924.3,1924.3,2,1924.3,0.0,api-refined,Diş Macunları,sub_category,2,2,"[""depot:carrefour-1012"",""depot:migros-1991""]","[""carrefour"",""migros""]",pinned-relative,04.09.2026 08:02,0,1.1
2026-09-04,personal_paper,toothpaste,Diş macunu,id:1MSN,id:1MSN,Sensodyne Diş Macunu 100 Ml,0.1,l,178.5,1785.0,1785.0,2,1785.0,0.0,api-refined,Diş Macunları,sub_category,2,2,"[""depot:bim-5712"",""depot:hakmar-5521""]","[""bim"",""hakmar""]",pinned-relative,04.09.2026 08:02,0,1.1
2026-09-04,personal_paper,toothpaste,Diş macunu,id:1MRO,id:1MRO,Sensodyne Ferah Nefes Diş Macunu 100 Ml,0.1,l,199.45,1994.5,1994.5,2,1994.5,0.0,api-refined,Diş Macunları,sub_category,2,2,"[""depot:carrefour-1012"",""depot:sok-4707""]","[""carrefour"",""sok""]",pinned-relative,04.09.2026 08:02,0,1.1
2026-09-04,personal_paper,toothpaste,Diş macunu,id:1R0P,id:1R0P,Colgate Optik Beyaz Diş Macunu 75 Ml,0.075,l,417.45,5566.0,5566.0,2,5566.0,0.0,api-refined,Diş Macunları,sub_category,2,2,"[""depot:carrefour-1012"",""depot:migros-3296""]","[""carrefour"",""migros""]",pinned-relative,04.09.2026 08:03,0,1.1
2026-09-04,personal_paper,toothpaste,Diş macunu,id:10GM,id:10GM,Experdent Diş Macunu Naneli 125 Ml,0.125,l,40.0,320.0,320.0,1,320.0,0.0,api-refined,Diş Macunları,sub_category,1,1,"[""depot:sok-4707""]","[""sok""]",pinned-relative,04.09.2026 08:00,0,1.1
2026-09-04,personal_paper,toothpaste,Diş macunu,id:1O1F,id:1O1F,Colgate Diş Macunu 50 Ml,0.05,l,99.0,1980.0,1980.0,1,1980.0,0.0,api-refined,Diş Macunları,sub_category,1,1,"[""depot:bim-5712""]","[""bim""]",pinned-relative,04.09.2026 08:02,0,1.1
2026-09-04,personal_paper,toothpaste,Diş macunu,id:2CL0,id:2CL0,Colgate Diş Macunu Çürüklere Karşı 150 Ml,0.15,l,99.9,666.0,666.0,1,666.0,0.0,api-refined,Diş Macunları,sub_category,1,1,"[""depot:hakmar-5521""]","[""hakmar""]",pinned-relative,04.09.2026 08:05,0,1.1
2026-09-04,personal_paper,toothpaste,Diş macunu,id:05R3,id:05R3,Parodontax Tam Koruma Diş Macunu 50 Ml,0.05,l,99.9,1998.0,1998.0,1,1998.0,0.0,api-refined,Diş Macunları,sub_category,1,1,"[""depot:hakmar-5521""]","[""hakmar""]",pinned-relative,04.09.2026 08:05,0,1.1
2026-09-04,personal_paper,toothpaste,Diş macunu,id:1SLD,id:1SLD,Signal Üçlü Koruma Diş Macunu 120 Ml,0.12,l,109.95,916.25,916.25,1,916.25,0.0,api-refined,Diş Macunları,sub_category,2,1,"[""depot:migros-3296""]","[""migros""]",pinned-relative,04.09.2026 08:04,0,1.1
2026-09-04,personal_paper,toothpaste,Diş macunu,id:0ZEQ,id:0ZEQ,Parodontax Diş Macunu 50 Ml,0.05,l,116.5,2330.0,2330.0,1,2330.0,0.0,api-refined,Diş Macunları,sub_category,1,1,"[""depot:a101-6815""]","[""a101""]",pinned-relative,04.09.2026 08:01,0,1.1
2026-09-04,personal_paper,toothpaste,Diş macunu,id:0H3D,id:0H3D,Agarta Doğal Çocuk Diş Macunu 75 Ml,0.075,l,152.9,2038.666667,2038.666667,1,2038.6665,0.0,api-refined,Diş Macunları,sub_category,1,1,"[""depot:tarim_kredi-5022""]","[""tarim_kredi""]",pinned-relative,04.09.2026 08:06,0,1.1
2026-09-04,personal_paper,toothpaste,Diş macunu,id:1PMO,id:1PMO,Sensodyne-F Diş Macunu 100 Ml,0.1,l,179.0,1790.0,1790.0,1,1790.0,0.0,api-refined,Diş Macunları,sub_category,1,1,"[""depot:sok-4707""]","[""sok""]",pinned-relative,04.09.2026 08:03,0,1.1
2026-09-04,personal_paper,toothpaste,Diş macunu,id:0RQP,id:0RQP,Sensodyne Beyazlatıcı Diş Macunu 75 Ml,0.075,l,218.5,2913.333333,2913.333333,1,2913.3335,0.0,api-refined,Diş Macunları,sub_category,1,1,"[""depot:carrefour-1012""]","[""carrefour""]",pinned-relative,04.09.2026 08:00,0,1.1
2026-09-04,personal_paper,toothpaste,Diş macunu,id:1EE6,id:1EE6,Sensodyne Tam Koruma Diş Macunu 75 Ml,0.075,l,309.95,4132.666667,4132.666667,1,4132.667,0.0,api-refined,Diş Macunları,sub_category,1,1,"[""depot:carrefour-1012""]","[""carrefour""]",pinned-relative,04.09.2026 08:02,0,1.1
2026-09-04,personal_paper,toothpaste,Diş macunu,id:0V8L,id:0V8L,Sensodyne Çok Yönlü Koruma Diş Macunu 75 Ml,0.075,l,309.95,4132.666667,4132.666667,1,4132.667,0.0,api-refined,Diş Macunları,sub_category,1,1,"[""depot:carrefour-1012""]","[""carrefour""]",pinned-relative,04.09.2026 08:01,0,1.1
2026-09-04,personal_paper,toothpaste,Diş macunu,id:0VT3,id:0VT3,Parodontax Tam Koruma Diş Macunu 75 Ml,0.075,l,364.95,4866.0,4866.0,1,4866.0,0.0,api-refined,Diş Macunları,sub_category,1,1,"[""depot:carrefour-1012""]","[""carrefour""]",pinned-relative,04.09.2026 08:01,0,1.1
2026-09-04,personal_paper,toothbrush,Diş fırçası,id:20O6,id:20O6,Signal Ergonomik Diş Fırçası 2 Adet,2.0,count,114.925,57.4625,57.4625,2,57.4625,0.0,title,Diş Fırçaları,sub_category,2,2,"[""depot:carrefour-1012"",""depot:migros-1991""]","[""carrefour"",""migros""]",pinned-relative,04.09.2026 08:02,0,1.05
2026-09-04,personal_paper,toothbrush,Diş fırçası,id:1Y7O,id:1Y7O,Colgate Mikro İnce Siyah Diş Fırçası 2 Adet,2.0,count,316.475,158.2375,158.2375,2,158.2375,0.0,title,Diş Fırçaları,sub_category,2,2,"[""depot:carrefour-1012"",""depot:migros-3296""]","[""carrefour"",""migros""]",pinned-relative,04.09.2026 08:04,0,1.05
2026-09-04,personal_paper,toothbrush,Diş fırçası,id:0XAF,id:0XAF,Experdent Çocuk Diş Fırçası Yumuşak 1 Adet,1.0,count,16.0,16.0,16.0,1,16.0,0.0,title,Diş Fırçaları,sub_category,1,1,"[""depot:sok-4707""]","[""sok""]",pinned-relative,04.09.2026 08:01,0,1.05
2026-09-04,personal_paper,toothbrush,Diş fırçası,id:17S6,id:17S6,Powerdent Shine Orta Soft Diş Fırçası 2 Adet,2.0,count,39.5,19.75,19.75,1,19.75,0.0,title,Diş Fırçaları,sub_category,1,1,"[""depot:bim-5712""]","[""bim""]",pinned-relative,04.09.2026 08:01,0,1.05
2026-09-04,personal_paper,toothbrush,Diş fırçası,id:167H,id:167H,Denta Yetişkin Diş Fırçası 2 Adet,2.0,count,39.5,19.75,19.75,1,19.75,0.0,title,Diş Fırçaları,sub_category,1,1,"[""depot:a101-9324""]","[""a101""]",pinned-relative,04.09.2026 08:01,0,1.05
2026-09-04,personal_paper,toothbrush,Diş fırçası,id:10GG,id:10GG,Experdent Diş Fırçası Orta 2 Adet,2.0,count,40.0,20.0,20.0,1,20.0,0.0,title,Diş Fırçaları,sub_category,1,1,"[""depot:sok-4707""]","[""sok""]",pinned-relative,04.09.2026 08:00,0,1.05
2026-09-04,personal_paper,toothbrush,Diş fırçası,id:08W1,id:08W1,D-Shine Yetişkin Orta Diş Fırçası 2 Adet,2.0,count,40.0,20.0,20.0,1,20.0,0.0,title,Diş Fırçaları,sub_category,1,1,"[""depot:hakmar-5521""]","[""hakmar""]",pinned-relative,04.09.2026 08:05,0,1.05
2026-09-04,personal_paper,toothbrush,Diş fırçası,id:0TGS,id:0TGS,Galaxy Diş Fırçası 2 Adet,2.0,count,44.95,22.475,22.475,1,22.475,0.0,title,Diş Fırçaları,sub_category,1,1,"[""depot:migros-6679""]","[""migros""]",pinned-relative,04.09.2026 08:00,0,1.05
2026-09-04,personal_paper,toothbrush,Diş fırçası,id:0WW7,id:0WW7,Denta Tiryakilere Özel Diş Fırçası 1 Adet,1.0,count,52.0,52.0,52.0,1,52.0,0.0,title,Diş Fırçaları,sub_category,1,1,"[""depot:a101-9324""]","[""a101""]",pinned-relative,04.09.2026 08:01,0,1.05
2026-09-04,personal_paper,toothbrush,Diş fırçası,id:0ZB4,id:0ZB4,Experdent Mikro İnce Diş Fırçası 2 Adet,2.0,count,64.9,32.45,32.45,1,32.45,0.0,title,Diş Fırçaları,sub_category,1,1,"[""depot:sok-4707""]","[""sok""]",pinned-relative,04.09.2026 08:01,0,1.05
2026-09-04,personal_paper,toothbrush,Diş fırçası,id:11QI,id:11QI,Denta Diş Fırçası İnceltilmiş Uç 1+2 Adet,2.0,count,65.0,32.5,32.5,1,32.5,0.0,title,Diş Fırçaları,sub_category,1,1,"[""depot:a101-6815""]","[""a101""]",pinned-relative,04.09.2026 08:00,0,1.05
2026-09-04,personal_paper,toothbrush,Diş fırçası,id:1GTF,id:1GTF,Denta İnceltilmiş Uç Diş Fırçası 2 Adet,2.0,count,65.0,32.5,32.5,1,32.5,0.0,title,Diş Fırçaları,sub_category,1,1,"[""depot:a101-9324""]","[""a101""]",pinned-relative,04.09.2026 08:02,0,1.05
2026-09-04,personal_paper,toothbrush,Diş fırçası,id:0K4L,id:0K4L,Signal Beyaz Güç Diş Fırçası 1 Adet,1.0,count,94.95,94.95,94.95,1,94.95,0.0,title,Diş Fırçaları,sub_category,1,1,"[""depot:migros-4479""]","[""migros""]",pinned-relative,04.09.2026 08:06,0,1.05
2026-09-04,personal_paper,toothbrush,Diş fırçası,id:0INV,id:0INV,Difaş Proclinic Stil Bamboo Diş Fırçası 1 Adet,1.0,count,95.97,95.97,95.97,1,95.97,0.0,title,Diş Fırçaları,sub_category,1,1,"[""depot:migros-1991""]","[""migros""]",pinned-relative,04.09.2026 08:06,0,1.05
2026-09-04,personal_paper,toothbrush,Diş fırçası,id:00IR,id:00IR,Colgate Max White Fresh Diş Fırçası 1 Adet,1.0,count,99.0,99.0,99.0,1,99.0,0.0,title,Diş Fırçaları,sub_category,1,1,"[""depot:bim-5712""]","[""bim""]",pinned-relative,04.09.2026 08:04,0,1.05
2026-09-04,personal_paper,toothbrush,Diş fırçası,id:0WHH,id:0WHH,Colgate Gentle Clean Diş Fırçası 2 Adet,2.0,count,175.0,87.5,87.5,1,87.5,0.0,title,Diş Fırçaları,sub_category,1,1,"[""depot:sok-4707""]","[""sok""]",pinned-relative,04.09.2026 08:01,0,1.05
2026-09-04,personal_paper,toothbrush,Diş fırçası,id:0FT5,id:0FT5,Signal Clean Action Diş Fırçası 4 Adet,4.0,count,179.9,44.975,44.975,1,44.975,0.0,title,Diş Fırçaları,sub_category,1,1,"[""depot:carrefour-1012""]","[""carrefour""]",pinned-relative,04.09.2026 08:06,0,1.05
2026-09-04,personal_paper,toothbrush,Diş fırçası,id:11TH,id:11TH,Sensodyne Derin Temizlik Diş Fırçası 2 Adet,2.0,count,185.0,92.5,92.5,1,92.5,0.0,title,Diş Fırçaları,sub_category,1,1,"[""depot:a101-6815""]","[""a101""]",pinned-relative,04.09.2026 08:00,0,1.05
2026-09-04,personal_paper,toothbrush,Diş fırçası,id:0LZL,id:0LZL,Sensodyne Nourish Sağlık Ve Temizlik Diş Fırçası 1 Adet,1.0,count,239.9,239.9,239.9,1,239.9,0.0,title,Diş Fırçaları,sub_category,1,1,"[""depot:carrefour-1012""]","[""carrefour""]",pinned-relative,04.09.2026 08:06,0,1.05
2026-09-04,personal_paper,toothbrush,Diş fırçası,id:1R49,id:1R49,Colgate Neo Diş Fırçası 1 Adet,1.0,count,259.9,259.9,259.9,1,259.9,0.0,title,Diş Fırçaları,sub_category,1,1,"[""depot:carrefour-1012""]","[""carrefour""]",pinned-relative,04.09.2026 08:03,0,1.05
2026-09-04,personal_paper,toothbrush,Diş fırçası,id:0QLG,id:0QLG,Colgate 360 Gelişmiş Diş Fırçası 1 Adet,1.0,count,374.9,374.9,374.9,1,374.9,0.0,title,Diş Fırçaları,sub_category,1,1,"[""depot:carrefour-1012""]","[""carrefour""]",pinned-relative,04.09.2026 08:00,0,1.05
2026-09-04,personal_paper,deodorant,Deodorant,id:1SVD,id:1SVD,Blade Deodorant 150 Ml,0.15,l,219.0,1460.0,1460.0,3,1460.0,0.0,api-refined,Deodorant,sub_category,3,3,"[""depot:a101-6815"",""depot:bim-5712"",""depot:migros-4479""]","[""a101"",""bim"",""migros""]",pinned-relative,04.09.2026 08:04,0,1.1
2026-09-04,personal_paper,deodorant,Deodorant,id:21DO,id:21DO,Axe Erkek Deodorant 150 Ml,0.15,l,319.0,2126.666667,2126.666667,3,2126.6667,0.0,api-refined,Deodorant,sub_category,3,3,"[""depot:a101-6815"",""depot:bim-5712"",""depot:hakmar-5521""]","[""a101"",""bim"",""hakmar""]",pinned-relative,04.09.2026 08:03,0,1.1
2026-09-04,personal_paper,deodorant,Deodorant,id:1ISZ,id:1ISZ,Emotion Deodorant 150 Ml,0.15,l,164.0,1093.333333,1093.333333,2,1093.33335,0.0,api-refined,Deodorant,sub_category,2,2,"[""depot:a101-6815"",""depot:bim-5712""]","[""a101"",""bim""]",pinned-relative,04.09.2026 08:02,0,1.1
2026-09-04,personal_paper,deodorant,Deodorant,id:1VRZ,id:1VRZ,Emotion Ocean Fresh Deodorant 150 Ml,0.15,l,219.475,1463.166667,1463.166667,2,1463.16665,0.0,api-refined,Deodorant,sub_category,2,2,"[""depot:migros-4479"",""depot:sok-4707""]","[""migros"",""sok""]",pinned-relative,04.09.2026 08:04,0,1.1
2026-09-04,personal_paper,deodorant,Deodorant,id:1YHN,id:1YHN,Axe Dark Temptation Deodorant 150 Ml,0.15,l,319.475,2129.833333,2129.833333,2,2129.83345,0.0,api-refined,Deodorant,sub_category,2,2,"[""depot:migros-1991"",""depot:sok-4707""]","[""migros"",""sok""]",pinned-relative,04.09.2026 08:05,0,1.1
2026-09-04,personal_paper,deodorant,Deodorant,id:0NZO,id:0NZO,Lure Deodorant 150 Ml,0.15,l,78.0,520.0,520.0,1,520.0,0.0,api-refined,Deodorant,sub_category,1,1,"[""depot:a101-4102""]","[""a101""]",pinned-relative,04.09.2026 07:59,0,1.1
2026-09-04,personal_paper,deodorant,Deodorant,id:0QV4,id:0QV4,Rexona Erkek Deodorant Stick 50 Ml,0.05,l,119.0,2380.0,2380.0,1,2380.0,0.0,api-refined,Deodorant,sub_category,1,1,"[""depot:a101-6815""]","[""a101""]",pinned-relative,04.09.2026 08:00,0,1.1
2026-09-04,personal_paper,deodorant,Deodorant,id:21D1,id:21D1,Rexona Deodorant 150 Ml,0.15,l,144.0,960.0,960.0,1,960.0,0.0,api-refined,Deodorant,sub_category,1,1,"[""depot:a101-6815""]","[""a101""]",pinned-relative,04.09.2026 08:03,0,1.1
2026-09-04,personal_paper,deodorant,Deodorant,id:0P20,id:0P20,Hunca Karma Deodorant 150 Ml,0.15,l,145.0,966.666667,966.666667,1,966.6666,0.0,api-refined,Deodorant,sub_category,1,1,"[""depot:a101-6815""]","[""a101""]",pinned-relative,04.09.2026 08:00,0,1.1
2026-09-04,personal_paper,deodorant,Deodorant,id:0PIL,id:0PIL,Garnier Ekstra Ferahlık Sprey Deodorant 150 Ml,0.15,l,199.95,1333.0,1333.0,1,1333.0,0.0,api-refined,Deodorant,sub_category,1,1,"[""depot:migros-1991""]","[""migros""]",pinned-relative,04.09.2026 08:00,0,1.1
2026-09-04,personal_paper,deodorant,Deodorant,id:2A1F,id:2A1F,Emotion Kadın Deodorant 150 Ml,0.15,l,219.0,1460.0,1460.0,1,1460.0,0.0,api-refined,Deodorant,sub_category,1,1,"[""depot:hakmar-5521""]","[""hakmar""]",pinned-relative,04.09.2026 08:05,0,1.1
2026-09-04,personal_paper,deodorant,Deodorant,id:1OTR,id:1OTR,Nivea Deodorant Fresh Natural Kadın 75 Ml,0.075,l,250.0,3333.333333,3333.333333,1,3333.3333,0.0,api-refined,Deodorant,sub_category,1,1,"[""depot:sok-4707""]","[""sok""]",pinned-relative,04.09.2026 08:03,0,1.1
2026-09-04,personal_paper,deodorant,Deodorant,id:1OJK,id:1OJK,Nivea Men Deodorant Fresh Active 75 Ml,0.075,l,250.0,3333.333333,3333.333333,1,3333.3333,0.0,api-refined,Deodorant,sub_category,1,1,"[""depot:sok-4707""]","[""sok""]",pinned-relative,04.09.2026 08:02,0,1.1
2026-09-04,personal_paper,deodorant,Deodorant,id:1NF1,id:1NF1,Nivea Kadın Deodorant Çeşitleri 150 Ml,0.15,l,250.0,1666.666667,1666.666667,1,1666.6666,0.0,api-refined,Deodorant,sub_category,1,1,"[""depot:bim-5712""]","[""bim""]",pinned-relative,04.09.2026 08:02,0,1.1
2026-09-04,personal_paper,deodorant,Deodorant,id:0VO9,id:0VO9,Nivea Deep Dimension Sprey Deodorant 150 Ml,0.15,l,259.95,1733.0,1733.0,1,1733.0,0.0,api-refined,Deodorant,sub_category,1,1,"[""depot:migros-1991""]","[""migros""]",pinned-relative,04.09.2026 08:01,0,1.1
2026-09-04,personal_paper,deodorant,Deodorant,id:198H,id:198H,Rexona Kadın Deodorant Şeftali & Limon Otu 150 Ml,0.15,l,289.0,1926.666667,1926.666667,1,1926.6666,0.0,api-refined,Deodorant,sub_category,1,1,"[""depot:sok-4707""]","[""sok""]",pinned-relative,04.09.2026 08:01,0,1.1
2026-09-04,personal_paper,deodorant,Deodorant,id:1UHP,id:1UHP,Rexona Kadın Deodorant 150 Ml,0.15,l,289.0,1926.666667,1926.666667,1,1926.6666,0.0,api-refined,Deodorant,sub_category,1,1,"[""depot:bim-5712""]","[""bim""]",pinned-relative,04.09.2026 08:04,0,1.1
2026-09-04,personal_paper,deodorant,Deodorant,id:1QTM,id:1QTM,Dove Men Clean Comfort Sprey Deodorant 150 Ml,0.15,l,299.95,1999.666667,1999.666667,1,1999.6667,0.0,api-refined,Deodorant,sub_category,1,1,"[""depot:migros-564""]","[""migros""]",pinned-relative,04.09.2026 08:03,0,1.1
2026-09-04,personal_paper,deodorant,Deodorant,id:216U,id:216U,Nivea Men Fresh Active Erkek Sprey Deodorant 200 Ml,0.2,l,299.95,1499.75,1499.75,1,1499.75,0.0,api-refined,Deodorant,sub_category,1,1,"[""depot:migros-564""]","[""migros""]",pinned-relative,04.09.2026 08:03,0,1.1
2026-09-04,personal_paper,deodorant,Deodorant,id:1KAR,id:1KAR,Axe Deodorant 150 Ml,0.15,l,319.9,2132.666667,2132.666667,1,2132.6665,0.0,api-refined,Deodorant,sub_category,1,1,"[""depot:tarim_kredi-5022""]","[""tarim_kredi""]",pinned-relative,04.09.2026 08:02,0,1.1
2026-09-04,personal_paper,deodorant,Deodorant,id:12RV,id:12RV,Axe Cherry Spritz Erkek Sprey Deodorant 150 Ml,0.15,l,329.95,2199.666667,2199.666667,1,2199.6667,0.0,api-refined,Deodorant,sub_category,1,1,"[""depot:migros-1991""]","[""migros""]",pinned-relative,04.09.2026 08:00,0,1.1
2026-09-04,personal_paper,deodorant,Deodorant,id:0LWW,id:0LWW,Axe Blue Lavender Deodorant Body Sprey 150 Ml,0.15,l,329.95,2199.666667,2199.666667,1,2199.6667,0.0,api-refined,Deodorant,sub_category,1,1,"[""depot:migros-1991""]","[""migros""]",pinned-relative,04.09.2026 08:06,0,1.1
2026-09-04,personal_paper,deodorant,Deodorant,id:1Q9E,id:1Q9E,Rexona Shower Fresh Kadın Antiperspirant Deodorant 200 Ml,0.2,l,349.95,1749.75,1749.75,1,1749.75,0.0,api-refined,Deodorant,sub_category,1,1,"[""depot:migros-564""]","[""migros""]",pinned-relative,04.09.2026 08:03,0,1.1
2026-09-04,personal_paper,toilet_paper,Tuvalet kağıdı,id:07K9,id:07K9,Blume Nature 2 Katlı Tuvalet Kağıdı 8 Adet,8.0,count,35.0,4.375,4.375,1,4.375,0.0,title,Tuvalet Kağıdı,sub_category,1,1,"[""depot:bim-5712""]","[""bim""]",pinned-relative,04.09.2026 08:05,0,1.1
2026-09-04,personal_paper,toilet_paper,Tuvalet kağıdı,id:1CQA,id:1CQA,Confort Geri Dönüşüm Tuvalet Kağıdı 16 Adet,16.0,count,105.0,6.5625,6.5625,1,6.5625,0.0,title,Tuvalet Kağıdı,sub_category,1,1,"[""depot:sok-4707""]","[""sok""]",pinned-relative,04.09.2026 08:01,0,1.1
2026-09-04,personal_paper,toilet_paper,Tuvalet kağıdı,id:0458,id:0458,Blume Çift Katlı Tuvalet Kağıdı 16 Adet,16.0,count,123.0,7.6875,7.6875,1,7.6875,0.0,title,Tuvalet Kağıdı,sub_category,1,1,"[""depot:bim-5712""]","[""bim""]",pinned-relative,04.09.2026 08:04,0,1.1
2026-09-04,personal_paper,toilet_paper,Tuvalet kağıdı,id:1WJO,id:1WJO,Carrefour Çift Katlı Tuvalet Kağıdı 16 Adet,16.0,count,123.95,7.746875,7.746875,1,7.746875,0.0,title,Tuvalet Kağıdı,sub_category,1,1,"[""depot:carrefour-5254""]","[""carrefour""]",pinned-relative,04.09.2026 08:04,0,1.1
2026-09-04,personal_paper,toilet_paper,Tuvalet kağıdı,id:0SOX,id:0SOX,Viva Selection 3 Katlı Tuvalet Kağıdı 12 Adet,12.0,count,125.95,10.495833,10.495833,1,10.495833,0.0,title,Tuvalet Kağıdı,sub_category,1,1,"[""depot:migros-6679""]","[""migros""]",pinned-relative,04.09.2026 08:00,0,1.1
2026-09-04,personal_paper,toilet_paper,Tuvalet kağıdı,id:1FX8,id:1FX8,Confort Tuvalet Kağıdı 16 Adet,16.0,count,129.0,8.0625,8.0625,1,8.0625,0.0,title,Tuvalet Kağıdı,sub_category,1,1,"[""depot:sok-4707""]","[""sok""]",pinned-relative,04.09.2026 08:02,0,1.1
2026-09-04,personal_paper,toilet_paper,Tuvalet kağıdı,id:07Q1,id:07Q1,Selis Parfümlü 3 Katlı Tuvalet Kağıdı 12'li 12 Adet,12.0,count,143.0,11.916667,11.916667,1,11.916667,0.0,title,Tuvalet Kağıdı,sub_category,1,1,"[""depot:hakmar-5521""]","[""hakmar""]",pinned-relative,04.09.2026 08:05,0,1.1
2026-09-04,personal_paper,toilet_paper,Tuvalet kağıdı,id:2B28,id:2B28,Selpak 3 Katlı Tuvalet Kağıdı 16 Adet,16.0,count,199.0,12.4375,12.4375,1,12.4375,0.0,title,Tuvalet Kağıdı,sub_category,1,1,"[""depot:hakmar-5521""]","[""hakmar""]",pinned-relative,04.09.2026 08:05,0,1.1
2026-09-04,personal_paper,toilet_paper,Tuvalet kağıdı,id:0U9E,id:0U9E,Logi 3 Katlı Tuvalet Kağıdı 32 Adet,32.0,count,229.0,7.15625,7.15625,1,7.15625,0.0,title,Tuvalet Kağıdı,sub_category,1,1,"[""depot:a101-6815""]","[""a101""]",pinned-relative,04.09.2026 08:01,0,1.1
2026-09-04,personal_paper,toilet_paper,Tuvalet kağıdı,id:1UOH,id:1UOH,Carrefour Eco Planet Tuvalet Kağıdı 32'li,32.0,count,245.9,7.684375,7.684375,1,7.684375,0.0,title,Tuvalet Kağıdı,sub_category,1,1,"[""depot:carrefour-1012""]","[""carrefour""]",pinned-relative,04.09.2026 08:04,0,1.1
2026-09-04,personal_paper,toilet_paper,Tuvalet kağıdı,id:1WE3,id:1WE3,Carrefour Çift Katlı Tuvalet Kağıdı 32 Adet,32.0,count,256.95,8.029687,8.029687,1,8.029688,0.0,title,Tuvalet Kağıdı,sub_category,1,1,"[""depot:carrefour-5254""]","[""carrefour""]",pinned-relative,04.09.2026 08:04,0,1.1
2026-09-04,personal_paper,toilet_paper,Tuvalet kağıdı,id:21JG,id:21JG,Familia Natural Tuvalet Kağıdı 48 Adet,48.0,count,329.0,6.854167,6.854167,1,6.854166,0.0,title,Tuvalet Kağıdı,sub_category,1,1,"[""depot:bim-5712""]","[""bim""]",pinned-relative,04.09.2026 08:03,0,1.1
2026-09-04,personal_paper,toilet_paper,Tuvalet kağıdı,id:1VXX,id:1VXX,Papia Tuvalet Kağıdı 4 Katlı 16 Adet,16.0,count,204.95,12.809375,12.809375,1,12.809375,0.0,title,Tuvalet Kağıdı,sub_category,1,1,"[""depot:carrefour-1012""]","[""carrefour""]",pinned-relative,04.09.2026 08:04,0,1.1
2026-09-04,personal_paper,toilet_paper,Tuvalet kağıdı,id:0UBB,id:0UBB,Selpak Deluxe Tuvalet Kağıdı 24 Adet,24.0,count,469.95,19.58125,19.58125,1,19.581251,0.0,title,Tuvalet Kağıdı,sub_category,1,1,"[""depot:migros-4479""]","[""migros""]",pinned-relative,04.09.2026 08:01,0,1.1
2026-09-04,personal_paper,toilet_paper,Tuvalet kağıdı,id:1XAK,id:1XAK,Familia Kokulu Tuvalet Kağıdı 32 Adet,32.0,count,299.95,9.373437,9.373437,1,9.373438,0.0,title,Tuvalet Kağıdı,sub_category,1,1,"[""depot:carrefour-1012""]","[""carrefour""]",pinned-relative,04.09.2026 08:04,0,1.1
2026-09-04,personal_paper,toilet_paper,Tuvalet kağıdı,id:0O96,id:0O96,Süper Maylo Bambu Katkılı Tuvalet Kağıdı 40 Adet,40.0,count,599.95,14.99875,14.99875,1,14.998751,0.0,title,Tuvalet Kağıdı,sub_category,1,1,"[""depot:migros-1991""]","[""migros""]",pinned-relative,04.09.2026 07:59,0,1.1
2026-09-04,personal_paper,toilet_paper,Tuvalet kağıdı,id:0O5P,id:0O5P,Selpak Deluxe Pamuk Katkılı Tuvalet Kağıdı 32 Adet,32.0,count,599.95,18.748438,18.748438,1,18.748438,0.0,title,Tuvalet Kağıdı,sub_category,1,1,"[""depot:migros-1991""]","[""migros""]",pinned-relative,04.09.2026 07:59,0,1.1
2026-09-04,personal_paper,paper_towel,Kağıt havlu,id:13ZN,id:13ZN,Wells 2 Katlı Kağıt Havlu 6 Adet,6.0,count,59.0,9.833333,9.833333,1,9.833333,0.0,title,Rulo Kağıt Havlu,sub_category,1,1,"[""depot:bim-5712""]","[""bim""]",pinned-relative,04.09.2026 08:00,0,1.1
2026-09-04,personal_paper,paper_towel,Kağıt havlu,id:1CF0,id:1CF0,Confort Geri Dönüşüm Kağıt Havlu 6 Adet,6.0,count,67.5,11.25,11.25,1,11.25,0.0,title,Rulo Kağıt Havlu,sub_category,1,1,"[""depot:sok-4707""]","[""sok""]",pinned-relative,04.09.2026 08:01,0,1.1
2026-09-04,personal_paper,paper_towel,Kağıt havlu,id:0U09,id:0U09,Mistral 2 Kat Doğal Dostu Kağıt Havlu 6 Adet,6.0,count,67.5,11.25,11.25,1,11.25,0.0,title,Rulo Kağıt Havlu,sub_category,1,1,"[""depot:a101-6815""]","[""a101""]",pinned-relative,04.09.2026 08:00,0,1.1
2026-09-04,personal_paper,paper_towel,Kağıt havlu,id:0QLD,id:0QLD,Ecco Yeşil Dünya Kağıt Havlu 6 Adet,6.0,count,87.95,14.658333,14.658333,1,14.658333,0.0,title,Rulo Kağıt Havlu,sub_category,1,1,"[""depot:migros-6679""]","[""migros""]",pinned-relative,04.09.2026 08:00,0,1.1
2026-09-04,personal_paper,paper_towel,Kağıt havlu,id:06HX,id:06HX,Blume Kağıt Havlu 6 Adet,6.0,count,89.0,14.833333,14.833333,1,14.833333,0.0,title,Rulo Kağıt Havlu,sub_category,1,1,"[""depot:bim-5712""]","[""bim""]",pinned-relative,04.09.2026 08:05,0,1.1
2026-09-04,personal_paper,paper_towel,Kağıt havlu,id:01I5,id:01I5,Selis Çift Katlı Kağıt Havlu 6 Adet,6.0,count,89.0,14.833333,14.833333,1,14.833333,0.0,title,Rulo Kağıt Havlu,sub_category,1,1,"[""depot:hakmar-5521""]","[""hakmar""]",pinned-relative,04.09.2026 08:04,0,1.1
2026-09-04,personal_paper,paper_towel,Kağıt havlu,id:1VHH,id:1VHH,Carrefour Çift Katlı Kağıt Havlu 6 Adet,6.0,count,89.95,14.991667,14.991667,1,14.991666,0.0,title,Rulo Kağıt Havlu,sub_category,1,1,"[""depot:carrefour-5254""]","[""carrefour""]",pinned-relative,04.09.2026 08:04,0,1.1
2026-09-04,personal_paper,paper_towel,Kağıt havlu,id:10IZ,id:10IZ,Confort Kağıt Havlu 6 Adet,6.0,count,95.0,15.833333,15.833333,1,15.833333,0.0,title,Rulo Kağıt Havlu,sub_category,1,1,"[""depot:sok-4707""]","[""sok""]",pinned-relative,04.09.2026 08:00,0,1.1
2026-09-04,personal_paper,paper_towel,Kağıt havlu,id:11AW,id:11AW,Logi 3 Katlı Kağıt Havlu 12 Adet,12.0,count,149.0,12.416667,12.416667,1,12.416667,0.0,title,Rulo Kağıt Havlu,sub_category,1,1,"[""depot:a101-6815""]","[""a101""]",pinned-relative,04.09.2026 08:00,0,1.1
2026-09-04,personal_paper,paper_towel,Kağıt havlu,id:1XK8,id:1XK8,Carrefour Eco Planet Kağıt Havlu 12 Adet,12.0,count,158.9,13.241667,13.241667,1,13.241666,0.0,title,Rulo Kağıt Havlu,sub_category,1,1,"[""depot:carrefour-5254""]","[""carrefour""]",pinned-relative,04.09.2026 08:04,0,1.1
2026-09-04,personal_paper,paper_towel,Kağıt havlu,id:2B29,id:2B29,Selpak Yağ Emici Kağıt Havlu 8 Adet,8.0,count,159.0,19.875,19.875,1,19.875,0.0,title,Rulo Kağıt Havlu,sub_category,1,1,"[""depot:hakmar-5521""]","[""hakmar""]",pinned-relative,04.09.2026 08:05,0,1.1
2026-09-04,personal_paper,paper_towel,Kağıt havlu,id:0GN3,id:0GN3,Familia Plus Natural Kağıt Havlu 12 Adet,12.0,count,174.95,14.579167,14.579167,1,14.579166,0.0,title,Rulo Kağıt Havlu,sub_category,1,1,"[""depot:migros-4479""]","[""migros""]",pinned-relative,04.09.2026 08:06,0,1.1
2026-09-04,personal_paper,paper_towel,Kağıt havlu,id:1UPA,id:1UPA,Carrefour Çift Katlı Kağıt Havlu 12 Adet,12.0,count,178.5,14.875,14.875,1,14.875,0.0,title,Rulo Kağıt Havlu,sub_category,1,1,"[""depot:carrefour-5254""]","[""carrefour""]",pinned-relative,04.09.2026 08:04,0,1.1
2026-09-04,personal_paper,paper_towel,Kağıt havlu,id:2069,id:2069,Bambu Aqua 3 Katlı Kağıt Havlu 16 Adet,16.0,count,199.0,12.4375,12.4375,1,12.4375,0.0,title,Rulo Kağıt Havlu,sub_category,1,1,"[""depot:a101-6815""]","[""a101""]",pinned-relative,04.09.2026 08:02,0,1.1
2026-09-04,personal_paper,paper_towel,Kağıt havlu,id:1PMS,id:1PMS,Familia Plus Natural Kağıt Havlu 6 Adet,6.0,count,199.95,33.325,33.325,1,33.325,0.0,title,Rulo Kağıt Havlu,sub_category,1,1,"[""depot:migros-6679""]","[""migros""]",pinned-relative,04.09.2026 08:03,0,1.1
2026-09-04,personal_paper,paper_towel,Kağıt havlu,id:0K45,id:0K45,Sofia Kağıt Havlu 12 Adet,12.0,count,369.95,30.829167,30.829167,1,30.829168,0.0,title,Rulo Kağıt Havlu,sub_category,1,1,"[""depot:migros-564""]","[""migros""]",pinned-relative,04.09.2026 08:06,0,1.1
2026-09-04,personal_paper,paper_towel,Kağıt havlu,id:016M,id:016M,Maylo Süper Bambu Katkılı Kağıt Havlu 16 Adet,16.0,count,419.95,26.246875,26.246875,1,26.246876,0.0,title,Rulo Kağıt Havlu,sub_category,1,1,"[""depot:migros-1991""]","[""migros""]",pinned-relative,04.09.2026 08:04,0,1.1
2026-09-04,personal_paper,wet_wipes,Islak mendil,id:1Z45,id:1Z45,Uni Baby Aile Islak Mendil 156 Adet,156.0,count,69.0,0.442308,0.541506,1,0.442308,0.0,title,Islak Mendil,sub_category,1,1,"[""depot:bim-5712""]","[""bim""]",pinned-relative,04.09.2026 08:05,0,1.1
2026-09-04,personal_paper,wet_wipes,Islak mendil,id:041R,id:041R,Mendiva Islak Mendil 3x15 Adet,45.0,count,19.5,0.433333,0.433333,1,0.433333,0.0,title,Islak Mendil,sub_category,1,1,"[""depot:a101-6815""]","[""a101""]",pinned-relative,04.09.2026 08:04,0,1.1
2026-09-04,personal_paper,wet_wipes,Islak mendil,id:00R1,id:00R1,Selis Islak Mendil 3x15 Adet,45.0,count,23.0,0.511111,0.511111,1,0.511111,0.0,title,Islak Mendil,sub_category,1,1,"[""depot:hakmar-5521""]","[""hakmar""]",pinned-relative,04.09.2026 08:04,0,1.1
2026-09-04,personal_paper,wet_wipes,Islak mendil,id:14MQ,id:14MQ,Clea Islak Mendil 3x15 45 Adet,45.0,count,24.9,0.553333,0.553333,1,0.553333,0.0,title,Islak Mendil,sub_category,1,1,"[""depot:tarim_kredi-5022""]","[""tarim_kredi""]",pinned-relative,04.09.2026 08:00,0,1.1
2026-09-04,personal_paper,wet_wipes,Islak mendil,id:20PV,id:20PV,Fibril Sedir Ağacı Islak Mendil 90 Adet,90.0,count,49.95,0.555,0.555,1,0.555,0.0,title,Islak Mendil,sub_category,1,1,"[""depot:migros-564""]","[""migros""]",pinned-relative,04.09.2026 08:03,0,1.1
2026-09-04,personal_paper,wet_wipes,Islak mendil,id:08RH,id:08RH,Uni Baby Aile Islak Mendil 90 Adet,90.0,count,65.95,0.732778,0.732778,1,0.732778,0.0,title,Islak Mendil,sub_category,1,1,"[""depot:carrefour-1012""]","[""carrefour""]",pinned-relative,04.09.2026 08:05,0,1.1
2026-09-04,personal_paper,wet_wipes,Islak mendil,id:20C2,id:20C2,Selpak Organik Bambu Özlü & Zeytinyağlı Islak Mendil 150 Adet,150.0,count,139.95,0.933,0.933,1,0.933,0.0,title,Islak Mendil,sub_category,1,1,"[""depot:migros-4479""]","[""migros""]",pinned-relative,04.09.2026 08:02,0,1.1
2026-09-04,personal_paper,wet_wipes,Islak mendil,id:1C2I,id:1C2I,Fibril Go Wipes Nane Ferahlatıcı Islak Cep Mendili 20 Adet,20.0,count,19.95,0.9975,0.9975,1,0.9975,0.0,title,Islak Mendil,sub_category,1,1,"[""depot:migros-1991""]","[""migros""]",pinned-relative,04.09.2026 08:01,0,1.05
2026-09-04,personal_paper,wet_wipes,Islak mendil,id:0XF7,id:0XF7,Sleepy Doğal Organik Pembe Islak Cep Mendili 45 Adet,45.0,count,112.95,2.51,2.51,1,2.51,0.0,title,Islak Mendil,sub_category,1,1,"[""depot:migros-1991""]","[""migros""]",pinned-relative,04.09.2026 08:01,0,1.05
2026-09-04,personal_paper,tissues,Kağıt mendil,id:1RW5,id:1RW5,Selpak Klasik Mendil 10 Adet,10.0,count,99.95,9.995,9.995,2,9.995,0.0,title,Kağıt Mendil,sub_category,2,2,"[""depot:carrefour-1012"",""depot:migros-4479""]","[""carrefour"",""migros""]",pinned-relative,04.09.2026 08:03,0,1.1
2026-09-04,personal_paper,tissues,Kağıt mendil,id:0R6L,id:0R6L,Selpak Losyonlu Mendil 10 Adet,10.0,count,109.475,10.9475,10.9475,2,10.9475,0.0,title,Kağıt Mendil,sub_category,2,2,"[""depot:carrefour-1012"",""depot:migros-1991""]","[""carrefour"",""migros""]",pinned-relative,04.09.2026 08:00,0,1.1
2026-09-04,personal_paper,tissues,Kağıt mendil,id:0LHI,id:0LHI,Beyaz Güvercin Mendil 10 Adet,10.0,count,30.0,3.0,3.0,1,3.0,0.0,title,Kağıt Mendil,sub_category,1,1,"[""depot:sok-4707""]","[""sok""]",pinned-relative,04.09.2026 08:06,0,1.1
2026-09-04,personal_paper,tissues,Kağıt mendil,id:109B,id:109B,Mistral 3 Katlı Kağıt Mendil 10 Adet,10.0,count,30.0,3.0,3.0,1,3.0,0.0,title,Kağıt Mendil,sub_category,1,1,"[""depot:a101-6815""]","[""a101""]",pinned-relative,04.09.2026 07:59,0,1.1
2026-09-04,personal_paper,tissues,Kağıt mendil,id:02OO,id:02OO,Blume 3 Katlı Kağıt Mendil 10 Adet,10.0,count,30.0,3.0,3.0,1,3.0,0.0,title,Kağıt Mendil,sub_category,1,1,"[""depot:bim-5712""]","[""bim""]",pinned-relative,04.09.2026 08:04,0,1.1
2026-09-04,personal_paper,tissues,Kağıt mendil,id:2A0K,id:2A0K,Selis Kağıt Mendil 10 Adet,10.0,count,30.0,3.0,3.0,1,3.0,0.0,title,Kağıt Mendil,sub_category,1,1,"[""depot:hakmar-5521""]","[""hakmar""]",pinned-relative,04.09.2026 08:05,0,1.1
2026-09-04,personal_paper,tissues,Kağıt mendil,id:0JUP,id:0JUP,Solo 3 Katlı Kağıt Mendil 10 Adet,10.0,count,39.5,3.95,3.95,1,3.95,0.0,title,Kağıt Mendil,sub_category,1,1,"[""depot:a101-9324""]","[""a101""]",pinned-relative,04.09.2026 08:06,0,1.1
2026-09-04,personal_paper,tissues,Kağıt mendil,id:1TAU,id:1TAU,Maylo Mendil 10 Adet,10.0,count,74.95,7.495,7.495,1,7.495,0.0,title,Kağıt Mendil,sub_category,1,1,"[""depot:migros-1991""]","[""migros""]",pinned-relative,04.09.2026 08:04,0,1.1
2026-09-04,personal_paper,tissues,Kağıt mendil,id:0QVU,id:0QVU,Sofia Skin Love Mendil 100 Adet,100.0,count,89.95,0.8995,0.8995,1,0.8995,0.0,title,Kağıt Mendil,sub_category,1,1,"[""depot:migros-1991""]","[""migros""]",pinned-relative,04.09.2026 08:00,0,1.1
2026-09-04,personal_paper,tissues,Kağıt mendil,id:0WKB,id:0WKB,Selpak Mentollü Mendil 10 Adet,10.0,count,109.0,10.9,10.9,1,10.9,0.0,title,Kağıt Mendil,sub_category,1,1,"[""depot:carrefour-1012""]","[""carrefour""]",pinned-relative,04.09.2026 08:01,0,1.1
