date,group,type_id,type_label,slot_id,product_key,title,quantity,unit,price,unit_price,linked_unit_price,offer_count,raw_offer_count,source_count,source_ids,markets,source_mode,generation
2026-08-26,bread_cereals,bread_toast,Tost ekmeği,id:1Z1S,id:1Z1S,Ekmek Tost Süper 470 G Uno,0.47,kg,92.5,196.808511,204.255319,2,4,2,"[""depot:a101-6815"",""depot:sok-4707""]","[""a101"",""sok""]",pinned-relative,0
2026-08-26,bread_cereals,bread_toast,Tost ekmeği,id:1ZGC,id:1ZGC,Uno Büyük Tost Ekmeği 550 Gr,0.55,kg,82.5,150.0,150.0,1,3,1,"[""depot:carrefour-5254""]","[""carrefour""]",pinned-relative,0
2026-08-26,bread_cereals,bread_toast,Tost ekmeği,id:1Z60,id:1Z60,Untad Kepekli Tost Ekmeği 500 Gr,0.5,kg,99.0,198.0,198.0,1,3,1,"[""depot:carrefour-1012""]","[""carrefour""]",pinned-relative,0
2026-08-26,bread_cereals,bread_toast,Tost ekmeği,id:20E8,id:20E8,Untad Büyük Tost Ekmeği 670 Gr,0.67,kg,109.5,163.432836,160.635273,3,3,3,"[""depot:carrefour-5254"",""depot:migros-6679"",""depot:tarim_kredi-7488""]","[""carrefour"",""migros"",""tarim_kredi""]",pinned-relative,0
2026-08-26,bread_cereals,bread_toast,Tost ekmeği,id:1YJZ,id:1YJZ,Untad Light Tost Ekmeği 500 Gr,0.5,kg,118.0,236.0,236.0,1,3,1,"[""depot:carrefour-1012""]","[""carrefour""]",pinned-relative,0
2026-08-26,bread_cereals,bread_toast,Tost ekmeği,id:0ZYB,id:0ZYB,Nimet Tost Ekmeği 550 Gr,0.55,kg,47.0,85.454545,85.454545,1,1,1,"[""depot:a101-6815""]","[""a101""]",pinned-relative,0
2026-08-26,bread_cereals,bread_toast,Tost ekmeği,id:06A6,id:06A6,Tazepan Tost Ekmeği 500 Gr,0.5,kg,47.9,95.8,95.8,1,1,1,"[""depot:hakmar-5602""]","[""hakmar""]",pinned-relative,0
2026-08-26,bread_cereals,bread_toast,Tost ekmeği,id:1BZP,id:1BZP,Tazepan Tost Ekmeği 670 Gr,0.67,kg,55.0,82.089552,82.089552,1,1,1,"[""depot:tarim_kredi-7488""]","[""tarim_kredi""]",pinned-relative,0
2026-08-26,bread_cereals,bread_wholewheat,Tam buğday ekmeği,id:2157,id:2157,Uno Denge Tam Buğday Çiya Tohumlu Ekmek 400 Gr,0.4,kg,90.0,225.0,224.217389,2,3,2,"[""depot:carrefour-1012"",""depot:tarim_kredi-7488""]","[""carrefour"",""tarim_kredi""]",pinned-relative,0
2026-08-26,bread_cereals,bread_wholewheat,Tam buğday ekmeği,id:2CT7,id:2CT7,Uno Tam Buğdaylı & Chia Tohumlu Ekmek 400 Gr,0.4,kg,79.9,199.75,199.75,1,1,1,"[""depot:hakmar-5521""]","[""hakmar""]",pinned-relative,0
2026-08-26,bread_cereals,bread_wholewheat,Tam buğday ekmeği,id:1PB0,id:1PB0,Senzacrosta Tam Buğday Çavdarlı Ekmek 500 Gr,0.5,kg,235.0,470.0,470.0,1,1,1,"[""depot:carrefour-1012""]","[""carrefour""]",pinned-relative,0
2026-08-26,bread_cereals,bread_wholewheat,Tam buğday ekmeği,id:207S,id:207S,Untad Tam Buğday Ekmeği 400 Gr,0.4,kg,89.25,223.125,221.789596,2,3,2,"[""depot:carrefour-1012"",""depot:tarim_kredi-5022""]","[""carrefour"",""tarim_kredi""]",pinned-relative,0
2026-08-26,bread_cereals,bread_wholewheat,Tam buğday ekmeği,id:1ZT5,id:1ZT5,Uno Fırından Tam Buğday 450 Gr,0.45,kg,97.5,216.666667,216.666667,1,2,1,"[""depot:tarim_kredi-7488""]","[""tarim_kredi""]",pinned-relative,0
2026-08-26,bread_cereals,bread_wholewheat,Tam buğday ekmeği,id:1033,id:1033,Nimet Tam Buğday Ekmeği 350 Gr,0.35,kg,43.0,122.857143,122.857143,1,1,1,"[""depot:a101-6815""]","[""a101""]",pinned-relative,0
2026-08-26,bread_cereals,bread_wholewheat,Tam buğday ekmeği,id:03X4,id:03X4,Tam Buğday Ekmeği Çeşitleri 420 Gr,0.42,kg,37.5,89.285714,89.285714,1,1,1,"[""depot:hakmar-5200""]","[""hakmar""]",pinned-relative,0
2026-08-26,bread_cereals,bread_wholewheat,Tam buğday ekmeği,id:0V4F,id:0V4F,Uno Anadolu Tam Buğday Ekmeği 350 Gr,0.35,kg,40.0,114.285714,114.285714,1,1,1,"[""depot:sok-4711""]","[""sok""]",pinned-relative,0
2026-08-26,bread_cereals,bread_wholewheat,Tam buğday ekmeği,id:211O,id:211O,İHE Tam Buğday Ekmeği 400 Gr,0.4,kg,55.0,137.5,137.5,1,1,1,"[""depot:carrefour-5254""]","[""carrefour""]",pinned-relative,0
2026-08-26,bread_cereals,bread_wholewheat,Tam buğday ekmeği,id:06FE,id:06FE,Tazepan Tam Buğday Ekmeği 450 Gr,0.45,kg,79.9,177.555556,177.555556,1,1,1,"[""depot:hakmar-5521""]","[""hakmar""]",pinned-relative,0
2026-08-26,bread_cereals,bread_wholewheat,Tam buğday ekmeği,id:1071,id:1071,Uno Anadolu Tam Buğday Tava Ekmeği 450 Gr,0.45,kg,86.0,191.111111,191.111111,1,1,1,"[""depot:sok-4707""]","[""sok""]",pinned-relative,0
2026-08-26,bread_cereals,flour_wheat,Buğday unu,id:0Y3L,id:0Y3L,Söke Buğday Unu 1 Kg,1.0,kg,54.95,54.95,54.96429,2,2,2,"[""depot:carrefour-5254"",""depot:migros-1991""]","[""carrefour"",""migros""]",pinned-relative,0
2026-08-26,bread_cereals,flour_wheat,Buğday unu,id:1JDD,id:1JDD,Söke Tam Buğday Unu 1 Kg,1.0,kg,75.925,75.925,75.925,2,2,2,"[""depot:carrefour-1012"",""depot:migros-1991""]","[""carrefour"",""migros""]",pinned-relative,0
2026-08-26,bread_cereals,flour_wheat,Buğday unu,id:1NDD,id:1NDD,Sinangil Un 5 Kg,5.0,kg,174.065,34.813,34.813,2,2,2,"[""depot:carrefour-1012"",""depot:migros-3296""]","[""carrefour"",""migros""]",pinned-relative,0
2026-08-26,bread_cereals,flour_wheat,Buğday unu,id:0AKI,id:0AKI,Carrefour Buğday Unu 1 Kg,1.0,kg,35.0,35.0,35.0,1,1,1,"[""depot:carrefour-5254""]","[""carrefour""]",pinned-relative,0
2026-08-26,bread_cereals,flour_wheat,Buğday unu,id:1Z5Y,id:1Z5Y,Söke Tam Buğday Un Karışımı 500 Gr,0.5,kg,59.9,119.8,119.8,1,1,1,"[""depot:carrefour-1012""]","[""carrefour""]",pinned-relative,0
2026-08-26,bread_cereals,flour_wheat,Buğday unu,id:1688,id:1688,Nimet Buğday Unu 2 Kg,2.0,kg,60.0,30.0,30.0,1,1,1,"[""depot:a101-6815""]","[""a101""]",pinned-relative,0
2026-08-26,bread_cereals,flour_wheat,Buğday unu,id:02VH,id:02VH,Efsane Buğday Unu 2 Kg,2.0,kg,60.0,30.0,30.0,1,1,1,"[""depot:bim-5712""]","[""bim""]",pinned-relative,0
2026-08-26,bread_cereals,flour_wheat,Buğday unu,id:0633,id:0633,Carrefour Buğday Unu 2 Kg,2.0,kg,60.0,30.0,30.0,1,1,1,"[""depot:carrefour-5254""]","[""carrefour""]",pinned-relative,0
2026-08-26,bread_cereals,flour_wheat,Buğday unu,id:1A6X,id:1A6X,Efsane Tam Buğday Unu 2 Kg,2.0,kg,65.0,32.5,32.5,1,1,1,"[""depot:bim-5712""]","[""bim""]",pinned-relative,0
2026-08-26,bread_cereals,flour_wheat,Buğday unu,id:1H4Z,id:1H4Z,Carrefour Tam Buğday Unu 2 Kg,2.0,kg,72.0,36.0,36.0,1,1,1,"[""depot:carrefour-5254""]","[""carrefour""]",pinned-relative,0
2026-08-26,bread_cereals,flour_wheat,Buğday unu,id:05PW,id:05PW,Tarım Kredi Tam Buğday Unu 2 Kg,2.0,kg,72.5,36.25,36.25,1,1,1,"[""depot:tarim_kredi-7488""]","[""tarim_kredi""]",pinned-relative,0
2026-08-26,bread_cereals,flour_wheat,Buğday unu,id:06R3,id:06R3,Eriş Tam Buğday Unu 2 Kg,2.0,kg,89.5,44.75,44.75,1,1,1,"[""depot:hakmar-5521""]","[""hakmar""]",pinned-relative,0
2026-08-26,bread_cereals,flour_wheat,Buğday unu,id:0T7W,id:0T7W,Sinangil Buğday Unu 2 Kg,2.0,kg,90.0,45.0,45.0,1,1,1,"[""depot:a101-6815""]","[""a101""]",pinned-relative,0
2026-08-26,bread_cereals,flour_wheat,Buğday unu,id:1S10,id:1S10,Sinangil Un 2 Kg,2.0,kg,90.9,45.45,45.45,1,1,1,"[""depot:carrefour-1012""]","[""carrefour""]",pinned-relative,0
2026-08-26,bread_cereals,flour_wheat,Buğday unu,id:18L8,id:18L8,Özde Buğday Unu 5 Kg,5.0,kg,105.0,21.0,21.0,1,1,1,"[""depot:bim-5712""]","[""bim""]",pinned-relative,0
2026-08-26,bread_cereals,flour_wheat,Buğday unu,id:14AU,id:14AU,Nora Buğday Unu 5 Kg,5.0,kg,109.0,21.8,21.8,1,1,1,"[""depot:bim-5712""]","[""bim""]",pinned-relative,0
2026-08-26,bread_cereals,flour_wheat,Buğday unu,id:0HLD,id:0HLD,City Farm Organik Tam Buğday Unu 1 Kg,1.0,kg,127.5,127.5,127.5,1,1,1,"[""depot:carrefour-1012""]","[""carrefour""]",pinned-relative,0
2026-08-26,bread_cereals,flour_wheat,Buğday unu,id:17K7,id:17K7,Nimet Buğday Unu 5 Kg,5.0,kg,135.0,27.0,27.0,1,1,1,"[""depot:a101-6815""]","[""a101""]",pinned-relative,0
2026-08-26,bread_cereals,flour_wheat,Buğday unu,id:05T1,id:05T1,Efsane Buğday Unu 5 Kg,5.0,kg,135.0,27.0,27.0,1,1,1,"[""depot:bim-5712""]","[""bim""]",pinned-relative,0
2026-08-26,bread_cereals,flour_wheat,Buğday unu,id:0E7J,id:0E7J,Carrefour Buğday Unu 5 Kg,5.0,kg,135.9,27.18,27.18,1,1,1,"[""depot:carrefour-5254""]","[""carrefour""]",pinned-relative,0
2026-08-26,bread_cereals,flour_wheat,Buğday unu,id:0ZN5,id:0ZN5,Doruk Buğday Unu 5 Kg,5.0,kg,145.0,29.0,29.0,1,1,1,"[""depot:a101-6815""]","[""a101""]",pinned-relative,0
2026-08-26,bread_cereals,rice,Pirinç,id:15TJ,id:15TJ,Reis Osmancık Pirinç 1 Kg,1.0,kg,110.99,110.99,147.969537,1,2,1,"[""depot:carrefour-1012""]","[""carrefour""]",pinned-relative,0
2026-08-26,bread_cereals,rice,Pirinç,id:1ZVP,id:1ZVP,Hasata Basmati Pirinç 1 Kg,1.0,kg,174.95,174.95,173.156601,2,2,2,"[""depot:carrefour-5254"",""depot:migros-1991""]","[""carrefour"",""migros""]",pinned-relative,0
2026-08-26,bread_cereals,rice,Pirinç,id:1R0T,id:1R0T,Reis Basmati Pirinç 1 Kg,1.0,kg,279.95,279.95,279.95,1,2,1,"[""depot:carrefour-1012""]","[""carrefour""]",pinned-relative,0
2026-08-26,bread_cereals,rice,Pirinç,id:07U1,id:07U1,Rençber Pilavlık Pirinç 1 Kg,1.0,kg,64.5,64.5,64.5,1,1,1,"[""depot:hakmar-5521""]","[""hakmar""]",pinned-relative,0
2026-08-26,bread_cereals,rice,Pirinç,id:1NSI,id:1NSI,Pirinç Baldo Esmerim 1000 G Yayla,1.0,kg,77.5,77.5,77.5,1,1,1,"[""depot:a101-6815""]","[""a101""]",pinned-relative,0
2026-08-26,bread_cereals,rice,Pirinç,id:0X4O,id:0X4O,Anadolu Mutfağı Osmancık Pirinç 1 Kg,1.0,kg,78.0,78.0,78.0,1,1,1,"[""depot:sok-4707""]","[""sok""]",pinned-relative,0
2026-08-26,bread_cereals,rice,Pirinç,id:0XG5,id:0XG5,Migros Osmancık Pirinç 1 Kg,1.0,kg,80.95,80.95,80.95,1,1,1,"[""depot:migros-1991""]","[""migros""]",pinned-relative,0
2026-08-26,bread_cereals,rice,Pirinç,id:10YW,id:10YW,Ovadan Baldo Pirinç 1 Kg,1.0,kg,83.5,83.5,83.5,1,1,1,"[""depot:a101-6815""]","[""a101""]",pinned-relative,0
2026-08-26,bread_cereals,rice,Pirinç,id:04LS,id:04LS,Carrefour Baldo Pirinç 1 Kg,1.0,kg,84.5,84.5,84.5,1,1,1,"[""depot:carrefour-5254""]","[""carrefour""]",pinned-relative,0
2026-08-26,bread_cereals,rice,Pirinç,id:2ASH,id:2ASH,Rençber Basmati Pirinç 1 Kg,1.0,kg,95.0,95.0,95.0,1,1,1,"[""depot:hakmar-5521""]","[""hakmar""]",pinned-relative,0
2026-08-26,bread_cereals,rice,Pirinç,id:1G7B,id:1G7B,Üstad Gönen Baldo Pirinç 1 Kg,1.0,kg,99.5,99.5,99.5,1,1,1,"[""depot:a101-6815""]","[""a101""]",pinned-relative,0
2026-08-26,bread_cereals,rice,Pirinç,id:21MX,id:21MX,Yayla İthal Uzun Pilavlık Pirinç 2 Kg,2.0,kg,99.5,49.75,49.75,1,1,1,"[""depot:a101-6815""]","[""a101""]",pinned-relative,0
2026-08-26,bread_cereals,rice,Pirinç,id:1Z5E,id:1Z5E,Yayla Basmati Pirinç 1 Kg,1.0,kg,109.9,109.9,109.9,1,1,1,"[""depot:tarim_kredi-5022""]","[""tarim_kredi""]",pinned-relative,0
2026-08-26,bread_cereals,rice,Pirinç,id:1F0V,id:1F0V,Sade Organik Pirinç 500 Gr,0.5,kg,109.95,219.9,219.9,1,1,1,"[""depot:carrefour-1012""]","[""carrefour""]",pinned-relative,0
2026-08-26,bread_cereals,rice,Pirinç,id:0YS0,id:0YS0,Ovadan İthal Pilavlık Pirinç 2.5 Kg,2.5,kg,119.5,47.8,47.8,1,1,1,"[""depot:a101-6815""]","[""a101""]",pinned-relative,0
2026-08-26,bread_cereals,rice,Pirinç,id:117K,id:117K,Duru Osmancık Pilavlık Pirinç 1 Kg,1.0,kg,89.99,89.99,89.99,1,1,1,"[""depot:carrefour-1012""]","[""carrefour""]",pinned-relative,0
2026-08-26,bread_cereals,rice,Pirinç,id:0CI4,id:0CI4,Ovadan Osmancık Pirinç 2.5 Kg,2.5,kg,179.0,71.6,71.6,1,1,1,"[""depot:a101-6815""]","[""a101""]",pinned-relative,0
2026-08-26,bread_cereals,rice,Pirinç,id:02MV,id:02MV,Rençber Osmancık Pirinç 2.5 Kg,2.5,kg,184.5,73.8,73.8,1,1,1,"[""depot:hakmar-5521""]","[""hakmar""]",pinned-relative,0
2026-08-26,bread_cereals,rice,Pirinç,id:0AON,id:0AON,Tarım Kredi Anadolu Baldo Pirinç 2.5 Kg,2.5,kg,219.0,87.6,87.6,1,1,1,"[""depot:tarim_kredi-7488""]","[""tarim_kredi""]",pinned-relative,0
2026-08-26,bread_cereals,rice,Pirinç,id:0P95,id:0P95,Mutlu Baldo Pirinç 2.5 Kg,2.5,kg,254.95,101.98,101.98,1,1,1,"[""depot:migros-1991""]","[""migros""]",pinned-relative,0
2026-08-26,bread_cereals,rice,Pirinç,id:0H1X,id:0H1X,Reis Baldo Pirinç 2 Kg,2.0,kg,254.95,127.475,127.475,1,1,1,"[""depot:carrefour-5254""]","[""carrefour""]",pinned-relative,0
2026-08-26,bread_cereals,rice,Pirinç,id:06R7,id:06R7,Carrefour Osmancık Pirinç 5 Kg,5.0,kg,345.9,69.18,69.18,1,1,1,"[""depot:carrefour-1012""]","[""carrefour""]",pinned-relative,0
2026-08-26,bread_cereals,bulgur,Bulgur,id:1PU8,id:1PU8,Duru Pilavlık Bulgur 1 Kg,1.0,kg,69.9,69.9,70.0,3,5,3,"[""depot:bim-5712"",""depot:migros-1991"",""depot:sok-7017""]","[""bim"",""migros"",""sok""]",pinned-relative,0
2026-08-26,bread_cereals,bulgur,Bulgur,id:1X4Y,id:1X4Y,Duru Başbaşı Bulgur 1 Kg,1.0,kg,70.95,70.95,70.95,2,2,2,"[""depot:carrefour-1012"",""depot:migros-1991""]","[""carrefour"",""migros""]",pinned-relative,0
2026-08-26,bread_cereals,bulgur,Bulgur,id:1HI0,id:1HI0,Torku Pilavlık Bulgur 2.5 Kg,2.5,kg,102.225,40.89,40.125608,2,2,2,"[""depot:a101-4141"",""depot:migros-1991""]","[""a101"",""migros""]",pinned-relative,0
2026-08-26,bread_cereals,bulgur,Bulgur,id:06Y3,id:06Y3,Saban Pilavlık Bulgur 1 Kg,1.0,kg,29.0,29.0,29.0,1,1,1,"[""depot:bim-5712""]","[""bim""]",pinned-relative,0
2026-08-26,bread_cereals,bulgur,Bulgur,id:0577,id:0577,Saban Köftelik Bulgur 1 Kg,1.0,kg,29.0,29.0,29.0,1,1,1,"[""depot:bim-5712""]","[""bim""]",pinned-relative,0
2026-08-26,bread_cereals,bulgur,Bulgur,id:1LQE,id:1LQE,Doyum Bulgur Çeşitleri 1 Kg,1.0,kg,32.5,32.5,32.5,1,1,1,"[""depot:bim-5712""]","[""bim""]",pinned-relative,0
2026-08-26,bread_cereals,bulgur,Bulgur,id:049D,id:049D,Carrefour Köftelik Bulgur 1 Kg,1.0,kg,34.95,34.95,34.95,1,1,1,"[""depot:carrefour-5254""]","[""carrefour""]",pinned-relative,0
2026-08-26,bread_cereals,bulgur,Bulgur,id:0YSI,id:0YSI,Anadolu Mutfağı Köftelik Bulgur 1 Kg,1.0,kg,34.0,34.0,34.0,1,1,1,"[""depot:sok-4707""]","[""sok""]",pinned-relative,0
2026-08-26,bread_cereals,bulgur,Bulgur,id:0W77,id:0W77,Anadolu Mutfağı Pilavlık Bulgur 1 Kg,1.0,kg,34.0,34.0,34.0,1,1,1,"[""depot:sok-4707""]","[""sok""]",pinned-relative,0
2026-08-26,bread_cereals,bulgur,Bulgur,id:00K4,id:00K4,Yöremce Köftelik Bulgur 1 Kg,1.0,kg,34.0,34.0,34.0,1,1,1,"[""depot:a101-6815""]","[""a101""]",pinned-relative,0
2026-08-26,bread_cereals,bulgur,Bulgur,id:08WG,id:08WG,Rençber Pilavlık Bulgur 1 Kg,1.0,kg,34.0,34.0,34.0,1,1,1,"[""depot:hakmar-5521""]","[""hakmar""]",pinned-relative,0
2026-08-26,bread_cereals,bulgur,Bulgur,id:0EDB,id:0EDB,Tarım Kredi Köftelik Bulgur 1 Kg,1.0,kg,46.9,46.9,46.9,1,1,1,"[""depot:tarim_kredi-7488""]","[""tarim_kredi""]",pinned-relative,0
2026-08-26,bread_cereals,bulgur,Bulgur,id:1I1K,id:1I1K,Torku Pilavlık Bulgur 1 Kg,1.0,kg,61.95,61.95,61.95,1,1,1,"[""depot:migros-1991""]","[""migros""]",pinned-relative,0
2026-08-26,bread_cereals,bulgur,Bulgur,id:0Q0L,id:0Q0L,Yayla Köftelik Bulgur 1 Kg,1.0,kg,65.95,65.95,65.95,1,1,1,"[""depot:migros-1991""]","[""migros""]",pinned-relative,0
2026-08-26,bread_cereals,bulgur,Bulgur,id:14G7,id:14G7,Saban Köftelik Bulgur 2.5 Kg,2.5,kg,70.0,28.0,28.0,1,1,1,"[""depot:bim-5712""]","[""bim""]",pinned-relative,0
2026-08-26,bread_cereals,bulgur,Bulgur,id:0F2Q,id:0F2Q,Carrefour Pilavlık Bulgur 2.5 Kg,2.5,kg,85.95,34.38,34.38,1,1,1,"[""depot:carrefour-1012""]","[""carrefour""]",pinned-relative,0
2026-08-26,bread_cereals,bulgur,Bulgur,id:1OOR,id:1OOR,Reis Köftelik Bulgur 1 Kg,1.0,kg,59.95,59.95,59.95,1,1,1,"[""depot:carrefour-1012""]","[""carrefour""]",pinned-relative,0
2026-08-26,bread_cereals,bulgur,Bulgur,id:0DF8,id:0DF8,Reis Esmer Çiğköftelik Bulgur 1 Kg,1.0,kg,59.95,59.95,59.95,1,1,1,"[""depot:carrefour-1012""]","[""carrefour""]",pinned-relative,0
2026-08-26,bread_cereals,bulgur,Bulgur,id:1YIH,id:1YIH,Dola Glutensiz Pilavlık Bulgur 400 Gr,0.4,kg,103.9,259.75,259.75,1,1,1,"[""depot:tarim_kredi-5022""]","[""tarim_kredi""]",pinned-relative,0
2026-08-26,bread_cereals,bulgur,Bulgur,id:1N0Q,id:1N0Q,City Farm Organik Pilavlık Bulgur 1 Kg,1.0,kg,134.0,134.0,134.0,1,1,1,"[""depot:carrefour-1012""]","[""carrefour""]",pinned-relative,0
2026-08-26,bread_cereals,bulgur,Bulgur,id:0WCD,id:0WCD,Duru Pilavlık Bulgur 2 Kg,2.0,kg,139.95,69.975,69.975,1,1,1,"[""depot:carrefour-1012""]","[""carrefour""]",pinned-relative,0
2026-08-26,bread_cereals,pasta_spaghetti,Spagetti makarna,id:1Q4D,id:1Q4D,Arbella Spagetti Makarna 500 Gr,0.5,kg,33.95,67.9,92.967025,1,2,1,"[""depot:migros-1991""]","[""migros""]",pinned-relative,0
2026-08-26,bread_cereals,pasta_spaghetti,Spagetti makarna,id:1YZR,id:1YZR,Nuh'un Ankara Spagetti Makarna 500 Gr,0.5,kg,34.225,68.45,68.45,2,2,2,"[""depot:hakmar-5521"",""depot:migros-1991""]","[""hakmar"",""migros""]",pinned-relative,0
2026-08-26,bread_cereals,pasta_spaghetti,Spagetti makarna,id:0P51,id:0P51,Bendo Spagetti Makarna 500 Gr,0.5,kg,17.0,34.0,34.0,1,1,1,"[""depot:a101-6815""]","[""a101""]",pinned-relative,0
2026-08-26,bread_cereals,pasta_spaghetti,Spagetti makarna,id:16L9,id:16L9,Tat Spagetti Makarna 500 Gr,0.5,kg,17.0,34.0,34.0,1,1,1,"[""depot:hakmar-5521""]","[""hakmar""]",pinned-relative,0
2026-08-26,bread_cereals,pasta_spaghetti,Spagetti makarna,id:05SY,id:05SY,Carrefour Spagetti Makarna 500 Gr,0.5,kg,16.9,33.8,33.8,1,1,1,"[""depot:carrefour-5254""]","[""carrefour""]",pinned-relative,0
2026-08-26,bread_cereals,pasta_spaghetti,Spagetti makarna,id:0M0B,id:0M0B,Migros Spagetti Makarna 500 Gr,0.5,kg,17.95,35.9,35.9,1,1,1,"[""depot:migros-1991""]","[""migros""]",pinned-relative,0
2026-08-26,bread_cereals,pasta_spaghetti,Spagetti makarna,id:1R95,id:1R95,Filiz Yassı Spagetti Makarna 500 Gr,0.5,kg,33.5,67.0,67.0,1,1,1,"[""depot:a101-6815""]","[""a101""]",pinned-relative,0
2026-08-26,bread_cereals,pasta_spaghetti,Spagetti makarna,id:0XHH,id:0XHH,Nuh'un Ankara Vitaminli Spagetti Makarna 500 Gr,0.5,kg,27.5,55.0,55.0,1,1,1,"[""depot:a101-6815""]","[""a101""]",pinned-relative,0
2026-08-26,bread_cereals,pasta_spaghetti,Spagetti makarna,id:1TK9,id:1TK9,Barilla Linguine Yassı Spagetti Makarna 500 Gr,0.5,kg,59.95,119.9,119.9,1,1,1,"[""depot:migros-1991""]","[""migros""]",pinned-relative,0
2026-08-26,bread_cereals,pasta_spaghetti,Spagetti makarna,id:03VE,id:03VE,Sade Organik Spagetti Makarna 500 Gr,0.5,kg,123.5,247.0,247.0,1,1,1,"[""depot:carrefour-1012""]","[""carrefour""]",pinned-relative,0
2026-08-26,bread_cereals,pasta_other,Diğer makarna,id:207R,id:207R,Filiz Boncuk Makarna 500 Gr,0.5,kg,33.5,67.0,69.687133,4,4,4,"[""depot:a101-6815"",""depot:bim-5712"",""depot:carrefour-1012"",""depot:migros-1991""]","[""a101"",""bim"",""carrefour"",""migros""]",pinned-relative,0
2026-08-26,bread_cereals,pasta_other,Diğer makarna,id:1YQJ,id:1YQJ,Filiz Fiyonk Makarna 500 Gr,0.5,kg,33.5,67.0,69.687133,4,4,4,"[""depot:bim-5712"",""depot:carrefour-5254"",""depot:migros-1991"",""depot:sok-4707""]","[""bim"",""carrefour"",""migros"",""sok""]",pinned-relative,0
2026-08-26,bread_cereals,pasta_other,Diğer makarna,id:20R6,id:20R6,Mutlu Burgu Makarna 500 Gr,0.5,kg,19.5,39.0,44.775906,3,3,3,"[""depot:a101-4141"",""depot:carrefour-5254"",""depot:migros-1991""]","[""a101"",""carrefour"",""migros""]",pinned-relative,0
2026-08-26,bread_cereals,pasta_other,Diğer makarna,id:1P8W,id:0M0A,Piyale Fiyonk Makarna 500 Gr,0.5,kg,17.0,34.0,53.48,1,1,1,"[""depot:sok-4707""]","[""sok""]",pinned-relative,1
2026-08-26,bread_cereals,pasta_other,Diğer makarna,id:1ZOT,id:1ZOT,Pastavilla Kelebek Makarna 500 Gr,0.5,kg,46.95,93.9,93.9,1,2,1,"[""depot:carrefour-1012""]","[""carrefour""]",pinned-relative,0
2026-08-26,bread_cereals,pasta_other,Diğer makarna,id:2166,id:2166,Pastavilla Dirsek Makarna 500 Gr,0.5,kg,46.95,93.9,93.9,2,2,2,"[""depot:carrefour-1012"",""depot:migros-1991""]","[""carrefour"",""migros""]",pinned-relative,0
2026-08-26,bread_cereals,pasta_other,Diğer makarna,id:1ON5,id:11CW,Bendo Burgu Makarna 500 Gr,0.5,kg,17.0,34.0,115.52,1,1,1,"[""depot:a101-4141""]","[""a101""]",pinned-relative,1
2026-08-26,bread_cereals,pasta_other,Diğer makarna,id:0QCP,id:0QCP,Oba Burgu Makarna 500 Gr,0.5,kg,14.0,28.0,28.0,1,1,1,"[""depot:a101-6815""]","[""a101""]",pinned-relative,0
2026-08-26,bread_cereals,pasta_other,Diğer makarna,id:0B11,id:0B11,Piyale Burgu Makarna 500 Gr,0.5,kg,17.0,34.0,34.0,1,1,1,"[""depot:sok-4707""]","[""sok""]",pinned-relative,0
2026-08-26,bread_cereals,pasta_other,Diğer makarna,id:083Q,id:083Q,Cardella Fiyonk Makarna 500 Gr,0.5,kg,15.0,30.0,30.0,1,1,1,"[""depot:bim-5712""]","[""bim""]",pinned-relative,0
2026-08-26,bread_cereals,pasta_other,Diğer makarna,id:16L0,id:16L0,Tat Burgu Makarna 500 Gr,0.5,kg,17.0,34.0,34.0,1,1,1,"[""depot:hakmar-5521""]","[""hakmar""]",pinned-relative,0
2026-08-26,bread_cereals,pasta_other,Diğer makarna,id:16JS,id:16JS,Tat Fiyonk Makarna 500 Gr,0.5,kg,17.0,34.0,34.0,1,1,1,"[""depot:hakmar-5521""]","[""hakmar""]",pinned-relative,0
2026-08-26,bread_cereals,pasta_other,Diğer makarna,id:0DYK,id:0TE3,Migros Burgu Makarna 500 Gr,0.5,kg,17.95,35.9,35.0,1,1,1,"[""depot:migros-1991""]","[""migros""]",pinned-relative,1
2026-08-26,bread_cereals,pasta_other,Diğer makarna,id:20QA,id:20QA,Arbella Rakamlar Vitaminli Makarna 350 Gr,0.35,kg,17.5,50.0,50.0,1,1,1,"[""depot:a101-4217""]","[""a101""]",pinned-relative,0
2026-08-26,bread_cereals,pasta_other,Diğer makarna,id:22N4,id:22N4,Oba Çarliston Makarna 500 Gr,0.5,kg,17.5,35.0,35.0,1,1,1,"[""depot:a101-4217""]","[""a101""]",pinned-relative,0
2026-08-26,bread_cereals,pasta_other,Diğer makarna,id:128A,id:128A,Berona Kalem Kesme Makarna 500 Gr,0.5,kg,23.5,47.0,47.0,1,1,1,"[""depot:a101-6815""]","[""a101""]",pinned-relative,0
2026-08-26,bread_cereals,pasta_other,Diğer makarna,id:1Q9J,id:1Q9J,Veronelli Rigatoni Makarna 500 Gr,0.5,kg,45.9,91.8,91.8,1,1,1,"[""depot:carrefour-1012""]","[""carrefour""]",pinned-relative,0
2026-08-26,bread_cereals,pasta_other,Diğer makarna,id:20JO,id:20JO,Filiz Yumurtalı Bukle Makarna 350 Gr,0.35,kg,46.95,134.142857,134.142857,1,2,1,"[""depot:migros-4479""]","[""migros""]",pinned-relative,0
2026-08-26,bread_cereals,pasta_other,Diğer makarna,id:1RYR,id:1RYR,Pastavilla Midye Makarna 500 Gr,0.5,kg,46.95,93.9,93.9,1,1,1,"[""depot:migros-1991""]","[""migros""]",pinned-relative,0
2026-08-26,bread_cereals,pasta_other,Diğer makarna,id:21GA,id:21GA,Barilla Kalem Makarna 500 Gr,0.5,kg,59.5,119.0,119.0,1,1,1,"[""depot:a101-6815""]","[""a101""]",pinned-relative,0
2026-08-26,bread_cereals,pasta_other,Diğer makarna,id:1OOY,id:1OOY,Schär Glutensiz Burgu Makarna 250 Gr,0.25,kg,198.5,794.0,794.0,1,1,1,"[""depot:carrefour-1012""]","[""carrefour""]",pinned-relative,0
2026-08-26,bread_cereals,vermicelli,Şehriye,id:201N,id:201N,Mutlu Arpa Şehriye 500 Gr,0.5,kg,17.75,35.5,35.327053,2,2,2,"[""depot:carrefour-5254"",""depot:migros-1991""]","[""carrefour"",""migros""]",pinned-relative,0
2026-08-26,bread_cereals,vermicelli,Şehriye,id:20OS,id:20OS,Mutlu Tel Şehriye 500 Gr,0.5,kg,21.7,43.4,43.176394,2,2,2,"[""depot:carrefour-1012"",""depot:migros-1991""]","[""carrefour"",""migros""]",pinned-relative,0
2026-08-26,bread_cereals,vermicelli,Şehriye,id:1NLE,id:1NLE,Nuh'un Ankara Arpa Şehriye 500 Gr,0.5,kg,34.925,69.85,69.85,2,2,2,"[""depot:carrefour-5254"",""depot:migros-1991""]","[""carrefour"",""migros""]",pinned-relative,0
2026-08-26,bread_cereals,vermicelli,Şehriye,id:1RU2,id:1RU2,Ankara Tel Şehriye Makarna 500 Gr,0.5,kg,34.9,69.8,69.85,1,2,1,"[""depot:carrefour-5254""]","[""carrefour""]",pinned-relative,0
2026-08-26,bread_cereals,vermicelli,Şehriye,id:1K2A,id:1K2A,Filiz Tel Şehriye 500 Gr,0.5,kg,31.225,62.45,62.004048,2,2,2,"[""depot:carrefour-1012"",""depot:migros-1991""]","[""carrefour"",""migros""]",pinned-relative,0
2026-08-26,bread_cereals,vermicelli,Şehriye,id:1Z7A,id:1Z7A,Filiz Yıldız Şehriye 500 Gr,0.5,kg,31.225,62.45,62.004048,2,2,2,"[""depot:carrefour-1012"",""depot:migros-1991""]","[""carrefour"",""migros""]",pinned-relative,0
2026-08-26,bread_cereals,vermicelli,Şehriye,id:20OR,id:20OR,Pastavilla Tel Şehriye 500 Gr,0.5,kg,46.95,93.9,93.9,2,2,2,"[""depot:carrefour-1012"",""depot:migros-3296""]","[""carrefour"",""migros""]",pinned-relative,0
2026-08-26,bread_cereals,vermicelli,Şehriye,id:107G,id:107G,Piyale Arpa Şehriye 500 Gr,0.5,kg,17.0,34.0,34.0,1,1,1,"[""depot:sok-4707""]","[""sok""]",pinned-relative,0
2026-08-26,bread_cereals,vermicelli,Şehriye,id:0XHX,id:0XHX,Piyale Tel Şehriye 500 Gr,0.5,kg,17.0,34.0,34.0,1,1,1,"[""depot:sok-4707""]","[""sok""]",pinned-relative,0
2026-08-26,bread_cereals,vermicelli,Şehriye,id:10AB,id:10AB,Bendo Arpa Şehriye Makarna 500 Gr,0.5,kg,17.0,34.0,34.0,1,1,1,"[""depot:a101-6815""]","[""a101""]",pinned-relative,0
2026-08-26,bread_cereals,vermicelli,Şehriye,id:0Z49,id:0Z49,Bendo Tel Şehriye Makarna 500 Gr,0.5,kg,17.0,34.0,34.0,1,1,1,"[""depot:a101-6815""]","[""a101""]",pinned-relative,0
2026-08-26,bread_cereals,vermicelli,Şehriye,id:05LC,id:05LC,Cardella Arpa Şehriye 500 Gr,0.5,kg,15.0,30.0,30.0,1,1,1,"[""depot:bim-5712""]","[""bim""]",pinned-relative,0
2026-08-26,bread_cereals,vermicelli,Şehriye,id:01Q1,id:01Q1,Cardella Tel Şehriye 500 Gr,0.5,kg,15.0,30.0,30.0,1,1,1,"[""depot:bim-5712""]","[""bim""]",pinned-relative,0
2026-08-26,bread_cereals,vermicelli,Şehriye,id:03U5,id:03U5,Tarım Kredi Anadolu Arpa Şehriye 500 Gr,0.5,kg,17.0,34.0,34.0,1,1,1,"[""depot:tarim_kredi-7488""]","[""tarim_kredi""]",pinned-relative,0
2026-08-26,bread_cereals,vermicelli,Şehriye,id:0F4O,id:0F4O,Carrefour Arpa Şehriye 500 Gr,0.5,kg,16.9,33.8,33.8,1,1,1,"[""depot:carrefour-5254""]","[""carrefour""]",pinned-relative,0
2026-08-26,bread_cereals,vermicelli,Şehriye,id:0VH6,id:0VH6,Migros Arpa Şehriye 500 Gr,0.5,kg,17.95,35.9,35.9,1,1,1,"[""depot:migros-1991""]","[""migros""]",pinned-relative,0
2026-08-26,bread_cereals,vermicelli,Şehriye,id:0D47,id:0D47,Tarım Kredi Tel Şehriye 500 Gr,0.5,kg,19.5,39.0,39.0,1,1,1,"[""depot:tarim_kredi-7488""]","[""tarim_kredi""]",pinned-relative,0
2026-08-26,bread_cereals,vermicelli,Şehriye,id:0ZVZ,id:0ZVZ,Nuh'un Ankara Vitaminli Arpa Şehriye Makarna 500 Gr,0.5,kg,27.5,55.0,55.0,1,1,1,"[""depot:a101-6815""]","[""a101""]",pinned-relative,0
2026-08-26,bread_cereals,vermicelli,Şehriye,id:2A1X,id:2A1X,Nuh'un Ankara Arpa Şehriye Makarna 500 Gr,0.5,kg,33.5,67.0,67.0,1,1,1,"[""depot:hakmar-5521""]","[""hakmar""]",pinned-relative,0
2026-08-26,bread_cereals,oats,Yulaf ezmesi,id:1YXF,id:1YXF,Eti Lifalif Yulaf Ezmesi 500 Gr,0.5,kg,99.75,199.5,222.075441,6,6,6,"[""depot:a101-6815"",""depot:carrefour-5254"",""depot:hakmar-5521"",""depot:migros-1991"",""depot:sok-4707"",""depot:tarim_kredi-7488""]","[""a101"",""carrefour"",""hakmar"",""migros"",""sok"",""tarim_kredi""]",pinned-relative,0
2026-08-26,bread_cereals,oats,Yulaf ezmesi,id:1WBM,id:1WBM,Eti Lifalif İnce Öğütülmüş Yulaf Ezmesi 350 Gr,0.35,kg,99.5,284.285714,327.97368,3,4,3,"[""depot:migros-1991"",""depot:sok-4707"",""depot:tarim_kredi-7488""]","[""migros"",""sok"",""tarim_kredi""]",pinned-relative,0
2026-08-26,bread_cereals,oats,Yulaf ezmesi,id:0Z26,id:0Z26,Eti Lifalif İnce Öğütülmüş Yulaf Ezmesi 665 Gr,0.665,kg,102.475,154.097744,154.097744,2,2,2,"[""depot:bim-5712"",""depot:carrefour-5254""]","[""bim"",""carrefour""]",pinned-relative,0
2026-08-26,bread_cereals,oats,Yulaf ezmesi,id:20BN,id:20BN,City Farm Organik Yulaf Ezmesi 500 Gr,0.5,kg,123.25,246.5,246.5,2,2,2,"[""depot:carrefour-1012"",""depot:migros-1991""]","[""carrefour"",""migros""]",pinned-relative,0
2026-08-26,bread_cereals,oats,Yulaf ezmesi,id:210J,id:210J,Fellas Glutensiz Yulaf Ezmesi 300 Gr,0.3,kg,89.95,299.833333,299.833333,1,1,1,"[""depot:migros-1991""]","[""migros""]",pinned-relative,0
2026-08-26,bread_cereals,oats,Yulaf ezmesi,id:1B4W,id:1B4W,Mlife Yulaf Ezmesi 500 Gr,0.5,kg,47.5,95.0,95.0,1,1,1,"[""depot:migros-3296""]","[""migros""]",pinned-relative,0
2026-08-26,bread_cereals,oats,Yulaf ezmesi,id:0WPG,id:0WPG,Burch Yulaf Ezmesi 500 Gr,0.5,kg,48.0,96.0,96.0,1,1,1,"[""depot:a101-6815""]","[""a101""]",pinned-relative,0
2026-08-26,bread_cereals,oats,Yulaf ezmesi,id:19G0,id:19G0,Burch İnce Öğütülmüş Yulaf Ezmesi 350 Gr,0.35,kg,48.0,137.142857,137.142857,1,1,1,"[""depot:a101-6815""]","[""a101""]",pinned-relative,0
2026-08-26,bread_cereals,oats,Yulaf ezmesi,id:3WBQ,id:3WBQ,Yulaf Ezmesi 500 Gr/İnce Öğütülmüş 350 Gr,0.5,kg,39.0,78.0,78.0,1,1,1,"[""depot:bim-5712""]","[""bim""]",pinned-relative,0
2026-08-26,bread_cereals,oats,Yulaf ezmesi,id:0PQM,id:0PQM,Eti Lifalif İnce Öğütülmüş Yulaf Ezmesi 350 Gr,0.35,kg,100.0,285.714286,285.714286,1,1,1,"[""depot:a101-6815""]","[""a101""]",pinned-relative,0
2026-08-26,bread_cereals,oats,Yulaf ezmesi,id:2ATD,id:2ATD,Eti Lifalif Yulaf Ezmesi 350 Gr,0.35,kg,99.5,284.285714,284.285714,1,1,1,"[""depot:hakmar-5521""]","[""hakmar""]",pinned-relative,0
2026-08-26,bread_cereals,oats,Yulaf ezmesi,id:0620,id:0620,Sade Organik Yulaf Ezmesi 500 Gr,0.5,kg,112.5,225.0,225.0,1,1,1,"[""depot:carrefour-1012""]","[""carrefour""]",pinned-relative,0
2026-08-26,bread_cereals,oats,Yulaf ezmesi,id:1OUS,id:1OUS,Wefood Glutensiz Yulaf Ezmesi 300 Gr,0.3,kg,125.0,416.666667,416.666667,1,1,1,"[""depot:sok-4707""]","[""sok""]",pinned-relative,0
2026-08-26,bread_cereals,oats,Yulaf ezmesi,id:0XRZ,id:0XRZ,Nustil Yulaf Ezmesi 250 Gr,0.25,kg,128.0,512.0,512.0,1,1,1,"[""depot:carrefour-1012""]","[""carrefour""]",pinned-relative,0
2026-08-26,bread_cereals,oats,Yulaf ezmesi,id:1U3E,id:1U3E,Wefood Glutensiz İnce Öğütülmüş Yulaf Ezmesi 300 Gr,0.3,kg,130.5,435.0,435.0,1,1,1,"[""depot:migros-4479""]","[""migros""]",pinned-relative,0
2026-08-26,bread_cereals,semolina,İrmik,id:0MTF,id:0MTF,Filiz İrmik 500 Gr,0.5,kg,42.9,85.8,85.8,3,3,3,"[""depot:bim-5712"",""depot:carrefour-1012"",""depot:migros-1991""]","[""bim"",""carrefour"",""migros""]",pinned-relative,0
2026-08-26,bread_cereals,semolina,İrmik,id:1PJI,id:1PJI,Dr. Oetker İrmik Helvası 360 Gr,0.36,kg,68.5,190.277778,220.833333,2,3,2,"[""depot:bim-5712"",""depot:migros-1991""]","[""bim"",""migros""]",pinned-relative,0
2026-08-26,bread_cereals,semolina,İrmik,id:1JQ3,id:1JQ3,Nuh'un Ankara İrmik 500 Gr,0.5,kg,37.2,74.4,74.4,2,2,2,"[""depot:a101-4102"",""depot:carrefour-1012""]","[""a101"",""carrefour""]",pinned-relative,0
2026-08-26,bread_cereals,semolina,İrmik,id:0YQE,id:0YQE,Bendo İrmik 500 Gr,0.5,kg,16.5,33.0,33.0,1,1,1,"[""depot:a101-6815""]","[""a101""]",pinned-relative,0
2026-08-26,bread_cereals,semolina,İrmik,id:0765,id:0765,Yazgan İrmik 500 Gr,0.5,kg,19.5,39.0,39.0,1,1,1,"[""depot:bim-5712""]","[""bim""]",pinned-relative,0
2026-08-26,bread_cereals,semolina,İrmik,id:0UW3,id:0UW3,Piyale İrmik 500 Gr,0.5,kg,19.5,39.0,39.0,1,1,1,"[""depot:sok-4707""]","[""sok""]",pinned-relative,0
2026-08-26,bread_cereals,semolina,İrmik,id:08V1,id:08V1,Carrefour İrmik 500 Gr,0.5,kg,19.5,39.0,39.0,1,1,1,"[""depot:carrefour-5254""]","[""carrefour""]",pinned-relative,0
2026-08-26,bread_cereals,semolina,İrmik,id:1CJS,id:1CJS,Tat İrmik 500 Gr,0.5,kg,19.5,39.0,39.0,1,1,1,"[""depot:hakmar-5521""]","[""hakmar""]",pinned-relative,0
2026-08-26,bread_cereals,semolina,İrmik,id:09ST,id:09ST,Tarım Kredi İrmik 500 Gr,0.5,kg,19.5,39.0,39.0,1,1,1,"[""depot:tarim_kredi-7488""]","[""tarim_kredi""]",pinned-relative,0
2026-08-26,bread_cereals,semolina,İrmik,id:04OZ,id:04OZ,Migros İrmik 500 Gr,0.5,kg,20.5,41.0,41.0,1,1,1,"[""depot:migros-1991""]","[""migros""]",pinned-relative,0
2026-08-26,bread_cereals,semolina,İrmik,id:1SUC,id:1SUC,Mutlu İrmik 500 Gr,0.5,kg,34.9,69.8,69.8,1,1,1,"[""depot:carrefour-5036""]","[""carrefour""]",pinned-relative,0
2026-08-26,bread_cereals,semolina,İrmik,id:1YFK,id:1YFK,Sinangil İrmik 500 Gr,0.5,kg,47.9,95.8,95.8,1,1,1,"[""depot:carrefour-1012""]","[""carrefour""]",pinned-relative,0
2026-08-26,bread_cereals,semolina,İrmik,id:09R8,id:09R8,City Farm Organik İrmik 500 Gr,0.5,kg,51.99,103.98,103.98,1,1,1,"[""depot:carrefour-1012""]","[""carrefour""]",pinned-relative,0
2026-08-26,bread_cereals,semolina,İrmik,id:0WG9,id:0WG9,Hero Baby Sütlü İrmik Ballı 200 Gr,0.2,kg,152.95,764.75,764.75,1,1,1,"[""depot:carrefour-1012""]","[""carrefour""]",pinned-relative,0
2026-08-26,bread_cereals,semolina,İrmik,id:0GQ9,id:0GQ9,Granoro Semolina Rimacinata İrmik 1 Kg,1.0,kg,160.5,160.5,160.5,1,1,1,"[""depot:carrefour-1012""]","[""carrefour""]",pinned-relative,0
2026-08-26,meat,beef_mince,Dana kıyma,id:0FNW,id:0FNW,Donuk Dana Kıyma 400 Gr,0.4,kg,225.0,562.5,562.5,1,1,1,"[""depot:tarim_kredi-7488""]","[""tarim_kredi""]",pinned-relative,0
2026-08-26,meat,beef_mince,Dana kıyma,id:0MO4,id:0MO4,Uzman Kasap Dana Kıyma 400 Gr,0.4,kg,300.0,750.0,750.0,1,1,1,"[""depot:migros-1991""]","[""migros""]",pinned-relative,0
2026-08-26,meat,beef_mince,Dana kıyma,id:12Y7,id:12Y7,Dana Kıyma 400 Gr,0.4,kg,330.0,825.0,825.0,1,1,1,"[""depot:a101-6815""]","[""a101""]",pinned-relative,0
2026-08-26,meat,beef_mince,Dana kıyma,id:002E,id:002E,Emin %20 Yağlı Dana Kıyma 400 Gr,0.4,kg,330.0,825.0,825.0,1,1,1,"[""depot:bim-5712""]","[""bim""]",pinned-relative,0
2026-08-26,meat,beef_mince,Dana kıyma,id:0MQU,id:0MQU,Lezzetlim Dana Kıyma 400 Gr,0.4,kg,330.0,825.0,825.0,1,1,1,"[""depot:sok-4707""]","[""sok""]",pinned-relative,0
2026-08-26,meat,beef_mince,Dana kıyma,id:147T,id:147T,Dondurulmuş Dana Kıyma 1 Kg,1.0,kg,645.0,645.0,645.0,1,1,1,"[""depot:bim-5712""]","[""bim""]",pinned-relative,0
2026-08-26,meat,beef_mince,Dana kıyma,id:3WHS,id:3WHS,Et Ve Süt Kurumu Kıyma 1 Kg,1.0,kg,600.0,600.0,600.0,1,1,1,"[""depot:tarim_kredi-7488""]","[""tarim_kredi""]",pinned-relative,0
2026-08-26,meat,beef_cubes,Dana kuşbaşı / sote,id:0I1A,id:0I1A,Donuk Dana Kuşbaşı 400 Gr,0.4,kg,260.0,650.0,650.0,1,1,1,"[""depot:tarim_kredi-7488""]","[""tarim_kredi""]",pinned-relative,0
2026-08-26,meat,beef_cubes,Dana kuşbaşı / sote,id:01RG,id:01RG,Emin Dana Kuşbaşı Et 400 Gr,0.4,kg,350.0,875.0,875.0,1,1,1,"[""depot:bim-5712""]","[""bim""]",pinned-relative,0
2026-08-26,meat,beef_cubes,Dana kuşbaşı / sote,id:0Y5C,id:0Y5C,Uzman Kasap Dana Kuşbaşı 400 Gr,0.4,kg,340.0,850.0,850.0,1,1,1,"[""depot:migros-6679""]","[""migros""]",pinned-relative,0
2026-08-26,meat,beef_cubes,Dana kuşbaşı / sote,id:0ZWJ,id:0ZWJ,Dana Kuşbaşı 400 Gr,0.4,kg,350.0,875.0,875.0,1,1,1,"[""depot:a101-6815""]","[""a101""]",pinned-relative,0
2026-08-26,meat,beef_cubes,Dana kuşbaşı / sote,id:0395,id:0395,Emin Dana Sote 400 Gr,0.4,kg,360.0,900.0,900.0,1,1,1,"[""depot:bim-5712""]","[""bim""]",pinned-relative,0
2026-08-26,meat,beef_cubes,Dana kuşbaşı / sote,id:2ACU,id:2ACU,Haket Yemeklik Dana Kuşbaşı 1 Kg,1.0,kg,875.0,875.0,875.0,1,1,1,"[""depot:hakmar-5521""]","[""hakmar""]",pinned-relative,0
2026-08-26,meat,beef_cubes,Dana kuşbaşı / sote,id:024W,id:024W,Haket Dana Et Sote 1 Kg,1.0,kg,895.0,895.0,895.0,1,1,1,"[""depot:hakmar-5521""]","[""hakmar""]",pinned-relative,0
2026-08-26,meat,chicken_breast,Tavuk göğüs,id:1692,id:1692,Et ve Süt Kurumu Piliç Sırtsız Göğüs 1 Kg,1.0,kg,135.0,135.0,135.0,1,1,1,"[""depot:tarim_kredi-5022""]","[""tarim_kredi""]",pinned-relative,0
2026-08-26,meat,chicken_breast,Tavuk göğüs,id:07C8,id:07C8,Tazem Piliç Bütün Göğüs 1 Kg,1.0,kg,189.0,189.0,189.0,1,1,1,"[""depot:bim-5712""]","[""bim""]",pinned-relative,0
2026-08-26,meat,chicken_breast,Tavuk göğüs,id:16CM,id:16CM,Keskinoğlu Tavuk Parmak Bonfile Tabak 1 Kg,1.0,kg,259.0,259.0,259.0,1,1,1,"[""depot:a101-9324""]","[""a101""]",pinned-relative,0
2026-08-26,meat,chicken_breast,Tavuk göğüs,id:1FAL,id:1FAL,Keskinoğlu Piliç Göğüs Fileto 1 Kg,1.0,kg,299.0,299.0,299.0,1,1,1,"[""depot:sok-4707""]","[""sok""]",pinned-relative,0
2026-08-26,meat,chicken_breast,Tavuk göğüs,id:0BDT,id:0BDT,Şenpiliç Küçük Tabak Bonfile Tavuk 1 Kg,1.0,kg,289.0,289.0,289.0,1,1,1,"[""depot:hakmar-5521""]","[""hakmar""]",pinned-relative,0
2026-08-26,meat,chicken_thigh,Tavuk but / baget,id:04XI,id:04XI,Şenpiliç Lezita Kemiksiz Tavuk But 1 Kg,1.0,kg,125.0,125.0,125.0,1,1,1,"[""depot:hakmar-5521""]","[""hakmar""]",pinned-relative,0
2026-08-26,meat,chicken_thigh,Tavuk but / baget,id:1FZT,id:1FZT,Erpiliç Piliç Kalçalı But 1 Kg,1.0,kg,85.0,85.0,85.0,1,1,1,"[""depot:bim-5712""]","[""bim""]",pinned-relative,0
2026-08-26,meat,chicken_thigh,Tavuk but / baget,id:00UA,id:00UA,Tazem Piliç Kalçalı But 850 Gr,0.85,kg,129.0,151.764706,151.764706,1,1,1,"[""depot:bim-5712""]","[""bim""]",pinned-relative,0
2026-08-26,meat,chicken_thigh,Tavuk but / baget,id:162L,id:162L,İmren Piliç Tavuk Baget Tabak 1 Kg,1.0,kg,145.0,145.0,145.0,1,1,1,"[""depot:a101-9324""]","[""a101""]",pinned-relative,0
2026-08-26,meat,chicken_thigh,Tavuk but / baget,id:01HL,id:01HL,Taze Piliç But İncik 1 Kg,1.0,kg,249.0,249.0,249.0,1,1,1,"[""depot:bim-5712""]","[""bim""]",pinned-relative,0
2026-08-26,meat,chicken_thigh,Tavuk but / baget,id:0GOL,id:0GOL,Lezita Tabaklı Derisiz But Izgara 1 Kg,1.0,kg,219.9,219.9,219.9,1,1,1,"[""depot:carrefour-1012""]","[""carrefour""]",pinned-relative,0
2026-08-26,meat,chicken_thigh,Tavuk but / baget,id:0B4R,id:0B4R,Erpiliç Taze Tabak But Izgara 1 Kg,1.0,kg,359.0,359.0,359.0,1,1,1,"[""depot:tarim_kredi-5022""]","[""tarim_kredi""]",pinned-relative,0
2026-08-26,meat,chicken_thigh,Tavuk but / baget,id:0HRD,id:0HRD,Argentina Tavuk Baget 1 Kg,1.0,kg,499.9,499.9,499.9,1,1,1,"[""depot:carrefour-1012""]","[""carrefour""]",pinned-relative,0
2026-08-26,meat,whole_chicken,Bütün piliç,id:0LNH,id:0LNH,Banvit Poşetli Bütün Piliç 1 Kg,1.0,kg,102.425,102.425,101.751819,2,2,2,"[""depot:carrefour-1012"",""depot:migros-1991""]","[""carrefour"",""migros""]",pinned-relative,0
2026-08-26,meat,whole_chicken,Bütün piliç,id:145C,id:145C,Donuk Bütün Piliç 1 Kg,1.0,kg,59.9,59.9,59.9,1,1,1,"[""depot:bim-5712""]","[""bim""]",pinned-relative,0
2026-08-26,meat,whole_chicken,Bütün piliç,id:1FUK,id:1FUK,Erpiliç Donuk Bütün Piliç 1 Kg,1.0,kg,69.9,69.9,69.9,1,1,1,"[""depot:bim-5712""]","[""bim""]",pinned-relative,0
2026-08-26,meat,whole_chicken,Bütün piliç,id:112Q,id:112Q,Erpiliç Dondurulmuş Bütün Poşet Piliç 1 Kg,1.0,kg,119.5,119.5,119.5,1,1,1,"[""depot:a101-6815""]","[""a101""]",pinned-relative,0
2026-08-26,meat,whole_chicken,Bütün piliç,id:107O,id:107O,Banvit Dondurulmuş Bütün Piliç Poşet 1 Kg,1.0,kg,119.5,119.5,119.5,1,1,1,"[""depot:a101-9324""]","[""a101""]",pinned-relative,0
2026-08-26,meat,whole_chicken,Bütün piliç,id:10GD,id:10GD,Hastavuk Dondurulmuş Poşetli Bütün Piliç 1 Kg,1.0,kg,119.5,119.5,119.5,1,1,1,"[""depot:a101-9324""]","[""a101""]",pinned-relative,0
2026-08-26,meat,whole_chicken,Bütün piliç,id:056A,id:056A,Taze Bütün Poşet Piliç 1 Kg,1.0,kg,125.0,125.0,125.0,1,1,1,"[""depot:bim-5712""]","[""bim""]",pinned-relative,0
2026-08-26,meat,whole_chicken,Bütün piliç,id:1YZV,id:1YZV,Keskinoğlu Bütün Piliç 1 Kg,1.0,kg,125.0,125.0,125.0,1,1,1,"[""depot:sok-4707""]","[""sok""]",pinned-relative,0
2026-08-26,meat,whole_chicken,Bütün piliç,id:1839,id:1839,Gedik Bütün Piliç 1 Kg,1.0,kg,125.0,125.0,125.0,1,1,1,"[""depot:sok-1017""]","[""sok""]",pinned-relative,0
2026-08-26,meat,whole_chicken,Bütün piliç,id:07WJ,id:07WJ,Şenpiliç Lezita Bütün Tavuk 1 Kg,1.0,kg,125.0,125.0,125.0,1,1,1,"[""depot:hakmar-5521""]","[""hakmar""]",pinned-relative,0
2026-08-26,meat,turkey,Hindi eti,id:1NE6,id:1NE6,Bahar Hindi Pişmiş Fileto 240 Gr,0.24,kg,239.95,999.791667,999.6875,1,1,1,"[""depot:migros-1991""]","[""migros""]",pinned-relative,0
2026-08-26,meat,turkey,Hindi eti,id:0SFR,id:0SFR,Bolca Bütün Fileto Hindi Göğüs 750 Gr,0.75,kg,369.95,493.266667,493.266667,1,1,1,"[""depot:migros-1991""]","[""migros""]",pinned-relative,0
2026-08-26,meat,turkey,Hindi eti,id:0DI9,id:0DI9,Bolca Hindi Bütün Göğüs Fileto 1 Kg,1.0,kg,497.9,497.9,497.9,1,1,1,"[""depot:carrefour-1012""]","[""carrefour""]",pinned-relative,0
2026-08-26,meat,sucuk,Sucuk,id:1Z9I,id:1Z9I,Pınar Mangal Keyfi Sucuk 300 Gr,0.3,kg,199.45,664.833333,664.014154,2,2,2,"[""depot:carrefour-1012"",""depot:migros-4479""]","[""carrefour"",""migros""]",pinned-relative,0
2026-08-26,meat,sucuk,Sucuk,id:1ZQE,id:1ZQE,Polonez Kangal Sucuk 240 Gr,0.24,kg,585.0,2437.5,2156.041667,1,2,1,"[""depot:migros-1991""]","[""migros""]",pinned-relative,0
2026-08-26,meat,sucuk,Sucuk,id:20DZ,id:20DZ,Namet Kangal Sucuk 240 Gr,0.24,kg,519.0,2162.5,2162.5,2,2,2,"[""depot:carrefour-1012"",""depot:migros-1991""]","[""carrefour"",""migros""]",pinned-relative,0
2026-08-26,meat,sucuk,Sucuk,id:13QS,id:13QS,Erpiliç Piliç Baton Sucuk 300 Gr,0.3,kg,89.0,296.666667,296.666667,1,1,1,"[""depot:sok-7238""]","[""sok""]",pinned-relative,0
2026-08-26,meat,sucuk,Sucuk,id:17YM,id:17YM,Tarım Kredi Dana Gurme Sucuk 110 Gr,0.11,kg,109.9,999.090909,999.090909,1,1,1,"[""depot:tarim_kredi-5022""]","[""tarim_kredi""]",pinned-relative,0
2026-08-26,meat,sucuk,Sucuk,id:0ZQG,id:0ZQG,Lezita Piliç Büfe Sucuk 450 Gr,0.45,kg,133.5,296.666667,296.666667,1,1,1,"[""depot:a101-6815""]","[""a101""]",pinned-relative,0
2026-08-26,meat,sucuk,Sucuk,id:2AEI,id:2AEI,Beşler Hünkar Piliç Sucuk 400 Gr,0.4,kg,135.0,337.5,337.5,1,1,1,"[""depot:hakmar-5521""]","[""hakmar""]",pinned-relative,0
2026-08-26,meat,sucuk,Sucuk,id:0OGT,id:0OGT,Pınar Hindi Doyum Sucuk 225 Gr,0.225,kg,165.0,733.333333,733.333333,1,1,1,"[""depot:migros-1991""]","[""migros""]",pinned-relative,0
2026-08-26,meat,sucuk,Sucuk,id:0YVS,id:0YVS,Sultan Dilimli Dana Sucuk 250 Gr,0.25,kg,209.0,836.0,836.0,1,1,1,"[""depot:sok-7238""]","[""sok""]",pinned-relative,0
2026-08-26,meat,sucuk,Sucuk,id:0CWM,id:0CWM,Erşan Vakumlu Kangal Sucuk 200 Gr,0.2,kg,275.0,1375.0,1375.0,1,1,1,"[""depot:carrefour-5254""]","[""carrefour""]",pinned-relative,0
2026-08-26,meat,sucuk,Sucuk,id:10XY,id:10XY,Namet Dana Mangal Sucuk 350 Gr,0.35,kg,335.0,957.142857,957.142857,1,1,1,"[""depot:a101-6815""]","[""a101""]",pinned-relative,0
2026-08-26,meat,sucuk,Sucuk,id:3WZT,id:3WZT,Namet Dana Evlik Sucuk 300 Gr,0.3,kg,299.0,996.666667,996.666667,1,1,1,"[""depot:sok-4711""]","[""sok""]",pinned-relative,0
2026-08-26,meat,sucuk,Sucuk,id:0N0H,id:0N0H,Çatal Sucuk İlikli Dana Kangal Sucuk 450 Gr,0.45,kg,379.0,842.222222,842.222222,1,1,1,"[""depot:bim-5712""]","[""bim""]",pinned-relative,0
2026-08-26,meat,sucuk,Sucuk,id:1M20,id:1M20,Dana Fermente Mangal Sucuk 400 Gr,0.4,kg,379.0,947.5,947.5,1,1,1,"[""depot:bim-5712""]","[""bim""]",pinned-relative,0
2026-08-26,meat,sucuk,Sucuk,id:1SJT,id:1SJT,Torku Vakumlu Sucuk 225 Gr,0.225,kg,425.0,1888.888889,1888.888889,1,1,1,"[""depot:migros-1991""]","[""migros""]",pinned-relative,0
2026-08-26,meat,sucuk,Sucuk,id:1BL1,id:1BL1,Başyazıcı Kangal Sucuk 200 Gr,0.2,kg,472.9,2364.5,2364.5,1,1,1,"[""depot:carrefour-1012""]","[""carrefour""]",pinned-relative,0
2026-08-26,meat,sucuk,Sucuk,id:01T5,id:01T5,Coşkun Çatal Sucuk 1 Kg,1.0,kg,1479.9,1479.9,1479.9,1,1,1,"[""depot:carrefour-1012""]","[""carrefour""]",pinned-relative,0
2026-08-26,meat,sucuk,Sucuk,id:0A8S,id:0A8S,Namet Kangal Sucuk Acılı 1 Kg,1.0,kg,1879.9,1879.9,1879.9,1,1,1,"[""depot:carrefour-1012""]","[""carrefour""]",pinned-relative,0
2026-08-26,meat,sucuk,Sucuk,id:03FY,id:03FY,Namet Parmak Sucuk 1 Kg,1.0,kg,1879.9,1879.9,1879.9,1,1,1,"[""depot:carrefour-1012""]","[""carrefour""]",pinned-relative,0
2026-08-26,meat,sucuk,Sucuk,id:0FUM,id:0FUM,Namet Baton Sucuk 1 Kg,1.0,kg,2079.9,2079.9,2079.9,1,1,1,"[""depot:carrefour-1012""]","[""carrefour""]",pinned-relative,0
2026-08-26,meat,sucuk,Sucuk,id:02JE,id:02JE,Polonez Dana Fermente Kangal Sucuk 1 Kg,1.0,kg,1599.9,1599.9,1599.9,1,1,1,"[""depot:carrefour-1012""]","[""carrefour""]",pinned-relative,0
2026-08-26,meat,salami,Salam,id:1OV5,id:1OV5,Banvit Piliç Büfe Salam 850 Gr,0.85,kg,106.75,125.588235,134.117647,2,4,2,"[""depot:hakmar-5521"",""depot:tarim_kredi-7488""]","[""hakmar"",""tarim_kredi""]",pinned-relative,0
2026-08-26,meat,salami,Salam,id:1RPF,id:1RPF,Polonez Dana Macar Salam 50 Gr,0.05,kg,99.9,1998.0,1998.0,2,2,2,"[""depot:carrefour-1012"",""depot:migros-4479""]","[""carrefour"",""migros""]",pinned-relative,0
2026-08-26,meat,salami,Salam,id:1SOX,id:1SOX,Polonez Fıstıklı Salam 90 Gr,0.09,kg,174.2,1935.555556,1924.895609,2,2,2,"[""depot:carrefour-1012"",""depot:migros-1991""]","[""carrefour"",""migros""]",pinned-relative,0
2026-08-26,meat,salami,Salam,id:147C,id:147C,Açık Büfe Hindi Salam 50 Gr,0.05,kg,14.5,290.0,290.0,1,1,1,"[""depot:bim-5712""]","[""bim""]",pinned-relative,0
2026-08-26,meat,salami,Salam,id:0R2O,id:0R2O,Aytaç Şipşak Piliç Salam Dilimli 60 Gr,0.06,kg,22.0,366.666667,366.666667,1,1,1,"[""depot:sok-4707""]","[""sok""]",pinned-relative,0
2026-08-26,meat,salami,Salam,id:1LSD,id:1LSD,Lezita Piliç Dilimli Salam 60 Gr,0.06,kg,24.0,400.0,400.0,1,1,1,"[""depot:a101-9324""]","[""a101""]",pinned-relative,0
2026-08-26,meat,salami,Salam,id:1JZX,id:1JZX,Polonez Mini Lezzet Hindi Fıstıklı Salam 50 Gr,0.05,kg,27.5,550.0,550.0,1,1,1,"[""depot:sok-4707""]","[""sok""]",pinned-relative,0
2026-08-26,meat,salami,Salam,id:1PSA,id:1PSA,Aytaç Şipşak Hindi Salam Fıstıklı 50 Gr,0.05,kg,27.5,550.0,550.0,1,1,1,"[""depot:sok-1017""]","[""sok""]",pinned-relative,0
2026-08-26,meat,salami,Salam,id:2AYW,id:2AYW,Namet Piliç Füme Etli Dilimli Salam 60 Gr,0.06,kg,27.5,458.333333,458.333333,1,1,1,"[""depot:hakmar-5521""]","[""hakmar""]",pinned-relative,0
2026-08-26,meat,salami,Salam,id:1OLZ,id:1OLZ,Polonez Piliç Füme Salam 60 Gr,0.06,kg,35.0,583.333333,583.333333,1,1,1,"[""depot:sok-4707""]","[""sok""]",pinned-relative,0
2026-08-26,meat,salami,Salam,id:2AKD,id:2AKD,Danet Dilimli Hindi Füme Salam 60 Gr,0.06,kg,32.5,541.666667,541.666667,1,1,1,"[""depot:hakmar-5521""]","[""hakmar""]",pinned-relative,0
2026-08-26,meat,salami,Salam,id:1OAI,id:1OAI,Aytaç Macar Salam 60 Gr,0.06,kg,42.5,708.333333,708.333333,1,1,1,"[""depot:sok-4707""]","[""sok""]",pinned-relative,0
2026-08-26,meat,salami,Salam,id:0K4A,id:0K4A,Banvit Piliç Salam 250 Gr,0.25,kg,45.0,180.0,180.0,1,1,1,"[""depot:hakmar-5521""]","[""hakmar""]",pinned-relative,0
2026-08-26,meat,salami,Salam,id:1210,id:1210,Namet Hindi Füme Salam 110 Gr,0.11,kg,59.5,540.909091,540.909091,1,1,1,"[""depot:a101-6815""]","[""a101""]",pinned-relative,0
2026-08-26,meat,salami,Salam,id:07G3,id:07G3,Piliç Salam 1 Kg,1.0,kg,119.0,119.0,119.0,1,1,1,"[""depot:bim-5712""]","[""bim""]",pinned-relative,0
2026-08-26,meat,salami,Salam,id:13JB,id:13JB,Dana Macar Salam 150 Gr,0.15,kg,89.0,593.333333,593.333333,1,1,1,"[""depot:bim-5712""]","[""bim""]",pinned-relative,0
2026-08-26,meat,salami,Salam,id:0M1J,id:0M1J,Torku Dilimli Fıstıklı Salam 50 Gr,0.05,kg,89.95,1799.0,1799.0,1,1,1,"[""depot:migros-1991""]","[""migros""]",pinned-relative,0
2026-08-26,meat,salami,Salam,id:1MKI,id:1MKI,Maret Hindi Salam 500 Gr,0.5,kg,109.0,218.0,218.0,1,1,1,"[""depot:sok-4707""]","[""sok""]",pinned-relative,0
2026-08-26,meat,salami,Salam,id:1GMX,id:1GMX,Hindi Baton Salam 500 Gr,0.5,kg,109.0,218.0,218.0,1,1,1,"[""depot:bim-5712""]","[""bim""]",pinned-relative,0
2026-08-26,meat,salami,Salam,id:0A8L,id:0A8L,Tarım Kredi Dana Macar Salam 250 Gr,0.25,kg,109.0,436.0,436.0,1,1,1,"[""depot:tarim_kredi-7488""]","[""tarim_kredi""]",pinned-relative,0
2026-08-26,meat,salami,Salam,id:0JGL,id:0JGL,Pınar Doyum Salam 700 Gr,0.7,kg,221.9,317.0,317.0,1,1,1,"[""depot:carrefour-1012""]","[""carrefour""]",pinned-relative,0
2026-08-26,meat,salami,Salam,id:0C57,id:0C57,Polonez Füme Etli Hindi Salam 1 Kg,1.0,kg,949.9,949.9,949.9,1,1,1,"[""depot:carrefour-1012""]","[""carrefour""]",pinned-relative,0
2026-08-26,meat,salami,Salam,id:0683,id:0683,Namet Macar Salam 1 Kg,1.0,kg,1659.9,1659.9,1659.9,1,1,1,"[""depot:carrefour-1012""]","[""carrefour""]",pinned-relative,0
2026-08-26,meat,sausage,Sosis,id:1DN2,id:1DN2,Banvit Kokteyl Piliç Sosis 500 Gr,0.5,kg,95.0,190.0,168.495844,3,3,3,"[""depot:carrefour-5254"",""depot:hakmar-5770"",""depot:tarim_kredi-7488""]","[""carrefour"",""hakmar"",""tarim_kredi""]",pinned-relative,0
2026-08-26,meat,sausage,Sosis,id:20BC,id:20BC,Pınar Hindi Uzun Sosis 430 Gr,0.43,kg,189.9,441.627907,442.098726,1,2,1,"[""depot:carrefour-1012""]","[""carrefour""]",pinned-relative,0
2026-08-26,meat,sausage,Sosis,id:1MUU,id:1MUU,Maret Hindi Sosis 130 Gr,0.13,kg,39.0,300.0,300.0,1,1,1,"[""depot:sok-4707""]","[""sok""]",pinned-relative,0
2026-08-26,meat,sausage,Sosis,id:1DG3,id:1DG3,Hindi Sosis 130 Gr,0.13,kg,39.0,300.0,300.0,1,1,1,"[""depot:bim-5712""]","[""bim""]",pinned-relative,0
2026-08-26,meat,sausage,Sosis,id:1DEC,id:1DEC,Piliç Sosis 250 Gr,0.25,kg,65.0,260.0,260.0,1,1,1,"[""depot:bim-5712""]","[""bim""]",pinned-relative,0
2026-08-26,meat,sausage,Sosis,id:2AFB,id:2AFB,Beşler Piliç Sosis 280 Gr,0.28,kg,79.0,282.142857,282.142857,1,1,1,"[""depot:hakmar-5521""]","[""hakmar""]",pinned-relative,0
2026-08-26,meat,sausage,Sosis,id:1DCT,id:1DCT,Pınar Hindi Sosis 430 Gr,0.43,kg,95.0,220.930233,220.930233,1,1,1,"[""depot:bim-5712""]","[""bim""]",pinned-relative,0
2026-08-26,meat,sausage,Sosis,id:1ZIV,id:1ZIV,Beşler Piliç Kokteyl Sosis 220 Gr,0.22,kg,95.9,435.909091,435.909091,1,1,1,"[""depot:carrefour-1012""]","[""carrefour""]",pinned-relative,0
2026-08-26,meat,sausage,Sosis,id:1DD8,id:1DD8,Aytaç Piliç Jülyen Sosis 500 Gr,0.5,kg,99.0,198.0,198.0,1,1,1,"[""depot:bim-5712""]","[""bim""]",pinned-relative,0
2026-08-26,meat,sausage,Sosis,id:1DED,id:1DED,Banvit Jumbo Piliç Sosis 330 Gr,0.33,kg,103.5,313.636364,313.636364,1,1,1,"[""depot:a101-6815""]","[""a101""]",pinned-relative,0
2026-08-26,meat,sausage,Sosis,id:1D13,id:1D13,Doyfarm Piliç Sosis 1 Kg,1.0,kg,129.5,129.5,129.5,1,1,1,"[""depot:hakmar-5521""]","[""hakmar""]",pinned-relative,0
2026-08-26,meat,sausage,Sosis,id:1N8K,id:1N8K,Aytaç Sosis 190 Gr,0.19,kg,135.0,710.526316,710.526316,1,1,1,"[""depot:sok-4707""]","[""sok""]",pinned-relative,0
2026-08-26,meat,sausage,Sosis,id:1Y25,id:1Y25,Sultan Dana Kokteyl Sosis 250 Gr,0.25,kg,154.0,616.0,616.0,1,1,1,"[""depot:sok-7238""]","[""sok""]",pinned-relative,0
2026-08-26,meat,sausage,Sosis,id:1D2S,id:1D2S,Beşler Piliç Kokteyl Sosis 400 Gr,0.4,kg,164.9,412.25,412.25,1,1,1,"[""depot:carrefour-5036""]","[""carrefour""]",pinned-relative,0
2026-08-26,meat,sausage,Sosis,id:1ZGL,id:1ZGL,Banvit Piliç Kokteyl Sosis 1 Kg,1.0,kg,180.95,180.95,180.95,1,1,1,"[""depot:migros-1991""]","[""migros""]",pinned-relative,0
2026-08-26,meat,sausage,Sosis,id:1D6A,id:1D6A,Pınar Uzun Sosis 225 Gr,0.225,kg,330.0,1466.666667,1466.666667,1,1,1,"[""depot:migros-564""]","[""migros""]",pinned-relative,0
2026-08-26,meat,sausage,Sosis,id:1DG2,id:1DG2,Polonez Dana Kokteyl Sosis 200 Gr,0.2,kg,289.0,1445.0,1445.0,1,1,1,"[""depot:migros-1991""]","[""migros""]",pinned-relative,0
2026-08-26,meat,sausage,Sosis,id:1Z6D,id:1Z6D,Maret 5'li Sosis 240 Gr,0.24,kg,363.0,1512.5,1525.425539,1,2,1,"[""depot:carrefour-1012""]","[""carrefour""]",pinned-relative,0
2026-08-26,meat,sausage,Sosis,id:1DHO,id:1DHO,Pınar Sosis 430 Gr,0.43,kg,594.9,1383.488372,1383.488372,1,1,1,"[""depot:carrefour-1012""]","[""carrefour""]",pinned-relative,0
2026-08-26,meat,sausage,Sosis,id:1QT6,id:1QT6,Pınar Ekonomik 10'lu Sosis 430 Gr,0.43,kg,599.0,1393.023256,1393.023256,1,1,1,"[""depot:migros-1991""]","[""migros""]",pinned-relative,0
2026-08-26,meat,sausage,Sosis,id:1D1X,id:1D1X,Polonez Hindi Kokteyl Sosis 1 Kg,1.0,kg,779.9,779.9,779.9,1,1,1,"[""depot:carrefour-1012""]","[""carrefour""]",pinned-relative,0
2026-08-26,meat,meatballs,Köfte,id:16VO,id:16VO,Bonfilet Dondurulmuş Dana Sulu Köfte 400 Gr,0.4,kg,99.0,247.5,247.5,1,1,1,"[""depot:a101-9324""]","[""a101""]",pinned-relative,0
2026-08-26,meat,meatballs,Köfte,id:1GXU,id:1GXU,Lezita Dondurulmuş Piliç Izgara Köfte 1 Kg,1.0,kg,99.5,99.5,99.5,1,1,1,"[""depot:a101-9324""]","[""a101""]",pinned-relative,0
2026-08-26,meat,meatballs,Köfte,id:1J2Q,id:1J2Q,Dondurulmuş Piliç Kasap Köfte 1 Kg,1.0,kg,209.0,209.0,209.0,1,1,1,"[""depot:bim-5712""]","[""bim""]",pinned-relative,0
2026-08-26,meat,meatballs,Köfte,id:0896,id:0896,Lezita Dondurulmuş Piliç Kasap Köfte 700 Gr,0.7,kg,159.75,228.214286,228.214286,1,1,1,"[""depot:hakmar-5521""]","[""hakmar""]",pinned-relative,0
2026-08-26,meat,meatballs,Köfte,id:0YXW,id:0YXW,Kombinet Dondurulmuş Dana Hamburger Köfte 225 Gr,0.225,kg,175.0,777.777778,777.777778,1,1,1,"[""depot:a101-6815""]","[""a101""]",pinned-relative,0
2026-08-26,meat,meatballs,Köfte,id:05L8,id:05L8,Emin Dondurulmuş Hamburger Köftesi 225 Gr,0.225,kg,175.0,777.777778,777.777778,1,1,1,"[""depot:bim-5712""]","[""bim""]",pinned-relative,0
2026-08-26,meat,meatballs,Köfte,id:0K3L,id:0K3L,Keskinoğlu Dondurulmuş Piliç Kasap Köfte 1 Kg,1.0,kg,209.0,209.0,209.0,1,1,1,"[""depot:a101-6815""]","[""a101""]",pinned-relative,0
2026-08-26,meat,meatballs,Köfte,id:0X7U,id:0X7U,Torku Dondurulmuş Dana Kuzu Cızbız Köfte 390 Gr,0.39,kg,239.0,612.820513,612.820513,1,1,1,"[""depot:a101-9324""]","[""a101""]",pinned-relative,0
2026-08-26,meat,meatballs,Köfte,id:1OAH,id:1OAH,Dondurulmuş Dana Köfte 500 Gr,0.5,kg,399.0,798.0,798.0,1,1,1,"[""depot:bim-5712""]","[""bim""]",pinned-relative,0
2026-08-26,meat,meatballs,Köfte,id:03FV,id:03FV,Emin Dondurulmuş Kaşarlı Kasap Köfte 500 Gr,0.5,kg,349.0,698.0,698.0,1,1,1,"[""depot:bim-5712""]","[""bim""]",pinned-relative,0
2026-08-26,meat,meatballs,Köfte,id:3X04,id:3X04,Aytaç Dondurulmuş Maydanozlu Dana Köfte 500 Gr,0.5,kg,399.0,798.0,798.0,1,1,1,"[""depot:sok-4707""]","[""sok""]",pinned-relative,0
2026-08-26,meat,meatballs,Köfte,id:1165,id:1165,Ramiz Dondurulmuş Dana Köfte 500 Gr,0.5,kg,399.0,798.0,798.0,1,1,1,"[""depot:a101-6815""]","[""a101""]",pinned-relative,0
2026-08-26,meat,meatballs,Köfte,id:0O22,id:0O22,Uzman Kasap Dondurulmuş Mangal Köfte 500 Gr,0.5,kg,469.95,939.9,939.9,1,1,1,"[""depot:migros-4479""]","[""migros""]",pinned-relative,0
2026-08-26,fish,tuna,Ton balığı,id:1TJE,id:1TJE,Dardanel Zeytinyağlı Ton Balığı 225 Gr,0.225,kg,439.925,1955.222222,1997.901035,2,2,2,"[""depot:carrefour-5254"",""depot:migros-1991""]","[""carrefour"",""migros""]",pinned-relative,0
2026-08-26,fish,tuna,Ton balığı,id:211W,id:211W,Superfresh Zeytinyağlı Ton Balığı 2x140 Gr,0.28,kg,429.9,1535.357143,1890.0,1,2,1,"[""depot:carrefour-1012""]","[""carrefour""]",pinned-relative,0
2026-08-26,fish,tuna,Ton balığı,id:1ZG5,id:1ZG5,Dardanel Ayçiçekyağlı Ton Balığı 2x140 Gr,0.28,kg,376.19,1343.535714,1343.515625,2,2,2,"[""depot:carrefour-1012"",""depot:migros-1991""]","[""carrefour"",""migros""]",pinned-relative,0
2026-08-26,fish,tuna,Ton balığı,id:1ZRQ,id:1ZRQ,Dardanel Zeytinyağlı Ton Balığı 2x140 Gr,0.28,kg,472.95,1689.107143,1963.370981,1,2,1,"[""depot:migros-1991""]","[""migros""]",pinned-relative,0
2026-08-26,fish,tuna,Ton balığı,id:0ASX,id:0ASX,Carrefour Ton Balığı 160 Gr,0.16,kg,69.9,436.875,436.875,1,1,1,"[""depot:carrefour-5254""]","[""carrefour""]",pinned-relative,0
2026-08-26,fish,tuna,Ton balığı,id:05WT,id:05WT,Derya Ton Balığı 320 Gr,0.32,kg,99.0,309.375,309.375,1,1,1,"[""depot:bim-5712""]","[""bim""]",pinned-relative,0
2026-08-26,fish,tuna,Ton balığı,id:0CHX,id:0CHX,Carrefour Ton Balığı Konservesi 3x80 Gr,0.24,kg,105.0,437.5,437.5,1,1,1,"[""depot:carrefour-5254""]","[""carrefour""]",pinned-relative,0
2026-08-26,fish,tuna,Ton balığı,id:0ZDE,id:0ZDE,Bizim Vatan Ton Balığı 2x160 Gr,0.32,kg,121.0,378.125,378.125,1,1,1,"[""depot:sok-4707""]","[""sok""]",pinned-relative,0
2026-08-26,fish,tuna,Ton balığı,id:0ATY,id:0ATY,Sasu Acılı Ton Balığı 2x160 Gr,0.32,kg,121.0,378.125,378.125,1,1,1,"[""depot:hakmar-5521""]","[""hakmar""]",pinned-relative,0
2026-08-26,fish,tuna,Ton balığı,id:0CNK,id:0CNK,Tarım Kredi Ton Balığı 2x160 Gr,0.32,kg,121.0,378.125,378.125,1,1,1,"[""depot:tarim_kredi-7488""]","[""tarim_kredi""]",pinned-relative,0
2026-08-26,fish,tuna,Ton balığı,id:20PP,id:20PP,Dardanel Zeytinyağlı Ton Balığı Poşet 80 Gr,0.08,kg,188.95,2361.875,2361.875,1,2,1,"[""depot:migros-1991""]","[""migros""]",pinned-relative,0
2026-08-26,fish,tuna,Ton balığı,id:04KZ,id:04KZ,Superfresh Klasik Ton Balığı 4x75 Gr,0.3,kg,199.0,663.333333,663.333333,1,1,1,"[""depot:hakmar-5521""]","[""hakmar""]",pinned-relative,0
2026-08-26,fish,tuna,Ton balığı,id:0V52,id:0V52,Dardanel Konserve Ton Balığı 3x75 Gr,0.22499999999999998,kg,239.0,1062.222222,1062.222222,1,1,1,"[""depot:a101-6815""]","[""a101""]",pinned-relative,0
2026-08-26,fish,tuna,Ton balığı,id:0S63,id:0S63,Fide Acılı Ton Balığı 320 Gr,0.32,kg,301.95,943.59375,943.59375,1,1,1,"[""depot:migros-564""]","[""migros""]",pinned-relative,0
2026-08-26,fish,tuna,Ton balığı,id:1PWA,id:1PWA,Fide Zeytinyağlı Ton Balığı 3x80 Gr,0.24,kg,349.95,1458.125,1458.125,1,1,1,"[""depot:migros-1991""]","[""migros""]",pinned-relative,0
2026-08-26,fish,tuna,Ton balığı,id:17YO,id:17YO,Dardanel Ekonomik Ton Balığı 3x140 G,0.42000000000000004,kg,189.0,450.0,450.0,1,1,1,"[""depot:tarim_kredi-5022""]","[""tarim_kredi""]",pinned-relative,0
2026-08-26,fish,tuna,Ton balığı,id:0OSC,id:0OSC,Fide Klasik Ton Balığı 2x160 Gr,0.32,kg,334.95,1046.71875,1046.71875,1,1,1,"[""depot:migros-1991""]","[""migros""]",pinned-relative,0
2026-08-26,fish,tuna,Ton balığı,id:1IZ1,id:1IZ1,Superfresh Ayçiçek Yağlı Ton Balığı 3x140 Gr,0.42000000000000004,kg,199.0,473.809524,473.809524,1,1,1,"[""depot:tarim_kredi-7488""]","[""tarim_kredi""]",pinned-relative,0
2026-08-26,fish,tuna,Ton balığı,id:0WGU,id:0WGU,Fide Zeytinyağlı Ton Balığı 2x160 Gr,0.32,kg,369.95,1156.09375,1156.09375,1,1,1,"[""depot:migros-1991""]","[""migros""]",pinned-relative,0
2026-08-26,fish,tuna,Ton balığı,id:1T7L,id:1T7L,Superfresh Klasik Ton Balığı 3x75 Gr,0.22499999999999998,kg,249.9,1110.666667,1110.666667,1,1,1,"[""depot:carrefour-5254""]","[""carrefour""]",pinned-relative,0
2026-08-26,fish,tuna,Ton balığı,id:1KDC,id:1KDC,Superfresh Light Ton Balığı 3x75 Gr,0.22499999999999998,kg,287.21,1276.488889,1276.488889,1,1,1,"[""depot:migros-1991""]","[""migros""]",pinned-relative,0
2026-08-26,fish,tuna,Ton balığı,id:1JE6,id:1JE6,Superfresh Ayçiçek Yağlı Ton Balığı 3x75 Gr,0.22499999999999998,kg,287.21,1276.488889,1276.488889,1,1,1,"[""depot:migros-1991""]","[""migros""]",pinned-relative,0
2026-08-26,fish,sardine,Konserve sardalya,id:0LBN,id:0LBN,Tada Sardalya Konservesi 125 Gr,0.125,kg,141.95,1135.6,1135.6,1,1,1,"[""depot:migros-564""]","[""migros""]",pinned-relative,0
2026-08-26,fish,smoked_salmon,Somon füme,id:1RGY,id:1RGY,Dardanel Somon Füme 40 Gr,0.04,kg,159.0,3975.0,3975.0,1,1,1,"[""depot:carrefour-1012""]","[""carrefour""]",pinned-relative,0
2026-08-26,fish,smoked_salmon,Somon füme,id:0XYE,id:03AK,Leroy Somon Füme 100 Gr,0.1,kg,324.0,3240.0,3409.0,1,1,1,"[""depot:carrefour-5036""]","[""carrefour""]",pinned-relative,1
2026-08-26,fish,frozen_fish,Dondurulmuş balık,id:1NG9,id:1NG9,Balık Dünyası Uskumru Fileto 500 Gr,0.5,kg,179.0,358.0,358.0,2,2,2,"[""depot:carrefour-1012"",""depot:sok-7238""]","[""carrefour"",""sok""]",pinned-relative,0
2026-08-26,fish,frozen_fish,Dondurulmuş balık,id:11PX,id:11PX,Balıkdünyası Dondurulmuş Sardalya 500 Gr,0.5,kg,79.5,159.0,159.0,1,1,1,"[""depot:a101-4102""]","[""a101""]",pinned-relative,0
2026-08-26,fish,frozen_fish,Dondurulmuş balık,id:042I,id:042I,Kuzey Balık Dondurulmuş Temizlenmiş Alabalık 320 Gr,0.32,kg,139.0,434.375,434.375,1,1,1,"[""depot:tarim_kredi-7488""]","[""tarim_kredi""]",pinned-relative,0
2026-08-26,fish,frozen_fish,Dondurulmuş balık,id:1PS7,id:1PS7,Balık Dünyası Türk Somonu 440 Gr,0.44,kg,165.0,375.0,375.0,1,1,1,"[""depot:sok-1017""]","[""sok""]",pinned-relative,0
2026-08-26,fish,frozen_fish,Dondurulmuş balık,id:1IL7,id:1IL7,Balık Dünyası Temizlenmiş Sardalya 500 Gr,0.5,kg,149.0,298.0,298.0,1,1,1,"[""depot:carrefour-1012""]","[""carrefour""]",pinned-relative,0
2026-08-26,fish,frozen_fish,Dondurulmuş balık,id:1BB5,id:1BB5,Balıkdünyası Dondurulmuş Somon %10 Glaze 440 Gr,0.44,kg,165.0,375.0,375.0,1,1,1,"[""depot:a101-6815""]","[""a101""]",pinned-relative,0
2026-08-26,fish,frozen_fish,Dondurulmuş balık,id:1LWQ,id:1LWQ,Balık Dünyası Dondurulmuş Hamsi 500 Gr,0.5,kg,199.0,398.0,398.0,1,1,1,"[""depot:carrefour-1012""]","[""carrefour""]",pinned-relative,0
2026-08-26,fish,frozen_fish,Dondurulmuş balık,id:10XZ,id:10XZ,Balıkdünyası Dondurulmuş Temizlenmiş Çipura 550 Gr,0.55,kg,219.0,398.181818,398.181818,1,1,1,"[""depot:a101-4141""]","[""a101""]",pinned-relative,0
2026-08-26,fish,frozen_fish,Dondurulmuş balık,id:05XO,id:05XO,Kuzey Balık Dondurulmuş Alabalık Fileto 500 Gr,0.5,kg,285.0,570.0,570.0,1,1,1,"[""depot:tarim_kredi-7488""]","[""tarim_kredi""]",pinned-relative,0
2026-08-26,dairy_eggs,milk,İçme sütü,id:1CFQ,id:1CFQ,Sek Laktozsuz Süt 1 Lt,1.0,l,57.225,57.225,57.225,2,2,2,"[""depot:a101-4141"",""depot:carrefour-1012""]","[""a101"",""carrefour""]",pinned-relative,0
2026-08-26,dairy_eggs,milk,İçme sütü,id:1T9S,id:1T9S,İçim Süt 1 Lt,1.0,l,64.225,64.225,64.225,2,2,2,"[""depot:carrefour-5254"",""depot:migros-1991""]","[""carrefour"",""migros""]",pinned-relative,0
2026-08-26,dairy_eggs,milk,İçme sütü,id:1PDC,id:1PDC,İçim Çilekli Pastörize Süt 1 Lt,1.0,l,96.425,96.425,96.425,2,2,2,"[""depot:carrefour-1012"",""depot:migros-564""]","[""carrefour"",""migros""]",pinned-relative,0
2026-08-26,dairy_eggs,milk,İçme sütü,id:1FJ0,id:1FJ0,Aytaç %0.5 Yağlı Süt 1 Lt,1.0,l,35.0,35.0,35.0,1,1,1,"[""depot:bim-5712""]","[""bim""]",pinned-relative,0
2026-08-26,dairy_eggs,milk,İçme sütü,id:0OGK,id:0OGK,"Pınar %0,5 Yağlı Süt 1 Lt",1.0,l,39.5,39.5,39.5,1,1,1,"[""depot:bim-5712""]","[""bim""]",pinned-relative,0
2026-08-26,dairy_eggs,milk,İçme sütü,id:0PY7,id:0PY7,Mis Yarım Yağlı Uht Süt 1 Lt,1.0,l,43.5,43.5,43.5,1,1,1,"[""depot:sok-4707""]","[""sok""]",pinned-relative,0
2026-08-26,dairy_eggs,milk,İçme sütü,id:0VK4,id:0VK4,Teksüt %1.5 Yağlı Süt 1 Lt,1.0,l,44.5,44.5,44.5,1,1,1,"[""depot:bim-5712""]","[""bim""]",pinned-relative,0
2026-08-26,dairy_eggs,milk,İçme sütü,id:0OM4,id:0OM4,Dost %3.1 Yağlı Süt 1 Lt,1.0,l,52.5,52.5,52.5,1,1,1,"[""depot:bim-5712""]","[""bim""]",pinned-relative,0
2026-08-26,dairy_eggs,milk,İçme sütü,id:06EX,id:06EX,Göynük Doğal %3.1 Yağlı Süt 1 Lt,1.0,l,52.5,52.5,52.5,1,1,1,"[""depot:hakmar-5521""]","[""hakmar""]",pinned-relative,0
2026-08-26,dairy_eggs,milk,İçme sütü,id:0G47,id:0G47,Carrefour Yağlı Süt 1 Lt,1.0,l,52.5,52.5,52.5,1,1,1,"[""depot:carrefour-5254""]","[""carrefour""]",pinned-relative,0
2026-08-26,dairy_eggs,milk,İçme sütü,id:1NNL,id:1NNL,Sek %1.5 Yağlı Süt 1 Lt,1.0,l,53.0,53.0,53.0,1,1,1,"[""depot:bim-5712""]","[""bim""]",pinned-relative,0
2026-08-26,dairy_eggs,milk,İçme sütü,id:00DR,id:00DR,Dost Günlük Pastörize Süt 1 Lt,1.0,l,59.0,59.0,59.0,1,1,1,"[""depot:bim-5712""]","[""bim""]",pinned-relative,0
2026-08-26,dairy_eggs,milk,İçme sütü,id:225R,id:225R,Sek Yağlı Süt 1 Lt,1.0,l,55.0,55.0,55.0,1,1,1,"[""depot:a101-4141""]","[""a101""]",pinned-relative,0
2026-08-26,dairy_eggs,milk,İçme sütü,id:0385,id:0385,Dost Laktozsuz Süt 1 Lt,1.0,l,62.5,62.5,62.5,1,1,1,"[""depot:bim-5712""]","[""bim""]",pinned-relative,0
2026-08-26,dairy_eggs,milk,İçme sütü,id:12HC,id:12HC,Birşah Tam Yağlı Süt 1 Lt,1.0,l,62.5,62.5,62.5,1,1,1,"[""depot:a101-6815""]","[""a101""]",pinned-relative,0
2026-08-26,dairy_eggs,milk,İçme sütü,id:1WEL,id:1WEL,Dost İtalyan Karamelli Pastörize Süt 1 Lt,1.0,l,65.0,65.0,65.0,1,1,1,"[""depot:bim-5712""]","[""bim""]",pinned-relative,0
2026-08-26,dairy_eggs,milk,İçme sütü,id:2266,id:2266,İçim Yağlı Süt 1 Lt,1.0,l,59.5,59.5,59.5,1,1,1,"[""depot:a101-6815""]","[""a101""]",pinned-relative,0
2026-08-26,dairy_eggs,milk,İçme sütü,id:0APR,id:0APR,İçim Barista Süt 1 Lt,1.0,l,73.95,73.95,73.95,1,1,1,"[""depot:carrefour-1012""]","[""carrefour""]",pinned-relative,0
2026-08-26,dairy_eggs,milk,İçme sütü,id:1HEV,id:1HEV,"Sütaş %3,5 Tam Yağlı Süt 1 Lt",1.0,l,85.95,85.95,85.95,1,1,1,"[""depot:carrefour-1012""]","[""carrefour""]",pinned-relative,0
2026-08-26,dairy_eggs,milk,İçme sütü,id:1PGU,id:1PGU,İçim Çikolatalı Pastörize Süt 1 Lt,1.0,l,89.95,89.95,89.95,1,1,1,"[""depot:carrefour-1012""]","[""carrefour""]",pinned-relative,0
2026-08-26,dairy_eggs,milk,İçme sütü,id:07MH,id:07MH,Tarım Kredi Çiğ Süt 3 Lt,3.0,l,239.0,79.666667,79.666667,1,1,1,"[""depot:tarim_kredi-5022""]","[""tarim_kredi""]",pinned-relative,0
2026-08-26,dairy_eggs,milk,İçme sütü,id:18DZ,id:18DZ,Tarım Kredi Jersey Süt 3 Lt,3.0,l,289.0,96.333333,96.333333,1,1,1,"[""depot:tarim_kredi-7488""]","[""tarim_kredi""]",pinned-relative,0
2026-08-26,dairy_eggs,milk_lactosefree,Laktozsuz süt,id:1YRI,id:1YRI,İçim Laktozsuz Süt 1 Lt,1.0,l,79.5,79.5,80.44435,4,4,4,"[""depot:a101-9324"",""depot:carrefour-5254"",""depot:migros-1991"",""depot:sok-4707""]","[""a101"",""carrefour"",""migros"",""sok""]",pinned-relative,0
2026-08-26,dairy_eggs,milk_lactosefree,Laktozsuz süt,id:1V7V,id:1V7V,Danone Laktozsuz Süt 1 Lt,1.0,l,56.0,56.0,58.398053,2,3,2,"[""depot:a101-6815"",""depot:carrefour-5254""]","[""a101"",""carrefour""]",pinned-relative,0
2026-08-26,dairy_eggs,milk_lactosefree,Laktozsuz süt,id:1NOV,id:1NOV,İçim Rahat Laktozsuz Süt 200 Ml,0.2,l,25.9,129.5,127.125,1,2,1,"[""depot:migros-1991""]","[""migros""]",pinned-relative,0
2026-08-26,dairy_eggs,milk_lactosefree,Laktozsuz süt,id:1ZP4,id:1ZP4,Pınar Laktozsuz Süt 500 Ml,0.5,l,56.45,112.9,113.45,1,2,1,"[""depot:carrefour-1012""]","[""carrefour""]",pinned-relative,0
2026-08-26,dairy_eggs,milk_lactosefree,Laktozsuz süt,id:21MB,id:21MB,Pınar Laktozsuz Süt 1 Lt,1.0,l,59.5,59.5,58.5,1,2,1,"[""depot:bim-5712""]","[""bim""]",pinned-relative,0
2026-08-26,dairy_eggs,milk_lactosefree,Laktozsuz süt,id:0UOB,id:0UOB,Sütaş Laktozsuz Süt 1 Lt,1.0,l,79.225,79.225,80.018065,2,2,2,"[""depot:a101-6815"",""depot:carrefour-1012""]","[""a101"",""carrefour""]",pinned-relative,0
2026-08-26,dairy_eggs,milk_lactosefree,Laktozsuz süt,id:1RUK,id:1RUK,İçim Fit Protein Kakaolu Laktozsuz Süt 400 Ml,0.4,l,74.9,187.25,210.597686,1,2,1,"[""depot:carrefour-5254""]","[""carrefour""]",pinned-relative,0
2026-08-26,dairy_eggs,milk_lactosefree,Laktozsuz süt,id:1RNB,id:1RNB,İçim Fit Protein Vanilyalı Laktozsuz Süt 400 Ml,0.4,l,74.9,187.25,188.411444,2,2,2,"[""depot:carrefour-5254"",""depot:migros-1991""]","[""carrefour"",""migros""]",pinned-relative,0
2026-08-26,dairy_eggs,milk_lactosefree,Laktozsuz süt,id:1R2O,id:1R2O,İçim Fit Protein Çilekli Laktozsuz Süt 400 Ml,0.4,l,74.9,187.25,168.5625,1,2,1,"[""depot:migros-6679""]","[""migros""]",pinned-relative,0
2026-08-26,dairy_eggs,milk_lactosefree,Laktozsuz süt,id:1WKK,id:1WKK,Pınar Denge Laktozsuz Süt 1 Lt,1.0,l,67.725,67.725,68.1493,2,2,2,"[""depot:carrefour-5254"",""depot:migros-1991""]","[""carrefour"",""migros""]",pinned-relative,0
2026-08-26,dairy_eggs,milk_lactosefree,Laktozsuz süt,id:1I9X,id:1I9X,İçim Laktozsuz Süt 500 Ml,0.5,l,44.95,89.9,89.9,1,1,1,"[""depot:carrefour-1012""]","[""carrefour""]",pinned-relative,0
2026-08-26,dairy_eggs,milk_lactosefree,Laktozsuz süt,id:18RL,id:18RL,Carrefour Laktozsuz Süt 1 Lt,1.0,l,62.9,62.9,62.9,1,1,1,"[""depot:carrefour-5254""]","[""carrefour""]",pinned-relative,0
2026-08-26,dairy_eggs,milk_lactosefree,Laktozsuz süt,id:0GQO,id:0GQO,Mis Uht Süt Laktozsuz 1 Lt,1.0,l,62.5,62.5,62.5,1,1,1,"[""depot:sok-4707""]","[""sok""]",pinned-relative,0
2026-08-26,dairy_eggs,milk_lactosefree,Laktozsuz süt,id:11VM,id:11VM,Birşah Laktozsuz Süt 1 Lt,1.0,l,62.5,62.5,62.5,1,1,1,"[""depot:a101-6815""]","[""a101""]",pinned-relative,0
2026-08-26,dairy_eggs,milk_lactosefree,Laktozsuz süt,id:06NW,id:06NW,Aynes Laktozsuz Süt 1 Lt,1.0,l,59.0,59.0,59.0,1,1,1,"[""depot:tarim_kredi-7488""]","[""tarim_kredi""]",pinned-relative,0
2026-08-26,dairy_eggs,milk_lactosefree,Laktozsuz süt,id:134D,id:134D,Migros Yarım Yağlı Laktozsuz UHT İçme Sütü 1 Lt,1.0,l,62.75,62.75,62.75,1,1,1,"[""depot:migros-1991""]","[""migros""]",pinned-relative,0
2026-08-26,dairy_eggs,milk_lactosefree,Laktozsuz süt,id:0YG9,id:0YG9,Torku Süt Laktozsuz 1 Lt,1.0,l,79.5,79.5,79.5,1,1,1,"[""depot:a101-6815""]","[""a101""]",pinned-relative,0
2026-08-26,dairy_eggs,milk_lactosefree,Laktozsuz süt,id:26E5,id:26E5,İçim Laktozsuz Süt 1 Lt,1.0,l,74.5,74.5,74.5,1,1,1,"[""depot:hakmar-5521""]","[""hakmar""]",pinned-relative,0
2026-08-26,dairy_eggs,yogurt,Yoğurt,id:1P6X,id:1P6X,Sütaş Hüptrik Çilekli Yoğurt 105 Gr,0.105,kg,18.95,180.47619,180.47619,3,3,3,"[""depot:a101-6815"",""depot:migros-1991"",""depot:sok-4707""]","[""a101"",""migros"",""sok""]",pinned-relative,0
2026-08-26,dairy_eggs,yogurt,Yoğurt,id:1W7E,id:1W7E,Danino Hüpper Çilekli Yoğurt 67 Gr,0.067,kg,39.0,582.089552,582.089552,2,3,2,"[""depot:migros-1991"",""depot:sok-4707""]","[""migros"",""sok""]",pinned-relative,0
2026-08-26,dairy_eggs,yogurt,Yoğurt,id:1LUK,id:1LUK,İçim Organik Yoğurt 750 Gr,0.75,kg,101.725,135.633333,138.0,2,2,2,"[""depot:carrefour-1012"",""depot:sok-4707""]","[""carrefour"",""sok""]",pinned-relative,0
2026-08-26,dairy_eggs,yogurt,Yoğurt,id:1Z3F,id:1Z3F,İçim Laktozsuz Yoğurt 750 Gr,0.75,kg,74.95,99.933333,114.184012,1,2,1,"[""depot:carrefour-1012""]","[""carrefour""]",pinned-relative,0
2026-08-26,dairy_eggs,yogurt,Yoğurt,id:20X1,id:20X1,Eker Çırpılmış Yoğurt 500 Gr,0.5,kg,82.225,164.45,164.45,2,3,2,"[""depot:a101-4102"",""depot:carrefour-1012""]","[""a101"",""carrefour""]",pinned-relative,0
2026-08-26,dairy_eggs,yogurt,Yoğurt,id:20XX,id:20XX,Activia Probiyotik Laktozsuz Sade Yoğurt 400 Gr,0.4,kg,114.5,286.25,286.25,1,1,1,"[""depot:carrefour-1012""]","[""carrefour""]",pinned-relative,0
2026-08-26,dairy_eggs,yogurt,Yoğurt,id:2A2G,id:1PQF,Eker İncirli Yulaflı Probiyotik Yoğurt 125 Gr,0.125,kg,29.95,239.6,205.555556,1,1,1,"[""depot:carrefour-1012""]","[""carrefour""]",pinned-relative,1
2026-08-26,dairy_eggs,yogurt,Yoğurt,id:0TJ3,id:0TJ3,Danone Kıtırlı Meyveli Yoğurt 90 Gr,0.09,kg,29.5,327.777778,327.777778,1,1,1,"[""depot:a101-6815""]","[""a101""]",pinned-relative,0
2026-08-26,dairy_eggs,yogurt,Yoğurt,id:1XHC,id:1XHC,Mövenpick Kayısı & Mangolu Yoğurt 100 Gr,0.1,kg,44.9,449.0,449.0,1,1,1,"[""depot:carrefour-1012""]","[""carrefour""]",pinned-relative,0
2026-08-26,dairy_eggs,yogurt,Yoğurt,id:16PM,id:16PM,Mis Tam Yağlı Homojenize Yoğurt 750 Gr,0.75,kg,57.9,77.2,77.2,1,1,1,"[""depot:sok-4707""]","[""sok""]",pinned-relative,0
2026-08-26,dairy_eggs,yogurt,Yoğurt,id:2CL9,id:2CL9,Sek Meyveli Yoğurt Kayısı & Kinoa 140 Gr,0.14,kg,59.5,425.0,425.0,1,1,1,"[""depot:hakmar-5521""]","[""hakmar""]",pinned-relative,0
2026-08-26,dairy_eggs,yogurt,Yoğurt,id:1QER,id:0CXV,Yörüksüt Çömlek Yoğurt 700 Gr,0.7,kg,171.95,245.642857,109.333333,1,1,1,"[""depot:carrefour-1012""]","[""carrefour""]",pinned-relative,1
2026-08-26,dairy_eggs,yogurt,Yoğurt,id:1OJ4,id:1OJ4,Activia Probiyotik Yoğurt Orman Meyveli 4x100 Gr,0.4,kg,114.5,286.25,286.25,1,1,1,"[""depot:sok-4707""]","[""sok""]",pinned-relative,0
2026-08-26,dairy_eggs,yogurt,Yoğurt,id:13MO,id:13MO,Dost %0.6 Az Yağlı Yoğurt 3 Kg,3.0,kg,129.0,43.0,43.0,1,1,1,"[""depot:bim-5712""]","[""bim""]",pinned-relative,0
2026-08-26,dairy_eggs,yogurt,Yoğurt,id:1HZJ,id:1HZJ,TK Çömlek Yoğurt 1 Kg,1.0,kg,135.0,135.0,135.0,1,1,1,"[""depot:tarim_kredi-5022""]","[""tarim_kredi""]",pinned-relative,0
2026-08-26,dairy_eggs,yogurt,Yoğurt,id:1HOB,id:1HOB,Sütaş Kaymaklı Yoğurt 1.75 Kg,1.75,kg,186.95,106.828571,106.828571,1,1,1,"[""depot:carrefour-1012""]","[""carrefour""]",pinned-relative,0
2026-08-26,dairy_eggs,strained_yogurt,Süzme yoğurt,id:1W0J,id:1W0J,Sütaş Süzme Yoğurt 750 Gr,0.75,kg,137.475,183.3,167.560903,2,3,2,"[""depot:carrefour-1012"",""depot:tarim_kredi-7488""]","[""carrefour"",""tarim_kredi""]",pinned-relative,0
2026-08-26,dairy_eggs,strained_yogurt,Süzme yoğurt,id:20YU,id:20YU,Sek Süzme Yoğurt 400 Gr,0.4,kg,99.95,249.875,249.875,2,2,2,"[""depot:carrefour-1012"",""depot:migros-1991""]","[""carrefour"",""migros""]",pinned-relative,0
2026-08-26,dairy_eggs,strained_yogurt,Süzme yoğurt,id:1RL3,id:1RL3,Eker Süzme Yoğurt 500 Gr,0.5,kg,135.5,271.0,274.45,1,2,1,"[""depot:carrefour-1012""]","[""carrefour""]",pinned-relative,0
2026-08-26,dairy_eggs,strained_yogurt,Süzme yoğurt,id:1WO5,id:1WO5,İçim Süzme Yoğurt 500 Gr,0.5,kg,99.95,199.9,199.9,1,1,1,"[""depot:carrefour-1012""]","[""carrefour""]",pinned-relative,0
2026-08-26,dairy_eggs,strained_yogurt,Süzme yoğurt,id:2AWC,id:2AWC,Eker Süzme Yoğurt Kase 500 Gr,0.5,kg,109.0,218.0,218.0,1,1,1,"[""depot:hakmar-5521""]","[""hakmar""]",pinned-relative,0
2026-08-26,dairy_eggs,strained_yogurt,Süzme yoğurt,id:0HP7,id:0HP7,Tarım Kredi Süzme Yoğurt 900 Gr,0.9,kg,135.0,150.0,150.0,1,1,1,"[""depot:tarim_kredi-7488""]","[""tarim_kredi""]",pinned-relative,0
2026-08-26,dairy_eggs,strained_yogurt,Süzme yoğurt,id:0T0R,id:0T0R,Arslan Süzme Yoğurt 400 Gr,0.4,kg,137.9,344.75,344.75,1,1,1,"[""depot:migros-564""]","[""migros""]",pinned-relative,0
2026-08-26,dairy_eggs,strained_yogurt,Süzme yoğurt,id:1214,id:1214,Birşah Süzme Yoğurt 900 Gr,0.9,kg,142.0,157.777778,157.777778,1,1,1,"[""depot:a101-6815""]","[""a101""]",pinned-relative,0
2026-08-26,dairy_eggs,strained_yogurt,Süzme yoğurt,id:0051,id:0051,Dost Kova Süzme Yoğurt 900 Gr,0.9,kg,142.0,157.777778,157.777778,1,1,1,"[""depot:bim-5712""]","[""bim""]",pinned-relative,0
2026-08-26,dairy_eggs,strained_yogurt,Süzme yoğurt,id:023F,id:023F,Carrefour Süzme Yoğurt 900 Gr,0.9,kg,142.9,158.777778,158.777778,1,1,1,"[""depot:carrefour-5254""]","[""carrefour""]",pinned-relative,0
2026-08-26,dairy_eggs,strained_yogurt,Süzme yoğurt,id:0FNF,id:0FNF,Yörüksüt Süzme Yoğurt 900 Gr,0.9,kg,187.95,208.833333,208.833333,1,1,1,"[""depot:carrefour-5036""]","[""carrefour""]",pinned-relative,0
2026-08-26,dairy_eggs,strained_yogurt,Süzme yoğurt,id:216M,id:216M,Eker Süzme Yoğurt 900 Gr,0.9,kg,219.95,244.388889,244.388889,1,1,1,"[""depot:carrefour-1012""]","[""carrefour""]",pinned-relative,0
2026-08-26,dairy_eggs,ayran,Ayran,id:1Q7H,id:1Q7H,Sütaş Ayran 300 Ml,0.3,l,23.375,77.916667,77.916667,2,3,2,"[""depot:a101-6815"",""depot:carrefour-1012""]","[""a101"",""carrefour""]",pinned-relative,0
2026-08-26,dairy_eggs,ayran,Ayran,id:2026,id:2026,Sütaş Ayran 200 Ml,0.2,l,16.95,84.75,80.5,1,2,1,"[""depot:carrefour-1012""]","[""carrefour""]",pinned-relative,0
2026-08-26,dairy_eggs,ayran,Ayran,id:17ZE,id:17ZE,Torku Ayran 1 Lt,1.0,l,54.25,54.25,54.044323,2,2,2,"[""depot:a101-4102"",""depot:bim-5712""]","[""a101"",""bim""]",pinned-relative,0
2026-08-26,dairy_eggs,ayran,Ayran,id:0UN1,id:0UN1,Birşah Ayran 200 Ml,0.2,l,10.0,50.0,50.0,1,1,1,"[""depot:a101-6815""]","[""a101""]",pinned-relative,0
2026-08-26,dairy_eggs,ayran,Ayran,id:06WA,id:06WA,Göynük Tam Yağlı Ayran 200 Ml,0.2,l,10.0,50.0,50.0,1,1,1,"[""depot:hakmar-5521""]","[""hakmar""]",pinned-relative,0
2026-08-26,dairy_eggs,ayran,Ayran,id:0DHE,id:0DHE,Yörüksüt Ayran 275 Ml,0.275,l,17.5,63.636364,63.636364,1,1,1,"[""depot:carrefour-5254""]","[""carrefour""]",pinned-relative,0
2026-08-26,dairy_eggs,ayran,Ayran,id:039F,id:039F,İçim Ayran 285 Ml,0.285,l,23.95,84.035088,84.035088,1,1,1,"[""depot:carrefour-1012""]","[""carrefour""]",pinned-relative,0
2026-08-26,dairy_eggs,ayran,Ayran,id:02GF,id:02GF,Dost Şişe Ayran 1.5 Lt,1.5,l,54.5,36.333333,36.333333,1,1,1,"[""depot:bim-5712""]","[""bim""]",pinned-relative,0
2026-08-26,dairy_eggs,ayran,Ayran,id:0YZE,id:0YZE,Birşah Ayran 1.5 Lt,1.5,l,62.0,41.333333,41.333333,1,1,1,"[""depot:a101-6815""]","[""a101""]",pinned-relative,0
2026-08-26,dairy_eggs,ayran,Ayran,id:1GJZ,id:1GJZ,Binvezir Şişe Ayran 1.5 Lt,1.5,l,62.0,41.333333,41.333333,1,1,1,"[""depot:bim-5712""]","[""bim""]",pinned-relative,0
2026-08-26,dairy_eggs,ayran,Ayran,id:1X2R,id:1X2R,Yörükoğlu Ayran 2 Lt,2.0,l,95.0,47.5,47.5,1,1,1,"[""depot:bim-5712""]","[""bim""]",pinned-relative,0
2026-08-26,dairy_eggs,ayran,Ayran,id:2AAC,id:2AAC,Sütaş Tam Yağlı Ayran 2 Lt,2.0,l,99.5,49.75,49.75,1,1,1,"[""depot:hakmar-5521""]","[""hakmar""]",pinned-relative,0
2026-08-26,dairy_eggs,ayran,Ayran,id:182K,id:182K,Torku Ayran 2 Lt,2.0,l,109.0,54.5,54.5,1,2,1,"[""depot:bim-5712""]","[""bim""]",pinned-relative,0
2026-08-26,dairy_eggs,kefir,Kefir,id:20EJ,id:20EJ,Altınkılıç Kefir 1 Lt,1.0,l,115.0,115.0,111.395796,6,6,6,"[""depot:a101-6815"",""depot:bim-5712"",""depot:carrefour-1012"",""depot:hakmar-5521"",""depot:migros-1991"",""depot:sok-1017""]","[""a101"",""bim"",""carrefour"",""hakmar"",""migros"",""sok""]",pinned-relative,0
2026-08-26,dairy_eggs,kefir,Kefir,id:1WGR,id:1WGR,Altınkılıç Laktozsuz Kefir 1 Lt,1.0,l,125.0,125.0,125.0,5,5,5,"[""depot:a101-6815"",""depot:bim-5712"",""depot:carrefour-1012"",""depot:migros-1991"",""depot:sok-4707""]","[""a101"",""bim"",""carrefour"",""migros"",""sok""]",pinned-relative,0
2026-08-26,dairy_eggs,kefir,Kefir,id:1YTE,id:1YTE,İçim Orman Meyveli Kefir 1 Lt,1.0,l,102.45,102.45,103.140777,4,4,4,"[""depot:bim-5712"",""depot:carrefour-1012"",""depot:hakmar-5521"",""depot:tarim_kredi-7488""]","[""bim"",""carrefour"",""hakmar"",""tarim_kredi""]",pinned-relative,0
2026-08-26,dairy_eggs,kefir,Kefir,id:1Y2I,id:1Y2I,Altınkılıç Sade Kefir 250 Ml,0.25,l,49.95,199.8,199.8,3,3,3,"[""depot:a101-6815"",""depot:carrefour-1012"",""depot:migros-1991""]","[""a101"",""carrefour"",""migros""]",pinned-relative,0
2026-08-26,dairy_eggs,kefir,Kefir,id:1ZLM,id:1ZLM,İçim Rahat Kefir 1 Lt,1.0,l,94.5,94.5,101.376385,3,3,3,"[""depot:bim-5712"",""depot:carrefour-1012"",""depot:migros-1991""]","[""bim"",""carrefour"",""migros""]",pinned-relative,0
2026-08-26,dairy_eggs,kefir,Kefir,id:1I9Y,id:1I9Y,İçim Sade Kefir 1 Lt,1.0,l,95.75,95.75,98.95,2,3,2,"[""depot:migros-1991"",""depot:tarim_kredi-7488""]","[""migros"",""tarim_kredi""]",pinned-relative,0
2026-08-26,dairy_eggs,kefir,Kefir,id:1WGM,id:1WGM,Eker Kefir 1 Lt,1.0,l,106.95,106.95,106.95,3,3,3,"[""depot:carrefour-1012"",""depot:migros-1991"",""depot:sok-4711""]","[""carrefour"",""migros"",""sok""]",pinned-relative,0
2026-08-26,dairy_eggs,kefir,Kefir,id:1O91,id:1O91,Eker Orman Meyveli Kefir 200 Ml,0.2,l,41.5,207.5,232.276119,1,2,1,"[""depot:migros-1991""]","[""migros""]",pinned-relative,0
2026-08-26,dairy_eggs,kefir,Kefir,id:20V4,id:20V4,Sek Probiyotik Sade Kefir 250 Ml,0.25,l,43.95,175.8,175.8,1,2,1,"[""depot:carrefour-1012""]","[""carrefour""]",pinned-relative,0
2026-08-26,dairy_eggs,kefir,Kefir,id:20A9,id:20A9,Altınkılıç Laktozsuz Kefir 250 Ml,0.25,l,55.975,223.9,223.9,2,2,2,"[""depot:carrefour-1012"",""depot:migros-1991""]","[""carrefour"",""migros""]",pinned-relative,0
2026-08-26,dairy_eggs,kefir,Kefir,id:200D,id:200D,Sütaş Kaf Kefir 1 Lt,1.0,l,94.725,94.725,94.725,2,2,2,"[""depot:carrefour-5254"",""depot:tarim_kredi-7488""]","[""carrefour"",""tarim_kredi""]",pinned-relative,0
2026-08-26,dairy_eggs,kefir,Kefir,id:1PY9,id:1PY9,Eker Orman Meyveli Kefir 1 Lt,1.0,l,109.5,109.5,120.5,1,2,1,"[""depot:carrefour-1012""]","[""carrefour""]",pinned-relative,0
2026-08-26,dairy_eggs,kefir,Kefir,id:26DB,id:26DB,Altınkılıç Yaban Mersinli Kefir 250 Ml,0.25,l,42.5,170.0,170.0,1,1,1,"[""depot:bim-5712""]","[""bim""]",pinned-relative,0
2026-08-26,dairy_eggs,kefir,Kefir,id:0MMS,id:0MMS,İçim Orman Meyveli Kefir 260 Ml,0.26,l,44.95,172.884615,172.884615,1,1,1,"[""depot:carrefour-1012""]","[""carrefour""]",pinned-relative,0
2026-08-26,dairy_eggs,kefir,Kefir,id:1ZOM,id:1ZOM,Altınkılıç Kefirix Yaban Mersini Kefir 250 Ml,0.25,l,56.95,227.8,227.8,1,1,1,"[""depot:carrefour-1012""]","[""carrefour""]",pinned-relative,0
2026-08-26,dairy_eggs,kefir,Kefir,id:0NR2,id:0NR2,Birşah Sade Kefir 1 Lt,1.0,l,65.0,65.0,65.0,1,1,1,"[""depot:a101-9324""]","[""a101""]",pinned-relative,0
2026-08-26,dairy_eggs,kefir,Kefir,id:0YTU,id:0YTU,Mis Kefir Orman Meyveli 1 Lt,1.0,l,79.5,79.5,79.5,1,1,1,"[""depot:sok-4707""]","[""sok""]",pinned-relative,0
2026-08-26,dairy_eggs,kefir,Kefir,id:182H,id:182H,Pınar Kefir 1 Lt,1.0,l,79.5,79.5,79.5,1,1,1,"[""depot:bim-5712""]","[""bim""]",pinned-relative,0
2026-08-26,dairy_eggs,white_cheese,Beyaz peynir,id:1UAA,id:1UAA,Ekici Beyaz Peynir 500 Gr,0.5,kg,205.0,410.0,410.0,3,3,3,"[""depot:carrefour-1012"",""depot:hakmar-5521"",""depot:migros-4479""]","[""carrefour"",""hakmar"",""migros""]",pinned-relative,0
2026-08-26,dairy_eggs,white_cheese,Beyaz peynir,id:0DEU,id:0DEU,Sütaş Beyaz Peynir 250 Gr,0.25,kg,102.95,411.8,411.8,1,1,1,"[""depot:carrefour-1012""]","[""carrefour""]",pinned-relative,0
2026-08-26,dairy_eggs,white_cheese,Beyaz peynir,id:0Z0N,id:0Z0N,Mis Yarım Yağlı Süzme Beyaz Peynir 500 Gr,0.5,kg,105.0,210.0,210.0,1,1,1,"[""depot:sok-4707""]","[""sok""]",pinned-relative,0
2026-08-26,dairy_eggs,white_cheese,Beyaz peynir,id:0VCY,id:0VCY,Akpınar Taze Yağlı Tava Beyaz Peynir 450 Gr,0.45,kg,129.0,286.666667,286.666667,1,1,1,"[""depot:hakmar-5521""]","[""hakmar""]",pinned-relative,0
2026-08-26,dairy_eggs,white_cheese,Beyaz peynir,id:105R,id:105R,Mis Keçi Sütlü Beyaz Peynir 350 Gr,0.35,kg,199.0,568.571429,568.571429,1,1,1,"[""depot:sok-4707""]","[""sok""]",pinned-relative,0
2026-08-26,dairy_eggs,white_cheese,Beyaz peynir,id:087J,id:087J,Torku Beyaz Peynir 500 Gr,0.5,kg,185.0,370.0,370.0,1,1,1,"[""depot:bim-5712""]","[""bim""]",pinned-relative,0
2026-08-26,dairy_eggs,white_cheese,Beyaz peynir,id:0E2B,id:0E2B,Carrefour Otlu Beyaz Peynir 250 Gr,0.25,kg,199.5,798.0,798.0,1,1,1,"[""depot:carrefour-5254""]","[""carrefour""]",pinned-relative,0
2026-08-26,dairy_eggs,white_cheese,Beyaz peynir,id:141G,id:141G,Aknaz Az Yağlı Beyaz Peynir 1 Kg,1.0,kg,199.0,199.0,199.0,1,1,1,"[""depot:bim-5712""]","[""bim""]",pinned-relative,0
2026-08-26,dairy_eggs,white_cheese,Beyaz peynir,id:0CAL,id:0CAL,Mis Tam Yağlı Beyaz Peynir 750 Gr,0.75,kg,205.0,273.333333,273.333333,1,1,1,"[""depot:sok-4707""]","[""sok""]",pinned-relative,0
2026-08-26,dairy_eggs,white_cheese,Beyaz peynir,id:0ZU8,id:0ZU8,Ahir Beyaz Peynir 750 Gr,0.75,kg,205.0,273.333333,273.333333,1,1,1,"[""depot:a101-6815""]","[""a101""]",pinned-relative,0
2026-08-26,dairy_eggs,white_cheese,Beyaz peynir,id:01OX,id:01OX,Aknaz Beyaz Peynir Kutu 750 Gr,0.75,kg,205.0,273.333333,273.333333,1,1,1,"[""depot:bim-5712""]","[""bim""]",pinned-relative,0
2026-08-26,dairy_eggs,white_cheese,Beyaz peynir,id:0YZH,id:0YZH,Sütaş Beyaz Peynir 700 Gr,0.7,kg,249.0,355.714286,355.714286,1,1,1,"[""depot:a101-6815""]","[""a101""]",pinned-relative,0
2026-08-26,dairy_eggs,white_cheese,Beyaz peynir,id:10LO,id:10LO,Kaanlar Az Yağlı Beyaz Peynir 1 Kg,1.0,kg,199.0,199.0,199.0,1,1,1,"[""depot:a101-6815""]","[""a101""]",pinned-relative,0
2026-08-26,dairy_eggs,white_cheese,Beyaz peynir,id:01RZ,id:01RZ,Aknaz Naturel Beyaz Peynir 600 Gr,0.6,kg,269.0,448.333333,448.333333,1,1,1,"[""depot:bim-5712""]","[""bim""]",pinned-relative,0
2026-08-26,dairy_eggs,white_cheese,Beyaz peynir,id:21NV,id:21NV,Ekici Beyaz Peynir 800 Gr,0.8,kg,289.0,361.25,361.25,1,1,1,"[""depot:a101-6815""]","[""a101""]",pinned-relative,0
2026-08-26,dairy_eggs,white_cheese,Beyaz peynir,id:1EA0,id:1EA0,Bahçıvan Beyaz Peynir 900 Gr,0.9,kg,299.0,332.222222,332.222222,1,1,1,"[""depot:carrefour-5254""]","[""carrefour""]",pinned-relative,0
2026-08-26,dairy_eggs,white_cheese,Beyaz peynir,id:12JJ,id:12JJ,Carrefour Olgunlaştırılmış Beyaz Peynir 600 Gr,0.6,kg,299.9,499.833333,499.833333,1,1,1,"[""depot:carrefour-5254""]","[""carrefour""]",pinned-relative,0
2026-08-26,dairy_eggs,white_cheese,Beyaz peynir,id:12F7,id:12F7,Tahsildaroğlu Klasik Beyaz Peynir 600 Gr,0.6,kg,315.0,525.0,525.0,1,1,1,"[""depot:a101-6815""]","[""a101""]",pinned-relative,0
2026-08-26,dairy_eggs,white_cheese,Beyaz peynir,id:1JUL,id:1JUL,Sütaş Beyaz Peynir 900 Gr,0.9,kg,338.9,376.555556,376.555556,1,1,1,"[""depot:carrefour-1012""]","[""carrefour""]",pinned-relative,0
2026-08-26,dairy_eggs,white_cheese,Beyaz peynir,id:1ITH,id:1ITH,Lokum Kıvamında Beyaz Peynir 1 Kg,1.0,kg,339.0,339.0,339.0,1,1,1,"[""depot:bim-5712""]","[""bim""]",pinned-relative,0
2026-08-26,dairy_eggs,white_cheese,Beyaz peynir,id:1KKA,id:1KKA,Tahsildaroğlu Gurme Ezine Beyaz Peynir 450 Gr,0.45,kg,589.9,1310.888889,1310.888889,1,2,1,"[""depot:carrefour-1012""]","[""carrefour""]",pinned-relative,0
2026-08-26,dairy_eggs,white_cheese,Beyaz peynir,id:0T0H,id:0T0H,Klasik Beyaz Peynir 1 Kg,1.0,kg,659.9,659.9,659.9,1,1,1,"[""depot:migros-564""]","[""migros""]",pinned-relative,0
2026-08-26,dairy_eggs,white_cheese,Beyaz peynir,id:0XUN,id:0XUN,Tahsildaroğlu Klasik İnek Beyaz Peynir 1 Kg,1.0,kg,739.9,739.9,739.9,1,1,1,"[""depot:migros-1991""]","[""migros""]",pinned-relative,0
2026-08-26,dairy_eggs,kasar,Kaşar peyniri,id:1N24,id:1N24,Sütaş Kaşar Peyniri 500 Gr,0.5,kg,299.0,598.0,601.753908,2,2,2,"[""depot:a101-9324"",""depot:sok-4711""]","[""a101"",""sok""]",pinned-relative,0
2026-08-26,dairy_eggs,kasar,Kaşar peyniri,id:1PBL,id:1PBL,Tahsildaroğlu Taze Kaşar Peyniri 400 Gr,0.4,kg,369.9,924.75,924.75,2,2,2,"[""depot:carrefour-1012"",""depot:migros-1991""]","[""carrefour"",""migros""]",pinned-relative,0
2026-08-26,dairy_eggs,kasar,Kaşar peyniri,id:1LKP,id:1LKP,Sütaş Kaşar Peyniri 8 Dilim 150 Gr,0.15,kg,97.5,650.0,650.0,1,1,1,"[""depot:tarim_kredi-7488""]","[""tarim_kredi""]",pinned-relative,0
2026-08-26,dairy_eggs,kasar,Kaşar peyniri,id:10YS,id:10YS,Tarabya Kaşar Peyniri 225 Gr,0.225,kg,109.0,484.444444,484.444444,1,1,1,"[""depot:a101-6815""]","[""a101""]",pinned-relative,0
2026-08-26,dairy_eggs,kasar,Kaşar peyniri,id:0H2P,id:0H2P,Calmio Tam Yağlı Kaşar Peyniri 200 Gr,0.2,kg,135.9,679.5,679.5,1,1,1,"[""depot:carrefour-1012""]","[""carrefour""]",pinned-relative,0
2026-08-26,dairy_eggs,kasar,Kaşar peyniri,id:09AF,id:09AF,Haktat Kaşar Peyniri 400 Gr,0.4,kg,179.0,447.5,447.5,1,1,1,"[""depot:hakmar-5521""]","[""hakmar""]",pinned-relative,0
2026-08-26,dairy_eggs,kasar,Kaşar peyniri,id:0GD5,id:0GD5,Carrefour Kaşar Peyniri 500 Gr,0.5,kg,227.5,455.0,455.0,1,1,1,"[""depot:carrefour-5254""]","[""carrefour""]",pinned-relative,0
2026-08-26,dairy_eggs,kasar,Kaşar peyniri,id:10F6,id:10F6,Ünal Eski Kaşar Peyniri 250 Gr,0.25,kg,199.0,796.0,796.0,1,1,1,"[""depot:a101-6815""]","[""a101""]",pinned-relative,0
2026-08-26,dairy_eggs,kasar,Kaşar peyniri,id:11BZ,id:11BZ,Tarabya Kaşar Peyniri 500 Gr,0.5,kg,227.0,454.0,454.0,1,1,1,"[""depot:a101-6815""]","[""a101""]",pinned-relative,0
2026-08-26,dairy_eggs,kasar,Kaşar peyniri,id:0KEK,id:0KEK,Ariste Kars Eski Kaşar Peyniri 250 Gr,0.25,kg,369.9,1479.6,1479.6,1,1,1,"[""depot:migros-1991""]","[""migros""]",pinned-relative,0
2026-08-26,dairy_eggs,kasar,Kaşar peyniri,id:103F,id:103F,Ünal Kaşar Peyniri 400 Gr,0.4,kg,259.0,647.5,647.5,1,1,1,"[""depot:a101-9324""]","[""a101""]",pinned-relative,0
2026-08-26,dairy_eggs,kasar,Kaşar peyniri,id:2CSP,id:2CSP,Erünsal Kaşar Peyniri 400 Gr,0.4,kg,259.0,647.5,647.5,1,1,1,"[""depot:hakmar-5521""]","[""hakmar""]",pinned-relative,0
2026-08-26,dairy_eggs,kasar,Kaşar peyniri,id:0L52,id:0L52,Yörsan Tam Yağlı Kaşar Peyniri 400 Gr,0.4,kg,229.9,574.75,574.75,1,1,1,"[""depot:migros-564""]","[""migros""]",pinned-relative,0
2026-08-26,dairy_eggs,kasar,Kaşar peyniri,id:0Z6U,id:0Z6U,Tarabya Kaşar Peyniri 700 Gr,0.7,kg,309.0,441.428571,441.428571,1,1,1,"[""depot:a101-6815""]","[""a101""]",pinned-relative,0
2026-08-26,dairy_eggs,kasar,Kaşar peyniri,id:04HG,id:04HG,Muratbey Laktozsuz Kaşar Peyniri 500 Gr,0.5,kg,349.0,698.0,698.0,1,1,1,"[""depot:hakmar-5602""]","[""hakmar""]",pinned-relative,0
2026-08-26,dairy_eggs,kasar,Kaşar peyniri,id:17MR,id:17MR,Sütaş Kaşar Peyniri 700 Gr,0.7,kg,365.0,521.428571,521.428571,1,1,1,"[""depot:hakmar-5521""]","[""hakmar""]",pinned-relative,0
2026-08-26,dairy_eggs,kasar,Kaşar peyniri,id:1OOH,id:1OOH,İçim Kaşar Peyniri 700 Gr,0.7,kg,399.0,570.0,570.0,1,1,1,"[""depot:sok-4707""]","[""sok""]",pinned-relative,0
2026-08-26,dairy_eggs,kasar,Kaşar peyniri,id:10X2,id:10X2,Tarabya Kaşar Peyniri 1 Kg,1.0,kg,425.0,425.0,425.0,1,1,1,"[""depot:a101-6815""]","[""a101""]",pinned-relative,0
2026-08-26,dairy_eggs,kasar,Kaşar peyniri,id:02Q8,id:02Q8,Haktat Kaşar Peyniri 1 Kg,1.0,kg,429.0,429.0,429.0,1,1,1,"[""depot:hakmar-5521""]","[""hakmar""]",pinned-relative,0
2026-08-26,dairy_eggs,kasar,Kaşar peyniri,id:2CS4,id:2CS4,Muratbey Dilimli Kaşar Peyniri 1 Kg,1.0,kg,549.0,549.0,549.0,1,1,1,"[""depot:hakmar-5521""]","[""hakmar""]",pinned-relative,0
2026-08-26,dairy_eggs,kasar,Kaşar peyniri,id:08JM,id:08JM,Baltalı Keçi Kaşar Peyniri 300 Gr,0.3,kg,673.9,2246.333333,2246.333333,1,1,1,"[""depot:carrefour-1012""]","[""carrefour""]",pinned-relative,0
2026-08-26,dairy_eggs,kasar,Kaşar peyniri,id:0GEZ,id:0GEZ,Koçulu Kars Eski Kaşar Peyniri 1 Kg,1.0,kg,902.0,902.0,902.0,1,1,1,"[""depot:carrefour-1012""]","[""carrefour""]",pinned-relative,0
2026-08-26,dairy_eggs,kasar,Kaşar peyniri,id:08ZP,id:08ZP,Koçulu Trakya Eski Kaşar Peyniri 1 Kg,1.0,kg,1282.0,1282.0,1282.0,1,1,1,"[""depot:carrefour-1012""]","[""carrefour""]",pinned-relative,0
2026-08-26,dairy_eggs,labneh,Labne,id:1YV3,id:1YV3,İçim Labne 180 Gr,0.18,kg,79.9,443.888889,443.888889,3,3,3,"[""depot:carrefour-1012"",""depot:migros-1991"",""depot:sok-4707""]","[""carrefour"",""migros"",""sok""]",pinned-relative,0
2026-08-26,dairy_eggs,labneh,Labne,id:1Y1Y,id:1Y1Y,İçim Labne 400 Gr,0.4,kg,149.0,372.5,372.5,2,3,2,"[""depot:bim-5712"",""depot:sok-4707""]","[""bim"",""sok""]",pinned-relative,0
2026-08-26,dairy_eggs,labneh,Labne,id:215Z,id:215Z,İçim Laktozsuz Labne 180 Gr,0.18,kg,72.925,405.138889,403.285471,2,2,2,"[""depot:carrefour-1012"",""depot:migros-1991""]","[""carrefour"",""migros""]",pinned-relative,0
2026-08-26,dairy_eggs,labneh,Labne,id:1NE8,id:1NE8,Pınar Organik Labne 180 Gr,0.18,kg,115.45,641.388889,641.388889,2,2,2,"[""depot:carrefour-1012"",""depot:migros-1991""]","[""carrefour"",""migros""]",pinned-relative,0
2026-08-26,dairy_eggs,labneh,Labne,id:1ZJW,id:1ZJW,Torku Labne 400 Gr,0.4,kg,139.975,349.9375,350.296844,2,2,2,"[""depot:migros-1991"",""depot:tarim_kredi-5022""]","[""migros"",""tarim_kredi""]",pinned-relative,0
2026-08-26,dairy_eggs,labneh,Labne,id:1T1K,id:1T1K,Kiri Labne 300 Gr,0.3,kg,142.0,473.333333,472.330937,2,2,2,"[""depot:carrefour-1012"",""depot:migros-1991""]","[""carrefour"",""migros""]",pinned-relative,0
2026-08-26,dairy_eggs,labneh,Labne,id:20JZ,id:20JZ,Pınar Labne 400 Gr,0.4,kg,165.9,414.75,414.796616,2,2,2,"[""depot:carrefour-5254"",""depot:migros-1991""]","[""carrefour"",""migros""]",pinned-relative,0
2026-08-26,dairy_eggs,labneh,Labne,id:1WX7,id:1WX7,İçim Labne 3x180 Gr,0.54,kg,229.95,425.833333,420.231481,1,1,1,"[""depot:carrefour-1012""]","[""carrefour""]",pinned-relative,0
2026-08-26,dairy_eggs,labneh,Labne,id:0L0B,id:0L0B,Mis Labne 200 Gr,0.2,kg,57.9,289.5,289.5,1,1,1,"[""depot:sok-4707""]","[""sok""]",pinned-relative,0
2026-08-26,dairy_eggs,labneh,Labne,id:0ZLI,id:0ZLI,Sek Labne 180 Gr,0.18,kg,77.9,432.777778,432.777778,1,1,1,"[""depot:sok-4711""]","[""sok""]",pinned-relative,0
2026-08-26,dairy_eggs,labneh,Labne,id:002P,id:002P,Kerem Labne 300 Gr,0.3,kg,85.0,283.333333,283.333333,1,1,1,"[""depot:bim-5712""]","[""bim""]",pinned-relative,0
2026-08-26,dairy_eggs,labneh,Labne,id:04E1,id:04E1,Carrefour Labne Peyniri 300 Gr,0.3,kg,84.95,283.166667,283.166667,1,1,1,"[""depot:carrefour-5254""]","[""carrefour""]",pinned-relative,0
2026-08-26,dairy_eggs,labneh,Labne,id:0L31,id:0L31,Mis Labne 400 Gr,0.4,kg,112.0,280.0,280.0,1,1,1,"[""depot:sok-4707""]","[""sok""]",pinned-relative,0
2026-08-26,dairy_eggs,labneh,Labne,id:1RRI,id:1RRI,Pınar Labne 8x20 Gr,0.16,kg,113.95,712.1875,712.1875,1,2,1,"[""depot:migros-1991""]","[""migros""]",pinned-relative,0
2026-08-26,dairy_eggs,labneh,Labne,id:19KX,id:19KX,Kiri Labne 450 Gr,0.45,kg,195.0,433.333333,433.333333,1,1,1,"[""depot:carrefour-1012""]","[""carrefour""]",pinned-relative,0
2026-08-26,dairy_eggs,labneh,Labne,id:1KSH,id:1KSH,Pınar Labne 540 Gr,0.54,kg,257.5,476.851852,476.851852,1,1,1,"[""depot:carrefour-1012""]","[""carrefour""]",pinned-relative,0
2026-08-26,dairy_eggs,labneh,Labne,id:050Z,id:050Z,Pınar Labne 2x400 Gr,0.8,kg,316.45,395.5625,395.5625,1,1,1,"[""depot:carrefour-1012""]","[""carrefour""]",pinned-relative,0
2026-08-26,dairy_eggs,cream_cheese,Krem peynir,id:0NGP,id:0NGP,İçim Krem Peynir 300 Gr,0.3,kg,104.475,348.25,348.25,2,3,2,"[""depot:carrefour-1012"",""depot:tarim_kredi-5022""]","[""carrefour"",""tarim_kredi""]",pinned-relative,0
2026-08-26,dairy_eggs,cream_cheese,Krem peynir,id:1X6R,id:1X6R,President Cheddarlı Krem Peynir 270 Gr,0.27,kg,129.925,481.203704,481.203704,2,2,2,"[""depot:carrefour-1012"",""depot:migros-1991""]","[""carrefour"",""migros""]",pinned-relative,0
2026-08-26,dairy_eggs,cream_cheese,Krem peynir,id:1S61,id:1S61,La Vache Qui Rit Krem Peynir 270 Gr,0.27,kg,162.95,603.518519,623.770818,1,2,1,"[""depot:migros-1991""]","[""migros""]",pinned-relative,0
2026-08-26,dairy_eggs,cream_cheese,Krem peynir,id:1HEP,id:1HEP,Sütaş Krem Peynir 160 Gr,0.16,kg,68.75,429.6875,429.6875,1,1,1,"[""depot:carrefour-1012""]","[""carrefour""]",pinned-relative,0
2026-08-26,dairy_eggs,cream_cheese,Krem peynir,id:1F9N,id:1F9N,Peysan Krem Peynir 300 Gr,0.3,kg,72.5,241.666667,319.166667,1,1,1,"[""depot:bim-5712""]","[""bim""]",pinned-relative,0
2026-08-26,dairy_eggs,cream_cheese,Krem peynir,id:0ZWG,id:0ZWG,La Vache Qui Rit Krem Peynir 140 Gr,0.14,kg,69.0,492.857143,492.857143,1,1,1,"[""depot:carrefour-1012""]","[""carrefour""]",pinned-relative,0
2026-08-26,dairy_eggs,cream_cheese,Krem peynir,id:2AB6,id:2AB6,Pınar Sürülebilir Labne Krem Peynir 180 Gr,0.18,kg,94.5,525.0,525.0,1,1,1,"[""depot:hakmar-5521""]","[""hakmar""]",pinned-relative,0
2026-08-26,dairy_eggs,cream_cheese,Krem peynir,id:2ARC,id:2ARC,Teksüt Krem Peynir 270 Gr,0.27,kg,95.0,351.851852,351.851852,1,1,1,"[""depot:hakmar-5521""]","[""hakmar""]",pinned-relative,0
2026-08-26,dairy_eggs,cream_cheese,Krem peynir,id:0MG7,id:0MG7,Milkten Krem Peynir 500 Gr,0.5,kg,115.0,230.0,230.0,1,1,1,"[""depot:a101-6815""]","[""a101""]",pinned-relative,0
2026-08-26,dairy_eggs,cream_cheese,Krem peynir,id:00KP,id:00KP,Aknaz Krem Peynir 500 Gr,0.5,kg,115.0,230.0,230.0,1,1,1,"[""depot:bim-5712""]","[""bim""]",pinned-relative,0
2026-08-26,dairy_eggs,cream_cheese,Krem peynir,id:01VK,id:01VK,Aktek Krem Peynir 500 Gr,0.5,kg,115.0,230.0,230.0,1,1,1,"[""depot:hakmar-5521""]","[""hakmar""]",pinned-relative,0
2026-08-26,dairy_eggs,cream_cheese,Krem peynir,id:0Y7K,id:0Y7K,Sütaş Krem Peynir 300 Gr,0.3,kg,132.95,443.166667,443.166667,1,1,1,"[""depot:carrefour-1012""]","[""carrefour""]",pinned-relative,0
2026-08-26,dairy_eggs,cream_cheese,Krem peynir,id:1L22,id:1L22,Pınar Krem Peynir 300 Gr,0.3,kg,142.5,475.0,475.0,1,1,1,"[""depot:carrefour-1012""]","[""carrefour""]",pinned-relative,0
2026-08-26,dairy_eggs,cream_cheese,Krem peynir,id:1W0C,id:1W0C,Pınar Cheddarlı Krem Peynir 270 Gr,0.27,kg,146.95,544.259259,544.259259,1,1,1,"[""depot:carrefour-1012""]","[""carrefour""]",pinned-relative,0
2026-08-26,dairy_eggs,cream_cheese,Krem peynir,id:2A5F,id:2A5F,İçim Labne Krem Peynir 400 Gr,0.4,kg,149.0,372.5,372.5,1,1,1,"[""depot:hakmar-5521""]","[""hakmar""]",pinned-relative,0
2026-08-26,dairy_eggs,cream_cheese,Krem peynir,id:1T9Q,id:1T9Q,Bahçıvan Tam Yağlı Krem Peynir 300 Gr,0.3,kg,149.95,499.833333,499.833333,1,1,1,"[""depot:migros-1991""]","[""migros""]",pinned-relative,0
2026-08-26,dairy_eggs,cream_cheese,Krem peynir,id:1240,id:1240,Bahçıvan Krem Peynir 500 Gr,0.5,kg,199.5,399.0,399.0,1,1,1,"[""depot:a101-6815""]","[""a101""]",pinned-relative,0
2026-08-26,dairy_eggs,cream_cheese,Krem peynir,id:1Z93,id:1Z93,Ekici Krem Peynir 400 Gr,0.4,kg,199.9,499.75,499.75,1,1,1,"[""depot:carrefour-1012""]","[""carrefour""]",pinned-relative,0
2026-08-26,dairy_eggs,cream_cheese,Krem peynir,id:0MKG,id:0MKG,La Vache Qui Rit Krem Peynir 500 Gr,0.5,kg,245.0,490.0,490.0,1,1,1,"[""depot:migros-1991""]","[""migros""]",pinned-relative,0
2026-08-26,dairy_eggs,cream_cheese,Krem peynir,id:1WMR,id:1WMR,Ülker Sürmix Peynirli Çikolatalı Sürme 180 Gr,0.18,kg,59.7,331.666667,352.178461,2,2,2,"[""depot:migros-1991"",""depot:sok-4707""]","[""migros"",""sok""]",pinned-relative,0
2026-08-26,dairy_eggs,mozzarella,Mozzarella,id:1ZDG,id:1ZDG,Bahçıvan Rende Mozzarella Peyniri 200 Gr,0.2,kg,244.925,1224.625,1250.047274,2,2,2,"[""depot:carrefour-1012"",""depot:migros-1991""]","[""carrefour"",""migros""]",pinned-relative,0
2026-08-26,dairy_eggs,mozzarella,Mozzarella,id:20NJ,id:20NJ,Tada Gurme Sandviç Mozzarella Dana Jambonlu 160 Gr,0.16,kg,198.5,1240.625,1240.625,2,2,2,"[""depot:carrefour-1012"",""depot:migros-3296""]","[""carrefour"",""migros""]",pinned-relative,0
2026-08-26,dairy_eggs,mozzarella,Mozzarella,id:1XZN,id:1XZN,Mr. No Gurme Mozzarella Jambon Sandviç 145 Gr,0.145,kg,252.0,1737.931034,1737.931034,2,2,2,"[""depot:migros-1991"",""depot:tarim_kredi-5022""]","[""migros"",""tarim_kredi""]",pinned-relative,0
2026-08-26,dairy_eggs,mozzarella,Mozzarella,id:1ZE1,id:1ZE1,President Mozzarella Peyniri 600 Gr,0.6,kg,355.0,591.666667,596.167194,2,2,2,"[""depot:carrefour-1012"",""depot:migros-1991""]","[""carrefour"",""migros""]",pinned-relative,0
2026-08-26,dairy_eggs,mozzarella,Mozzarella,id:0P3C,id:0P3C,Sandwich Mozzarella Jambon Sandviç 125 Gr,0.125,kg,89.5,716.0,716.0,1,1,1,"[""depot:a101-9324""]","[""a101""]",pinned-relative,0
2026-08-26,dairy_eggs,mozzarella,Mozzarella,id:0ZHO,id:0ZHO,Mis Rende Mozzarella Peyniri 150 Gr,0.15,kg,99.0,660.0,660.0,1,1,1,"[""depot:sok-4707""]","[""sok""]",pinned-relative,0
2026-08-26,dairy_eggs,mozzarella,Mozzarella,id:0VAV,id:0VAV,Bahçıvan Rende Mozzarella Peyniri 150 Gr,0.15,kg,127.5,850.0,850.0,1,1,1,"[""depot:a101-6815""]","[""a101""]",pinned-relative,0
2026-08-26,dairy_eggs,mozzarella,Mozzarella,id:1YHK,id:1YHK,President Rende Mozzarella Peyniri 200 Gr,0.2,kg,139.95,699.75,699.75,1,1,1,"[""depot:carrefour-1012""]","[""carrefour""]",pinned-relative,0
2026-08-26,dairy_eggs,mozzarella,Mozzarella,id:1QPP,id:1QPP,Bahçıvan Suda Top Mozzarella 125 Gr,0.125,kg,152.95,1223.6,1223.6,1,1,1,"[""depot:migros-1991""]","[""migros""]",pinned-relative,0
2026-08-26,dairy_eggs,mozzarella,Mozzarella,id:1LUQ,id:1LUQ,Bahçıvan Suda Mozzarella 125 Gr,0.125,kg,156.9,1255.2,1255.2,1,1,1,"[""depot:carrefour-1012""]","[""carrefour""]",pinned-relative,0
2026-08-26,dairy_eggs,mozzarella,Mozzarella,id:20BF,id:20BF,Dr. Oetker Guseppe Mozzarella Pizza 412 Gr,0.412,kg,219.0,531.553398,531.553398,1,1,1,"[""depot:carrefour-1012""]","[""carrefour""]",pinned-relative,0
2026-08-26,dairy_eggs,mozzarella,Mozzarella,id:1POC,id:1POC,Superfresh Mozzarella Peyniri Çubukları 280 Gr,0.28,kg,305.95,1092.678571,1092.678571,1,1,1,"[""depot:migros-1991""]","[""migros""]",pinned-relative,0
2026-08-26,dairy_eggs,eggs,Yumurta,id:1OLM,id:1OLM,Güres Bıldırcın Yumurta 12 Adet,12.0,count,55.0,4.583333,4.870833,1,1,1,"[""depot:a101-6815""]","[""a101""]",pinned-relative,0
2026-08-26,dairy_eggs,eggs,Yumurta,id:0QE9,id:0QE9,Organik Yumurta 6 Adet,6.0,count,54.0,9.0,9.0,1,1,1,"[""depot:bim-5712""]","[""bim""]",pinned-relative,0
2026-08-26,dairy_eggs,eggs,Yumurta,id:0SJS,id:0SJS,Güzide Hanım Organik Yumurta 6 Adet,6.0,count,65.0,10.833333,10.833333,1,1,1,"[""depot:sok-4707""]","[""sok""]",pinned-relative,0
2026-08-26,dairy_eggs,eggs,Yumurta,id:0GWI,id:0GWI,Carrefour Bio Organik Yumurta 6 Adet,6.0,count,79.9,13.316667,13.316667,1,1,1,"[""depot:carrefour-5254""]","[""carrefour""]",pinned-relative,0
2026-08-26,dairy_eggs,eggs,Yumurta,id:182O,id:182O,Kahverengi Yumurta 10 Adet,10.0,count,87.5,8.75,8.75,1,1,1,"[""depot:bim-5712""]","[""bim""]",pinned-relative,0
2026-08-26,dairy_eggs,eggs,Yumurta,id:01PV,id:01PV,Bili Bili Yumurta 15 Adet,15.0,count,95.0,6.333333,6.333333,1,1,1,"[""depot:bim-5712""]","[""bim""]",pinned-relative,0
2026-08-26,dairy_eggs,eggs,Yumurta,id:0CI6,id:0CI6,Carrefour Yumurta L Boy 15 Adet,15.0,count,95.0,6.333333,6.333333,1,1,1,"[""depot:carrefour-5254""]","[""carrefour""]",pinned-relative,0
2026-08-26,dairy_eggs,eggs,Yumurta,id:3W83,id:3W83,Yumurta Gezen 10 Adet,10.0,count,95.0,9.5,9.5,1,1,1,"[""depot:a101-6815""]","[""a101""]",pinned-relative,0
2026-08-26,dairy_eggs,eggs,Yumurta,id:0EOU,id:0EOU,Akyaka Çiftliği Omega Yumurta M Boy 10 Adet,10.0,count,95.0,9.5,9.5,1,1,1,"[""depot:tarim_kredi-5022""]","[""tarim_kredi""]",pinned-relative,0
2026-08-26,dairy_eggs,eggs,Yumurta,id:3X19,id:3X19,Mutlu Organik Yumurta M Boy 10 Adet,10.0,count,108.0,10.8,10.8,1,1,1,"[""depot:tarim_kredi-7488""]","[""tarim_kredi""]",pinned-relative,0
2026-08-26,dairy_eggs,eggs,Yumurta,id:02J6,id:02J6,Carrefour Gezen Tavuk Yumurta 10 Adet,10.0,count,117.9,11.79,11.79,1,1,1,"[""depot:carrefour-5254""]","[""carrefour""]",pinned-relative,0
2026-08-26,dairy_eggs,eggs,Yumurta,id:0IPM,id:0IPM,Carrefour Bio Organik Yumurta 10 Adet,10.0,count,129.0,12.9,12.9,1,1,1,"[""depot:carrefour-5254""]","[""carrefour""]",pinned-relative,0
2026-08-26,dairy_eggs,eggs,Yumurta,id:0T9G,id:0T9G,Naturaköy Organik Yumurta 53-62 Gr 10 Adet,10.0,count,144.95,14.495,14.495,1,1,1,"[""depot:migros-564""]","[""migros""]",pinned-relative,0
2026-08-26,dairy_eggs,eggs,Yumurta,id:0TJ5,id:0TJ5,Kor Organik Yumurta 53-62 Gr 10 Adet,10.0,count,147.95,14.795,14.795,1,1,1,"[""depot:migros-564""]","[""migros""]",pinned-relative,0
2026-08-26,dairy_eggs,eggs,Yumurta,id:3W82,id:3W82,Yumurta M Boy 53-62 Gr 30 Adet,30.0,count,109.0,3.633333,3.633333,1,1,1,"[""depot:a101-6815""]","[""a101""]",pinned-relative,0
2026-08-26,dairy_eggs,eggs,Yumurta,id:0GZ3,id:0GZ3,Carrefour Yumurta 30 Adet,30.0,count,169.9,5.663333,5.663333,1,1,1,"[""depot:carrefour-5254""]","[""carrefour""]",pinned-relative,0
2026-08-26,dairy_eggs,eggs,Yumurta,id:1YPS,id:1YPS,Akyaka Gezen Yumurta M Boy 15 Adet,15.0,count,149.9,9.993333,9.993333,1,1,1,"[""depot:tarim_kredi-7488""]","[""tarim_kredi""]",pinned-relative,0
2026-08-26,dairy_eggs,eggs,Yumurta,id:1T4C,id:1T4C,Flotty Organik Yumurta 53-62 Gr 10 Adet,10.0,count,152.95,15.295,15.295,1,1,1,"[""depot:migros-564""]","[""migros""]",pinned-relative,0
2026-08-26,dairy_eggs,eggs,Yumurta,id:070D,id:070D,Carrefour Gezen Tavuk Yumurta 15 Adet,15.0,count,169.9,11.326667,11.326667,1,1,1,"[""depot:carrefour-1012""]","[""carrefour""]",pinned-relative,0
2026-08-26,dairy_eggs,eggs,Yumurta,id:0627,id:0627,Artorganik Yumurta 15 Adet,15.0,count,175.0,11.666667,11.666667,1,1,1,"[""depot:tarim_kredi-7488""]","[""tarim_kredi""]",pinned-relative,0
2026-08-26,dairy_eggs,eggs,Yumurta,id:0BGE,id:0BGE,Cityfarm Organik Yumurta 10 Adet,10.0,count,182.95,18.295,18.295,1,1,1,"[""depot:carrefour-1012""]","[""carrefour""]",pinned-relative,0
2026-08-26,dairy_eggs,cream,Krema,id:1QVH,id:1QVH,İçim Şef %18 Yağlı Krema 200 Ml,0.2,l,54.5,272.5,287.346852,3,3,3,"[""depot:carrefour-5254"",""depot:migros-1991"",""depot:tarim_kredi-7488""]","[""carrefour"",""migros"",""tarim_kredi""]",pinned-relative,0
2026-08-26,dairy_eggs,cream,Krema,id:219Y,id:219Y,Danone Bitkisel Yağlı Krema 200 Ml,0.2,l,31.0,155.0,154.265872,2,2,2,"[""depot:a101-9324"",""depot:carrefour-5254""]","[""a101"",""carrefour""]",pinned-relative,0
2026-08-26,dairy_eggs,cream,Krema,id:1OPU,id:1OPU,Tikveşli %18 Yağlı Krema 200 Ml,0.2,l,48.375,241.875,229.922048,2,2,2,"[""depot:carrefour-1012"",""depot:migros-1991""]","[""carrefour"",""migros""]",pinned-relative,0
2026-08-26,dairy_eggs,cream,Krema,id:209M,id:209M,Sütaş Yemeklik Krema 200 Ml,0.2,l,64.5,322.5,337.375,1,2,1,"[""depot:a101-6815""]","[""a101""]",pinned-relative,0
2026-08-26,dairy_eggs,cream,Krema,id:1ZO1,id:1ZO1,President %35 Yağlı Krema 200 Ml,0.2,l,79.925,399.625,399.625,2,2,2,"[""depot:carrefour-1012"",""depot:migros-6679""]","[""carrefour"",""migros""]",pinned-relative,0
2026-08-26,dairy_eggs,cream,Krema,id:0Y7E,id:0Y7E,Mis Bitkisel Yağlı Krema %20 Yağlı 200 Ml,0.2,l,21.9,109.5,109.5,1,1,1,"[""depot:sok-4707""]","[""sok""]",pinned-relative,0
2026-08-26,dairy_eggs,cream,Krema,id:21ZQ,id:21ZQ,Sana Bitkisel Yağlı Krema 200 Ml,0.2,l,34.5,172.5,172.5,1,1,1,"[""depot:a101-6815""]","[""a101""]",pinned-relative,0
2026-08-26,dairy_eggs,cream,Krema,id:1QT3,id:1QT3,Sana Bitkisel Krema 200 Ml,0.2,l,39.5,197.5,197.5,1,1,1,"[""depot:migros-4479""]","[""migros""]",pinned-relative,0
2026-08-26,dairy_eggs,cream,Krema,id:1VKH,id:1VKH,Danone Bitkisel Krema 500 Ml,0.5,l,44.5,89.0,89.0,1,1,1,"[""depot:bim-5712""]","[""bim""]",pinned-relative,0
2026-08-26,dairy_eggs,cream,Krema,id:2650,id:2650,İçim %18 Yağlı Krema 200 Ml,0.2,l,47.5,237.5,237.5,1,1,1,"[""depot:bim-5712""]","[""bim""]",pinned-relative,0
2026-08-26,dairy_eggs,cream,Krema,id:0F9H,id:0F9H,Mis Uht Krema %18 Yağlı 200 Ml,0.2,l,53.0,265.0,265.0,1,1,1,"[""depot:sok-4707""]","[""sok""]",pinned-relative,0
2026-08-26,dairy_eggs,cream,Krema,id:01RL,id:01RL,Dost %18 Yağlı Krema 200 Ml,0.2,l,53.0,265.0,265.0,1,1,1,"[""depot:bim-5712""]","[""bim""]",pinned-relative,0
2026-08-26,dairy_eggs,cream,Krema,id:0TFV,id:0TFV,Sek %18 Yağlı Krema 200 Ml,0.2,l,66.5,332.5,332.5,1,1,1,"[""depot:migros-564""]","[""migros""]",pinned-relative,0
2026-08-26,dairy_eggs,cream,Krema,id:0IUJ,id:0IUJ,Birşah Krema 200 Ml,0.2,l,69.5,347.5,347.5,1,1,1,"[""depot:a101-6815""]","[""a101""]",pinned-relative,0
2026-08-26,dairy_eggs,cream,Krema,id:05RH,id:05RH,Dost Krema 200 Ml,0.2,l,69.5,347.5,347.5,1,1,1,"[""depot:bim-5712""]","[""bim""]",pinned-relative,0
2026-08-26,dairy_eggs,cream,Krema,id:0RF7,id:0RF7,Sek Krema 200 Ml,0.2,l,96.95,484.75,484.75,1,1,1,"[""depot:migros-1991""]","[""migros""]",pinned-relative,0
2026-08-26,dairy_eggs,cream,Krema,id:0EE7,id:0EE7,İçim Şef %35 Yağlı Krema 1 Lt,1.0,l,349.95,349.95,349.95,1,1,1,"[""depot:carrefour-1012""]","[""carrefour""]",pinned-relative,0
2026-08-26,oils_fats,sunflower_oil,Ayçiçek yağı,id:1QYG,id:1QYG,Komili Ayçiçek Yağı 2 Lt,2.0,l,294.475,147.2375,144.601253,2,2,2,"[""depot:a101-6815"",""depot:migros-1991""]","[""a101"",""migros""]",pinned-relative,0
2026-08-26,oils_fats,sunflower_oil,Ayçiçek yağı,id:13WJ,id:13WJ,Safya Ayçiçek Yağı 5 Lt,5.0,l,459.0,91.8,84.85,1,1,1,"[""depot:a101-6815""]","[""a101""]",pinned-relative,0
2026-08-26,oils_fats,sunflower_oil,Ayçiçek yağı,id:0IGY,id:0IGY,Yudum Ayçiçek Yağı 4 Lt,4.0,l,499.925,124.98125,124.98125,2,2,2,"[""depot:carrefour-1012"",""depot:migros-1991""]","[""carrefour"",""migros""]",pinned-relative,0
2026-08-26,oils_fats,sunflower_oil,Ayçiçek yağı,id:0R82,id:0R82,Komili Ayçiçek Yağı 5 Lt,5.0,l,544.725,108.945,109.044232,2,2,2,"[""depot:a101-6815"",""depot:migros-1991""]","[""a101"",""migros""]",pinned-relative,0
2026-08-26,oils_fats,sunflower_oil,Ayçiçek yağı,id:0FXI,id:0FXI,Tarım Kredi Anadolu Ayçiçek Yağı 1 Lt,1.0,l,124.0,124.0,124.0,1,1,1,"[""depot:tarim_kredi-7488""]","[""tarim_kredi""]",pinned-relative,0
2026-08-26,oils_fats,sunflower_oil,Ayçiçek yağı,id:0UBH,id:0UBH,Evin Ayçiçek Yağı 1 Lt,1.0,l,125.0,125.0,125.0,1,1,1,"[""depot:sok-4707""]","[""sok""]",pinned-relative,0
2026-08-26,oils_fats,sunflower_oil,Ayçiçek yağı,id:00C5,id:00C5,Yurda Ayçiçek Yağı 1 Lt,1.0,l,125.0,125.0,125.0,1,1,1,"[""depot:hakmar-5521""]","[""hakmar""]",pinned-relative,0
2026-08-26,oils_fats,sunflower_oil,Ayçiçek yağı,id:16E9,id:16E9,Biryağ Ayçiçek Yağı 1 Lt,1.0,l,133.0,133.0,133.0,1,1,1,"[""depot:hakmar-5521""]","[""hakmar""]",pinned-relative,0
2026-08-26,oils_fats,sunflower_oil,Ayçiçek yağı,id:10QF,id:10QF,Orkide Ayçiçek Yağı 2 Lt,2.0,l,199.0,99.5,99.5,1,1,1,"[""depot:a101-9324""]","[""a101""]",pinned-relative,0
2026-08-26,oils_fats,sunflower_oil,Ayçiçek yağı,id:0Q0P,id:0Q0P,Komili Ayçiçek Yağı 1 Lt,1.0,l,214.95,214.95,214.95,1,1,1,"[""depot:migros-1991""]","[""migros""]",pinned-relative,0
2026-08-26,oils_fats,sunflower_oil,Ayçiçek yağı,id:03MX,id:03MX,Sole Ayçiçek Yağı 2 Lt,2.0,l,235.0,117.5,117.5,1,1,1,"[""depot:bim-5712""]","[""bim""]",pinned-relative,0
2026-08-26,oils_fats,sunflower_oil,Ayçiçek yağı,id:035F,id:035F,Carrefour Ayçiçek Yağı 2 Lt,2.0,l,235.5,117.75,117.75,1,1,1,"[""depot:carrefour-5254""]","[""carrefour""]",pinned-relative,0
2026-08-26,oils_fats,sunflower_oil,Ayçiçek yağı,id:09AO,id:09AO,Yurda Ayçiçek Yağı 2 Lt,2.0,l,235.0,117.5,117.5,1,1,1,"[""depot:hakmar-5521""]","[""hakmar""]",pinned-relative,0
2026-08-26,oils_fats,sunflower_oil,Ayçiçek yağı,id:0PFE,id:0PFE,Biryağ Ayçiçek Yağı 2 Lt,2.0,l,199.99,99.995,99.995,1,1,1,"[""depot:carrefour-1012""]","[""carrefour""]",pinned-relative,0
2026-08-26,oils_fats,sunflower_oil,Ayçiçek yağı,id:088G,id:088G,Komili Ayçiçek Yağı 4 Lt,4.0,l,399.9,99.975,99.975,1,1,1,"[""depot:carrefour-5254""]","[""carrefour""]",pinned-relative,0
2026-08-26,oils_fats,sunflower_oil,Ayçiçek yağı,id:0B87,id:0B87,Tmo Ayçiçek Yağı 5 Lt,5.0,l,410.0,82.0,82.0,1,1,1,"[""depot:tarim_kredi-7488""]","[""tarim_kredi""]",pinned-relative,0
2026-08-26,oils_fats,sunflower_oil,Ayçiçek yağı,id:1F5L,id:1F5L,Turna Ayçiçek Yağı 5 Lt,5.0,l,429.0,85.8,85.8,1,1,1,"[""depot:bim-5712""]","[""bim""]",pinned-relative,0
2026-08-26,oils_fats,sunflower_oil,Ayçiçek yağı,id:0S9X,id:0S9X,Evin Ayçiçek Yağı 5 Lt,5.0,l,479.0,95.8,95.8,1,1,1,"[""depot:sok-4707""]","[""sok""]",pinned-relative,0
2026-08-26,oils_fats,sunflower_oil,Ayçiçek yağı,id:00F9,id:00F9,Yurda Ayçiçek Yağı 5 Lt,5.0,l,479.0,95.8,95.8,1,1,1,"[""depot:hakmar-5521""]","[""hakmar""]",pinned-relative,0
2026-08-26,oils_fats,sunflower_oil,Ayçiçek yağı,id:08FY,id:08FY,Yudum Ayçiçek Yağı 3 Lt,3.0,l,479.95,159.983333,159.983333,1,1,1,"[""depot:migros-1991""]","[""migros""]",pinned-relative,0
2026-08-26,oils_fats,sunflower_oil,Ayçiçek yağı,id:03OP,id:03OP,Kırlangıç Ayçiçek Yağı 5 Lt,5.0,l,495.0,99.0,99.0,1,1,1,"[""depot:hakmar-5521""]","[""hakmar""]",pinned-relative,0
2026-08-26,oils_fats,sunflower_oil,Ayçiçek yağı,id:11LQ,id:11LQ,Yudum Ayçiçek Yağı 4.5 Lt,4.5,l,449.0,99.777778,99.777778,1,1,1,"[""depot:a101-6815""]","[""a101""]",pinned-relative,0
2026-08-26,oils_fats,olive_oil,Zeytinyağı,id:0YR4,id:0YR4,Yudum Egemden Riviera Zeytinyağı 1 Lt,1.0,l,325.975,325.975,312.15502,2,3,2,"[""depot:a101-6815"",""depot:carrefour-5254""]","[""a101"",""carrefour""]",pinned-relative,0
2026-08-26,oils_fats,olive_oil,Zeytinyağı,id:1ZC5,id:1ZC5,Yudum Egemden Riviera Zeytinyağı 2 Lt,2.0,l,669.925,334.9625,333.061588,2,2,2,"[""depot:carrefour-1012"",""depot:migros-1991""]","[""carrefour"",""migros""]",pinned-relative,0
2026-08-26,oils_fats,olive_oil,Zeytinyağı,id:1K9O,id:1K9O,Tariş Kuzey Ege Sızma Zeytinyağı 1 Lt,1.0,l,639.95,639.95,640.284136,2,2,2,"[""depot:carrefour-1012"",""depot:migros-3296""]","[""carrefour"",""migros""]",pinned-relative,0
2026-08-26,oils_fats,olive_oil,Zeytinyağı,id:1T5W,id:1T5W,Tariş Riviera Zeytinyağı 2 Lt,2.0,l,869.95,434.975,435.358239,2,2,2,"[""depot:carrefour-1012"",""depot:migros-1991""]","[""carrefour"",""migros""]",pinned-relative,0
2026-08-26,oils_fats,olive_oil,Zeytinyağı,id:1IB0,id:1IB0,Komili Riviera Zeytinyağı 500 Ml,0.5,l,204.9,409.8,409.8,1,1,1,"[""depot:carrefour-5254""]","[""carrefour""]",pinned-relative,0
2026-08-26,oils_fats,olive_oil,Zeytinyağı,id:0ZNS,id:0ZNS,Zeo Sızma Zeytinyağı 1 Lt,1.0,l,310.0,310.0,310.0,1,1,1,"[""depot:a101-6815""]","[""a101""]",pinned-relative,0
2026-08-26,oils_fats,olive_oil,Zeytinyağı,id:23FY,id:23FY,Kristal Anatolia Sızma Zeytinyağı 1 Lt,1.0,l,325.0,325.0,325.0,1,1,1,"[""depot:a101-4141""]","[""a101""]",pinned-relative,0
2026-08-26,oils_fats,olive_oil,Zeytinyağı,id:06ZY,id:06ZY,Monini Sarımsaklı Ve Acı Biberli Zeytinyağı 250 Ml,0.25,l,574.9,2299.6,2299.6,1,1,1,"[""depot:carrefour-1012""]","[""carrefour""]",pinned-relative,0
2026-08-26,oils_fats,olive_oil,Zeytinyağı,id:114S,id:114S,Yudum Egemden Yalın Sızma Zeytinyağı 1 Lt,1.0,l,279.0,279.0,279.0,1,1,1,"[""depot:a101-6815""]","[""a101""]",pinned-relative,0
2026-08-26,oils_fats,olive_oil,Zeytinyağı,id:1Y3O,id:1Y3O,Komili Riviera Zeytinyağı 1 Lt,1.0,l,399.95,399.95,399.95,1,1,1,"[""depot:carrefour-1012""]","[""carrefour""]",pinned-relative,0
2026-08-26,oils_fats,olive_oil,Zeytinyağı,id:0PFF,id:0PFF,Tariş Naturel Sızma Zeytinyağı 750 Ml,0.75,l,455.9,607.866667,607.866667,1,1,1,"[""depot:carrefour-1012""]","[""carrefour""]",pinned-relative,0
2026-08-26,oils_fats,olive_oil,Zeytinyağı,id:02BI,id:02BI,Tarım Kredi Anadolu Riviera Zeytinyağı 2 Lt,2.0,l,505.0,252.5,252.5,1,1,1,"[""depot:tarim_kredi-7488""]","[""tarim_kredi""]",pinned-relative,0
2026-08-26,oils_fats,olive_oil,Zeytinyağı,id:0IE3,id:0IE3,Lio Riviera Zeytinyağı 2 Lt,2.0,l,510.0,255.0,255.0,1,1,1,"[""depot:sok-4707""]","[""sok""]",pinned-relative,0
2026-08-26,oils_fats,butter,Tereyağı,id:1ZW9,id:1ZW9,Sek Tereyağı 200 Gr,0.2,kg,191.95,959.75,959.75,2,2,2,"[""depot:carrefour-1012"",""depot:migros-1991""]","[""carrefour"",""migros""]",pinned-relative,0
2026-08-26,oils_fats,butter,Tereyağı,id:1PGX,id:1PGX,İçim Tereyağı 1 Kg,1.0,kg,936.45,936.45,936.45,2,2,2,"[""depot:carrefour-5254"",""depot:migros-1991""]","[""carrefour"",""migros""]",pinned-relative,0
2026-08-26,oils_fats,butter,Tereyağı,id:035D,id:035D,Mis Tereyağı 250 Gr,0.25,kg,155.0,620.0,620.0,1,1,1,"[""depot:sok-4707""]","[""sok""]",pinned-relative,0
2026-08-26,oils_fats,butter,Tereyağı,id:07U3,id:07U3,Carrefour Tereyağı 250 Gr,0.25,kg,139.0,556.0,556.0,1,1,1,"[""depot:carrefour-5254""]","[""carrefour""]",pinned-relative,0
2026-08-26,oils_fats,butter,Tereyağı,id:1Z42,id:1Z42,President Tuzsuz Tereyağı 200 Gr,0.2,kg,189.95,949.75,949.75,1,1,1,"[""depot:carrefour-1012""]","[""carrefour""]",pinned-relative,0
2026-08-26,oils_fats,butter,Tereyağı,id:03CA,id:03CA,Carrefour Kozalak Tereyağı 350 Gr,0.35,kg,219.5,627.142857,627.142857,1,1,1,"[""depot:carrefour-5254""]","[""carrefour""]",pinned-relative,0
2026-08-26,oils_fats,butter,Tereyağı,id:11LB,id:11LB,Torku Tereyağı 250 Gr,0.25,kg,249.0,996.0,996.0,1,1,1,"[""depot:a101-6815""]","[""a101""]",pinned-relative,0
2026-08-26,oils_fats,butter,Tereyağı,id:10QB,id:10QB,Mis Tereyağı 500 Gr,0.5,kg,279.0,558.0,558.0,1,1,1,"[""depot:sok-4707""]","[""sok""]",pinned-relative,0
2026-08-26,oils_fats,butter,Tereyağı,id:061Z,id:061Z,Tarsüt Tereyağı 500 Gr,0.5,kg,259.0,518.0,518.0,1,1,1,"[""depot:tarim_kredi-7488""]","[""tarim_kredi""]",pinned-relative,0
2026-08-26,oils_fats,butter,Tereyağı,id:0WEU,id:0WEU,Mis Tuzlu Tereyağı 500 Gr,0.5,kg,295.0,590.0,590.0,1,1,1,"[""depot:sok-4707""]","[""sok""]",pinned-relative,0
2026-08-26,oils_fats,butter,Tereyağı,id:0FN3,id:0FN3,Carrefour Tereyağı 500 Gr,0.5,kg,309.9,619.8,619.8,1,1,1,"[""depot:carrefour-5254""]","[""carrefour""]",pinned-relative,0
2026-08-26,oils_fats,butter,Tereyağı,id:10VH,id:10VH,Kaanlar Tereyağı 500 Gr,0.5,kg,319.0,638.0,638.0,1,1,1,"[""depot:a101-6815""]","[""a101""]",pinned-relative,0
2026-08-26,oils_fats,butter,Tereyağı,id:116W,id:116W,Milkten Tereyağı 1 Kg,1.0,kg,469.0,469.0,469.0,1,1,1,"[""depot:a101-6815""]","[""a101""]",pinned-relative,0
2026-08-26,oils_fats,butter,Tereyağı,id:09MW,id:09MW,Göynük Tereyağı 1 Kg,1.0,kg,499.0,499.0,499.0,1,1,1,"[""depot:hakmar-5521""]","[""hakmar""]",pinned-relative,0
2026-08-26,oils_fats,butter,Tereyağı,id:0HE1,id:0HE1,Hasmandıra Kova Tereyağı 500 Gr,0.5,kg,509.95,1019.9,1019.9,1,1,1,"[""depot:migros-1991""]","[""migros""]",pinned-relative,0
2026-08-26,oils_fats,butter,Tereyağı,id:011E,id:011E,Vtr Tereyağı 500 Gr,0.5,kg,619.75,1239.5,1239.5,1,1,1,"[""depot:carrefour-1012""]","[""carrefour""]",pinned-relative,0
2026-08-26,oils_fats,butter,Tereyağı,id:0QVB,id:0QVB,Sütaş Dilimli Tereyağı 1 Kg,1.0,kg,949.95,949.95,949.95,1,1,1,"[""depot:migros-1991""]","[""migros""]",pinned-relative,0
2026-08-26,oils_fats,butter,Tereyağı,id:1S72,id:1S72,Pınar Tereyağı 1 Kg,1.0,kg,845.0,845.0,845.0,1,1,1,"[""depot:migros-1991""]","[""migros""]",pinned-relative,0
2026-08-26,oils_fats,margarine,Margarin,id:1VZY,id:1VZY,Bizim Paket Margarin 250 Gr,0.25,kg,51.5,206.0,233.634674,6,7,6,"[""depot:a101-6815"",""depot:bim-5712"",""depot:hakmar-5521"",""depot:migros-1991"",""depot:sok-4707"",""depot:tarim_kredi-7488""]","[""a101"",""bim"",""hakmar"",""migros"",""sok"",""tarim_kredi""]",pinned-relative,0
2026-08-26,oils_fats,margarine,Margarin,id:1YL0,id:1YL0,Ülker Teremyağ Paket Margarin 250 Gr,0.25,kg,61.0,244.0,204.511714,5,5,5,"[""depot:bim-5712"",""depot:carrefour-5254"",""depot:migros-1991"",""depot:sok-4707"",""depot:tarim_kredi-7488""]","[""bim"",""carrefour"",""migros"",""sok"",""tarim_kredi""]",pinned-relative,0
2026-08-26,oils_fats,margarine,Margarin,id:1S4F,id:1S4F,Terem Kase Margarin 250 Gr,0.25,kg,72.75,291.0,291.0,4,4,4,"[""depot:carrefour-5254"",""depot:migros-1991"",""depot:sok-4707"",""depot:tarim_kredi-7488""]","[""carrefour"",""migros"",""sok"",""tarim_kredi""]",pinned-relative,0
2026-08-26,oils_fats,margarine,Margarin,id:1MU6,id:1MU6,Terem Kase Margarin 500 Gr,0.5,kg,113.75,227.5,240.61723,3,3,3,"[""depot:carrefour-1012"",""depot:migros-1991"",""depot:tarim_kredi-7488""]","[""carrefour"",""migros"",""tarim_kredi""]",pinned-relative,0
2026-08-26,oils_fats,margarine,Margarin,id:1GXJ,id:1GXJ,Bizim Paket Margarin 6x250 Gr,1.5,kg,199.9,133.266667,132.037622,3,3,3,"[""depot:a101-4217"",""depot:migros-564"",""depot:tarim_kredi-7488""]","[""a101"",""migros"",""tarim_kredi""]",pinned-relative,0
2026-08-26,oils_fats,margarine,Margarin,id:1W72,id:1W72,Becel Zeytinyağlı Kase Margarin 250 Gr,0.25,kg,85.5,342.0,342.042583,2,2,2,"[""depot:migros-3296"",""depot:sok-4707""]","[""migros"",""sok""]",pinned-relative,0
2026-08-26,oils_fats,margarine,Margarin,id:0IQ3,id:0IQ3,Becel Zeytinyağlı Kase Margarin 500 Gr,0.5,kg,136.325,272.65,268.199118,2,2,2,"[""depot:carrefour-1012"",""depot:migros-1991""]","[""carrefour"",""migros""]",pinned-relative,0
2026-08-26,oils_fats,margarine,Margarin,id:1QNS,id:1QNS,Terem Paket Margarin 750 Gr,0.75,kg,127.725,170.3,170.521849,2,2,2,"[""depot:carrefour-1012"",""depot:migros-1991""]","[""carrefour"",""migros""]",pinned-relative,0
2026-08-26,oils_fats,margarine,Margarin,id:21SH,id:21SH,Evin Margarin 250 Gr,0.25,kg,26.0,104.0,104.0,1,1,1,"[""depot:sok-4707""]","[""sok""]",pinned-relative,0
2026-08-26,oils_fats,margarine,Margarin,id:1A3Q,id:1A3Q,Yurda Paket Margarin 250 Gr,0.25,kg,26.0,104.0,104.0,1,1,1,"[""depot:hakmar-5521""]","[""hakmar""]",pinned-relative,0
2026-08-26,oils_fats,margarine,Margarin,id:0398,id:0398,Birma Paket Margarin 250 Gr,0.25,kg,30.0,120.0,120.0,1,1,1,"[""depot:hakmar-5521""]","[""hakmar""]",pinned-relative,0
2026-08-26,oils_fats,margarine,Margarin,id:1LQL,id:1LQL,Hesaplı Sabah Paket Margarin 250 Gr,0.25,kg,43.5,174.0,174.0,1,1,1,"[""depot:carrefour-1012""]","[""carrefour""]",pinned-relative,0
2026-08-26,oils_fats,margarine,Margarin,id:0Q71,id:0Q71,Sana Klasik Margarin 250 Gr,0.25,kg,51.5,206.0,206.0,1,1,1,"[""depot:a101-6815""]","[""a101""]",pinned-relative,0
2026-08-26,oils_fats,margarine,Margarin,id:17N0,id:17N0,Teremyağ Paket Margarin 250 Gr,0.25,kg,62.0,248.0,248.0,1,1,1,"[""depot:a101-6815""]","[""a101""]",pinned-relative,0
2026-08-26,oils_fats,margarine,Margarin,id:2AEB,id:2AEB,Terem Paket Margarin 250 Gr,0.25,kg,62.0,248.0,248.0,1,1,1,"[""depot:hakmar-5521""]","[""hakmar""]",pinned-relative,0
2026-08-26,oils_fats,margarine,Margarin,id:29X7,id:29X7,Terem Kase Margarin 250 Gr,0.25,kg,76.5,306.0,306.0,1,1,1,"[""depot:hakmar-5521""]","[""hakmar""]",pinned-relative,0
2026-08-26,oils_fats,margarine,Margarin,id:1RGC,id:1RGC,Sana Margarin Kase 500 Gr,0.5,kg,127.9,255.8,255.8,1,1,1,"[""depot:migros-1991""]","[""migros""]",pinned-relative,0
2026-08-26,oils_fats,margarine,Margarin,id:01EP,id:01EP,Ülker Gurme Kaymaklı Tereyağlı Kase Margarin 500 Gr,0.5,kg,152.0,304.0,304.0,1,1,1,"[""depot:bim-5712""]","[""bim""]",pinned-relative,0
2026-08-26,oils_fats,margarine,Margarin,id:1JDA,id:1JDA,Becel Margarin 500 Gr,0.5,kg,104.9,209.8,209.8,1,1,1,"[""depot:carrefour-1012""]","[""carrefour""]",pinned-relative,0
2026-08-26,oils_fats,margarine,Margarin,id:2MYW,id:2MYW,Ülker Terem Paket Margarin 3x250 Gr,0.75,kg,119.0,158.666667,158.666667,1,1,1,"[""depot:sok-7017""]","[""sok""]",pinned-relative,0
2026-08-26,oils_fats,margarine,Margarin,id:0QQ1,id:0QQ1,Bizim Margarin Paket 1 Kg,1.0,kg,145.0,145.0,145.0,1,1,1,"[""depot:bim-5712""]","[""bim""]",pinned-relative,0
2026-08-26,oils_fats,corn_oil,Mısırözü yağı,id:19GB,id:19GB,Sırma Mısırözü Yağı 2 Lt,2.0,l,149.5,74.75,74.75,1,1,1,"[""depot:a101-6815""]","[""a101""]",pinned-relative,0
2026-08-26,fruit,banana,Muz,id:1Y3Q,id:1Y3Q,Yerli Muz 1 Kg,1.0,kg,82.4,82.4,82.854012,4,5,4,"[""depot:bim-5712"",""depot:carrefour-5254"",""depot:sok-1017"",""depot:tarim_kredi-7488""]","[""bim"",""carrefour"",""sok"",""tarim_kredi""]",pinned-relative,0
2026-08-26,fruit,banana,Muz,id:1ZTS,id:1ZTS,Eti Hoşbeş Muz Kremalı Gofret 120 Gr,0.12,kg,54.45,453.75,408.333333,2,3,2,"[""depot:a101-4141"",""depot:migros-3296""]","[""a101"",""migros""]",pinned-relative,0
2026-08-26,fruit,banana,Muz,id:1PJY,id:1PJY,İthal Muz 1 Kg,1.0,kg,109.95,109.95,113.214531,2,3,2,"[""depot:bim-5712"",""depot:carrefour-1012""]","[""bim"",""carrefour""]",pinned-relative,0
2026-08-26,fruit,banana,Muz,id:1YFD,id:1YFD,Ülker Dankek Muz Kremalı Rulo Kek 28 Gr,0.028,kg,12.45,444.642857,448.335717,2,2,2,"[""depot:migros-4479"",""depot:sok-4707""]","[""migros"",""sok""]",pinned-relative,0
2026-08-26,fruit,banana,Muz,id:20UI,id:20UI,Gerber Organik Muz Yaban Mersini Elma Püre 90 Gr,0.09,kg,139.9,1554.444444,1554.722222,1,2,1,"[""depot:carrefour-1012""]","[""carrefour""]",pinned-relative,0
2026-08-26,fruit,banana,Muz,id:037M,id:037M,9 Kat Muz Kremalı Gofret 39 Gr,0.039,kg,9.5,243.589744,243.589744,1,1,1,"[""depot:a101-4102""]","[""a101""]",pinned-relative,0
2026-08-26,fruit,banana,Muz,id:11LL,id:11LL,Eti Bidolu Muz Kremalı Gofret 81 Gr,0.081,kg,27.0,333.333333,333.333333,1,1,1,"[""depot:a101-6815""]","[""a101""]",pinned-relative,0
2026-08-26,fruit,banana,Muz,id:0WTB,id:0WTB,Dr. Oetker Puding Çilek-Muz 2'li 240 Gr,0.24,kg,44.5,185.416667,185.416667,1,1,1,"[""depot:a101-6815""]","[""a101""]",pinned-relative,0
2026-08-26,fruit,banana,Muz,id:0VHA,id:0VHA,Hipp Organik Elma Ve Muz Püresi 190 Gr,0.19,kg,74.63,392.789474,392.789474,1,1,1,"[""depot:carrefour-1012""]","[""carrefour""]",pinned-relative,0
2026-08-26,fruit,banana,Muz,id:1RUD,id:1RUD,Oneo Bubble Dev Çilek Muz Süt Sakız 76 Gr,0.076,kg,75.0,986.842105,986.842105,1,1,1,"[""depot:carrefour-1012""]","[""carrefour""]",pinned-relative,0
2026-08-26,fruit,banana,Muz,id:1QLI,id:1QLI,Hero Baby Goodies Muz Portakal Bisküvili Püre 100 Gr,0.1,kg,89.9,899.0,899.0,1,1,1,"[""depot:carrefour-1012""]","[""carrefour""]",pinned-relative,0
2026-08-26,fruit,banana,Muz,id:1IKN,id:1IKN,Fellas Yüksek Protein Bar Muz 45 Gr,0.045,kg,99.95,2221.111111,2221.111111,1,1,1,"[""depot:migros-4479""]","[""migros""]",pinned-relative,0
2026-08-26,fruit,banana,Muz,id:1R97,id:1R97,Gerber Organik Yulaflı Elma Çilek ve Muz Püre 110 Gr,0.11,kg,171.5,1559.090909,1559.090909,1,1,1,"[""depot:carrefour-1012""]","[""carrefour""]",pinned-relative,0
2026-08-26,fruit,apple,Elma,id:1PV7,id:1PV7,Starking Elma 1 Kg,1.0,kg,89.0,89.0,89.0,3,3,3,"[""depot:bim-5712"",""depot:sok-7017"",""depot:tarim_kredi-5022""]","[""bim"",""sok"",""tarim_kredi""]",pinned-relative,0
2026-08-26,fruit,apple,Elma,id:1YLK,id:1YLK,Olips Elma Aromalı Yumuşak Şeker 47 Gr,0.047,kg,10.0,212.765957,351.06383,1,2,1,"[""depot:a101-4217""]","[""a101""]",pinned-relative,0
2026-08-26,fruit,apple,Elma,id:1YPV,id:1YPV,Golden Elma 1 Kg,1.0,kg,64.45,64.45,64.45,2,2,2,"[""depot:bim-5712"",""depot:tarim_kredi-5022""]","[""bim"",""tarim_kredi""]",pinned-relative,0
2026-08-26,fruit,apple,Elma,id:120I,id:120I,Granny Smith Elma 1 Kg,1.0,kg,104.45,104.45,104.45,2,2,2,"[""depot:bim-5712"",""depot:carrefour-5254""]","[""bim"",""carrefour""]",pinned-relative,0
2026-08-26,fruit,apple,Elma,id:01MZ,id:01MZ,Ekonomik Elma 1 Kg,1.0,kg,55.0,55.0,55.0,1,1,1,"[""depot:bim-5712""]","[""bim""]",pinned-relative,0
2026-08-26,fruit,apple,Elma,id:09LE,id:09LE,Çıtır Elma Crispy Katkısız Elma Cipsi 50 Gr,0.05,kg,95.9,1918.0,1918.0,1,1,1,"[""depot:carrefour-1012""]","[""carrefour""]",pinned-relative,0
2026-08-26,fruit,apple,Elma,id:002K,id:002K,Beta Tea Fruitea Collection Elma 40 Gr,0.04,kg,81.75,2043.75,2043.75,1,1,1,"[""depot:carrefour-1012""]","[""carrefour""]",pinned-relative,0
2026-08-26,fruit,apple,Elma,id:10OZ,id:10OZ,Granny Elma 1 Kg,1.0,kg,84.9,84.9,84.9,1,1,1,"[""depot:tarim_kredi-5022""]","[""tarim_kredi""]",pinned-relative,0
2026-08-26,fruit,apple,Elma,id:20M0,id:20M0,Cavendish & Harvey Elma Dolgulu Frenk Üzümlü Şeker 175 Gr,0.175,kg,259.0,1480.0,1480.0,1,1,1,"[""depot:carrefour-1012""]","[""carrefour""]",pinned-relative,0
2026-08-26,fruit,orange,Portakal,id:1XU1,id:1XU1,Eti Bumbo Portakal Aromalı 110 Gr,0.11,kg,27.475,249.772727,248.715709,2,2,2,"[""depot:a101-6815"",""depot:sok-4707""]","[""a101"",""sok""]",pinned-relative,0
2026-08-26,fruit,orange,Portakal,id:1PPK,id:1PPK,Eti Popkek Portakal Kremalı 60 Gr,0.06,kg,14.95,249.166667,249.166667,1,1,1,"[""depot:migros-1991""]","[""migros""]",pinned-relative,0
2026-08-26,fruit,orange,Portakal,id:1DKG,id:1DKG,Tempo Portakal Soslu Bisküvi 114 Gr,0.114,kg,16.5,144.736842,144.736842,1,1,1,"[""depot:sok-4707""]","[""sok""]",pinned-relative,0
2026-08-26,fruit,orange,Portakal,id:11FN,id:11FN,Xroll Jeli Portakal Jöleli Bisküvi 114 Gr,0.114,kg,16.5,144.736842,144.736842,1,1,1,"[""depot:a101-6815""]","[""a101""]",pinned-relative,0
2026-08-26,fruit,orange,Portakal,id:1T1B,id:1T1B,Olips Zero Şekersiz Limon Portakal Greyfurt Aromalı 28 Gr,0.028,kg,41.95,1498.214286,1498.214286,1,1,1,"[""depot:carrefour-5254""]","[""carrefour""]",pinned-relative,0
2026-08-26,fruit,orange,Portakal,id:072E,id:072E,Portakal Sıkmalık 1 Kg,1.0,kg,49.9,49.9,49.9,1,1,1,"[""depot:sok-7017""]","[""sok""]",pinned-relative,0
2026-08-26,fruit,orange,Portakal,id:1ZVE,id:1ZVE,Eti Paykek Mini Kakaolu Portakal 150 Gr,0.15,kg,55.45,369.666667,369.666667,1,1,1,"[""depot:carrefour-1012""]","[""carrefour""]",pinned-relative,0
2026-08-26,fruit,orange,Portakal,id:0I4Y,id:0I4Y,Portakal Valencia 1 Kg,1.0,kg,59.9,59.9,59.9,1,1,1,"[""depot:carrefour-1012""]","[""carrefour""]",pinned-relative,0
2026-08-26,fruit,orange,Portakal,id:1LFJ,id:1LFJ,Torku Mevlana Şekeri Kakao Portakal 450 Gr,0.45,kg,79.9,177.555556,177.555556,1,1,1,"[""depot:tarim_kredi-5022""]","[""tarim_kredi""]",pinned-relative,0
2026-08-26,fruit,orange,Portakal,id:1Q21,id:1Q21,St. Dalfour Zencefil Portakal Reçeli 284 Gr,0.284,kg,359.9,1267.253521,1267.253521,1,1,1,"[""depot:carrefour-1012""]","[""carrefour""]",pinned-relative,0
2026-08-26,fruit,mandarin,Mandalina,id:1Z2K,id:1Z2K,Hero Baby Muz Mandalina Armut 125 Gr,0.125,kg,58.95,471.6,471.6,2,2,2,"[""depot:carrefour-1012"",""depot:sok-4707""]","[""carrefour"",""sok""]",pinned-relative,0
2026-08-26,fruit,lemon,Limon,id:1X2U,id:1X2U,Limon 1 Kg,1.0,kg,79.0,79.0,79.0,4,4,4,"[""depot:a101-6815"",""depot:bim-5712"",""depot:sok-1017"",""depot:tarim_kredi-7488""]","[""a101"",""bim"",""sok"",""tarim_kredi""]",pinned-relative,0
2026-08-26,fruit,lemon,Limon,id:1HVH,id:1HVH,Doritos Acı Biber & Limon Mısır Cipsi 125 Gr,0.125,kg,55.5,444.0,444.0,1,1,1,"[""depot:a101-6815""]","[""a101""]",pinned-relative,0
2026-08-26,fruit,lemon,Limon,id:07O0,id:07O0,Limon Lamas 1 Kg,1.0,kg,89.0,89.0,89.0,1,1,1,"[""depot:carrefour-5254""]","[""carrefour""]",pinned-relative,0
2026-08-26,fruit,lemon,Limon,id:3X6X,id:3X6X,Pril Klasik Limon 4 Kg,4.0,kg,299.0,74.75,74.75,1,1,1,"[""depot:sok-4707""]","[""sok""]",pinned-relative,0
2026-08-26,fruit,pear,Armut,id:1YPF,id:1YPF,Santa Maria Armut 1 Kg,1.0,kg,79.9,79.9,95.816174,3,5,3,"[""depot:bim-5712"",""depot:carrefour-5254"",""depot:sok-1017""]","[""bim"",""carrefour"",""sok""]",pinned-relative,0
2026-08-26,fruit,pear,Armut,id:1UXU,id:1UXU,Gerber Organik Muz Elma Armut Püre 90 Gr,0.09,kg,139.9,1554.444444,1554.444444,1,2,1,"[""depot:carrefour-1012""]","[""carrefour""]",pinned-relative,0
2026-08-26,fruit,pear,Armut,id:0HM0,id:0HM0,Hero Baby Armut Ananas Şeftali 120 Gr,0.12,kg,65.9,549.166667,549.166667,1,1,1,"[""depot:carrefour-1012""]","[""carrefour""]",pinned-relative,0
2026-08-26,fruit,pear,Armut,id:1MYF,id:1MYF,HiPP Organik Armut Püresi 125 Gr,0.125,kg,71.18,569.44,569.44,1,1,1,"[""depot:carrefour-1012""]","[""carrefour""]",pinned-relative,0
2026-08-26,fruit,pear,Armut,id:1X3S,id:1X3S,Deveci Armut 1 Kg,1.0,kg,79.0,79.0,79.0,1,1,1,"[""depot:bim-5712""]","[""bim""]",pinned-relative,0
2026-08-26,fruit,pear,Armut,id:1Q4E,id:1Q4E,Hipp Organik Kivili Muzlu Armut Püresi 100 Gr,0.1,kg,95.9,959.0,959.0,1,1,1,"[""depot:carrefour-1012""]","[""carrefour""]",pinned-relative,0
2026-08-26,fruit,pear,Armut,id:1NJN,id:1NJN,Hipp Organik Muzlu Elmalı Armut Püresi 100 Gr,0.1,kg,95.9,959.0,959.0,1,1,1,"[""depot:carrefour-1012""]","[""carrefour""]",pinned-relative,0
2026-08-26,fruit,peach,Şeftali,id:1M71,id:1M71,Şeftali 1 Kg,1.0,kg,75.0,75.0,68.888667,3,4,3,"[""depot:a101-4141"",""depot:bim-5712"",""depot:carrefour-5254""]","[""a101"",""bim"",""carrefour""]",pinned-relative,0
2026-08-26,fruit,peach,Şeftali,id:1YL2,id:1YL2,Eti Popkek Şeftali Kaplamalı Kek 55 Gr,0.055,kg,14.0,254.545455,254.545455,2,2,2,"[""depot:bim-5712"",""depot:tarim_kredi-5022""]","[""bim"",""tarim_kredi""]",pinned-relative,0
2026-08-26,fruit,peach,Şeftali,id:0T4W,id:0T4W,Haribo Şeftali 70 Gr,0.07,kg,44.95,642.142857,642.142857,1,1,1,"[""depot:migros-1991""]","[""migros""]",pinned-relative,0
2026-08-26,fruit,peach,Şeftali,id:00SE,id:00SE,Dost Çilek Frambuaz Şeftali Meyveli Yoğurt 250 Gr,0.25,kg,39.5,158.0,158.0,1,1,1,"[""depot:bim-5712""]","[""bim""]",pinned-relative,0
2026-08-26,fruit,peach,Şeftali,id:1GZN,id:1GZN,Bebeto Şeftali Yumuşak Şeker 400 Gr,0.4,kg,69.5,173.75,173.75,1,1,1,"[""depot:a101-4141""]","[""a101""]",pinned-relative,0
2026-08-26,fruit,grape,Üzüm,id:1Y3T,id:1Y3T,Siyah Üzüm 1 Kg,1.0,kg,99.475,99.475,101.676347,4,5,4,"[""depot:a101-4141"",""depot:carrefour-5254"",""depot:hakmar-5521"",""depot:sok-1017""]","[""a101"",""carrefour"",""hakmar"",""sok""]",pinned-relative,0
2026-08-26,fruit,grape,Üzüm,id:1EOA,id:1EOA,Çekirdeksiz Üzüm 1 Kg,1.0,kg,59.0,59.0,62.063768,3,3,3,"[""depot:bim-5712"",""depot:carrefour-1012"",""depot:sok-1017""]","[""bim"",""carrefour"",""sok""]",pinned-relative,0
2026-08-26,fruit,grape,Üzüm,id:3W9R,id:3W9R,Üzüm 1 Kg,1.0,kg,69.95,69.95,81.355525,1,2,1,"[""depot:hakmar-5521""]","[""hakmar""]",pinned-relative,0
2026-08-26,fruit,grape,Üzüm,id:0RSP,id:0RSP,Çerezya Kuru Üzüm 500 Gr,0.5,kg,99.5,199.0,199.0,1,1,1,"[""depot:a101-6815""]","[""a101""]",pinned-relative,0
2026-08-26,fruit,grape,Üzüm,id:077W,id:077W,Simbat Kuru Üzüm 500 Gr,0.5,kg,99.5,199.0,199.0,1,1,1,"[""depot:bim-5712""]","[""bim""]",pinned-relative,0
2026-08-26,fruit,grape,Üzüm,id:04S9,id:04S9,Tarım Kredi Siyah Çekirdekli Kuru Üzüm 200 Gr,0.2,kg,99.5,497.5,497.5,1,1,1,"[""depot:tarim_kredi-7488""]","[""tarim_kredi""]",pinned-relative,0
2026-08-26,fruit,grape,Üzüm,id:0K50,id:0K50,Tarım Kredi Çekirdeksiz Kuru Üzüm 500 Gr,0.5,kg,119.0,238.0,238.0,1,1,1,"[""depot:tarim_kredi-7488""]","[""tarim_kredi""]",pinned-relative,0
2026-08-26,fruit,grape,Üzüm,id:1IQD,id:1IQD,Eti Lifalif Granola Yer Fıstığı Üzüm Fındık Badem 200 Gr,0.2,kg,179.95,899.75,899.75,1,1,1,"[""depot:migros-1991""]","[""migros""]",pinned-relative,0
2026-08-26,fruit,grape,Üzüm,id:01LG,id:01LG,Tarım Kredi Çekirdeksiz Kuru Üzüm 1 Kg,1.0,kg,209.0,209.0,209.0,1,1,1,"[""depot:tarim_kredi-7488""]","[""tarim_kredi""]",pinned-relative,0
2026-08-26,fruit,grape,Üzüm,id:0EQL,id:0EQL,Tarım Kredi Üzüm Pekmezi 800 Gr,0.8,kg,209.9,262.375,262.375,1,1,1,"[""depot:tarim_kredi-7488""]","[""tarim_kredi""]",pinned-relative,0
2026-08-26,fruit,grape,Üzüm,id:0E9N,id:0E9N,Kuru Üzüm 1 Kg,1.0,kg,279.9,279.9,279.9,1,1,1,"[""depot:carrefour-5254""]","[""carrefour""]",pinned-relative,0
2026-08-26,fruit,grape,Üzüm,id:20I4,id:20I4,Koska Üzüm Pekmezi 800 Gr,0.8,kg,288.75,360.9375,360.9375,1,1,1,"[""depot:migros-1991""]","[""migros""]",pinned-relative,0
2026-08-26,fruit,watermelon,Karpuz,id:18M0,id:18M0,Karpuz 1 Kg,1.0,kg,9.9,9.9,8.84646,4,5,4,"[""depot:a101-6815"",""depot:bim-5712"",""depot:hakmar-5521"",""depot:tarim_kredi-7488""]","[""a101"",""bim"",""hakmar"",""tarim_kredi""]",pinned-relative,0
2026-08-26,fruit,watermelon,Karpuz,id:1OJD,id:1OJD,Karpuz Çekirdeksiz 1 Kg,1.0,kg,19.5,19.5,19.406488,5,6,5,"[""depot:a101-6815"",""depot:bim-5712"",""depot:hakmar-5521"",""depot:sok-1017"",""depot:tarim_kredi-7488""]","[""a101"",""bim"",""hakmar"",""sok"",""tarim_kredi""]",pinned-relative,0
2026-08-26,fruit,watermelon,Karpuz,id:20KQ,id:20KQ,First Sensations Sakız Karpuz Aromalı 27 Gr,0.027,kg,68.95,2553.703704,2553.703704,1,3,1,"[""depot:carrefour-5254""]","[""carrefour""]",pinned-relative,0
2026-08-26,fruit,watermelon,Karpuz,id:1WR2,id:1WR2,Big Babol Karpuz 20 Gr,0.02,kg,11.0,550.0,550.0,1,1,1,"[""depot:carrefour-5036""]","[""carrefour""]",pinned-relative,0
2026-08-26,fruit,watermelon,Karpuz,id:05S0,id:05S0,First Nane Karpuz Sakız 14 Gr,0.014,kg,24.5,1750.0,1750.0,1,1,1,"[""depot:bim-5712""]","[""bim""]",pinned-relative,0
2026-08-26,fruit,watermelon,Karpuz,id:1RKP,id:1RKP,Oneo Slims Karpuz Aromalı Sakız 14 Gr,0.014,kg,24.95,1782.142857,1782.142857,1,1,1,"[""depot:migros-1991""]","[""migros""]",pinned-relative,0
2026-08-26,fruit,watermelon,Karpuz,id:1C4E,id:1C4E,Mini Karpuz 1 Kg,1.0,kg,19.5,19.5,19.5,1,1,1,"[""depot:bim-5712""]","[""bim""]",pinned-relative,0
2026-08-26,fruit,watermelon,Karpuz,id:1IO3,id:1IO3,Oneo Slims Karpuz Sakız 98 Gr,0.098,kg,27.0,275.510204,275.510204,1,1,1,"[""depot:carrefour-1012""]","[""carrefour""]",pinned-relative,0
2026-08-26,fruit,watermelon,Karpuz,id:0LER,id:0LER,Oneo Karpuz Aromalı Sakız 60 Gr,0.06,kg,37.5,625.0,625.0,1,1,1,"[""depot:bim-5712""]","[""bim""]",pinned-relative,0
2026-08-26,fruit,watermelon,Karpuz,id:1SOB,id:1SOB,Ülker Yupo Eğlenceli Karpuz 80 Gr,0.08,kg,39.95,499.375,499.375,1,1,1,"[""depot:carrefour-1012""]","[""carrefour""]",pinned-relative,0
2026-08-26,fruit,watermelon,Karpuz,id:0Z5M,id:0Z5M,First Karpuz Aromalı Sakız 27 Gr,0.027,kg,48.0,1777.777778,1777.777778,1,1,1,"[""depot:hakmar-5521""]","[""hakmar""]",pinned-relative,0
2026-08-26,fruit,melon,Kavun,id:00JQ,id:00JQ,Kırkağaç Kavun 1 Kg,1.0,kg,29.0,29.0,29.296949,3,4,3,"[""depot:bim-5712"",""depot:hakmar-5521"",""depot:sok-1017""]","[""bim"",""hakmar"",""sok""]",pinned-relative,0
2026-08-26,fruit,melon,Kavun,id:1GGZ,id:1GGZ,Kavun 1 Kg,1.0,kg,24.7,24.7,21.507562,2,3,2,"[""depot:a101-6815"",""depot:tarim_kredi-7488""]","[""a101"",""tarim_kredi""]",pinned-relative,0
2026-08-26,fruit,melon,Kavun,id:1C4D,id:1C4D,Siyah Kavun 1 Kg,1.0,kg,39.0,39.0,39.0,1,1,1,"[""depot:bim-5712""]","[""bim""]",pinned-relative,0
2026-08-26,fruit,melon,Kavun,id:1IYC,id:1IYC,Galya Kavun 1 Kg,1.0,kg,19.0,19.0,19.0,1,1,1,"[""depot:bim-5712""]","[""bim""]",pinned-relative,0
2026-08-26,fruit,melon,Kavun,id:1EOI,id:1EOI,Sarı Kavun 1 Kg,1.0,kg,39.0,39.0,39.0,1,1,1,"[""depot:bim-5712""]","[""bim""]",pinned-relative,0
2026-08-26,fruit,melon,Kavun,id:1EIQ,id:1EIQ,Beyaz Kavun 1 Kg,1.0,kg,39.0,39.0,39.0,1,1,1,"[""depot:bim-5712""]","[""bim""]",pinned-relative,0
2026-08-26,fruit,melon,Kavun,id:0DSL,id:0DSL,Bonheur Freeze Dried Kavun 15 Gr,0.015,kg,99.0,6600.0,6600.0,1,1,1,"[""depot:carrefour-5254""]","[""carrefour""]",pinned-relative,0
2026-08-26,fruit,melon,Kavun,id:2014,id:2014,Doğadan Büyülü Bohça Beyaz Çay Kavun 12 Gr,0.012,kg,104.96,8746.666667,8746.666667,1,1,1,"[""depot:migros-1991""]","[""migros""]",pinned-relative,0
2026-08-26,fruit,strawberry,Çilek,id:218L,id:218L,Tamek Şeker İlavesiz Çilek Reçeli 290 Gr,0.29,kg,100.725,347.327586,347.327586,2,2,2,"[""depot:carrefour-1012"",""depot:migros-1991""]","[""carrefour"",""migros""]",pinned-relative,0
2026-08-26,fruit,strawberry,Çilek,id:211R,id:211R,Tamek Çilek Reçeli 380 Gr,0.38,kg,109.95,289.342105,265.657895,1,2,1,"[""depot:migros-1991""]","[""migros""]",pinned-relative,0
2026-08-26,fruit,strawberry,Çilek,id:1ZW1,id:1ZW1,Tamek Çilek Reçeli 800 Gr,0.8,kg,155.5,194.375,179.6875,1,2,1,"[""depot:migros-1991""]","[""migros""]",pinned-relative,0
2026-08-26,fruit,strawberry,Çilek,id:1RSY,id:1RSY,Yenigün Şeker İlavesiz Çilek Reçeli 290 Gr,0.29,kg,274.7,947.241379,947.241379,2,2,2,"[""depot:carrefour-1012"",""depot:migros-1991""]","[""carrefour"",""migros""]",pinned-relative,0
2026-08-26,fruit,strawberry,Çilek,id:0CDR,id:0CDR,Boltane Çilek Reçeli 380 Gr,0.38,kg,69.5,182.894737,182.894737,1,1,1,"[""depot:sok-4707""]","[""sok""]",pinned-relative,0
2026-08-26,fruit,strawberry,Çilek,id:11XU,id:11XU,Bolmix Çilek Reçeli 380 Gr,0.38,kg,69.5,182.894737,182.894737,1,1,1,"[""depot:a101-6815""]","[""a101""]",pinned-relative,0
2026-08-26,fruit,strawberry,Çilek,id:05IV,id:05IV,Sultanbacı Reçel Çilek-Vişne 380 Gr,0.38,kg,69.5,182.894737,182.894737,1,1,1,"[""depot:hakmar-5521""]","[""hakmar""]",pinned-relative,0
2026-08-26,fruit,strawberry,Çilek,id:0F2C,id:0F2C,Carrefour Çilek Reçeli 380 Gr,0.38,kg,74.95,197.236842,197.236842,1,1,1,"[""depot:carrefour-5254""]","[""carrefour""]",pinned-relative,0
2026-08-26,fruit,strawberry,Çilek,id:0LET,id:0LET,Migros Çilek Reçeli 380 Gr,0.38,kg,74.95,197.236842,197.236842,1,1,1,"[""depot:migros-1991""]","[""migros""]",pinned-relative,0
2026-08-26,fruit,strawberry,Çilek,id:210M,id:210M,Seğmen Çilek Reçeli 380 Gr,0.38,kg,59.9,157.631579,157.631579,1,1,1,"[""depot:tarim_kredi-5022""]","[""tarim_kredi""]",pinned-relative,0
2026-08-26,fruit,strawberry,Çilek,id:269L,id:269L,Lokman Geleneksel Çilek Reçeli 1 Kg,1.0,kg,105.0,105.0,105.0,1,1,1,"[""depot:bim-5712""]","[""bim""]",pinned-relative,0
2026-08-26,fruit,strawberry,Çilek,id:0JNK,id:0JNK,Carrefour Şeker İlavesiz Çilek Reçeli 280 Gr,0.28,kg,119.95,428.392857,428.392857,1,1,1,"[""depot:carrefour-5254""]","[""carrefour""]",pinned-relative,0
2026-08-26,fruit,strawberry,Çilek,id:0FYS,id:0FYS,Carrefour Çilek Reçeli 700 Gr,0.7,kg,117.9,168.428571,168.428571,1,1,1,"[""depot:carrefour-1012""]","[""carrefour""]",pinned-relative,0
2026-08-26,fruit,strawberry,Çilek,id:003Q,id:003Q,İlkgün Çilek Reçeli 1 Kg,1.0,kg,126.0,126.0,126.0,1,1,1,"[""depot:bim-5712""]","[""bim""]",pinned-relative,0
2026-08-26,fruit,avocado,Avokado,id:1YKR,id:1YKR,Avokado 1 Adet,1.0,count,56.95,56.95,54.9,2,3,2,"[""depot:bim-5712"",""depot:sok-1017""]","[""bim"",""sok""]",pinned-relative,0
2026-08-26,fruit,avocado,Avokado,id:0IH7,id:0IH7,İthal Avokado 1 Adet,1.0,count,59.9,59.9,59.9,1,1,1,"[""depot:carrefour-5036""]","[""carrefour""]",pinned-relative,0
2026-08-26,vegetables,tomato,Domates,id:1I61,id:1I61,Tat 28-30 Brix Domates Salçası 830 Gr,0.83,kg,79.9,96.26506,97.5,3,4,3,"[""depot:bim-5712"",""depot:carrefour-5254"",""depot:sok-4707""]","[""bim"",""carrefour"",""sok""]",pinned-relative,0
2026-08-26,vegetables,tomato,Domates,id:1NXF,id:1NXF,Kokteyl Domates 1 Kg,1.0,kg,86.95,86.95,79.9,2,2,2,"[""depot:bim-5712"",""depot:tarim_kredi-5022""]","[""bim"",""tarim_kredi""]",pinned-relative,0
2026-08-26,vegetables,tomato,Domates,id:20VU,id:20VU,Öncü Domates Salçası 1.65 Kg,1.65,kg,235.0,142.424242,143.575758,1,3,1,"[""depot:a101-6815""]","[""a101""]",pinned-relative,0
2026-08-26,vegetables,tomato,Domates,id:1RLZ,id:1RLZ,Burcu Domates Rendesi 685 Gr,0.685,kg,55.0,80.291971,81.715328,1,1,1,"[""depot:a101-6815""]","[""a101""]",pinned-relative,0
2026-08-26,vegetables,tomato,Domates,id:1SF4,id:1SF4,Tat Doğranmış Domates 400 Gr,0.4,kg,52.665,131.6625,130.398134,2,2,2,"[""depot:carrefour-5254"",""depot:migros-564""]","[""carrefour"",""migros""]",pinned-relative,0
2026-08-26,vegetables,tomato,Domates,id:1UKT,id:1UKT,Tamek Domates Salçası 1.5 Kg,1.5,kg,169.475,112.983333,112.983333,2,2,2,"[""depot:bim-5712"",""depot:carrefour-1012""]","[""bim"",""carrefour""]",pinned-relative,0
2026-08-26,vegetables,tomato,Domates,id:20PN,id:20PN,Tukaş Domates Salçası 1.65 Kg,1.65,kg,135.0,81.818182,81.80303,1,2,1,"[""depot:bim-5712""]","[""bim""]",pinned-relative,0
2026-08-26,vegetables,tomato,Domates,id:1S3N,id:1S3N,Tat Köy Domates Salçası 560 Gr,0.56,kg,149.95,267.767857,267.767857,2,2,2,"[""depot:carrefour-1012"",""depot:migros-564""]","[""carrefour"",""migros""]",pinned-relative,0
2026-08-26,vegetables,tomato,Domates,id:2246,id:2246,Merko Gusdo Rendelenmiş Domates 700 Gr,0.7,kg,39.5,56.428571,56.428571,1,1,1,"[""depot:bim-5712""]","[""bim""]",pinned-relative,0
2026-08-26,vegetables,tomato,Domates,id:2CNO,id:2CNO,Burcu Cam Domates Rende 685 Gr,0.685,kg,44.5,64.963504,64.963504,1,1,1,"[""depot:hakmar-5521""]","[""hakmar""]",pinned-relative,0
2026-08-26,vegetables,tomato,Domates,id:035J,id:035J,Çokça Domates Salçası 28-30 Brix 830 Gr,0.83,kg,52.0,62.650602,62.650602,1,1,1,"[""depot:a101-6815""]","[""a101""]",pinned-relative,0
2026-08-26,vegetables,tomato,Domates,id:0TO8,id:0TO8,Migros Domates Salçası 830 Gr,0.83,kg,49.0,59.036145,59.036145,1,1,1,"[""depot:migros-1991""]","[""migros""]",pinned-relative,0
2026-08-26,vegetables,tomato,Domates,id:1AN9,id:1AN9,Migros Domates Salçası Cam 700 Gr,0.7,kg,71.95,102.785714,102.785714,1,1,1,"[""depot:migros-1991""]","[""migros""]",pinned-relative,0
2026-08-26,vegetables,cucumber,Salatalık,id:1OO6,id:1OO6,Berrak Salatalık Turşusu 680 Gr,0.68,kg,121.225,178.272059,178.272059,2,2,2,"[""depot:hakmar-5521"",""depot:migros-1991""]","[""hakmar"",""migros""]",pinned-relative,0
2026-08-26,vegetables,cucumber,Salatalık,id:21C5,id:21C5,Tat Salatalık Turşusu Cam 680 Gr,0.68,kg,95.0,139.705882,201.102941,1,2,1,"[""depot:a101-4217""]","[""a101""]",pinned-relative,0
2026-08-26,vegetables,cucumber,Salatalık,id:2070,id:2070,Berrak Tatlı Salatalık Turşusu 680 Gr,0.68,kg,139.925,205.772059,205.772059,2,2,2,"[""depot:carrefour-1012"",""depot:migros-1991""]","[""carrefour"",""migros""]",pinned-relative,0
2026-08-26,vegetables,cucumber,Salatalık,id:1ZB8,id:1ZB8,Kühne Türk Tipi Salatalık Turşusu 670 Gr,0.67,kg,219.9,328.208955,363.05367,1,2,1,"[""depot:carrefour-1012""]","[""carrefour""]",pinned-relative,0
2026-08-26,vegetables,cucumber,Salatalık,id:1YTC,id:1YTC,Kühne Tuzazz Salatalık Turşusu 670 Gr,0.67,kg,222.085,331.470149,325.429388,2,2,2,"[""depot:carrefour-1012"",""depot:migros-564""]","[""carrefour"",""migros""]",pinned-relative,0
2026-08-26,vegetables,cucumber,Salatalık,id:15XZ,id:15XZ,Carrefour Salatalık Turşu 670 Gr,0.67,kg,57.9,86.41791,86.41791,1,1,1,"[""depot:carrefour-5254""]","[""carrefour""]",pinned-relative,0
2026-08-26,vegetables,cucumber,Salatalık,id:0BD5,id:0BD5,Bizim Vatan Salatalık Turşusu 670 Gr,0.67,kg,67.5,100.746269,100.746269,1,1,1,"[""depot:sok-4707""]","[""sok""]",pinned-relative,0
2026-08-26,vegetables,cucumber,Salatalık,id:108Q,id:108Q,Galle Salatalık Turşusu 680 Gr,0.68,kg,67.5,99.264706,99.264706,1,1,1,"[""depot:a101-6815""]","[""a101""]",pinned-relative,0
2026-08-26,vegetables,cucumber,Salatalık,id:1GQC,id:1GQC,Migros Salatalık Turşusu 670 Gr,0.67,kg,68.5,102.238806,102.238806,1,1,1,"[""depot:migros-1991""]","[""migros""]",pinned-relative,0
2026-08-26,vegetables,cucumber,Salatalık,id:1WFB,id:1WFB,Aysan Salatalık Turşusu No:2 670 Gr,0.67,kg,75.0,111.940299,111.940299,1,1,1,"[""depot:tarim_kredi-7488""]","[""tarim_kredi""]",pinned-relative,0
2026-08-26,vegetables,cucumber,Salatalık,id:2BIX,id:2BIX,Berrak Tatlı Salatalık Turşusu 680 Gr,0.68,kg,79.0,116.176471,116.176471,1,1,1,"[""depot:hakmar-5521""]","[""hakmar""]",pinned-relative,0
2026-08-26,vegetables,cucumber,Salatalık,id:16GZ,id:16GZ,Carrefour Çubuk Salatalık Turşu 670 Gr,0.67,kg,99.95,149.179104,149.179104,1,1,1,"[""depot:carrefour-5254""]","[""carrefour""]",pinned-relative,0
2026-08-26,vegetables,cucumber,Salatalık,id:1Z7J,id:1Z7J,Migros Çubuk Salatalık Turşusu 670 Gr,0.67,kg,99.95,149.179104,149.179104,1,1,1,"[""depot:migros-4479""]","[""migros""]",pinned-relative,0
2026-08-26,vegetables,cucumber,Salatalık,id:1F8C,id:1F8C,Aysan Çubuk Salatalık Turşusu 670 Gr,0.67,kg,109.0,162.686567,162.686567,1,1,1,"[""depot:tarim_kredi-7488""]","[""tarim_kredi""]",pinned-relative,0
2026-08-26,vegetables,cucumber,Salatalık,id:1NMX,id:1NMX,Berrak Salatalık Turşusu 340 Gr,0.34,kg,124.95,367.5,367.5,1,1,1,"[""depot:migros-1991""]","[""migros""]",pinned-relative,0
2026-08-26,vegetables,cucumber,Salatalık,id:0M4X,id:0M4X,Berrak Ankara Çubuk Salatalık Turşusu 340 Gr,0.34,kg,143.95,423.382353,423.382353,1,1,1,"[""depot:migros-1991""]","[""migros""]",pinned-relative,0
2026-08-26,vegetables,pepper,Biber,id:1NS4,id:1NS4,Dolma Biber 1 Kg,1.0,kg,89.0,89.0,87.363554,6,6,6,"[""depot:a101-4141"",""depot:bim-5712"",""depot:carrefour-1012"",""depot:hakmar-5521"",""depot:sok-1017"",""depot:tarim_kredi-5022""]","[""a101"",""bim"",""carrefour"",""hakmar"",""sok"",""tarim_kredi""]",pinned-relative,0
2026-08-26,vegetables,pepper,Biber,id:1ITJ,id:1ITJ,Sivri Biber 1 Kg,1.0,kg,99.95,99.95,106.779851,3,5,3,"[""depot:carrefour-1012"",""depot:hakmar-5602"",""depot:migros-1991""]","[""carrefour"",""hakmar"",""migros""]",pinned-relative,0
2026-08-26,vegetables,pepper,Biber,id:1VVZ,id:1VVZ,Çarliston Biber 1 Kg,1.0,kg,109.9,109.9,109.56101,3,4,3,"[""depot:a101-6815"",""depot:carrefour-5254"",""depot:sok-1017""]","[""a101"",""carrefour"",""sok""]",pinned-relative,0
2026-08-26,vegetables,pepper,Biber,id:134Z,id:134Z,Yeşil Biber 1 Kg,1.0,kg,99.0,99.0,83.280617,2,3,2,"[""depot:bim-5712"",""depot:tarim_kredi-5022""]","[""bim"",""tarim_kredi""]",pinned-relative,0
2026-08-26,vegetables,pepper,Biber,id:0AIR,id:0AIR,Kapya Biber 1 Kg,1.0,kg,74.45,74.45,71.352852,2,3,2,"[""depot:bim-5712"",""depot:carrefour-5254""]","[""bim"",""carrefour""]",pinned-relative,0
2026-08-26,vegetables,pepper,Biber,id:101R,id:101R,Bizim Vatan Acı Biber 325 Gr,0.325,kg,62.0,190.769231,190.769231,1,1,1,"[""depot:sok-1017""]","[""sok""]",pinned-relative,0
2026-08-26,vegetables,pepper,Biber,id:1HJK,id:1HJK,Migros Acı Biber Turşusu 335 Gr,0.335,kg,48.5,144.776119,144.776119,1,1,1,"[""depot:migros-1991""]","[""migros""]",pinned-relative,0
2026-08-26,vegetables,pepper,Biber,id:0762,id:0762,Migros Jalapeno Acı Biber Turşusu 350 Gr,0.35,kg,55.75,159.285714,159.285714,1,1,1,"[""depot:migros-1991""]","[""migros""]",pinned-relative,0
2026-08-26,vegetables,pepper,Biber,id:0YWX,id:0YWX,Çokça Acı Biber Salçası 650 Gr,0.65,kg,72.5,111.538462,111.538462,1,1,1,"[""depot:a101-6815""]","[""a101""]",pinned-relative,0
2026-08-26,vegetables,pepper,Biber,id:04ZW,id:04ZW,Yurdum Tatlı Biber Salçası 650 Gr,0.65,kg,72.5,111.538462,111.538462,1,1,1,"[""depot:bim-5712""]","[""bim""]",pinned-relative,0
2026-08-26,vegetables,pepper,Biber,id:2BYM,id:2BYM,Burcu Ev Tipi Tatlı Biber Salçası 600 Gr,0.6,kg,72.5,120.833333,120.833333,1,1,1,"[""depot:hakmar-5521""]","[""hakmar""]",pinned-relative,0
2026-08-26,vegetables,pepper,Biber,id:00PH,id:00PH,Carrefour Tatlı Biber Turşusu 680 Gr,0.68,kg,103.9,152.794118,152.794118,1,1,1,"[""depot:carrefour-5254""]","[""carrefour""]",pinned-relative,0
2026-08-26,vegetables,pepper,Biber,id:0C90,id:0C90,Fersan Yakan Biber Turşusu 320 Gr,0.32,kg,149.9,468.4375,468.4375,1,1,1,"[""depot:carrefour-1012""]","[""carrefour""]",pinned-relative,0
2026-08-26,vegetables,pepper,Biber,id:1NKH,id:1NKH,Berrak Acı Biber Turşusu 340 Gr,0.34,kg,143.95,423.382353,423.382353,1,1,1,"[""depot:migros-6679""]","[""migros""]",pinned-relative,0
2026-08-26,vegetables,pepper,Biber,id:1PRJ,id:1PRJ,Kıl Sivri Biber 1 Kg,1.0,kg,109.9,109.9,109.9,1,1,1,"[""depot:carrefour-1012""]","[""carrefour""]",pinned-relative,0
2026-08-26,vegetables,pepper,Biber,id:1ECP,id:1ECP,Gurumen Peynir Dolgulu Kiraz Biber 290 Gr,0.29,kg,175.95,606.724138,606.724138,1,1,1,"[""depot:migros-3296""]","[""migros""]",pinned-relative,0
2026-08-26,vegetables,potato,Patates,id:1NCL,id:1NCL,Patates 1 Kg,1.0,kg,39.5,39.5,37.573379,5,5,5,"[""depot:a101-6815"",""depot:bim-5712"",""depot:hakmar-5521"",""depot:sok-1017"",""depot:tarim_kredi-7488""]","[""a101"",""bim"",""hakmar"",""sok"",""tarim_kredi""]",pinned-relative,0
2026-08-26,vegetables,potato,Patates,id:0W3A,id:0W3A,Kızartmalık Patates 1 Kg,1.0,kg,27.5,27.5,27.5,1,1,1,"[""depot:bim-5712""]","[""bim""]",pinned-relative,0
2026-08-26,vegetables,potato,Patates,id:1UCK,id:1UCK,Baby Patates 1 Kg,1.0,kg,79.9,79.9,79.9,1,1,1,"[""depot:carrefour-1012""]","[""carrefour""]",pinned-relative,0
2026-08-26,vegetables,onion,Kuru soğan,id:1YYM,id:1YYM,Kuru Soğan 1 Kg,1.0,kg,37.9,37.9,31.865236,3,3,3,"[""depot:carrefour-5254"",""depot:sok-1017"",""depot:tarim_kredi-7488""]","[""carrefour"",""sok"",""tarim_kredi""]",pinned-relative,0
2026-08-26,vegetables,garlic,Sarımsak,id:1PZF,id:1PZF,Bağdat Toz Sarımsak Poşet 70 Gr,0.07,kg,61.205,874.357143,874.357143,2,2,2,"[""depot:carrefour-1012"",""depot:migros-1991""]","[""carrefour"",""migros""]",pinned-relative,0
2026-08-26,vegetables,garlic,Sarımsak,id:1TT1,id:1TT1,Bağdat Sarımsak Tozu 48 Gr,0.048,kg,99.95,2082.291667,2148.783151,1,1,1,"[""depot:migros-1991""]","[""migros""]",pinned-relative,0
2026-08-26,vegetables,garlic,Sarımsak,id:0149,id:0149,File Sarımsak 200 Gr,0.2,kg,49.5,247.5,247.5,1,1,1,"[""depot:a101-6815""]","[""a101""]",pinned-relative,0
2026-08-26,vegetables,garlic,Sarımsak,id:0IPO,id:0IPO,Sarımsak File 250 Gr,0.25,kg,49.9,199.6,199.6,1,1,1,"[""depot:tarim_kredi-7488""]","[""tarim_kredi""]",pinned-relative,0
2026-08-26,vegetables,garlic,Sarımsak,id:0HDH,id:0HDH,Taşköprü Sarımsak 1 Kg,1.0,kg,139.95,139.95,139.95,1,1,1,"[""depot:hakmar-5521""]","[""hakmar""]",pinned-relative,0
2026-08-26,vegetables,garlic,Sarımsak,id:04HR,id:04HR,Sarımsak 1 Kg,1.0,kg,195.0,195.0,195.0,1,1,1,"[""depot:bim-5712""]","[""bim""]",pinned-relative,0
2026-08-26,vegetables,garlic,Sarımsak,id:1OGC,id:1OGC,Berrak Sarımsak Turşusu 340 Gr,0.34,kg,209.95,617.5,617.5,1,1,1,"[""depot:migros-1991""]","[""migros""]",pinned-relative,0
2026-08-26,vegetables,garlic,Sarımsak,id:0C2X,id:0C2X,Sarımsak Tozu 1 Kg,1.0,kg,499.9,499.9,499.9,1,1,1,"[""depot:carrefour-1012""]","[""carrefour""]",pinned-relative,0
2026-08-26,vegetables,eggplant,Patlıcan,id:12A1,id:12A1,Patlıcan 1 Kg,1.0,kg,59.0,59.0,64.946936,3,4,3,"[""depot:bim-5712"",""depot:hakmar-5521"",""depot:tarim_kredi-5022""]","[""bim"",""hakmar"",""tarim_kredi""]",pinned-relative,0
2026-08-26,vegetables,eggplant,Patlıcan,id:1YOW,id:1YOW,Kemer Patlıcan 1 Kg,1.0,kg,59.9,59.9,59.45,3,4,3,"[""depot:carrefour-5254"",""depot:sok-1017"",""depot:tarim_kredi-5022""]","[""carrefour"",""sok"",""tarim_kredi""]",pinned-relative,0
2026-08-26,vegetables,eggplant,Patlıcan,id:213V,id:213V,Kühne Közlenmiş Patlıcan 520 Gr,0.52,kg,149.95,288.365385,338.641307,1,2,1,"[""depot:migros-564""]","[""migros""]",pinned-relative,0
2026-08-26,vegetables,eggplant,Patlıcan,id:20H6,id:20H6,Tat Közlenmiş Patlıcan 520 Gr,0.52,kg,129.925,249.855769,252.45103,2,2,2,"[""depot:carrefour-1012"",""depot:migros-564""]","[""carrefour"",""migros""]",pinned-relative,0
2026-08-26,vegetables,eggplant,Patlıcan,id:0Q6A,id:0Q6A,Burcu Közlenmiş Patlıcan 540 Gr,0.54,kg,44.5,82.407407,82.407407,1,1,1,"[""depot:hakmar-5521""]","[""hakmar""]",pinned-relative,0
2026-08-26,vegetables,eggplant,Patlıcan,id:0YMZ,id:0YMZ,Çokça Köz Patlıcan 510 Gr,0.51,kg,55.0,107.843137,107.843137,1,1,1,"[""depot:a101-6815""]","[""a101""]",pinned-relative,0
2026-08-26,vegetables,eggplant,Patlıcan,id:0475,id:0475,Yurdum Közlenmiş Patlıcan 510 Gr,0.51,kg,55.0,107.843137,107.843137,1,1,1,"[""depot:bim-5712""]","[""bim""]",pinned-relative,0
2026-08-26,vegetables,eggplant,Patlıcan,id:0YDH,id:0YDH,Bizim Vatan Közlenmiş Patlıcan 510 Gr,0.51,kg,55.0,107.843137,107.843137,1,1,1,"[""depot:sok-4707""]","[""sok""]",pinned-relative,0
2026-08-26,vegetables,eggplant,Patlıcan,id:1FWP,id:1FWP,Migros Közlenmiş Patlıcan 510 Gr,0.51,kg,55.95,109.705882,109.705882,1,1,1,"[""depot:migros-1991""]","[""migros""]",pinned-relative,0
2026-08-26,vegetables,eggplant,Patlıcan,id:0NZJ,id:0NZJ,Bostan Patlıcan 1 Kg,1.0,kg,59.9,59.9,59.9,1,1,1,"[""depot:carrefour-1012""]","[""carrefour""]",pinned-relative,0
2026-08-26,vegetables,eggplant,Patlıcan,id:1E2B,id:1E2B,Burcu Hazır Yemek Patlıcan Dolma 200 Gr,0.2,kg,74.5,372.5,372.5,1,1,1,"[""depot:hakmar-5521""]","[""hakmar""]",pinned-relative,0
2026-08-26,vegetables,eggplant,Patlıcan,id:1QWX,id:1QWX,Burcu Köz Patlıcan 540 Gr,0.54,kg,76.95,142.5,142.5,1,1,1,"[""depot:migros-1991""]","[""migros""]",pinned-relative,0
2026-08-26,vegetables,eggplant,Patlıcan,id:1N6T,id:1N6T,Tamek Közlenmiş Patlıcan 520 Gr,0.52,kg,79.0,151.923077,151.923077,1,1,1,"[""depot:tarim_kredi-7488""]","[""tarim_kredi""]",pinned-relative,0
2026-08-26,vegetables,eggplant,Patlıcan,id:1KD3,id:1KD3,Tada Közlenmiş Patlıcan 520 Gr,0.52,kg,93.0,178.846154,178.846154,1,1,1,"[""depot:carrefour-5036""]","[""carrefour""]",pinned-relative,0
2026-08-26,vegetables,eggplant,Patlıcan,id:1AAX,id:1AAX,Burcu Sumaklı Kuru Patlıcan Dolma 200 Gr,0.2,kg,99.5,497.5,497.5,1,1,1,"[""depot:a101-6815""]","[""a101""]",pinned-relative,0
2026-08-26,vegetables,eggplant,Patlıcan,id:1ZJ9,id:1ZJ9,Fide Közlenmiş Patlıcan 650 Gr,0.65,kg,99.95,153.769231,153.769231,1,1,1,"[""depot:migros-3296""]","[""migros""]",pinned-relative,0
2026-08-26,vegetables,zucchini,Kabak,id:0B2C,id:0B2C,Sakız Kabak 1 Kg,1.0,kg,54.9,54.9,54.922913,1,2,1,"[""depot:carrefour-5254""]","[""carrefour""]",pinned-relative,0
2026-08-26,vegetables,zucchini,Kabak,id:1ZQA,id:1ZQA,Tadım Kavrulmuş Kabak Çekirdeği 180 Gr,0.18,kg,110.0,611.111111,611.111111,2,2,2,"[""depot:carrefour-1012"",""depot:migros-1991""]","[""carrefour"",""migros""]",pinned-relative,0
2026-08-26,vegetables,zucchini,Kabak,id:1XDW,id:1XDW,Tadım Kavrulmuş Tuzsuz Kabak Çekirdeği 180 Gr,0.18,kg,110.0,611.111111,611.111111,2,2,2,"[""depot:carrefour-1012"",""depot:migros-1991""]","[""carrefour"",""migros""]",pinned-relative,0
2026-08-26,vegetables,zucchini,Kabak,id:0X9Y,id:0X9Y,Amigo Kabak Çekirdeği 200 Gr,0.2,kg,69.0,345.0,345.0,1,1,1,"[""depot:sok-4707""]","[""sok""]",pinned-relative,0
2026-08-26,vegetables,zucchini,Kabak,id:11VR,id:11VR,Çerezya Kabak Çekirdeği 200 Gr,0.2,kg,69.0,345.0,345.0,1,1,1,"[""depot:a101-6815""]","[""a101""]",pinned-relative,0
2026-08-26,vegetables,zucchini,Kabak,id:015L,id:015L,Simbat Kabak Çekirdeği 200 Gr,0.2,kg,69.0,345.0,345.0,1,1,1,"[""depot:bim-5712""]","[""bim""]",pinned-relative,0
2026-08-26,vegetables,zucchini,Kabak,id:0AMJ,id:0AMJ,Migros Kabak Çekirdeği 200 Gr,0.2,kg,69.9,349.5,349.5,1,1,1,"[""depot:migros-1991""]","[""migros""]",pinned-relative,0
2026-08-26,vegetables,zucchini,Kabak,id:1EX1,id:1EX1,Gurmepack Fırında Kabak Mücver 250 Gr,0.25,kg,64.35,257.4,257.4,1,1,1,"[""depot:migros-1991""]","[""migros""]",pinned-relative,0
2026-08-26,vegetables,zucchini,Kabak,id:0078,id:0078,Tarım Kredi Kabak Çekirdeği Kavrulmuş Az Tuzlu 250 Gr,0.25,kg,109.0,436.0,436.0,1,1,1,"[""depot:tarim_kredi-7488""]","[""tarim_kredi""]",pinned-relative,0
2026-08-26,vegetables,zucchini,Kabak,id:0INP,id:0INP,Tarım Kredi Çiğ Kabak Çekirdeği 250 Gr,0.25,kg,109.0,436.0,436.0,1,1,1,"[""depot:tarim_kredi-7488""]","[""tarim_kredi""]",pinned-relative,0
2026-08-26,vegetables,zucchini,Kabak,id:0I6F,id:0I6F,Tarım Kredi Kavrulmuş Tuzsuz Kabak Çekirdeği 250 Gr,0.25,kg,109.0,436.0,436.0,1,1,1,"[""depot:tarim_kredi-7488""]","[""tarim_kredi""]",pinned-relative,0
2026-08-26,vegetables,zucchini,Kabak,id:0PGX,id:0PGX,Tadım Kabak Çekirdeği 180 Gr,0.18,kg,94.0,522.222222,522.222222,1,1,1,"[""depot:a101-6815""]","[""a101""]",pinned-relative,0
2026-08-26,vegetables,carrot,Havuç,id:1U5E,id:1U5E,Havuç 1 Kg,1.0,kg,42.0,42.0,49.0,2,4,2,"[""depot:bim-5712"",""depot:sok-1017""]","[""bim"",""sok""]",pinned-relative,0
2026-08-26,vegetables,carrot,Havuç,id:1N43,id:1N43,Ülker Dankek Lokmalık Havuçlu Tarçınlı 160 Gr,0.16,kg,54.9,343.125,299.594216,1,3,1,"[""depot:migros-3296""]","[""migros""]",pinned-relative,0
2026-08-26,vegetables,carrot,Havuç,id:1RQZ,id:1RQZ,Humm Organic Havuçlu Tarçınlı Kek 30 Gr,0.03,kg,119.95,3998.333333,3858.107214,1,2,1,"[""depot:migros-1991""]","[""migros""]",pinned-relative,0
2026-08-26,vegetables,carrot,Havuç,id:1NNQ,id:1NNQ,Dr. Oetker Havuçlu Kek Karışımı 496 Gr,0.496,kg,136.925,276.058468,277.822476,2,2,2,"[""depot:carrefour-1012"",""depot:migros-564""]","[""carrefour"",""migros""]",pinned-relative,0
2026-08-26,vegetables,carrot,Havuç,id:1YDF,id:1YDF,Gerber Organik Muzlu Havuç Balkabağı Püresi 90 Gr,0.09,kg,139.9,1554.444444,1554.444444,1,1,1,"[""depot:carrefour-1012""]","[""carrefour""]",pinned-relative,0
2026-08-26,vegetables,carrot,Havuç,id:01T4,id:01T4,Havuç Paket 350 Gr,0.35,kg,31.9,91.142857,91.142857,1,1,1,"[""depot:a101-9324""]","[""a101""]",pinned-relative,0
2026-08-26,vegetables,carrot,Havuç,id:192S,id:192S,Hipp Organik Havuç Püresi 125 Gr,0.125,kg,67.5,540.0,540.0,1,1,1,"[""depot:carrefour-1012""]","[""carrefour""]",pinned-relative,0
2026-08-26,vegetables,carrot,Havuç,id:1RBV,id:1RBV,Hero Baby Gourmet Havuç Pirinç Çorba 120 Gr,0.12,kg,84.9,707.5,707.5,1,1,1,"[""depot:carrefour-1012""]","[""carrefour""]",pinned-relative,0
2026-08-26,vegetables,carrot,Havuç,id:1CDP,id:1CDP,Obur Chef Havuç Tarator 200 Gr,0.2,kg,101.93,509.65,509.65,1,1,1,"[""depot:carrefour-1012""]","[""carrefour""]",pinned-relative,0
2026-08-26,vegetables,carrot,Havuç,id:1ZE8,id:1ZE8,Gerber Organik Yulaflı Havuçlu Elmalı Balkabağı Püresi 110 Gr,0.11,kg,171.5,1559.090909,1559.090909,1,1,1,"[""depot:carrefour-1012""]","[""carrefour""]",pinned-relative,0
2026-08-26,vegetables,carrot,Havuç,id:09TR,id:09TR,Havuçlu Cevizli Kek 375 Gr,0.375,kg,130.0,346.666667,346.666667,1,1,1,"[""depot:carrefour-1012""]","[""carrefour""]",pinned-relative,0
2026-08-26,vegetables,carrot,Havuç,id:0ENG,id:0ENG,Yoğurtlu Havuç 1 Kg,1.0,kg,945.0,945.0,945.0,1,1,1,"[""depot:carrefour-1012""]","[""carrefour""]",pinned-relative,0
2026-08-26,vegetables,lettuce,Marul,id:0VOA,id:0VOA,Göbek Marul 1 Adet,1.0,count,45.9,45.9,45.9,1,1,1,"[""depot:a101-9324""]","[""a101""]",pinned-relative,0
2026-08-26,vegetables,spinach,Ispanak,id:1SHM,id:1SHM,Superfresh Ispanak 450 Gr,0.45,kg,119.95,266.555556,266.555556,1,2,1,"[""depot:carrefour-1012""]","[""carrefour""]",pinned-relative,0
2026-08-26,vegetables,spinach,Ispanak,id:0S8E,id:0S8E,Superfresh Dondurulmuş Ispanak 450 Gr,0.45,kg,69.5,154.444444,154.444444,1,1,1,"[""depot:hakmar-5521""]","[""hakmar""]",pinned-relative,0
2026-08-26,vegetables,spinach,Ispanak,id:1ZIW,id:1ZIW,Feast Ispanak 450 Gr,0.45,kg,109.85,244.111111,244.111111,1,1,1,"[""depot:carrefour-1012""]","[""carrefour""]",pinned-relative,0
2026-08-26,vegetables,spinach,Ispanak,id:1R43,id:1R43,Feast Organik Ispanak 450 Gr,0.45,kg,124.85,277.444444,277.444444,1,1,1,"[""depot:carrefour-1012""]","[""carrefour""]",pinned-relative,0
2026-08-26,vegetables,broccoli,Brokoli,id:1NNP,id:1NNP,Veg & Bones Brokoli Çorbası 190 Gr,0.19,kg,59.9,315.263158,315.263158,1,1,1,"[""depot:carrefour-1012""]","[""carrefour""]",pinned-relative,0
2026-08-26,vegetables,broccoli,Brokoli,id:1LAZ,id:1LAZ,Feast Brokoli 500 Gr,0.5,kg,154.95,309.9,309.9,1,1,1,"[""depot:carrefour-1012""]","[""carrefour""]",pinned-relative,0
2026-08-26,vegetables,mushroom,Kültür mantarı,id:1Y1L,id:1Y1L,Knorr Çabuk Çorba Kremalı Mantar 19 Gr,0.019,kg,15.9,836.842105,969.736842,1,2,1,"[""depot:sok-4707""]","[""sok""]",pinned-relative,0
2026-08-26,vegetables,mushroom,Kültür mantarı,id:1RX4,id:1RX4,Knorr Kremalı Trüf Mantarlı Makarna Sosu 52 Gr,0.052,kg,79.925,1537.019231,1538.262518,2,2,2,"[""depot:carrefour-1012"",""depot:migros-1991""]","[""carrefour"",""migros""]",pinned-relative,0
2026-08-26,vegetables,mushroom,Kültür mantarı,id:203O,id:203O,Knorr Kremalı Mantarlı Makarna Sosu 52 Gr,0.052,kg,79.95,1537.5,1478.083141,1,1,1,"[""depot:migros-3296""]","[""migros""]",pinned-relative,0
2026-08-26,vegetables,mushroom,Kültür mantarı,id:08J2,id:08J2,Mantar 300 Gr,0.3,kg,72.4,241.333333,241.333333,2,2,2,"[""depot:carrefour-1012"",""depot:sok-1017""]","[""carrefour"",""sok""]",pinned-relative,0
2026-08-26,vegetables,mushroom,Kültür mantarı,id:023D,id:023D,Ferrero Kremalı Mantar/Kremalı Tavuk Çorbası 65 Gr,0.065,kg,21.75,334.615385,334.615385,1,1,1,"[""depot:hakmar-5521""]","[""hakmar""]",pinned-relative,0
2026-08-26,vegetables,mushroom,Kültür mantarı,id:10QL,id:10QL,Piyale Kremalı Mantar Çorbası 65 Gr,0.065,kg,32.9,506.153846,506.153846,1,1,1,"[""depot:sok-4707""]","[""sok""]",pinned-relative,0
2026-08-26,vegetables,mushroom,Kültür mantarı,id:06E4,id:06E4,Mantar Tabak 300 Gr,0.3,kg,64.9,216.333333,216.333333,1,1,1,"[""depot:a101-6815""]","[""a101""]",pinned-relative,0
2026-08-26,vegetables,mushroom,Kültür mantarı,id:1D77,id:1D77,Pesto & Trüf Mantarı & Cheddar Kremalı Sos 190 Gr,0.19,kg,57.0,300.0,300.0,1,1,1,"[""depot:bim-5712""]","[""bim""]",pinned-relative,0
2026-08-26,vegetables,mushroom,Kültür mantarı,id:126A,id:126A,Samba İnce Trüf Mantarlı Patates Cipsi 135 Gr,0.135,kg,59.5,440.740741,440.740741,1,1,1,"[""depot:a101-6815""]","[""a101""]",pinned-relative,0
2026-08-26,vegetables,mushroom,Kültür mantarı,id:0PBL,id:0PBL,Bizim Vatan Dilimli Mantar 330 Gr,0.33,kg,69.0,209.090909,209.090909,1,1,1,"[""depot:sok-4707""]","[""sok""]",pinned-relative,0
2026-08-26,vegetables,mushroom,Kültür mantarı,id:2A0M,id:2A0M,Safkar Mantar 400 Gr,0.4,kg,89.95,224.875,224.875,1,1,1,"[""depot:hakmar-5521""]","[""hakmar""]",pinned-relative,0
2026-08-26,vegetables,mushroom,Kültür mantarı,id:082M,id:082M,Kültür Mantarı 400 Gr,0.4,kg,79.0,197.5,197.5,1,1,1,"[""depot:bim-5712""]","[""bim""]",pinned-relative,0
2026-08-26,vegetables,mushroom,Kültür mantarı,id:1OIP,id:1OIP,Kestane Mantarı 350 Gr,0.35,kg,79.0,225.714286,225.714286,1,1,1,"[""depot:bim-5712""]","[""bim""]",pinned-relative,0
2026-08-26,vegetables,mushroom,Kültür mantarı,id:0ZF2,id:0ZF2,Mantar 400 Gr,0.4,kg,79.0,197.5,197.5,1,1,1,"[""depot:bim-5712""]","[""bim""]",pinned-relative,0
2026-08-26,vegetables,green_beans,Taze fasulye,id:08IT,id:08IT,Fasulye Taze 1 Kg,1.0,kg,99.9,99.9,99.9,1,1,1,"[""depot:carrefour-1012""]","[""carrefour""]",pinned-relative,0
2026-08-26,vegetables,green_beans,Taze fasulye,id:1R19,id:1R19,Tat Taze Fasulye 810 Gr,0.81,kg,139.95,172.777778,172.777778,1,1,1,"[""depot:carrefour-1012""]","[""carrefour""]",pinned-relative,0
2026-08-26,vegetables,green_beans,Taze fasulye,id:20DG,id:20DG,Feast Taze Fasulye 450 Gr,0.45,kg,128.9,286.444444,286.444444,1,1,1,"[""depot:carrefour-1012""]","[""carrefour""]",pinned-relative,0
2026-08-26,vegetables,green_beans,Taze fasulye,id:1L9G,id:1L9G,Superfresh Taze Fasulye 450 Gr,0.45,kg,139.9,310.888889,310.888889,1,1,1,"[""depot:carrefour-1012""]","[""carrefour""]",pinned-relative,0
2026-08-26,sugar_snacks,sugar,Toz şeker,id:1PK8,id:1PK8,Türkşeker Toz Şeker 5 Kg,5.0,kg,219.0,43.8,43.81196,4,4,4,"[""depot:a101-6815"",""depot:bim-5712"",""depot:sok-7238"",""depot:tarim_kredi-7488""]","[""a101"",""bim"",""sok"",""tarim_kredi""]",pinned-relative,0
2026-08-26,sugar_snacks,sugar,Toz şeker,id:1WA9,id:1WA9,Türkşeker Toz Şeker 3 Kg,3.0,kg,134.75,44.916667,44.823238,2,2,2,"[""depot:a101-6815"",""depot:bim-5712""]","[""a101"",""bim""]",pinned-relative,0
2026-08-26,sugar_snacks,sugar,Toz şeker,id:12DI,id:12DI,Balküpü Toz Şeker 3 Kg,3.0,kg,161.45,53.816667,53.823754,2,2,2,"[""depot:a101-6815"",""depot:carrefour-1012""]","[""a101"",""carrefour""]",pinned-relative,0
2026-08-26,sugar_snacks,sugar,Toz şeker,id:21HD,id:21HD,Balküpü Toz Şeker 5 Kg,5.0,kg,250.45,50.09,50.09,2,2,2,"[""depot:a101-6815"",""depot:carrefour-1012""]","[""a101"",""carrefour""]",pinned-relative,0
2026-08-26,sugar_snacks,sugar,Toz şeker,id:11Q2,id:11Q2,Türkşeker Toz Şeker 1 Kg,1.0,kg,57.0,57.0,57.0,1,1,1,"[""depot:a101-6815""]","[""a101""]",pinned-relative,0
2026-08-26,sugar_snacks,sugar,Toz şeker,id:04GE,id:04GE,Toz Şeker 1 Kg,1.0,kg,52.5,52.5,52.5,1,1,1,"[""depot:bim-5712""]","[""bim""]",pinned-relative,0
2026-08-26,sugar_snacks,sugar,Toz şeker,id:03XV,id:03XV,Albeyaz Toz Şeker 1 Kg,1.0,kg,52.5,52.5,52.5,1,1,1,"[""depot:bim-5712""]","[""bim""]",pinned-relative,0
2026-08-26,sugar_snacks,sugar,Toz şeker,id:07CD,id:07CD,Safi Beyaz Toz Şeker 1 Kg,1.0,kg,52.5,52.5,52.5,1,1,1,"[""depot:bim-5712""]","[""bim""]",pinned-relative,0
2026-08-26,sugar_snacks,sugar,Toz şeker,id:0ZQ4,id:0ZQ4,Altınküp Toz Şeker 2 Kg,2.0,kg,99.5,49.75,49.75,1,1,1,"[""depot:sok-4707""]","[""sok""]",pinned-relative,0
2026-08-26,sugar_snacks,sugar,Toz şeker,id:101W,id:101W,Petek Toz Şeker 2 Kg,2.0,kg,99.5,49.75,49.75,1,1,1,"[""depot:a101-6815""]","[""a101""]",pinned-relative,0
2026-08-26,sugar_snacks,sugar,Toz şeker,id:06MY,id:06MY,Akşeker Toz Şeker 2 Kg,2.0,kg,99.0,49.5,49.5,1,1,1,"[""depot:hakmar-5521""]","[""hakmar""]",pinned-relative,0
2026-08-26,sugar_snacks,sugar,Toz şeker,id:06XU,id:06XU,Tarım Kredi Toz Şeker 2 Kg,2.0,kg,102.0,51.0,51.0,1,1,1,"[""depot:tarim_kredi-7488""]","[""tarim_kredi""]",pinned-relative,0
2026-08-26,sugar_snacks,sugar,Toz şeker,id:10PN,id:10PN,Doğuş Toz Şeker 3 Kg,3.0,kg,165.0,55.0,55.0,1,1,1,"[""depot:a101-4102""]","[""a101""]",pinned-relative,0
2026-08-26,sugar_snacks,sugar,Toz şeker,id:1PXH,id:1PXH,Irmak Toz Şeker 3 Kg,3.0,kg,167.95,55.983333,55.983333,1,1,1,"[""depot:migros-1991""]","[""migros""]",pinned-relative,0
2026-08-26,sugar_snacks,sugar,Toz şeker,id:1SXQ,id:1SXQ,Türkşeker Kristal Toz Şeker 5 Kg,5.0,kg,219.95,43.99,43.99,1,1,1,"[""depot:migros-1991""]","[""migros""]",pinned-relative,0
2026-08-26,sugar_snacks,sugar,Toz şeker,id:0JV6,id:0JV6,Carrefour Toz Şeker 5 Kg,5.0,kg,219.95,43.99,43.99,1,1,1,"[""depot:carrefour-5254""]","[""carrefour""]",pinned-relative,0
2026-08-26,sugar_snacks,sugar,Toz şeker,id:02EE,id:02EE,Şafak Toz Şeker 5 Kg,5.0,kg,219.0,43.8,43.8,1,1,1,"[""depot:bim-5712""]","[""bim""]",pinned-relative,0
2026-08-26,sugar_snacks,sugar,Toz şeker,id:2AWS,id:2AWS,Türk Şeker Toz Şeker 5 Kg,5.0,kg,219.0,43.8,43.8,1,1,1,"[""depot:hakmar-5521""]","[""hakmar""]",pinned-relative,0
2026-08-26,sugar_snacks,sugar,Toz şeker,id:0J1U,id:0J1U,Destan Toz Şeker 5 Kg,5.0,kg,235.0,47.0,47.0,1,1,1,"[""depot:tarim_kredi-7488""]","[""tarim_kredi""]",pinned-relative,0
2026-08-26,sugar_snacks,sugar,Toz şeker,id:11UV,id:11UV,Doğuş Toz Şeker 5 Kg,5.0,kg,245.0,49.0,49.0,1,1,1,"[""depot:a101-9324""]","[""a101""]",pinned-relative,0
2026-08-26,sugar_snacks,sugar,Toz şeker,id:1NX5,id:1NX5,Bor Şeker Toz Şeker 5 Kg,5.0,kg,249.95,49.99,49.99,1,1,1,"[""depot:migros-1991""]","[""migros""]",pinned-relative,0
2026-08-26,sugar_snacks,sugar,Toz şeker,id:1PCF,id:1PCF,Irmak Toz Şeker 5 Kg,5.0,kg,249.95,49.99,49.99,1,1,1,"[""depot:migros-1991""]","[""migros""]",pinned-relative,0
2026-08-26,sugar_snacks,sugar,Toz şeker,id:0SZG,id:0SZG,Torku Toz Şeker 5 Kg,5.0,kg,219.95,43.99,43.99,1,1,1,"[""depot:migros-1991""]","[""migros""]",pinned-relative,0
2026-08-26,sugar_snacks,sugar,Toz şeker,id:0WFK,id:0WFK,Kayseri Şeker Toz Şeker 5 Kg,5.0,kg,219.95,43.99,43.99,1,1,1,"[""depot:migros-1991""]","[""migros""]",pinned-relative,0
2026-08-26,sugar_snacks,honey,Bal,id:1YRY,id:1YRY,Eti Gong Bal Hardallı Mısır Ve Pirinç Patlağı 34 Gr,0.034,kg,17.5,514.705882,514.705882,2,2,2,"[""depot:a101-6815"",""depot:bim-5712""]","[""a101"",""bim""]",pinned-relative,0
2026-08-26,sugar_snacks,honey,Bal,id:1QQ4,id:1QQ4,Anavarza Kral Şakir Lisanslı Tüp Bal 40 Gr,0.04,kg,58.5,1462.5,1463.237519,2,2,2,"[""depot:carrefour-1012"",""depot:migros-1991""]","[""carrefour"",""migros""]",pinned-relative,0
2026-08-26,sugar_snacks,honey,Bal,id:03VU,id:03VU,Party Bal ve Hardal Aromalı Mısır Cipsi 200 Gr,0.2,kg,52.0,260.0,260.0,1,1,1,"[""depot:bim-5712""]","[""bim""]",pinned-relative,0
2026-08-26,sugar_snacks,honey,Bal,id:1MLM,id:1MLM,Dr. Oetker Vitalis Knusper Plus Bal Bademli 450 Gr,0.45,kg,253.95,564.333333,564.333333,1,1,1,"[""depot:carrefour-1012""]","[""carrefour""]",pinned-relative,0
2026-08-26,sugar_snacks,honey,Bal,id:1A92,id:1A92,Peros Bal Pamuk Sıvı Sabun 3 Kg,3.0,kg,157.5,52.5,52.5,1,1,1,"[""depot:a101-4141""]","[""a101""]",pinned-relative,0
2026-08-26,sugar_snacks,honey,Bal,id:0WZR,id:0WZR,Mlife Bitki Özlü Bal Propolis Karışım 49 Gr,0.049,kg,158.95,3243.877551,3243.877551,1,1,1,"[""depot:migros-1991""]","[""migros""]",pinned-relative,0
2026-08-26,sugar_snacks,honey,Bal,id:07MJ,id:07MJ,Kızıldağ İmranlı Petek Bal 430 Gr,0.43,kg,159.0,369.767442,369.767442,1,1,1,"[""depot:hakmar-5521""]","[""hakmar""]",pinned-relative,0
2026-08-26,sugar_snacks,honey,Bal,id:1JI0,id:1JI0,Hacı Şakir Kalıp Sabun Zeytinyağı Ve Bal 4x150 Gr,0.6,kg,164.43,274.05,274.05,1,1,1,"[""depot:carrefour-1012""]","[""carrefour""]",pinned-relative,0
2026-08-26,sugar_snacks,honey,Bal,id:0S61,id:0S61,S.S. 745 Sayılı Kozan Bal Kooperatifi Çiçek Balı Çıt Kapak 325 Gr,0.325,kg,169.95,522.923077,522.923077,1,1,1,"[""depot:migros-3296""]","[""migros""]",pinned-relative,0
2026-08-26,sugar_snacks,honey,Bal,id:0O7U,id:0O7U,Anavarza Krem Bal 200 Gr,0.2,kg,199.9,999.5,999.5,1,1,1,"[""depot:carrefour-1012""]","[""carrefour""]",pinned-relative,0
2026-08-26,sugar_snacks,honey,Bal,id:01NK,id:01NK,Sivas Birlik Çiçek Süzme Bal 460 Gr,0.46,kg,185.0,402.173913,402.173913,1,1,1,"[""depot:hakmar-5521""]","[""hakmar""]",pinned-relative,0
2026-08-26,sugar_snacks,honey,Bal,id:03UQ,id:03UQ,Kızıldağ İmranlı Petek Bal 900 Gr,0.9,kg,275.0,305.555556,305.555556,1,1,1,"[""depot:hakmar-5521""]","[""hakmar""]",pinned-relative,0
2026-08-26,sugar_snacks,honey,Bal,id:05C5,id:05C5,Sivas Birlik Çiçek Süzme Bal 850 Gr,0.85,kg,315.0,370.588235,370.588235,1,1,1,"[""depot:hakmar-5521""]","[""hakmar""]",pinned-relative,0
2026-08-26,sugar_snacks,honey,Bal,id:0G9P,id:0G9P,Arıvital Yayla Petek Bal 520 Gr,0.52,kg,379.9,730.576923,730.576923,1,1,1,"[""depot:tarim_kredi-7488""]","[""tarim_kredi""]",pinned-relative,0
2026-08-26,sugar_snacks,honey,Bal,id:2CS6,id:2CS6,Balparmak Çiçek Süzme Bal 460 Gr,0.46,kg,385.0,836.956522,836.956522,1,1,1,"[""depot:hakmar-5521""]","[""hakmar""]",pinned-relative,0
2026-08-26,sugar_snacks,honey,Bal,id:0V4Z,id:0V4Z,S.S. 745 Sayılı Kozan Bal Kooperatifi Çiçek Balı 850 Gr,0.85,kg,349.75,411.470588,411.470588,1,1,1,"[""depot:migros-1991""]","[""migros""]",pinned-relative,0
2026-08-26,sugar_snacks,honey,Bal,id:20TK,id:20TK,Beeo Yayla Çiçek Balı Ham Bal 300 Gr,0.3,kg,479.92,1599.733333,1599.733333,1,1,1,"[""depot:carrefour-1012""]","[""carrefour""]",pinned-relative,0
2026-08-26,sugar_snacks,honey,Bal,id:0VL6,id:0VL6,Kaldera Organik Bal 460 Gr,0.46,kg,859.95,1869.456522,1869.456522,1,1,1,"[""depot:migros-1991""]","[""migros""]",pinned-relative,0
2026-08-26,sugar_snacks,jam,Reçel,id:20H5,id:20H5,Tamek Vişne Reçeli 800 Gr,0.8,kg,283.95,354.9375,356.049353,2,2,2,"[""depot:carrefour-1012"",""depot:migros-1991""]","[""carrefour"",""migros""]",pinned-relative,0
2026-08-26,sugar_snacks,jam,Reçel,id:1PSZ,id:1PSZ,Yenigün Şeker İlavesiz Vişne Reçeli 290 Gr,0.29,kg,349.425,1204.913793,1204.913793,2,2,2,"[""depot:carrefour-1012"",""depot:migros-564""]","[""carrefour"",""migros""]",pinned-relative,0
2026-08-26,sugar_snacks,jam,Reçel,id:0PD2,id:0PD2,Migros Kayısı Reçeli 380 Gr,0.38,kg,74.95,197.236842,197.236842,1,1,1,"[""depot:migros-1991""]","[""migros""]",pinned-relative,0
2026-08-26,sugar_snacks,jam,Reçel,id:0QNN,id:0QNN,Migros Vişne Reçeli 380 Gr,0.38,kg,74.95,197.236842,197.236842,1,1,1,"[""depot:migros-1991""]","[""migros""]",pinned-relative,0
2026-08-26,sugar_snacks,jam,Reçel,id:0Z2A,id:0Z2A,Bolmix Reçel Çeşitleri 1 Kg,1.0,kg,105.0,105.0,105.0,1,1,1,"[""depot:a101-6815""]","[""a101""]",pinned-relative,0
2026-08-26,sugar_snacks,jam,Reçel,id:0NYM,id:0NYM,Migros Şeker İlavesiz Vişne Reçeli 360 Gr,0.36,kg,151.95,422.083333,422.083333,1,1,1,"[""depot:migros-1991""]","[""migros""]",pinned-relative,0
2026-08-26,sugar_snacks,jam,Reçel,id:1STV,id:1STV,Tat Geleneksel Vişne Reçeli 380 Gr,0.38,kg,169.95,447.236842,447.236842,1,1,1,"[""depot:migros-1991""]","[""migros""]",pinned-relative,0
2026-08-26,sugar_snacks,jam,Reçel,id:0E91,id:0E91,Koska Vişne Reçeli 380 Gr,0.38,kg,189.95,499.868421,499.868421,1,1,1,"[""depot:carrefour-1012""]","[""carrefour""]",pinned-relative,0
2026-08-26,sugar_snacks,jam,Reçel,id:10UR,id:10UR,Bolmix Çilek Reçeli 1.8 Kg,1.8,kg,220.0,122.222222,122.222222,1,1,1,"[""depot:a101-6815""]","[""a101""]",pinned-relative,0
2026-08-26,sugar_snacks,jam,Reçel,id:031K,id:031K,İlkgün Çilek Reçeli 2 Kg,2.0,kg,237.0,118.5,118.5,1,1,1,"[""depot:bim-5712""]","[""bim""]",pinned-relative,0
2026-08-26,sugar_snacks,jam,Reçel,id:04V8,id:04V8,Carrefour Çilek Reçeli 2 Kg,2.0,kg,237.0,118.5,118.5,1,1,1,"[""depot:carrefour-1012""]","[""carrefour""]",pinned-relative,0
2026-08-26,sugar_snacks,jam,Reçel,id:0YTK,id:0YTK,Boltane Vişne Reçeli 2 Kg,2.0,kg,320.0,160.0,160.0,1,1,1,"[""depot:sok-4707""]","[""sok""]",pinned-relative,0
2026-08-26,sugar_snacks,jam,Reçel,id:1OHO,id:1OHO,Yenigün Şeker İlavesiz 4 Meyveli Reçel 290 Gr,0.29,kg,324.5,1118.965517,1118.965517,1,1,1,"[""depot:migros-1991""]","[""migros""]",pinned-relative,0
2026-08-26,sugar_snacks,jam,Reçel,id:20GM,id:20GM,St. Dalfour Kayısı Reçeli 284 Gr,0.284,kg,359.9,1267.253521,1267.253521,1,1,1,"[""depot:carrefour-1012""]","[""carrefour""]",pinned-relative,0
2026-08-26,sugar_snacks,jam,Reçel,id:0ORJ,id:0ORJ,Yenigün Organik Vişne Reçeli 290 Gr,0.29,kg,450.95,1555.0,1555.0,1,1,1,"[""depot:migros-1991""]","[""migros""]",pinned-relative,0
2026-08-26,sugar_snacks,chocolate,Çikolata,id:0AD5,id:0AD5,Tadelle Fındık Dolgulu Sütlü Çikolata 30 Gr,0.03,kg,37.5,1250.0,1250.0,5,6,5,"[""depot:a101-6815"",""depot:hakmar-5521"",""depot:migros-1991"",""depot:sok-4707"",""depot:tarim_kredi-7488""]","[""a101"",""hakmar"",""migros"",""sok"",""tarim_kredi""]",pinned-relative,0
2026-08-26,sugar_snacks,chocolate,Çikolata,id:20IP,id:20IP,Eti Sütlü Çikolata 60 Gr,0.06,kg,67.0,1116.666667,1116.666667,4,4,4,"[""depot:a101-6815"",""depot:carrefour-1012"",""depot:migros-1991"",""depot:tarim_kredi-7488""]","[""a101"",""carrefour"",""migros"",""tarim_kredi""]",pinned-relative,0
2026-08-26,sugar_snacks,chocolate,Çikolata,id:20I3,id:20I3,Torku Sütlü Çikolata 60 Gr,0.06,kg,50.45,840.833333,803.601392,2,3,2,"[""depot:migros-1991"",""depot:tarim_kredi-7488""]","[""migros"",""tarim_kredi""]",pinned-relative,0
2026-08-26,sugar_snacks,chocolate,Çikolata,id:1J33,id:1J33,Ozmo Fun Figürlü Sütlü Çikolata 23 Gr,0.023,kg,24.875,1081.521739,1081.521739,2,2,2,"[""depot:bim-5712"",""depot:carrefour-5036""]","[""bim"",""carrefour""]",pinned-relative,0
2026-08-26,sugar_snacks,chocolate,Çikolata,id:1PPO,id:1PPO,Eti Bol Sütlü Çikolata 60 Gr,0.06,kg,55.925,932.083333,932.083333,2,2,2,"[""depot:carrefour-5254"",""depot:migros-1991""]","[""carrefour"",""migros""]",pinned-relative,0
2026-08-26,sugar_snacks,chocolate,Çikolata,id:1ZQT,id:1ZQT,Ülker Dolu Dolu Fındıklı Sütlü Çikolata 80 Gr,0.08,kg,75.945,949.3125,977.054608,2,2,2,"[""depot:carrefour-5254"",""depot:migros-1991""]","[""carrefour"",""migros""]",pinned-relative,0
2026-08-26,sugar_snacks,chocolate,Çikolata,id:20BV,id:20BV,Kahve Dünyası Tambol Fındıklı Sütlü Çikolata 77 Gr,0.077,kg,94.5,1227.272727,1227.27278,2,2,2,"[""depot:a101-6815"",""depot:migros-1991""]","[""a101"",""migros""]",pinned-relative,0
2026-08-26,sugar_snacks,chocolate,Çikolata,id:20AJ,id:20AJ,Ülker Sütlü Çikolata 70 Gr,0.07,kg,92.5,1321.428571,1331.785714,1,2,1,"[""depot:migros-1991""]","[""migros""]",pinned-relative,0
2026-08-26,sugar_snacks,chocolate,Çikolata,id:1K8K,id:1K8K,Ülker Caramio Sütlü Çikolata 32 Gr,0.032,kg,27.5,859.375,859.375,1,1,1,"[""depot:sok-4707""]","[""sok""]",pinned-relative,0
2026-08-26,sugar_snacks,chocolate,Çikolata,id:1FHB,id:1FHB,Karmen Bol Sütlü Çikolata 33 Gr,0.033,kg,29.0,878.787879,878.787879,1,1,1,"[""depot:sok-4707""]","[""sok""]",pinned-relative,0
2026-08-26,sugar_snacks,chocolate,Çikolata,id:1YCE,id:1YCE,Elit Şemsiye Sütlü Çikolata 30 Gr,0.03,kg,37.5,1250.0,1250.0,1,1,1,"[""depot:sok-4707""]","[""sok""]",pinned-relative,0
2026-08-26,sugar_snacks,chocolate,Çikolata,id:1FUY,id:1FUY,Buono Sütlü Çikolata 80 Gr,0.08,kg,47.0,587.5,587.5,1,1,1,"[""depot:bim-5712""]","[""bim""]",pinned-relative,0
2026-08-26,sugar_snacks,chocolate,Çikolata,id:0OAW,id:0OAW,Karmen Sütlü Çikolata 80 Gr,0.08,kg,52.0,650.0,650.0,1,1,1,"[""depot:sok-4707""]","[""sok""]",pinned-relative,0
2026-08-26,sugar_snacks,chocolate,Çikolata,id:1OL4,id:1OL4,Torku Miniki Sütlü Çikolata 72 Gr,0.072,kg,43.5,604.166667,604.166667,1,1,1,"[""depot:migros-3296""]","[""migros""]",pinned-relative,0
2026-08-26,sugar_snacks,chocolate,Çikolata,id:1RS3,id:1RS3,Tadelle Sütlü Çikolata 52 Gr,0.052,kg,62.5,1201.923077,1201.923077,1,1,1,"[""depot:migros-1991""]","[""migros""]",pinned-relative,0
2026-08-26,sugar_snacks,chocolate,Çikolata,id:10H8,id:10H8,Ülker Sütlü Çikolata 60 Gr,0.06,kg,55.0,916.666667,916.666667,1,1,1,"[""depot:a101-6815""]","[""a101""]",pinned-relative,0
2026-08-26,sugar_snacks,chocolate,Çikolata,id:21Z1,id:21Z1,Eszet Sütlü Çikolata 75 Gr,0.075,kg,79.0,1053.333333,1053.333333,1,1,1,"[""depot:bim-5712""]","[""bim""]",pinned-relative,0
2026-08-26,sugar_snacks,chocolate,Çikolata,id:1TTC,id:1TTC,Tadelle Sütlü Çikolata 3x30 Gr 90 Gr,0.09,kg,109.95,1221.666667,1221.666667,1,1,1,"[""depot:migros-1991""]","[""migros""]",pinned-relative,0
2026-08-26,sugar_snacks,chocolate,Çikolata,id:2NJL,id:2NJL,Godiva Bol Sütlü Çikolata 60 Gr,0.06,kg,79.95,1332.5,1332.5,1,1,1,"[""depot:sok-7017""]","[""sok""]",pinned-relative,0
2026-08-26,sugar_snacks,chocolate,Çikolata,id:0YCP,id:0YCP,Milka Sütlü Çikolata 80 Gr,0.08,kg,89.9,1123.75,1123.75,1,1,1,"[""depot:migros-1991""]","[""migros""]",pinned-relative,0
2026-08-26,sugar_snacks,chocolate,Çikolata,id:14SG,id:14SG,Hanımefendi Fındık Fıstık ve Sütlü Çikolata 300 Gr,0.3,kg,169.0,563.333333,563.333333,1,1,1,"[""depot:bim-5712""]","[""bim""]",pinned-relative,0
2026-08-26,sugar_snacks,chocolate,Çikolata,id:0940,id:0940,Schogetten Sütlü Çikolata 100 Gr,0.1,kg,179.9,1799.0,1799.0,1,1,1,"[""depot:carrefour-1012""]","[""carrefour""]",pinned-relative,0
2026-08-26,sugar_snacks,chocolate,Çikolata,id:0HNK,id:0HNK,Evliya Premium Sütlü Çikolata 250 Gr,0.25,kg,179.9,719.6,719.6,1,1,1,"[""depot:tarim_kredi-5022""]","[""tarim_kredi""]",pinned-relative,0
2026-08-26,sugar_snacks,biscuits,Bisküvi,id:218I,id:218I,McVitie's Karamelli Bisküvi 120 Gr,0.12,kg,39.45,328.75,331.469426,2,3,2,"[""depot:a101-6815"",""depot:carrefour-1012""]","[""a101"",""carrefour""]",pinned-relative,0
2026-08-26,sugar_snacks,biscuits,Bisküvi,id:1YWA,id:1YWA,Eti Bumbo Bisküvi 42 Gr,0.042,kg,13.675,325.595238,322.884489,2,2,2,"[""depot:carrefour-1012"",""depot:migros-564""]","[""carrefour"",""migros""]",pinned-relative,0
2026-08-26,sugar_snacks,biscuits,Bisküvi,id:1U9U,id:1U9U,McVitie's Digestive Original Bisküvi 133 Gr,0.133,kg,39.9,300.0,240.225564,1,2,1,"[""depot:migros-6679""]","[""migros""]",pinned-relative,0
2026-08-26,sugar_snacks,biscuits,Bisküvi,id:1IQO,id:1IQO,Ülker Bisküvi Kremalı 8x61 Gr,0.488,kg,88.975,182.32582,179.029304,2,2,2,"[""depot:a101-4141"",""depot:migros-564""]","[""a101"",""migros""]",pinned-relative,0
2026-08-26,sugar_snacks,biscuits,Bisküvi,id:1SZ2,id:1SZ2,Eti Finger Bisküvi 900 Gr,0.9,kg,147.0,163.333333,184.238604,1,2,1,"[""depot:a101-6815""]","[""a101""]",pinned-relative,0
2026-08-26,sugar_snacks,biscuits,Bisküvi,id:0KH9,id:0KH9,Ülker Kremalı Bisküvi 61 Gr,0.061,kg,14.75,241.803279,241.803279,1,1,1,"[""depot:hakmar-5521""]","[""hakmar""]",pinned-relative,0
2026-08-26,sugar_snacks,biscuits,Bisküvi,id:00D3,id:00D3,Fındıklı/Çokodamla Bisküvi 100 Gr,0.1,kg,16.5,165.0,165.0,1,1,1,"[""depot:bim-5712""]","[""bim""]",pinned-relative,0
2026-08-26,sugar_snacks,biscuits,Bisküvi,id:29VX,id:29VX,Eti Cin Bisküvi 114 Gr,0.114,kg,25.0,219.298246,219.298246,1,1,1,"[""depot:hakmar-5521""]","[""hakmar""]",pinned-relative,0
2026-08-26,sugar_snacks,biscuits,Bisküvi,id:2A0Y,id:2A0Y,Ülker Petibör Bisküvi 175 Gr,0.175,kg,29.5,168.571429,168.571429,1,1,1,"[""depot:hakmar-5521""]","[""hakmar""]",pinned-relative,0
2026-08-26,sugar_snacks,biscuits,Bisküvi,id:2A6S,id:2A6S,Torku Tam Çikolatalı Bisküvi 83 Gr,0.083,kg,29.75,358.433735,358.433735,1,1,1,"[""depot:hakmar-5521""]","[""hakmar""]",pinned-relative,0
2026-08-26,sugar_snacks,biscuits,Bisküvi,id:1PEK,id:1PEK,Ülker Kakaolu Kremalı Bisküvi 244 Gr,0.244,kg,59.95,245.696721,245.696721,1,1,1,"[""depot:carrefour-1012""]","[""carrefour""]",pinned-relative,0
2026-08-26,sugar_snacks,biscuits,Bisküvi,id:0QZD,id:0QZD,Tempo Finger Bisküvi 450 Gr,0.45,kg,43.5,96.666667,96.666667,1,1,1,"[""depot:sok-4707""]","[""sok""]",pinned-relative,0
2026-08-26,sugar_snacks,biscuits,Bisküvi,id:01P5,id:01P5,Süsse Finger Bisküvi 450 Gr,0.45,kg,43.5,96.666667,96.666667,1,1,1,"[""depot:bim-5712""]","[""bim""]",pinned-relative,0
2026-08-26,sugar_snacks,biscuits,Bisküvi,id:0CB9,id:0CB9,5 Dakika Bisküvi 4x75 Gr,0.3,kg,48.9,163.0,163.0,1,1,1,"[""depot:tarim_kredi-5022""]","[""tarim_kredi""]",pinned-relative,0
2026-08-26,sugar_snacks,biscuits,Bisküvi,id:03CB,id:03CB,Yaşam Tam Buğdaylı Bisküvi 393 Gr,0.393,kg,49.0,124.681934,124.681934,1,1,1,"[""depot:bim-5712""]","[""bim""]",pinned-relative,0
2026-08-26,sugar_snacks,biscuits,Bisküvi,id:1KTY,id:1KTY,Ülker İkram Fındıklı Bisküvi 3x84 Gr,0.252,kg,64.0,253.968254,253.968254,1,1,1,"[""depot:tarim_kredi-7488""]","[""tarim_kredi""]",pinned-relative,0
2026-08-26,sugar_snacks,biscuits,Bisküvi,id:07HT,id:07HT,Süsse Petibör Bisküvi 1 Kg,1.0,kg,89.0,89.0,89.0,1,1,1,"[""depot:bim-5712""]","[""bim""]",pinned-relative,0
2026-08-26,sugar_snacks,biscuits,Bisküvi,id:2O90,id:2O90,Ülker Pötibör Bisküvi 450 Gr,0.45,kg,69.9,155.333333,155.333333,1,1,1,"[""depot:tarim_kredi-5022""]","[""tarim_kredi""]",pinned-relative,0
2026-08-26,sugar_snacks,biscuits,Bisküvi,id:3WYM,id:3WYM,Migros Pötibör Bisküvi 5x200 Gr,1.0,kg,80.0,80.0,80.0,1,1,1,"[""depot:migros-1991""]","[""migros""]",pinned-relative,0
2026-08-26,sugar_snacks,biscuits,Bisküvi,id:0PXD,id:0PXD,Tempo Pötibör Bisküvi 1 Kg,1.0,kg,89.0,89.0,89.0,1,1,1,"[""depot:sok-4707""]","[""sok""]",pinned-relative,0
2026-08-26,sugar_snacks,biscuits,Bisküvi,id:0MOL,id:0MOL,Saklıköy Çikolata Kremalı Bisküvi 435 Gr,0.435,kg,99.0,227.586207,227.586207,1,1,1,"[""depot:bim-5712""]","[""bim""]",pinned-relative,0
2026-08-26,sugar_snacks,biscuits,Bisküvi,id:1O00,id:1O00,Anna's Zencefilli Bisküvi 150 Gr,0.15,kg,249.9,1666.0,1666.0,1,1,1,"[""depot:carrefour-1012""]","[""carrefour""]",pinned-relative,0
2026-08-26,sugar_snacks,wafer,Gofret,id:21SL,id:21SL,Ülker Bitter Çikolatalı Gofret 36 Gr,0.036,kg,17.5,486.111111,499.45664,5,5,5,"[""depot:a101-6815"",""depot:carrefour-5254"",""depot:hakmar-5521"",""depot:migros-1991"",""depot:sok-4707""]","[""a101"",""carrefour"",""hakmar"",""migros"",""sok""]",pinned-relative,0
2026-08-26,sugar_snacks,wafer,Gofret,id:1NVD,id:1NVD,Tadelle Maxinut Fındıklı Gofret 30 Gr,0.03,kg,25.0,833.333333,833.333333,3,3,3,"[""depot:carrefour-1012"",""depot:migros-1991"",""depot:tarim_kredi-7488""]","[""carrefour"",""migros"",""tarim_kredi""]",pinned-relative,0
2026-08-26,sugar_snacks,wafer,Gofret,id:1UUM,id:1UUM,Torku Bitter Portakal Gofret 142 Gr,0.142,kg,43.4,305.633803,302.555676,2,2,2,"[""depot:migros-3296"",""depot:tarim_kredi-7488""]","[""migros"",""tarim_kredi""]",pinned-relative,0
2026-08-26,sugar_snacks,wafer,Gofret,id:1FYQ,id:1FYQ,Torku Nobir Kaplamalı Gofret 24x35 Gr,0.8400000000000001,kg,8.75,10.416667,10.416667,1,1,1,"[""depot:bim-5712""]","[""bim""]",pinned-relative,0
2026-08-26,sugar_snacks,wafer,Gofret,id:031B,id:031B,Centro Hindistan Cevizli Gofret 40 Gr,0.04,kg,8.0,200.0,200.0,1,1,1,"[""depot:bim-5712""]","[""bim""]",pinned-relative,0
2026-08-26,sugar_snacks,wafer,Gofret,id:3WPC,id:3WPC,Ülker Luna Kaplamalı Gofret 28 Gr,0.028,kg,11.5,410.714286,410.714286,1,1,1,"[""depot:bim-5712""]","[""bim""]",pinned-relative,0
2026-08-26,sugar_snacks,wafer,Gofret,id:3WK1,id:3WK1,Hoşbeş Limon Kremalı Gofret 66 Gr,0.066,kg,24.5,371.212121,371.212121,1,1,1,"[""depot:a101-4141""]","[""a101""]",pinned-relative,0
2026-08-26,sugar_snacks,wafer,Gofret,id:0A7D,id:0A7D,Sarelle Bitter Gofret 33 Gr,0.033,kg,25.0,757.575758,757.575758,1,1,1,"[""depot:carrefour-1012""]","[""carrefour""]",pinned-relative,0
2026-08-26,sugar_snacks,wafer,Gofret,id:211Q,id:211Q,Sarelle Hindistan Cevizli Gofret 33 Gr,0.033,kg,26.5,803.030303,803.030303,1,1,1,"[""depot:carrefour-1012""]","[""carrefour""]",pinned-relative,0
2026-08-26,sugar_snacks,wafer,Gofret,id:0XO9,id:0XO9,Peki Çilek Kremalı Gofret 142 Gr,0.142,kg,34.0,239.43662,239.43662,1,1,1,"[""depot:sok-4707""]","[""sok""]",pinned-relative,0
2026-08-26,sugar_snacks,wafer,Gofret,id:10TF,id:10TF,Peki Fındıklı Kremalı Gofret 142 Gr,0.142,kg,34.0,239.43662,239.43662,1,1,1,"[""depot:sok-4707""]","[""sok""]",pinned-relative,0
2026-08-26,sugar_snacks,wafer,Gofret,id:2A22,id:2A22,Şölen Nutymax Antep Fıstıklı Gofret 44 Gr,0.044,kg,39.5,897.727273,897.727273,1,1,1,"[""depot:hakmar-5521""]","[""hakmar""]",pinned-relative,0
2026-08-26,sugar_snacks,wafer,Gofret,id:1H7O,id:1H7O,Milka Gofree Çikolatalı Gofret 28 Gr,0.028,kg,39.9,1425.0,1425.0,1,2,1,"[""depot:migros-3296""]","[""migros""]",pinned-relative,0
2026-08-26,sugar_snacks,wafer,Gofret,id:0SLI,id:0SLI,Peki Muzlu Gofret 350 Gr,0.35,kg,52.0,148.571429,148.571429,1,1,1,"[""depot:sok-4707""]","[""sok""]",pinned-relative,0
2026-08-26,sugar_snacks,wafer,Gofret,id:12EN,id:12EN,Xroll Muzlu Gofret 350 Gr,0.35,kg,39.0,111.428571,111.428571,1,1,1,"[""depot:a101-6815""]","[""a101""]",pinned-relative,0
2026-08-26,sugar_snacks,wafer,Gofret,id:01P4,id:01P4,Centro Muzlu Gofret 350 Gr,0.35,kg,52.0,148.571429,148.571429,1,1,1,"[""depot:bim-5712""]","[""bim""]",pinned-relative,0
2026-08-26,sugar_snacks,wafer,Gofret,id:0KYA,id:0KYA,Xroll Çikolatalı Ve Fındıklı Gofret 7x33 Gr,0.231,kg,99.0,428.571429,428.571429,1,1,1,"[""depot:a101-6815""]","[""a101""]",pinned-relative,0
2026-08-26,sugar_snacks,wafer,Gofret,id:0T09,id:0T09,Wafer Master Rulo Gofret 400 Gr,0.4,kg,192.0,480.0,480.0,1,1,1,"[""depot:carrefour-5254""]","[""carrefour""]",pinned-relative,0
2026-08-26,sugar_snacks,chips,Patates cipsi,id:1LMP,id:1LMP,Master Potato Barbekü Çeşnili Patates Cipsi 160 Gr,0.16,kg,120.0,750.0,753.598485,1,2,1,"[""depot:migros-1991""]","[""migros""]",pinned-relative,0
2026-08-26,sugar_snacks,chips,Patates cipsi,id:1GNI,id:1GNI,Patito Sade Ketçap Patates Cipsi 150 Gr,0.15,kg,45.0,300.0,300.0,1,1,1,"[""depot:bim-5712""]","[""bim""]",pinned-relative,0
2026-08-26,sugar_snacks,chips,Patates cipsi,id:04OE,id:04OE,Toledo Klasik Patates Cipsi 150 Gr,0.15,kg,45.0,300.0,300.0,1,1,1,"[""depot:hakmar-5521""]","[""hakmar""]",pinned-relative,0
2026-08-26,sugar_snacks,chips,Patates cipsi,id:0TMO,id:0TMO,Samba Tırtıklı Patates Cipsi 150 Gr,0.15,kg,46.5,310.0,310.0,1,1,1,"[""depot:a101-6815""]","[""a101""]",pinned-relative,0
2026-08-26,sugar_snacks,chips,Patates cipsi,id:0LFX,id:0LFX,Samba İnce Patates Cipsi 150 Gr,0.15,kg,46.5,310.0,310.0,1,1,1,"[""depot:a101-6815""]","[""a101""]",pinned-relative,0
2026-08-26,sugar_snacks,chips,Patates cipsi,id:0NFJ,id:0NFJ,Amigo Tırtıklı Sade Patates Cipsi 150 Gr,0.15,kg,46.5,310.0,310.0,1,1,1,"[""depot:sok-7017""]","[""sok""]",pinned-relative,0
2026-08-26,sugar_snacks,chips,Patates cipsi,id:1Z0K,id:1Z0K,Cipso Yoğurt & Mevsim Yeşillikli Aromalı Patates Cipsi 125 Gr,0.125,kg,49.9,399.2,399.2,1,1,1,"[""depot:sok-4707""]","[""sok""]",pinned-relative,0
2026-08-26,sugar_snacks,chips,Patates cipsi,id:1C4H,id:1C4H,Patito Peynir Soğanlı Patates Cipsi 200 Gr,0.2,kg,50.0,250.0,250.0,1,1,1,"[""depot:bim-5712""]","[""bim""]",pinned-relative,0
2026-08-26,sugar_snacks,chips,Patates cipsi,id:1J0K,id:1J0K,Ruffles Orijinal Peynirli Soğan Ketçap Patates Cipsi 125 Gr,0.125,kg,64.5,516.0,516.0,1,1,1,"[""depot:bim-5712""]","[""bim""]",pinned-relative,0
2026-08-26,sugar_snacks,chips,Patates cipsi,id:1ZWL,id:1ZWL,Lay's Klasik Patates Cipsi 125 Gr,0.125,kg,64.5,516.0,516.0,1,1,1,"[""depot:a101-6815""]","[""a101""]",pinned-relative,0
2026-08-26,sugar_snacks,chips,Patates cipsi,id:2CPL,id:2CPL,Ruffles Originals Sade Patates Cipsi 125 Gr,0.125,kg,64.5,516.0,516.0,1,1,1,"[""depot:hakmar-5521""]","[""hakmar""]",pinned-relative,0
2026-08-26,sugar_snacks,chips,Patates cipsi,id:2CPS,id:2CPS,Ruffles Peynir & Soğan Patates Cipsi 125 Gr,0.125,kg,64.5,516.0,516.0,1,1,1,"[""depot:hakmar-5521""]","[""hakmar""]",pinned-relative,0
2026-08-26,sugar_snacks,chips,Patates cipsi,id:1DN7,id:1DN7,Amigo Pesto Sos Çeşnili Patates Cipsi 200 Gr,0.2,kg,65.0,325.0,325.0,1,1,1,"[""depot:sok-4707""]","[""sok""]",pinned-relative,0
2026-08-26,sugar_snacks,chips,Patates cipsi,id:1AG8,id:1AG8,Patito Pesto Barbekü Aromalı Patates Cipsi 200 Gr,0.2,kg,65.0,325.0,325.0,1,1,1,"[""depot:bim-5712""]","[""bim""]",pinned-relative,0
2026-08-26,sugar_snacks,chips,Patates cipsi,id:1CKU,id:1CKU,Lorenz Paprika Aromalı Patates Cipsi 100 Gr,0.1,kg,132.9,1329.0,1329.0,1,1,1,"[""depot:migros-1991""]","[""migros""]",pinned-relative,0
2026-08-26,sugar_snacks,chips,Patates cipsi,id:1IYP,id:1IYP,Master Potato Original Patates Cipsi 160 Gr,0.16,kg,109.0,681.25,681.25,1,1,1,"[""depot:bim-5712""]","[""bim""]",pinned-relative,0
2026-08-26,sugar_snacks,chips,Patates cipsi,id:2JMQ,id:2JMQ,Argente Kinoalı Patates Cipsi 150 Gr,0.15,kg,329.9,2199.333333,2199.333333,1,1,1,"[""depot:migros-1991""]","[""migros""]",pinned-relative,0
2026-08-26,sugar_snacks,nuts,Kuruyemiş,id:1Y3N,id:1Y3N,Tadım Festival Karışık Kuruyemiş 180 Gr,0.18,kg,199.95,1110.833333,1052.241655,3,3,3,"[""depot:a101-6815"",""depot:carrefour-1012"",""depot:migros-1991""]","[""a101"",""carrefour"",""migros""]",pinned-relative,0
2026-08-26,sugar_snacks,nuts,Kuruyemiş,id:1FU9,id:1FU9,Altıntop Soslu Karışık Kuruyemiş 150 Gr,0.15,kg,47.5,316.666667,316.666667,1,1,1,"[""depot:a101-4141""]","[""a101""]",pinned-relative,0
2026-08-26,sugar_snacks,nuts,Kuruyemiş,id:1HW3,id:1HW3,Çerezya Soslu Karışık Kuruyemiş 150 Gr,0.15,kg,59.5,396.666667,396.666667,1,1,1,"[""depot:a101-6815""]","[""a101""]",pinned-relative,0
2026-08-26,sugar_snacks,nuts,Kuruyemiş,id:0PTY,id:0PTY,Çerezya Tuzlu Karışık Kuruyemiş 200 Gr,0.2,kg,83.5,417.5,417.5,1,1,1,"[""depot:a101-6815""]","[""a101""]",pinned-relative,0
2026-08-26,sugar_snacks,nuts,Kuruyemiş,id:1DET,id:1DET,Migros Ballı Hardal Soslu Karışık Kuruyemiş 200 Gr,0.2,kg,109.9,549.5,549.5,1,1,1,"[""depot:migros-3296""]","[""migros""]",pinned-relative,0
2026-08-26,sugar_snacks,nuts,Kuruyemiş,id:0RGA,id:0RGA,Amigo Karışık Kuruyemiş 150 Gr,0.15,kg,114.5,763.333333,763.333333,1,1,1,"[""depot:sok-4707""]","[""sok""]",pinned-relative,0
2026-08-26,sugar_snacks,nuts,Kuruyemiş,id:0N3N,id:0N3N,Tadım Klasik Karışık Kuruyemiş 180 Gr,0.18,kg,108.95,605.277778,605.277778,1,1,1,"[""depot:a101-6815""]","[""a101""]",pinned-relative,0
2026-08-26,sugar_snacks,nuts,Kuruyemiş,id:08G4,id:08G4,Migros Çiğ Karışık Kuruyemiş 200 Gr,0.2,kg,169.9,849.5,849.5,1,1,1,"[""depot:migros-1991""]","[""migros""]",pinned-relative,0
2026-08-26,sugar_snacks,nuts,Kuruyemiş,id:0373,id:0373,Tarım Kredi Karışık Kuruyemiş Doypack 200 Gr,0.2,kg,169.9,849.5,849.5,1,1,1,"[""depot:tarim_kredi-7488""]","[""tarim_kredi""]",pinned-relative,0
2026-08-26,sugar_snacks,nuts,Kuruyemiş,id:0QXY,id:0QXY,Migros Karışık Kuruyemiş 200 Gr,0.2,kg,173.9,869.5,869.5,1,1,1,"[""depot:migros-1991""]","[""migros""]",pinned-relative,0
2026-08-26,sugar_snacks,nuts,Kuruyemiş,id:046L,id:046L,Amigo Lüks Kabuksuz Karışık Kuruyemiş 200 Gr,0.2,kg,195.0,975.0,975.0,1,1,1,"[""depot:sok-4707""]","[""sok""]",pinned-relative,0
2026-08-26,sugar_snacks,nuts,Kuruyemiş,id:126E,id:126E,Çerezya Premium Karışık Kuruyemiş 200 Gr,0.2,kg,195.0,975.0,975.0,1,1,1,"[""depot:a101-6815""]","[""a101""]",pinned-relative,0
2026-08-26,sugar_snacks,nuts,Kuruyemiş,id:00Z1,id:00Z1,Simbat Party Çiğ Karışık Kuruyemiş 200 Gr,0.2,kg,195.0,975.0,975.0,1,1,1,"[""depot:bim-5712""]","[""bim""]",pinned-relative,0
2026-08-26,sugar_snacks,nuts,Kuruyemiş,id:0NOK,id:0NOK,Migros 5li Kavrulmuş Karışık Kuruyemiş 200 Gr,0.2,kg,196.9,984.5,984.5,1,1,1,"[""depot:migros-1991""]","[""migros""]",pinned-relative,0
2026-08-26,sugar_snacks,nuts,Kuruyemiş,id:0OO9,id:0OO9,Fellas Vegan Protein Granola Karışık Kuruyemiş & Kakao 270 Gr,0.27,kg,239.95,888.703704,888.703704,1,1,1,"[""depot:carrefour-1012""]","[""carrefour""]",pinned-relative,0
2026-08-26,sugar_snacks,nuts,Kuruyemiş,id:0NYI,id:0NYI,Karışık Kuruyemiş Extra 400 Gr,0.4,kg,449.9,1124.75,1124.75,1,1,1,"[""depot:migros-1991""]","[""migros""]",pinned-relative,0
2026-08-26,sugar_snacks,icecream,Dondurma,id:04EF,id:04EF,Tatdo Sade Dondurma 1 Kg,1.0,kg,239.75,239.75,239.75,1,1,1,"[""depot:hakmar-5521""]","[""hakmar""]",pinned-relative,0
2026-08-26,sugar_snacks,halva,Helva,id:1PPI,id:1PPI,Koska Sade Tahin Helvası 500 Gr,0.5,kg,169.0,338.0,322.141701,3,3,3,"[""depot:carrefour-1012"",""depot:migros-1991"",""depot:sok-4707""]","[""carrefour"",""migros"",""sok""]",pinned-relative,0
2026-08-26,sugar_snacks,halva,Helva,id:1KOV,id:1KOV,Gülsan Kakaolu Tahin Helvası Kürek 300 Gr,0.3,kg,102.9,343.0,343.0,1,1,1,"[""depot:carrefour-1012""]","[""carrefour""]",pinned-relative,0
2026-08-26,sugar_snacks,halva,Helva,id:1Z5K,id:1Z5K,Gülsan Sade Tahin Helvası 500 Gr,0.5,kg,51.45,102.9,102.9,1,1,1,"[""depot:carrefour-1012""]","[""carrefour""]",pinned-relative,0
2026-08-26,sugar_snacks,halva,Helva,id:207D,id:207D,Gülsan Kakaolu Tahin Helvası 500 Gr,0.5,kg,60.95,121.9,121.9,1,1,1,"[""depot:carrefour-1012""]","[""carrefour""]",pinned-relative,0
2026-08-26,sugar_snacks,halva,Helva,id:0VL9,id:0VL9,Migros Sade Tahin Helvası 500 Gr,0.5,kg,64.95,129.9,129.9,1,1,1,"[""depot:migros-1991""]","[""migros""]",pinned-relative,0
2026-08-26,sugar_snacks,halva,Helva,id:0WVR,id:0WVR,Migros Kakaolu Tahin Helvası 500 Gr,0.5,kg,64.95,129.9,129.9,1,1,1,"[""depot:migros-1991""]","[""migros""]",pinned-relative,0
2026-08-26,sugar_snacks,halva,Helva,id:0SFH,id:0SFH,Taşkale Tahin Helvası Kakaolu 500 Gr,0.5,kg,70.0,140.0,140.0,1,1,1,"[""depot:sok-4707""]","[""sok""]",pinned-relative,0
2026-08-26,sugar_snacks,halva,Helva,id:0Y43,id:0Y43,Taşkale Tahin Helvası Sade 500 Gr,0.5,kg,70.0,140.0,140.0,1,1,1,"[""depot:sok-4707""]","[""sok""]",pinned-relative,0
2026-08-26,sugar_snacks,halva,Helva,id:0A6I,id:0A6I,Tarım Kredi Keçiboynuzlu Tahin Helvası 500 Gr,0.5,kg,79.9,159.8,159.8,1,1,1,"[""depot:tarim_kredi-7488""]","[""tarim_kredi""]",pinned-relative,0
2026-08-26,sugar_snacks,halva,Helva,id:1J07,id:1J07,Gülsan Sade Tahin Helvası Kürek 300 Gr,0.3,kg,95.9,319.666667,319.666667,1,1,1,"[""depot:carrefour-1012""]","[""carrefour""]",pinned-relative,0
2026-08-26,sugar_snacks,halva,Helva,id:1XP0,id:1XP0,Seyidoğlu Sade Tahin Helvası 500 Gr,0.5,kg,99.0,198.0,198.0,1,1,1,"[""depot:sok-4707""]","[""sok""]",pinned-relative,0
2026-08-26,sugar_snacks,halva,Helva,id:1W8P,id:1W8P,Seyidoğlu Kakaolu Tahin Helvası 500 Gr,0.5,kg,99.0,198.0,198.0,1,1,1,"[""depot:sok-1017""]","[""sok""]",pinned-relative,0
2026-08-26,sugar_snacks,halva,Helva,id:1OSV,id:1OSV,Koska Keçiboynuzlu Fındıklı Tahin Helva 200 Gr,0.2,kg,117.95,589.75,589.75,1,1,1,"[""depot:carrefour-1012""]","[""carrefour""]",pinned-relative,0
2026-08-26,sugar_snacks,halva,Helva,id:1PT5,id:1PT5,Koska Fındık Püreli Tahin Helvası 200 Gr,0.2,kg,126.95,634.75,634.75,1,1,1,"[""depot:carrefour-1012""]","[""carrefour""]",pinned-relative,0
2026-08-26,sugar_snacks,halva,Helva,id:0S48,id:0S48,Taşkale Tahin Helvası Antep Fıstıklı 500 Gr,0.5,kg,139.0,278.0,278.0,1,1,1,"[""depot:sok-4707""]","[""sok""]",pinned-relative,0
2026-08-26,sugar_snacks,halva,Helva,id:0XUB,id:0XUB,Migros Antep Fıstıklı Tahin Helvası 500 Gr,0.5,kg,139.0,278.0,278.0,1,1,1,"[""depot:migros-1991""]","[""migros""]",pinned-relative,0
2026-08-26,sugar_snacks,halva,Helva,id:081J,id:081J,Tarım Kredi Antep Fıstıklı Tahin Helvası 500 Gr,0.5,kg,139.9,279.8,279.8,1,1,1,"[""depot:tarim_kredi-7488""]","[""tarim_kredi""]",pinned-relative,0
2026-08-26,sugar_snacks,halva,Helva,id:1Z3S,id:1Z3S,Torku Sade Tahin Helva 500 Gr,0.5,kg,146.95,293.9,293.9,1,1,1,"[""depot:migros-1991""]","[""migros""]",pinned-relative,0
2026-08-26,sugar_snacks,halva,Helva,id:1LTP,id:1LTP,Koska Kakaolu Tahin Helvası 500 Gr,0.5,kg,169.0,338.0,338.0,1,1,1,"[""depot:sok-4707""]","[""sok""]",pinned-relative,0
2026-08-26,sugar_snacks,halva,Helva,id:0IU8,id:0IU8,Gülsan Sade Tahin Helvası Dilimli 1 Kg,1.0,kg,190.0,190.0,190.0,1,1,1,"[""depot:carrefour-5254""]","[""carrefour""]",pinned-relative,0
2026-08-26,sugar_snacks,halva,Helva,id:0EG7,id:0EG7,Gülsan Kakaolu Tahin Helvası Dilimli 1 Kg,1.0,kg,190.0,190.0,190.0,1,1,1,"[""depot:carrefour-5254""]","[""carrefour""]",pinned-relative,0
2026-08-26,sugar_snacks,spread,Kakaolu fındık kreması,id:20NS,id:20NS,Milka Kakaolu Fındık Kreması 350 Gr,0.35,kg,154.45,441.285714,441.285714,2,2,2,"[""depot:carrefour-5254"",""depot:migros-1991""]","[""carrefour"",""migros""]",pinned-relative,0
2026-08-26,sugar_snacks,spread,Kakaolu fındık kreması,id:1W4A,id:1W4A,Torku Banada Kakaolu Fındık Kreması 400 Gr,0.4,kg,160.725,401.8125,401.8125,2,2,2,"[""depot:a101-6815"",""depot:migros-1991""]","[""a101"",""migros""]",pinned-relative,0
2026-08-26,sugar_snacks,spread,Kakaolu fındık kreması,id:1T2H,id:1T2H,Nuga Kakaolu Fındık Kreması 350 Gr,0.35,kg,210.725,602.071429,602.071429,2,2,2,"[""depot:carrefour-1012"",""depot:migros-3296""]","[""carrefour"",""migros""]",pinned-relative,0
2026-08-26,sugar_snacks,spread,Kakaolu fındık kreması,id:09Q9,id:09Q9,Sarelle Kakaolu Fındık Kreması 700 Gr,0.7,kg,286.5,409.285714,409.285714,2,2,2,"[""depot:bim-5712"",""depot:hakmar-5521""]","[""bim"",""hakmar""]",pinned-relative,0
2026-08-26,sugar_snacks,spread,Kakaolu fındık kreması,id:1RC3,id:1RC3,Nutella Kakaolu Fındık Kreması 750 Gr,0.75,kg,314.95,419.933333,420.158133,2,2,2,"[""depot:carrefour-5254"",""depot:migros-1991""]","[""carrefour"",""migros""]",pinned-relative,0
2026-08-26,sugar_snacks,spread,Kakaolu fındık kreması,id:1Y2M,id:1Y2M,Çokokrem Kakaolu Fındık Kreması 20 Gr,0.02,kg,6.0,300.0,300.0,1,1,1,"[""depot:bim-5712""]","[""bim""]",pinned-relative,0
2026-08-26,sugar_snacks,spread,Kakaolu fındık kreması,id:0QUT,id:0QUT,Frema Kakaolu Fındık Kreması 400 Gr,0.4,kg,99.5,248.75,248.75,1,1,1,"[""depot:a101-6815""]","[""a101""]",pinned-relative,0
2026-08-26,sugar_snacks,spread,Kakaolu fındık kreması,id:01A7,id:01A7,Seyidoğlu Boool Fındık Kreması 500 Gr,0.5,kg,79.5,159.0,159.0,1,1,1,"[""depot:hakmar-5521""]","[""hakmar""]",pinned-relative,0
2026-08-26,sugar_snacks,spread,Kakaolu fındık kreması,id:1YEB,id:1YEB,Sayley Sütlü Fındık Kreması 500 Gr,0.5,kg,85.0,170.0,170.0,1,1,1,"[""depot:bim-5712""]","[""bim""]",pinned-relative,0
2026-08-26,sugar_snacks,spread,Kakaolu fındık kreması,id:0ARD,id:0ARD,Carrefour Kakaolu Fındık Kreması 400 Gr,0.4,kg,108.5,271.25,271.25,1,1,1,"[""depot:carrefour-5254""]","[""carrefour""]",pinned-relative,0
2026-08-26,sugar_snacks,spread,Kakaolu fındık kreması,id:0ZNK,id:0ZNK,Karmen Kakaolu Fındık Kreması 400 Gr,0.4,kg,119.0,297.5,297.5,1,1,1,"[""depot:sok-4707""]","[""sok""]",pinned-relative,0
2026-08-26,sugar_snacks,spread,Kakaolu fındık kreması,id:07CH,id:07CH,Peripella Kakaolu Fındık Kreması 400 Gr,0.4,kg,119.0,297.5,297.5,1,1,1,"[""depot:bim-5712""]","[""bim""]",pinned-relative,0
2026-08-26,sugar_snacks,spread,Kakaolu fındık kreması,id:1A5P,id:1A5P,Peripella Kakaolu Fındık Kreması 630 Gr,0.63,kg,129.0,204.761905,204.761905,1,1,1,"[""depot:bim-5712""]","[""bim""]",pinned-relative,0
2026-08-26,sugar_snacks,spread,Kakaolu fındık kreması,id:1O67,id:1O67,Fiskobirlik Sütlü Kakaolu Fındık Kreması 1.5 Kg,1.5,kg,149.0,99.333333,99.333333,1,1,1,"[""depot:bim-5712""]","[""bim""]",pinned-relative,0
2026-08-26,sugar_snacks,spread,Kakaolu fındık kreması,id:29WG,id:29WG,Nutella Fındık Kreması 400 Gr,0.4,kg,175.0,437.5,437.5,1,1,1,"[""depot:hakmar-5521""]","[""hakmar""]",pinned-relative,0
2026-08-26,sugar_snacks,spread,Kakaolu fındık kreması,id:1NYL,id:1NYL,Fiskobirlik Nuga Sütlü Fındık Kreması 350 Gr,0.35,kg,244.95,699.857143,699.857143,1,1,1,"[""depot:migros-564""]","[""migros""]",pinned-relative,0
2026-08-26,sugar_snacks,spread,Kakaolu fındık kreması,id:1NB7,id:1NB7,Torku Banada Kakaolu Fındık Kreması 700 Gr,0.7,kg,199.0,284.285714,284.285714,1,1,1,"[""depot:migros-1991""]","[""migros""]",pinned-relative,0
2026-08-26,sugar_snacks,spread,Kakaolu fındık kreması,id:0PNL,id:0PNL,Torku Banada Fındık Kreması 700 Gr,0.7,kg,259.0,370.0,370.0,1,1,1,"[""depot:hakmar-5521""]","[""hakmar""]",pinned-relative,0
2026-08-26,sugar_snacks,spread,Kakaolu fındık kreması,id:0U4F,id:0U4F,Nutella Kakaolu Fındık Kreması 630 Gr,0.63,kg,265.0,420.634921,420.634921,1,1,1,"[""depot:bim-5712""]","[""bim""]",pinned-relative,0
2026-08-26,sugar_snacks,spread,Kakaolu fındık kreması,id:1HBM,id:1HBM,Sarelle Kakaolu Fındık Kreması 2x350 Gr,0.7,kg,289.0,412.857143,412.857143,1,1,1,"[""depot:a101-6815""]","[""a101""]",pinned-relative,0
2026-08-26,sugar_snacks,spread,Kakaolu fındık kreması,id:100Q,id:100Q,Miniki Banada Kakaolu Fındık Kreması 875 Gr,0.875,kg,329.0,376.0,376.0,1,1,1,"[""depot:a101-9324""]","[""a101""]",pinned-relative,0
2026-08-26,sugar_snacks,candy,Şekerleme,id:1WNM,id:1WNM,Haribo Mega Roulette Meyve Aromalı Yumuşak Şekerleme 45 Gr,0.045,kg,23.725,527.222222,527.222222,4,4,4,"[""depot:carrefour-1012"",""depot:migros-4479"",""depot:sok-4707"",""depot:tarim_kredi-7488""]","[""carrefour"",""migros"",""sok"",""tarim_kredi""]",pinned-relative,0
2026-08-26,sugar_snacks,candy,Şekerleme,id:1PLM,id:1PLM,Chupa Chups Fizzy Drinks Lolipop Şekerleme 15 Gr,0.015,kg,13.475,898.333333,898.333333,2,2,2,"[""depot:carrefour-1012"",""depot:migros-564""]","[""carrefour"",""migros""]",pinned-relative,0
2026-08-26,sugar_snacks,candy,Şekerleme,id:1B1Z,id:1B1Z,Migros Kürecik Meyve Aromalı Çiğnenebilir Şekerleme 25 Gr,0.025,kg,11.95,478.0,478.0,1,1,1,"[""depot:migros-1991""]","[""migros""]",pinned-relative,0
2026-08-26,sugar_snacks,candy,Şekerleme,id:1AKI,id:1AKI,Migros Kürecik Ekşi Kaplamalı Karışık Meyve Aromalı Şekerleme 25 Gr,0.025,kg,11.95,478.0,478.0,1,1,1,"[""depot:migros-1991""]","[""migros""]",pinned-relative,0
2026-08-26,sugar_snacks,candy,Şekerleme,id:0Y7V,id:0Y7V,Vegilet Nane Çilek Damla Sakız Şekerleme 21 Gr,0.021,kg,27.0,1285.714286,1285.714286,1,1,1,"[""depot:a101-6815""]","[""a101""]",pinned-relative,0
2026-08-26,sugar_snacks,candy,Şekerleme,id:0KBE,id:0KBE,Haribo Ekşili Solucan Karışık Yumuşak Şekerleme 70 Gr,0.07,kg,44.95,642.142857,642.142857,1,1,1,"[""depot:migros-1991""]","[""migros""]",pinned-relative,0
2026-08-26,sugar_snacks,candy,Şekerleme,id:0X6O,id:0X6O,Mentos 2 Saat Yoğun Nane Aromalı Tablet Şekerleme 21 Gr,0.021,kg,54.45,2592.857143,2592.857143,1,1,1,"[""depot:migros-4479""]","[""migros""]",pinned-relative,0
2026-08-26,sugar_snacks,candy,Şekerleme,id:1BEG,id:1BEG,Servet Şekerleme Antep Fıstığı Bar 20 Gr,0.02,kg,94.95,4747.5,4747.5,1,1,1,"[""depot:migros-1991""]","[""migros""]",pinned-relative,0
2026-08-26,sugar_snacks,candy,Şekerleme,id:0WJ4,id:0WJ4,Flipperz Hello Kitty Meyve Aromalı Şekerleme 10 Gr,0.01,kg,88.95,8895.0,8895.0,1,1,1,"[""depot:migros-1991""]","[""migros""]",pinned-relative,0
2026-08-26,sugar_snacks,candy,Şekerleme,id:0U3W,id:0U3W,Flipperz SpongeBob Meyve Aromalı Şekerleme 10 Gr,0.01,kg,88.95,8895.0,8895.0,1,1,1,"[""depot:migros-1991""]","[""migros""]",pinned-relative,0
2026-08-26,sugar_snacks,candy,Şekerleme,id:0TUB,id:0TUB,Flipperz Paw Patrol Meyve Aromalı Şekerleme 10 Gr,0.01,kg,88.95,8895.0,8895.0,1,1,1,"[""depot:migros-1991""]","[""migros""]",pinned-relative,0
2026-08-26,sugar_snacks,candy,Şekerleme,id:0TUC,id:0TUC,Haribo Happy Kola Aromalı Yumuşak Şekerleme 200 Gr,0.2,kg,114.45,572.25,572.25,1,1,1,"[""depot:migros-1991""]","[""migros""]",pinned-relative,0
2026-08-26,sugar_snacks,candy,Şekerleme,id:0UTX,id:0UTX,Haribo Starmix Meyve Ve Kola Aromalı Şekerleme 200 Gr,0.2,kg,114.45,572.25,572.25,1,1,1,"[""depot:migros-1991""]","[""migros""]",pinned-relative,0
2026-08-26,sugar_snacks,candy,Şekerleme,id:16RO,id:16RO,Servet Şekerleme Sade Tahin Helvası 400 Gr,0.4,kg,366.95,917.375,917.375,1,1,1,"[""depot:migros-1991""]","[""migros""]",pinned-relative,0
2026-08-26,sugar_snacks,candy,Şekerleme,id:16RR,id:16RR,Servet Şekerleme Antep Fıstıklı Tahin Helvası 400 Gr,0.4,kg,550.95,1377.375,1377.375,1,1,1,"[""depot:migros-1991""]","[""migros""]",pinned-relative,0
2026-08-26,other_food,tomato_paste,Salça,id:1ZHR,id:1ZHR,Tat Domates Salçası 1.5 Kg,1.5,kg,194.475,129.65,166.633333,2,3,2,"[""depot:bim-5712"",""depot:carrefour-1012""]","[""bim"",""carrefour""]",pinned-relative,0
2026-08-26,other_food,tomato_paste,Salça,id:1RO6,id:1RO6,Tamek Domates Salçası 700 Gr,0.7,kg,103.95,148.5,148.5,2,2,2,"[""depot:carrefour-1012"",""depot:migros-1991""]","[""carrefour"",""migros""]",pinned-relative,0
2026-08-26,other_food,tomato_paste,Salça,id:0X7M,id:0X7M,Bizim Vatan Domates Salçası 830 Gr,0.83,kg,55.0,66.26506,66.26506,1,1,1,"[""depot:sok-4707""]","[""sok""]",pinned-relative,0
2026-08-26,other_food,tomato_paste,Salça,id:1YQD,id:1YQD,Tukaş Domates Salçası Cam 700 Gr,0.7,kg,107.95,154.214286,154.214286,1,1,1,"[""depot:migros-1991""]","[""migros""]",pinned-relative,0
2026-08-26,other_food,tomato_paste,Salça,id:239B,id:239B,Tat Domates Salçası 710 Gr,0.71,kg,109.95,154.859155,154.859155,1,1,1,"[""depot:carrefour-5254""]","[""carrefour""]",pinned-relative,0
2026-08-26,other_food,tomato_paste,Salça,id:1ZZK,id:1ZZK,Tat Cam Domates Salçası 360 Gr,0.36,kg,69.95,194.305556,194.305556,1,1,1,"[""depot:carrefour-1012""]","[""carrefour""]",pinned-relative,0
2026-08-26,other_food,tomato_paste,Salça,id:08IJ,id:08IJ,Kazova Cam Domates Salçası 720 Gr,0.72,kg,79.5,110.416667,110.416667,1,1,1,"[""depot:hakmar-5521""]","[""hakmar""]",pinned-relative,0
2026-08-26,other_food,tomato_paste,Salça,id:3X5R,id:3X5R,Tat Domates Salçası Cam 710 Gr,0.71,kg,109.95,154.859155,154.859155,1,1,1,"[""depot:migros-1991""]","[""migros""]",pinned-relative,0
2026-08-26,other_food,tomato_paste,Salça,id:0L4Y,id:0L4Y,Öncü Domates Salçası Cam 700 Gr,0.7,kg,119.95,171.357143,171.357143,1,1,1,"[""depot:migros-6679""]","[""migros""]",pinned-relative,0
2026-08-26,other_food,tomato_paste,Salça,id:17Q2,id:17Q2,City Farm Organik Domates Salçası 650 Gr,0.65,kg,247.9,381.384615,381.384615,1,1,1,"[""depot:carrefour-1012""]","[""carrefour""]",pinned-relative,0
2026-08-26,other_food,tomato_paste,Salça,id:0ESF,id:0ESF,Sade Organik Domates Salçası 650 Gr,0.65,kg,257.9,396.769231,396.769231,1,1,1,"[""depot:carrefour-1012""]","[""carrefour""]",pinned-relative,0
2026-08-26,other_food,tomato_paste,Salça,id:0ZHG,id:0ZHG,Bizim Vatan Domates Salçası 4.3 Kg,4.3,kg,275.0,63.953488,63.953488,1,1,1,"[""depot:sok-4707""]","[""sok""]",pinned-relative,0
2026-08-26,other_food,tomato_paste,Salça,id:1389,id:1389,Öncü Domates Salçası 4.3 Kg,4.3,kg,385.0,89.534884,89.534884,1,1,1,"[""depot:a101-9324""]","[""a101""]",pinned-relative,0
2026-08-26,other_food,lentils,Mercimek,id:0RDI,id:0RDI,Yayla Yeşil Mercimek 1 Kg,1.0,kg,93.725,93.725,93.725,2,2,2,"[""depot:a101-4217"",""depot:migros-1991""]","[""a101"",""migros""]",pinned-relative,0
2026-08-26,other_food,lentils,Mercimek,id:1T24,id:1T24,Reis Kırmızı Mercimek 1 Kg,1.0,kg,159.95,159.95,158.694683,2,2,2,"[""depot:carrefour-1012"",""depot:migros-1991""]","[""carrefour"",""migros""]",pinned-relative,0
2026-08-26,other_food,lentils,Mercimek,id:0U0T,id:0U0T,Reis Yeşil Mercimek 1 Kg,1.0,kg,191.95,191.95,191.95,2,2,2,"[""depot:carrefour-1012"",""depot:migros-1991""]","[""carrefour"",""migros""]",pinned-relative,0
2026-08-26,other_food,lentils,Mercimek,id:052U,id:052U,Saban Kırmızı Mercimek 1 Kg,1.0,kg,49.5,49.5,49.5,1,1,1,"[""depot:bim-5712""]","[""bim""]",pinned-relative,0
2026-08-26,other_food,lentils,Mercimek,id:03W7,id:03W7,Yurda Kırmızı Mercimek 1 Kg,1.0,kg,46.5,46.5,46.5,1,1,1,"[""depot:hakmar-5521""]","[""hakmar""]",pinned-relative,0
2026-08-26,other_food,lentils,Mercimek,id:0343,id:0343,Carrefour Kırmızı Mercimek 1 Kg,1.0,kg,49.5,49.5,49.5,1,1,1,"[""depot:carrefour-5254""]","[""carrefour""]",pinned-relative,0
2026-08-26,other_food,lentils,Mercimek,id:08CG,id:08CG,Futbol Kırmızı Mercimek 1 Kg,1.0,kg,49.9,49.9,49.9,1,1,1,"[""depot:carrefour-1012""]","[""carrefour""]",pinned-relative,0
2026-08-26,other_food,lentils,Mercimek,id:10HW,id:10HW,Anadolu Mutfağı Yeşil Mercimek 1 Kg,1.0,kg,67.5,67.5,67.5,1,1,1,"[""depot:sok-4707""]","[""sok""]",pinned-relative,0
2026-08-26,other_food,lentils,Mercimek,id:011I,id:011I,Saban Yeşil Mercimek 1 Kg,1.0,kg,67.5,67.5,67.5,1,1,1,"[""depot:bim-5712""]","[""bim""]",pinned-relative,0
2026-08-26,other_food,lentils,Mercimek,id:016K,id:016K,Rençber Yeşil Mercimek 1 Kg,1.0,kg,57.5,57.5,57.5,1,1,1,"[""depot:hakmar-5521""]","[""hakmar""]",pinned-relative,0
2026-08-26,other_food,lentils,Mercimek,id:0O6N,id:0O6N,Migros Yerli Yeşil Mercimek 1 Kg,1.0,kg,66.95,66.95,66.95,1,1,1,"[""depot:migros-1991""]","[""migros""]",pinned-relative,0
2026-08-26,other_food,lentils,Mercimek,id:0N76,id:0N76,Yöremce Yeşil Mercimek 1 Kg,1.0,kg,67.5,67.5,67.5,1,1,1,"[""depot:a101-6815""]","[""a101""]",pinned-relative,0
2026-08-26,other_food,lentils,Mercimek,id:0J7S,id:0J7S,Carrefour Yeşil Mercimek 1 Kg,1.0,kg,67.5,67.5,67.5,1,1,1,"[""depot:carrefour-5254""]","[""carrefour""]",pinned-relative,0
2026-08-26,other_food,lentils,Mercimek,id:0YWG,id:0YWG,Yöremce Yerli Kırmızı Mercimek 1 Kg,1.0,kg,72.5,72.5,72.5,1,1,1,"[""depot:a101-6815""]","[""a101""]",pinned-relative,0
2026-08-26,other_food,lentils,Mercimek,id:1IBI,id:1IBI,Yayla Kırmızı Mercimek 1 Kg,1.0,kg,109.95,109.95,109.95,1,1,1,"[""depot:migros-1991""]","[""migros""]",pinned-relative,0
2026-08-26,other_food,lentils,Mercimek,id:13SR,id:13SR,Saban Kırmızı Mercimek 2.5 Kg,2.5,kg,110.0,44.0,44.0,1,1,1,"[""depot:bim-5712""]","[""bim""]",pinned-relative,0
2026-08-26,other_food,lentils,Mercimek,id:0FZK,id:0FZK,Duru Yeşil Mercimek 1 Kg,1.0,kg,161.9,161.9,161.9,1,1,1,"[""depot:carrefour-1012""]","[""carrefour""]",pinned-relative,0
2026-08-26,other_food,lentils,Mercimek,id:0MIW,id:0MIW,Yayla Kırmızı Mercimek 2 Kg,2.0,kg,174.95,87.475,87.475,1,1,1,"[""depot:migros-6679""]","[""migros""]",pinned-relative,0
2026-08-26,other_food,lentils,Mercimek,id:21TO,id:21TO,Reis Sarı Mercimek 1 Kg,1.0,kg,209.95,209.95,209.95,1,1,1,"[""depot:carrefour-1012""]","[""carrefour""]",pinned-relative,0
2026-08-26,other_food,lentils,Mercimek,id:1PL1,id:1PL1,Doyum Organik Yeşil Mercimek 1 Kg,1.0,kg,167.97,167.97,167.97,1,1,1,"[""depot:migros-1991""]","[""migros""]",pinned-relative,0
2026-08-26,other_food,lentils,Mercimek,id:1P8S,id:1P8S,Doyum Organik Kırmızı Mercimek 1 Kg,1.0,kg,178.47,178.47,178.47,1,1,1,"[""depot:migros-1991""]","[""migros""]",pinned-relative,0
2026-08-26,other_food,lentils,Mercimek,id:0DER,id:0DER,Sade Organik Yeşil Mercimek 1 Kg,1.0,kg,263.9,263.9,263.9,1,1,1,"[""depot:carrefour-1012""]","[""carrefour""]",pinned-relative,0
2026-08-26,other_food,beans,Kuru fasulye,id:1YA7,id:1YA7,Yurt Kuru Fasulye 400 Gr,0.4,kg,63.48,158.7,157.450695,2,2,2,"[""depot:a101-6815"",""depot:migros-1991""]","[""a101"",""migros""]",pinned-relative,0
2026-08-26,other_food,beans,Kuru fasulye,id:2CZ0,id:2CZ0,Reis Kuru Fasulye 1 Kg,1.0,kg,145.97,145.97,141.685312,2,2,2,"[""depot:carrefour-5036"",""depot:migros-1991""]","[""carrefour"",""migros""]",pinned-relative,0
2026-08-26,other_food,beans,Kuru fasulye,id:1ZMK,id:1ZMK,Hasata Derinkuyu Kuru Fasulyesi 1 Kg,1.0,kg,153.725,153.725,155.863211,2,2,2,"[""depot:carrefour-1012"",""depot:migros-1991""]","[""carrefour"",""migros""]",pinned-relative,0
2026-08-26,other_food,beans,Kuru fasulye,id:0ZL1,id:0ZL1,Bizim Vatan Haşlanmış Kuru Fasulye 800 Gr,0.8,kg,40.5,50.625,50.625,1,1,1,"[""depot:sok-4707""]","[""sok""]",pinned-relative,0
2026-08-26,other_food,beans,Kuru fasulye,id:1JMI,id:1JMI,Duru Haşlanmış Kırmızı Fasulye 400 Gr,0.4,kg,57.95,144.875,144.875,1,1,1,"[""depot:carrefour-1012""]","[""carrefour""]",pinned-relative,0
2026-08-26,other_food,beans,Kuru fasulye,id:2AL5,id:2AL5,Yurt Hazır Kuru Fasulye Yemeği 400 Gr,0.4,kg,59.0,147.5,147.5,1,1,1,"[""depot:hakmar-5521""]","[""hakmar""]",pinned-relative,0
2026-08-26,other_food,beans,Kuru fasulye,id:034U,id:034U,Saban Kuru Fasulye 1 Kg,1.0,kg,77.5,77.5,77.5,1,1,1,"[""depot:bim-5712""]","[""bim""]",pinned-relative,0
2026-08-26,other_food,beans,Kuru fasulye,id:0YKZ,id:0YKZ,Yöremce Dermason Fasulye 1 Kg,1.0,kg,77.5,77.5,77.5,1,1,1,"[""depot:a101-6815""]","[""a101""]",pinned-relative,0
2026-08-26,other_food,beans,Kuru fasulye,id:0J59,id:0J59,Carrefour Dermason Kuru Fasulye 1 Kg,1.0,kg,77.95,77.95,77.95,1,1,1,"[""depot:carrefour-5254""]","[""carrefour""]",pinned-relative,0
2026-08-26,other_food,beans,Kuru fasulye,id:0WV5,id:0WV5,Anadolu Mutfağı Kuru Fasulye 1 Kg,1.0,kg,77.5,77.5,77.5,1,1,1,"[""depot:sok-4707""]","[""sok""]",pinned-relative,0
2026-08-26,other_food,beans,Kuru fasulye,id:01C4,id:01C4,Carrefour İri Dermason Kuru Fasulye 1 Kg,1.0,kg,84.5,84.5,84.5,1,1,1,"[""depot:carrefour-5254""]","[""carrefour""]",pinned-relative,0
2026-08-26,other_food,beans,Kuru fasulye,id:1VB6,id:1VB6,Yayla Haşlanmış Meksika Fasulyesi 400 Gr,0.4,kg,84.95,212.375,212.375,1,1,1,"[""depot:migros-564""]","[""migros""]",pinned-relative,0
2026-08-26,other_food,beans,Kuru fasulye,id:0A83,id:0A83,Rençber Dermason Fasulye 1 Kg,1.0,kg,85.0,85.0,85.0,1,1,1,"[""depot:hakmar-5521""]","[""hakmar""]",pinned-relative,0
2026-08-26,other_food,beans,Kuru fasulye,id:3WCC,id:3WCC,Kuru Fasulye 1 Kg,1.0,kg,89.9,89.9,89.9,1,1,1,"[""depot:carrefour-1012""]","[""carrefour""]",pinned-relative,0
2026-08-26,other_food,beans,Kuru fasulye,id:1YA3,id:1YA3,Hasata Şeker Fasulye 500 Gr,0.5,kg,129.0,258.0,258.0,1,1,1,"[""depot:bim-5712""]","[""bim""]",pinned-relative,0
2026-08-26,other_food,beans,Kuru fasulye,id:0FTK,id:0FTK,Duru Kuru Fasulye 1 Kg,1.0,kg,88.99,88.99,88.99,1,1,1,"[""depot:carrefour-1012""]","[""carrefour""]",pinned-relative,0
2026-08-26,other_food,beans,Kuru fasulye,id:01LH,id:01LH,Duru Dermason Fasulye 1 Kg,1.0,kg,88.99,88.99,88.99,1,1,1,"[""depot:carrefour-1012""]","[""carrefour""]",pinned-relative,0
2026-08-26,other_food,beans,Kuru fasulye,id:1PXF,id:1PXF,Reis Royal Siyah Fasulye 500 Gr,0.5,kg,197.95,395.9,395.9,1,1,1,"[""depot:carrefour-1012""]","[""carrefour""]",pinned-relative,0
2026-08-26,other_food,beans,Kuru fasulye,id:07FQ,id:07FQ,Carrefour Bio Organik Dermason Fasulye 1 Kg,1.0,kg,199.95,199.95,199.95,1,1,1,"[""depot:carrefour-5254""]","[""carrefour""]",pinned-relative,0
2026-08-26,other_food,beans,Kuru fasulye,id:09QD,id:09QD,Tarım Kredi Fasulye 8 Mm 2.5 Kg,2.5,kg,220.0,88.0,88.0,1,1,1,"[""depot:tarim_kredi-7488""]","[""tarim_kredi""]",pinned-relative,0
2026-08-26,other_food,beans,Kuru fasulye,id:1JSA,id:1JSA,City Farm Organik Kuru Fasulye 1 Kg,1.0,kg,262.0,262.0,262.0,1,1,1,"[""depot:carrefour-1012""]","[""carrefour""]",pinned-relative,0
2026-08-26,other_food,chickpeas,Nohut,id:1QJA,id:1QJA,Tamek Haşlanmış Nohut 800 Gr,0.8,kg,87.9,109.875,90.7044,3,3,3,"[""depot:carrefour-1012"",""depot:migros-564"",""depot:tarim_kredi-5022""]","[""carrefour"",""migros"",""tarim_kredi""]",pinned-relative,0
2026-08-26,other_food,chickpeas,Nohut,id:1QVB,id:1QVB,Yayla Haşlanmış Nohut 700 Gr,0.7,kg,87.725,125.321429,125.321429,2,2,2,"[""depot:a101-6815"",""depot:migros-1991""]","[""a101"",""migros""]",pinned-relative,0
2026-08-26,other_food,chickpeas,Nohut,id:0MPQ,id:0MPQ,Bizim Vatan Haşlanmış Nohut 800 Gr,0.8,kg,40.5,50.625,50.625,1,1,1,"[""depot:sok-4707""]","[""sok""]",pinned-relative,0
2026-08-26,other_food,chickpeas,Nohut,id:1LEF,id:1LEF,Duru Haşlanmış Nohut 400 Gr,0.4,kg,42.9,107.25,107.25,1,1,1,"[""depot:carrefour-1012""]","[""carrefour""]",pinned-relative,0
2026-08-26,other_food,chickpeas,Nohut,id:0RIL,id:0RIL,Yayla Haşlanmış Suyu Süzülmüş Nohut 150 Gr,0.15,kg,54.95,366.333333,366.333333,1,1,1,"[""depot:migros-564""]","[""migros""]",pinned-relative,0
2026-08-26,other_food,chickpeas,Nohut,id:0FBS,id:0FBS,Tarım Kredi Anadolu Nohut 1 Kg,1.0,kg,62.5,62.5,62.5,1,1,1,"[""depot:tarim_kredi-7488""]","[""tarim_kredi""]",pinned-relative,0
2026-08-26,other_food,chickpeas,Nohut,id:10KL,id:10KL,Anadolu Mutfağı Nohut 1 Kg,1.0,kg,62.5,62.5,62.5,1,1,1,"[""depot:sok-4707""]","[""sok""]",pinned-relative,0
2026-08-26,other_food,chickpeas,Nohut,id:0FM2,id:0FM2,Yöremce Koçbaşı Nohut 1 Kg,1.0,kg,62.5,62.5,62.5,1,1,1,"[""depot:a101-6815""]","[""a101""]",pinned-relative,0
2026-08-26,other_food,chickpeas,Nohut,id:04Q4,id:04Q4,Saban Nohut 1 Kg,1.0,kg,62.5,62.5,62.5,1,1,1,"[""depot:bim-5712""]","[""bim""]",pinned-relative,0
2026-08-26,other_food,chickpeas,Nohut,id:0BAA,id:0BAA,Rençber Nohut 1 Kg,1.0,kg,62.5,62.5,62.5,1,1,1,"[""depot:hakmar-5521""]","[""hakmar""]",pinned-relative,0
2026-08-26,other_food,chickpeas,Nohut,id:0T35,id:0T35,Burcu Organik Haşlanmış Nohut 600 Gr,0.6,kg,94.95,158.25,158.25,1,1,1,"[""depot:migros-1991""]","[""migros""]",pinned-relative,0
2026-08-26,other_food,chickpeas,Nohut,id:06D9,id:06D9,Saban Beyaz Nohut 1 Kg,1.0,kg,99.0,99.0,99.0,1,1,1,"[""depot:bim-5712""]","[""bim""]",pinned-relative,0
2026-08-26,other_food,chickpeas,Nohut,id:0TDB,id:0TDB,Yöremce Beyaz Nohut 1 Kg,1.0,kg,99.0,99.0,99.0,1,1,1,"[""depot:a101-6815""]","[""a101""]",pinned-relative,0
2026-08-26,other_food,chickpeas,Nohut,id:09OO,id:09OO,Carrefour Beyaz Nohut 1 Kg,1.0,kg,92.9,92.9,92.9,1,1,1,"[""depot:carrefour-5254""]","[""carrefour""]",pinned-relative,0
2026-08-26,other_food,chickpeas,Nohut,id:07ZT,id:07ZT,Rençber Beyaz Nohut 1 Kg,1.0,kg,93.0,93.0,93.0,1,1,1,"[""depot:hakmar-5521""]","[""hakmar""]",pinned-relative,0
2026-08-26,other_food,chickpeas,Nohut,id:0JBC,id:0JBC,Tarım Kredi Nohut 9 Mm 1 Kg,1.0,kg,94.5,94.5,94.5,1,1,1,"[""depot:tarim_kredi-7488""]","[""tarim_kredi""]",pinned-relative,0
2026-08-26,other_food,chickpeas,Nohut,id:008C,id:008C,Tukaş Haşlanmış Nohut 800 Gr,0.8,kg,99.95,124.9375,124.9375,1,1,1,"[""depot:migros-4479""]","[""migros""]",pinned-relative,0
2026-08-26,other_food,chickpeas,Nohut,id:13HY,id:13HY,Saban Nohut 2.5 Kg,2.5,kg,139.0,55.6,55.6,1,1,1,"[""depot:bim-5712""]","[""bim""]",pinned-relative,0
2026-08-26,other_food,chickpeas,Nohut,id:12W5,id:12W5,Mlife Bio Organik Nohut 1 Kg,1.0,kg,169.95,169.95,169.95,1,1,1,"[""depot:migros-1991""]","[""migros""]",pinned-relative,0
2026-08-26,other_food,chickpeas,Nohut,id:14LU,id:14LU,Carrefour Bio Organik Nohut 1 Kg,1.0,kg,169.95,169.95,169.95,1,1,1,"[""depot:carrefour-5254""]","[""carrefour""]",pinned-relative,0
2026-08-26,other_food,chickpeas,Nohut,id:1HEO,id:1HEO,TK 8.5 Mm Nohut 2.5 Kg,2.5,kg,182.5,73.0,73.0,1,1,1,"[""depot:tarim_kredi-7488""]","[""tarim_kredi""]",pinned-relative,0
2026-08-26,other_food,canned_veg,Konserve sebze,id:1QM3,id:1QM3,SuperFresh Konserve Mısır 200 Gr,0.2,kg,39.95,199.75,192.388876,1,2,1,"[""depot:migros-564""]","[""migros""]",pinned-relative,0
2026-08-26,other_food,canned_veg,Konserve sebze,id:205E,id:205E,Superfresh Konserve Mısır 600 Gr,0.6,kg,90.95,151.583333,150.708333,1,2,1,"[""depot:migros-1991""]","[""migros""]",pinned-relative,0
2026-08-26,other_food,canned_veg,Konserve sebze,id:0MZ7,id:0MZ7,Çokça Konserve Mısır 340 Gr,0.34,kg,46.5,136.764706,136.764706,1,1,1,"[""depot:a101-6815""]","[""a101""]",pinned-relative,0
2026-08-26,other_food,canned_veg,Konserve sebze,id:0UFA,id:0UFA,Burcu Cam Konserve Mısır 320 Gr,0.32,kg,55.0,171.875,171.875,1,1,1,"[""depot:hakmar-5521""]","[""hakmar""]",pinned-relative,0
2026-08-26,other_food,canned_veg,Konserve sebze,id:2AIF,id:2AIF,Superfresh Konserve Mısır 3'lü 600 Gr,0.6,kg,89.0,148.333333,148.333333,1,1,1,"[""depot:hakmar-5521""]","[""hakmar""]",pinned-relative,0
2026-08-26,other_food,soup,Hazır çorba,id:1YGU,id:1YGU,Knorr Kremalı Tavuk Çorbası 65 Gr,0.065,kg,49.5,761.538462,767.84606,5,5,5,"[""depot:bim-5712"",""depot:hakmar-5521"",""depot:migros-4479"",""depot:sok-4707"",""depot:tarim_kredi-7488""]","[""bim"",""hakmar"",""migros"",""sok"",""tarim_kredi""]",pinned-relative,0
2026-08-26,other_food,soup,Hazır çorba,id:1UZW,id:1UZW,Knorr Kremalı Domates Çorbası 69 Gr,0.069,kg,49.5,717.391304,724.826404,4,5,4,"[""depot:a101-6815"",""depot:bim-5712"",""depot:migros-6679"",""depot:sok-1017""]","[""a101"",""bim"",""migros"",""sok""]",pinned-relative,0
2026-08-26,other_food,soup,Hazır çorba,id:1XY4,id:1XY4,Knorr Mercimek Çorbası 76 Gr,0.076,kg,49.5,651.315789,657.236842,1,2,1,"[""depot:sok-4707""]","[""sok""]",pinned-relative,0
2026-08-26,other_food,soup,Hazır çorba,id:1PVA,id:1PVA,Knorr Çabuk Mercimek Çorbası 22 Gr,0.022,kg,15.9,722.727273,722.727273,1,1,1,"[""depot:sok-4707""]","[""sok""]",pinned-relative,0
2026-08-26,other_food,soup,Hazır çorba,id:1L2P,id:1L2P,Knorr Çabuk Çorba Ezogelin 22 Gr,0.022,kg,15.9,722.727273,722.727273,1,1,1,"[""depot:sok-4707""]","[""sok""]",pinned-relative,0
2026-08-26,other_food,soup,Hazır çorba,id:1T29,id:1T29,Knorr Çabuk Çorba Kremalı Tavuk 18 Gr,0.018,kg,15.71,872.777778,872.777778,1,1,1,"[""depot:migros-3296""]","[""migros""]",pinned-relative,0
2026-08-26,other_food,soup,Hazır çorba,id:3WDE,id:3WDE,Yayla Şehriyeli Tavuk Çorbası 65 Gr,0.065,kg,21.75,334.615385,334.615385,1,1,1,"[""depot:hakmar-5521""]","[""hakmar""]",pinned-relative,0
2026-08-26,other_food,soup,Hazır çorba,id:0A4S,id:0A4S,Ferr Ezogelin Çorba 65 Gr,0.065,kg,21.75,334.615385,334.615385,1,1,1,"[""depot:hakmar-5521""]","[""hakmar""]",pinned-relative,0
2026-08-26,other_food,soup,Hazır çorba,id:0ZYR,id:0ZYR,Piyale Yayla Çorbası 80 Gr,0.08,kg,32.9,411.25,411.25,1,1,1,"[""depot:sok-4707""]","[""sok""]",pinned-relative,0
2026-08-26,other_food,soup,Hazır çorba,id:0YLX,id:0YLX,Piyale Kremalı Tavuk Çorbası 62 Gr,0.062,kg,32.9,530.645161,530.645161,1,1,1,"[""depot:sok-4707""]","[""sok""]",pinned-relative,0
2026-08-26,other_food,soup,Hazır çorba,id:20VD,id:20VD,Bizim Mutfak Yayla Çorbası 80 Gr,0.08,kg,43.9,548.75,548.75,1,1,1,"[""depot:carrefour-1012""]","[""carrefour""]",pinned-relative,0
2026-08-26,other_food,soup,Hazır çorba,id:21R6,id:21R6,Knorr İşkembe Çorbası 63 Gr,0.063,kg,49.95,792.857143,792.857143,1,1,1,"[""depot:migros-1991""]","[""migros""]",pinned-relative,0
2026-08-26,other_food,soup,Hazır çorba,id:1SLM,id:1SLM,Vegandbones Sebze Çorbası 190 Gr,0.19,kg,46.0,242.105263,242.105263,1,1,1,"[""depot:carrefour-1012""]","[""carrefour""]",pinned-relative,0
2026-08-26,other_food,soup,Hazır çorba,id:1EWO,id:1EWO,Gurmepack Soğuk Ayran Aşı Çorbası 300 Gr,0.3,kg,57.85,192.833333,192.833333,1,1,1,"[""depot:migros-1991""]","[""migros""]",pinned-relative,0
2026-08-26,other_food,ketchup,Ketçap,id:1Z57,id:1Z57,Hellmann's Ketçap 460 Gr,0.46,kg,131.9,286.73913,286.73913,1,2,1,"[""depot:carrefour-1012""]","[""carrefour""]",pinned-relative,0
2026-08-26,other_food,ketchup,Ketçap,id:1FGB,id:1FGB,Tat Ketçap Pickle 390 Gr,0.39,kg,66.18,169.692308,174.789464,2,2,2,"[""depot:carrefour-1012"",""depot:migros-564""]","[""carrefour"",""migros""]",pinned-relative,0
2026-08-26,other_food,ketchup,Ketçap,id:1TUR,id:1TUR,Heinz Sarımsaklı Ketçap 375 Gr,0.375,kg,132.95,354.533333,364.708286,2,2,2,"[""depot:carrefour-1012"",""depot:migros-1991""]","[""carrefour"",""migros""]",pinned-relative,0
2026-08-26,other_food,ketchup,Ketçap,id:1OAY,id:1OAY,Heinz Ketçap 375 Gr,0.375,kg,109.925,293.133333,296.179403,2,2,2,"[""depot:carrefour-1012"",""depot:migros-3296""]","[""carrefour"",""migros""]",pinned-relative,0
2026-08-26,other_food,ketchup,Ketçap,id:1T54,id:1T54,Calve Ketçap 430 Gr,0.43,kg,104.705,243.5,238.557655,2,2,2,"[""depot:carrefour-1012"",""depot:migros-4479""]","[""carrefour"",""migros""]",pinned-relative,0
2026-08-26,other_food,ketchup,Ketçap,id:20WK,id:20WK,Calve Ketçap 600 Gr,0.6,kg,134.95,224.916667,251.295096,1,2,1,"[""depot:migros-1991""]","[""migros""]",pinned-relative,0
2026-08-26,other_food,ketchup,Ketçap,id:1GT3,id:1GT3,Hellmann's Ketçap 610 Gr,0.61,kg,157.925,258.893443,263.02867,2,2,2,"[""depot:carrefour-1012"",""depot:migros-564""]","[""carrefour"",""migros""]",pinned-relative,0
2026-08-26,other_food,ketchup,Ketçap,id:1Z90,id:1Z90,Heinz Organik Ketçap 580 Gr,0.58,kg,263.425,454.181034,464.740601,2,2,2,"[""depot:carrefour-1012"",""depot:migros-1991""]","[""carrefour"",""migros""]",pinned-relative,0
2026-08-26,other_food,ketchup,Ketçap,id:11IE,id:11IE,Çokça Tatlı Ketçap 250 Gr,0.25,kg,29.5,118.0,118.0,1,1,1,"[""depot:a101-6815""]","[""a101""]",pinned-relative,0
2026-08-26,other_food,ketchup,Ketçap,id:1TDF,id:1TDF,Tat Ketçap 250 Gr,0.25,kg,69.95,279.8,279.8,1,1,1,"[""depot:carrefour-1012""]","[""carrefour""]",pinned-relative,0
2026-08-26,other_food,ketchup,Ketçap,id:143U,id:143U,Tukaş Ketçap 1 Kg,1.0,kg,52.5,52.5,52.5,1,1,1,"[""depot:bim-5712""]","[""bim""]",pinned-relative,0
2026-08-26,other_food,ketchup,Ketçap,id:1CZ8,id:1CZ8,Riksos Ketçap 730 Gr,0.73,kg,59.5,81.506849,81.506849,1,1,1,"[""depot:hakmar-5521""]","[""hakmar""]",pinned-relative,0
2026-08-26,other_food,ketchup,Ketçap,id:0NVY,id:0NVY,Çokça Acılı Ketçap 1 Kg,1.0,kg,83.0,83.0,83.0,1,1,1,"[""depot:a101-6815""]","[""a101""]",pinned-relative,0
2026-08-26,other_food,ketchup,Ketçap,id:018B,id:018B,Bolbol Acı Ketçap 1 Kg,1.0,kg,83.0,83.0,83.0,1,1,1,"[""depot:bim-5712""]","[""bim""]",pinned-relative,0
2026-08-26,other_food,ketchup,Ketçap,id:054R,id:054R,Bolbol Ketçap 1 Kg,1.0,kg,83.0,83.0,83.0,1,1,1,"[""depot:bim-5712""]","[""bim""]",pinned-relative,0
2026-08-26,other_food,ketchup,Ketçap,id:10OJ,id:10OJ,Tukaş Ketçap 650 Gr,0.65,kg,79.0,121.538462,121.538462,1,1,1,"[""depot:tarim_kredi-7488""]","[""tarim_kredi""]",pinned-relative,0
2026-08-26,other_food,ketchup,Ketçap,id:12RU,id:12RU,Migros Ketçap 1 Kg,1.0,kg,79.95,79.95,79.95,1,1,1,"[""depot:migros-1991""]","[""migros""]",pinned-relative,0
2026-08-26,other_food,ketchup,Ketçap,id:1P3D,id:1P3D,Tat Ketçap 390 Gr,0.39,kg,99.9,256.153846,256.153846,1,1,1,"[""depot:sok-4707""]","[""sok""]",pinned-relative,0
2026-08-26,other_food,ketchup,Ketçap,id:04C4,id:04C4,Heinz Ketçap 700 Gr,0.7,kg,199.0,284.285714,284.285714,1,1,1,"[""depot:a101-6815""]","[""a101""]",pinned-relative,0
2026-08-26,other_food,ketchup,Ketçap,id:199Q,id:199Q,Hellmann's Ketçap 845 Gr + Mayonez 845 Gr İkili Set 845 Gr,0.845,kg,264.95,313.550296,313.550296,1,1,1,"[""depot:migros-1991""]","[""migros""]",pinned-relative,0
2026-08-26,other_food,mayonnaise,Mayonez,id:1KOR,id:1KOR,Tat Yoğun Lezzet Mayonez 330 Gr,0.33,kg,139.0,421.212121,411.645954,3,3,3,"[""depot:carrefour-5254"",""depot:migros-1991"",""depot:sok-4707""]","[""carrefour"",""migros"",""sok""]",pinned-relative,0
2026-08-26,other_food,mayonnaise,Mayonez,id:1RZE,id:1RZE,Heinz Mayonez 505 Gr,0.505,kg,199.925,395.891089,457.185194,2,3,2,"[""depot:carrefour-1012"",""depot:migros-1991""]","[""carrefour"",""migros""]",pinned-relative,0
2026-08-26,other_food,mayonnaise,Mayonez,id:1KKV,id:1KKV,Tat Sriracha Mayonez 350 Gr,0.35,kg,122.06,348.742857,322.150422,2,2,2,"[""depot:carrefour-1012"",""depot:migros-564""]","[""carrefour"",""migros""]",pinned-relative,0
2026-08-26,other_food,mayonnaise,Mayonez,id:1QJG,id:1QJG,Heinz Mayonez 330 Gr,0.33,kg,157.925,478.560606,483.529391,2,2,2,"[""depot:carrefour-1012"",""depot:migros-564""]","[""carrefour"",""migros""]",pinned-relative,0
2026-08-26,other_food,mayonnaise,Mayonez,id:1YQN,id:1YQN,Tat Mayonez 550 Gr,0.55,kg,179.95,327.181818,381.716162,1,1,1,"[""depot:carrefour-1012""]","[""carrefour""]",pinned-relative,0
2026-08-26,other_food,mayonnaise,Mayonez,id:1QJH,id:1QJH,Calvé Trüflü Mayonez 235 Gr,0.235,kg,167.455,712.574468,705.659152,2,2,2,"[""depot:carrefour-1012"",""depot:migros-4479""]","[""carrefour"",""migros""]",pinned-relative,0
2026-08-26,other_food,mayonnaise,Mayonez,id:1SMH,id:1SMH,Calvé Sriracha Mayonez 240 Gr,0.24,kg,167.455,697.729167,690.95792,2,2,2,"[""depot:carrefour-1012"",""depot:migros-564""]","[""carrefour"",""migros""]",pinned-relative,0
2026-08-26,other_food,mayonnaise,Mayonez,id:1JO1,id:1JO1,Heinz Light Mayonez 420 Gr,0.42,kg,242.95,578.452381,593.043016,2,2,2,"[""depot:carrefour-1012"",""depot:migros-1991""]","[""carrefour"",""migros""]",pinned-relative,0
2026-08-26,other_food,mayonnaise,Mayonez,id:1SM6,id:1SM6,Heinz Sarımsaklı Mayonez 400 Gr,0.4,kg,279.95,699.875,720.521975,2,2,2,"[""depot:carrefour-1012"",""depot:migros-1991""]","[""carrefour"",""migros""]",pinned-relative,0
2026-08-26,other_food,mayonnaise,Mayonez,id:1NG0,id:1NG0,Heinz Trüflü Mayonez 220 Gr,0.22,kg,240.925,1095.113636,1103.852447,2,2,2,"[""depot:carrefour-1012"",""depot:migros-564""]","[""carrefour"",""migros""]",pinned-relative,0
2026-08-26,other_food,mayonnaise,Mayonez,id:20YI,id:20YI,Calvé Mayonez Cam 500 Gr,0.5,kg,250.44,500.88,498.118785,2,2,2,"[""depot:carrefour-1012"",""depot:migros-1991""]","[""carrefour"",""migros""]",pinned-relative,0
2026-08-26,other_food,mayonnaise,Mayonez,id:1Q02,id:1Q02,Hellmann's Trüflü Mayonez 235 Gr,0.235,kg,230.425,980.531915,980.531915,2,2,2,"[""depot:carrefour-1012"",""depot:migros-1991""]","[""carrefour"",""migros""]",pinned-relative,0
2026-08-26,other_food,mayonnaise,Mayonez,id:145T,id:145T,Tukaş Mayonez 840 Gr,0.84,kg,58.5,69.642857,69.642857,1,1,1,"[""depot:bim-5712""]","[""bim""]",pinned-relative,0
2026-08-26,other_food,mayonnaise,Mayonez,id:0ZC4,id:0ZC4,Çokça Mayonez 220 Gr,0.22,kg,59.5,270.454545,270.454545,1,1,1,"[""depot:a101-6815""]","[""a101""]",pinned-relative,0
2026-08-26,other_food,mayonnaise,Mayonez,id:06FI,id:06FI,Tat Sarımsaklı Mayonez 260 Gr,0.26,kg,99.95,384.423077,384.423077,1,1,1,"[""depot:carrefour-1012""]","[""carrefour""]",pinned-relative,0
2026-08-26,other_food,mayonnaise,Mayonez,id:0YGK,id:0YGK,Bizim Vatan Mayonez 430 Gr,0.43,kg,85.0,197.674419,197.674419,1,1,1,"[""depot:sok-4707""]","[""sok""]",pinned-relative,0
2026-08-26,other_food,mayonnaise,Mayonez,id:21H3,id:21H3,Tukaş Mayonez 550 Gr,0.55,kg,79.0,143.636364,143.636364,1,1,1,"[""depot:tarim_kredi-7488""]","[""tarim_kredi""]",pinned-relative,0
2026-08-26,other_food,mayonnaise,Mayonez,id:0H6O,id:0H6O,Tarım Kredi Katkısız Mayonez 350 Gr,0.35,kg,79.0,225.714286,225.714286,1,1,1,"[""depot:tarim_kredi-7488""]","[""tarim_kredi""]",pinned-relative,0
2026-08-26,other_food,mayonnaise,Mayonez,id:1D49,id:1D49,Riksos Mayonez 650 Gr,0.65,kg,79.5,122.307692,122.307692,1,1,1,"[""depot:hakmar-5521""]","[""hakmar""]",pinned-relative,0
2026-08-26,other_food,mayonnaise,Mayonez,id:11RS,id:11RS,Burcu Mayonez 550 Gr,0.55,kg,95.0,172.727273,172.727273,1,1,1,"[""depot:a101-6815""]","[""a101""]",pinned-relative,0
2026-08-26,other_food,mayonnaise,Mayonez,id:0YQZ,id:0YQZ,Çokça Az Yağlı Mayonez 840 Gr,0.84,kg,112.0,133.333333,133.333333,1,1,1,"[""depot:a101-6815""]","[""a101""]",pinned-relative,0
2026-08-26,other_food,mayonnaise,Mayonez,id:0MP2,id:0MP2,Çokça Mayonez 840 Gr,0.84,kg,149.0,177.380952,177.380952,1,1,1,"[""depot:a101-6815""]","[""a101""]",pinned-relative,0
2026-08-26,other_food,mayonnaise,Mayonez,id:0415,id:0415,Bolbol Mayonez 840 Gr,0.84,kg,149.0,177.380952,177.380952,1,1,1,"[""depot:bim-5712""]","[""bim""]",pinned-relative,0
2026-08-26,other_food,mayonnaise,Mayonez,id:1ZSW,id:1ZSW,Tamek Mayonez 540 Gr,0.54,kg,108.71,201.314815,201.314815,1,1,1,"[""depot:carrefour-1012""]","[""carrefour""]",pinned-relative,0
2026-08-26,other_food,salt,Tuz,id:1OR3,id:1OR3,Billur Tuz İyotlu Sofra Tuzu 500 Gr,0.5,kg,54.5,109.0,109.0,1,3,1,"[""depot:a101-6815""]","[""a101""]",pinned-relative,0
2026-08-26,other_food,salt,Tuz,id:1PLP,id:1PLP,Billur Tuz İyotlu 750 Gr,0.75,kg,37.5,50.0,50.0,3,3,3,"[""depot:a101-6815"",""depot:migros-1991"",""depot:sok-4707""]","[""a101"",""migros"",""sok""]",pinned-relative,0
2026-08-26,other_food,salt,Tuz,id:0EUT,id:0EUT,Işıl Tuz 750 Gr,0.75,kg,11.5,15.333333,15.333333,1,1,1,"[""depot:tarim_kredi-5022""]","[""tarim_kredi""]",pinned-relative,0
2026-08-26,other_food,salt,Tuz,id:0UZB,id:0UZB,Anadolu Mutfağı Tuz 750 Gr,0.75,kg,12.0,16.0,16.0,1,1,1,"[""depot:sok-4707""]","[""sok""]",pinned-relative,0
2026-08-26,other_food,salt,Tuz,id:00O6,id:00O6,Sofra İyotlu Tuz 750 Gr,0.75,kg,12.0,16.0,16.0,1,1,1,"[""depot:bim-5712""]","[""bim""]",pinned-relative,0
2026-08-26,other_food,salt,Tuz,id:008E,id:008E,Tuzum İyotlu Tuz 750 Gr,0.75,kg,12.0,16.0,16.0,1,1,1,"[""depot:hakmar-5521""]","[""hakmar""]",pinned-relative,0
2026-08-26,other_food,salt,Tuz,id:00CG,id:00CG,Safir İyotlu Poşet Tuz 750 Gr,0.75,kg,15.0,20.0,20.0,1,1,1,"[""depot:tarim_kredi-7488""]","[""tarim_kredi""]",pinned-relative,0
2026-08-26,other_food,salt,Tuz,id:1XUF,id:1XUF,Salina İyotlu Tuz 1.5 Kg,1.5,kg,19.5,13.0,13.0,1,1,1,"[""depot:bim-5712""]","[""bim""]",pinned-relative,0
2026-08-26,other_food,salt,Tuz,id:11IB,id:11IB,Samire Tuz 1.5 Kg,1.5,kg,24.0,16.0,16.0,1,1,1,"[""depot:a101-6815""]","[""a101""]",pinned-relative,0
2026-08-26,other_food,salt,Tuz,id:09IC,id:09IC,Pak Tuz İyotlu Tuz 1.5 Kg,1.5,kg,28.5,19.0,19.0,1,1,1,"[""depot:hakmar-5521""]","[""hakmar""]",pinned-relative,0
2026-08-26,other_food,salt,Tuz,id:1V3H,id:1V3H,Işıl Salamura Tuz 3 Kg,3.0,kg,39.9,13.3,13.3,1,1,1,"[""depot:tarim_kredi-5022""]","[""tarim_kredi""]",pinned-relative,0
2026-08-26,other_food,salt,Tuz,id:0JSU,id:0JSU,Safir İyotlu Poşet Tuz 1.5 Kg,1.5,kg,30.0,20.0,20.0,1,1,1,"[""depot:tarim_kredi-7488""]","[""tarim_kredi""]",pinned-relative,0
2026-08-26,other_food,salt,Tuz,id:0AZD,id:0AZD,Pak Tuz İri Salamura Tuz 3 Kg,3.0,kg,34.5,11.5,11.5,1,1,1,"[""depot:hakmar-5521""]","[""hakmar""]",pinned-relative,0
2026-08-26,other_food,salt,Tuz,id:20LX,id:20LX,Billur İyotsuz Sofralık Tuz 250 Gr,0.25,kg,21.0,84.0,84.0,1,1,1,"[""depot:carrefour-1012""]","[""carrefour""]",pinned-relative,0
2026-08-26,other_food,salt,Tuz,id:1U6A,id:1U6A,Billur Salamura Tuz 3 Kg,3.0,kg,59.5,19.833333,19.833333,1,1,1,"[""depot:a101-6815""]","[""a101""]",pinned-relative,0
2026-08-26,other_food,salt,Tuz,id:29X3,id:29X3,Billur Tuz 1.5 Kg,1.5,kg,67.5,45.0,45.0,1,1,1,"[""depot:hakmar-5521""]","[""hakmar""]",pinned-relative,0
2026-08-26,other_food,salt,Tuz,id:1NQK,id:1NQK,Billur Tuz Demir Mineralli İyotlu Tuz 500 Gr,0.5,kg,76.9,153.8,153.8,1,1,1,"[""depot:carrefour-1012""]","[""carrefour""]",pinned-relative,0
2026-08-26,other_food,salt,Tuz,id:0JD0,id:0JD0,Ant Tuz Çok Amaçlı Tuz 1.5 Kg,1.5,kg,79.9,53.266667,53.266667,1,1,1,"[""depot:tarim_kredi-5022""]","[""tarim_kredi""]",pinned-relative,0
2026-08-26,other_food,salt,Tuz,id:1OP2,id:1OP2,Billur Tuz Sofrada Öğütme Himalaya Tuzu 200 Gr,0.2,kg,106.9,534.5,534.5,1,1,1,"[""depot:carrefour-1012""]","[""carrefour""]",pinned-relative,0
2026-08-26,other_food,salt,Tuz,id:0CDD,id:0CDD,Bisalt Kristal Kaya İyotlu Tuz 400 Gr,0.4,kg,128.9,322.25,322.25,1,1,1,"[""depot:carrefour-1012""]","[""carrefour""]",pinned-relative,0
2026-08-26,other_food,vinegar,Sirke,id:1WQD,id:1WQD,Kühne Beyaz Sirke 1 Lt,1.0,l,56.67,56.67,56.302468,1,1,1,"[""depot:migros-1991""]","[""migros""]",pinned-relative,0
2026-08-26,other_food,vinegar,Sirke,id:1Z91,id:1Z91,Ferfresh Beyaz Sirke 2 Lt,2.0,l,139.925,69.9625,71.08217,2,2,2,"[""depot:carrefour-1012"",""depot:migros-1991""]","[""carrefour"",""migros""]",pinned-relative,0
2026-08-26,other_food,vinegar,Sirke,id:1Q2R,id:1Q2R,Kühne Beyaz Sirke 2 Lt,2.0,l,76.935,38.4675,38.306342,2,2,2,"[""depot:carrefour-1012"",""depot:migros-564""]","[""carrefour"",""migros""]",pinned-relative,0
2026-08-26,other_food,vinegar,Sirke,id:20P2,id:20P2,Fersan Detox Doğal Sirke Analı Üzüm Sirkesi 500 Ml,0.5,l,202.425,404.85,408.624757,2,2,2,"[""depot:carrefour-1012"",""depot:migros-1991""]","[""carrefour"",""migros""]",pinned-relative,0
2026-08-26,other_food,vinegar,Sirke,id:1X98,id:1X98,Fersan Balsamik Sirke 250 Ml,0.25,l,216.425,865.7,882.863858,2,2,2,"[""depot:carrefour-1012"",""depot:migros-4479""]","[""carrefour"",""migros""]",pinned-relative,0
2026-08-26,other_food,vinegar,Sirke,id:203B,id:203B,Kühne Balsamik Sirke 500 Ml,0.5,l,232.37,464.74,421.304065,1,1,1,"[""depot:migros-1991""]","[""migros""]",pinned-relative,0
2026-08-26,other_food,vinegar,Sirke,id:09V5,id:09V5,Carrefour Beyaz Sirke 1 Lt,1.0,l,18.9,18.9,18.9,1,1,1,"[""depot:carrefour-5254""]","[""carrefour""]",pinned-relative,0
2026-08-26,other_food,vinegar,Sirke,id:05BW,id:05BW,Tarım Kredi Anadolu Beyaz Sirke 2 Lt,2.0,l,36.5,18.25,18.25,1,1,1,"[""depot:tarim_kredi-7488""]","[""tarim_kredi""]",pinned-relative,0
2026-08-26,other_food,vinegar,Sirke,id:0ZSU,id:0ZSU,Bizim Vatan Beyaz Sirke 2 Lt,2.0,l,36.5,18.25,18.25,1,1,1,"[""depot:sok-4707""]","[""sok""]",pinned-relative,0
2026-08-26,other_food,vinegar,Sirke,id:0VKV,id:0VKV,Migros Beyaz Sirke 2 Lt,2.0,l,37.5,18.75,18.75,1,1,1,"[""depot:migros-1991""]","[""migros""]",pinned-relative,0
2026-08-26,other_food,vinegar,Sirke,id:0XW1,id:0XW1,Galle Beyaz Sirke 2 Lt,2.0,l,36.5,18.25,18.25,1,1,1,"[""depot:a101-6815""]","[""a101""]",pinned-relative,0
2026-08-26,other_food,vinegar,Sirke,id:03PJ,id:03PJ,Efor Beyaz Sirke 2 Lt,2.0,l,36.5,18.25,18.25,1,1,1,"[""depot:bim-5712""]","[""bim""]",pinned-relative,0
2026-08-26,other_food,vinegar,Sirke,id:0901,id:0901,Carrefour Beyaz Sirke 2 Lt,2.0,l,36.5,18.25,18.25,1,1,1,"[""depot:carrefour-1012""]","[""carrefour""]",pinned-relative,0
2026-08-26,other_food,vinegar,Sirke,id:1OD2,id:1OD2,Miss Arap Sabunu + Sirke Özlü Temizleyici 1 Lt,1.0,l,52.5,52.5,52.5,1,1,1,"[""depot:bim-5712""]","[""bim""]",pinned-relative,0
2026-08-26,other_food,vinegar,Sirke,id:20II,id:20II,Ferfresh Beyaz Sirke 1 Lt,1.0,l,90.9,90.9,90.9,1,1,1,"[""depot:carrefour-1012""]","[""carrefour""]",pinned-relative,0
2026-08-26,other_food,vinegar,Sirke,id:10MI,id:10MI,Kilikya Beyaz Sirke 5 Lt,5.0,l,75.0,15.0,15.0,1,1,1,"[""depot:bim-5712""]","[""bim""]",pinned-relative,0
2026-08-26,other_food,vinegar,Sirke,id:1TD7,id:1TD7,Kühne Sirke Beyaz Karbonatlı 1 Lt,1.0,l,62.97,62.97,62.97,1,1,1,"[""depot:migros-564""]","[""migros""]",pinned-relative,0
2026-08-26,other_food,vinegar,Sirke,id:0832,id:0832,Happylife Organik Sirke Cam 500 Ml,0.5,l,99.0,198.0,198.0,1,1,1,"[""depot:hakmar-5521""]","[""hakmar""]",pinned-relative,0
2026-08-26,other_food,vinegar,Sirke,id:11LO,id:11LO,Torku Beyaz Sirke 5 Lt,5.0,l,99.5,19.9,19.9,1,1,1,"[""depot:a101-4217""]","[""a101""]",pinned-relative,0
2026-08-26,other_food,vinegar,Sirke,id:12DX,id:12DX,Kemal Kükrer Beyaz Sirke 2 Lt,2.0,l,129.9,64.95,64.95,1,1,1,"[""depot:carrefour-1012""]","[""carrefour""]",pinned-relative,0
2026-08-26,other_food,vinegar,Sirke,id:1591,id:1591,Fersan Balsamik Sirke Condimento Rose 250 Ml,0.25,l,191.95,767.8,767.8,1,1,1,"[""depot:migros-564""]","[""migros""]",pinned-relative,0
2026-08-26,other_food,vinegar,Sirke,id:1YID,id:1YID,Kühne Balzamik Sirke 250 Ml,0.25,l,136.43,545.72,545.72,1,1,1,"[""depot:carrefour-1012""]","[""carrefour""]",pinned-relative,0
2026-08-26,drinks,black_tea,Siyah çay,id:1L5J,id:1L5J,Efor Rize Siyah Çay 1 Kg,1.0,kg,231.97,231.97,231.326037,2,2,2,"[""depot:carrefour-5254"",""depot:migros-1991""]","[""carrefour"",""migros""]",pinned-relative,0
2026-08-26,drinks,black_tea,Siyah çay,id:1WZN,id:1WZN,Doğuş Tiryaki Siyah Çay 1 Kg,1.0,kg,284.475,284.475,285.645592,2,2,2,"[""depot:bim-5712"",""depot:carrefour-1012""]","[""bim"",""carrefour""]",pinned-relative,0
2026-08-26,drinks,black_tea,Siyah çay,id:1QWZ,id:1QWZ,Efor Harman Siyah Çay 1 Kg,1.0,kg,249.95,249.95,249.95,2,2,2,"[""depot:carrefour-1012"",""depot:migros-1991""]","[""carrefour"",""migros""]",pinned-relative,0
2026-08-26,drinks,black_tea,Siyah çay,id:1SO9,id:1SO9,Ofçay Tiryaki Siyah Çay 1 Kg,1.0,kg,265.0,265.0,287.475,1,2,1,"[""depot:hakmar-5521""]","[""hakmar""]",pinned-relative,0
2026-08-26,drinks,black_tea,Siyah çay,id:0B5Y,id:0B5Y,Herdem Tomurcuk Siyah Çay 100 Gr,0.1,kg,49.5,495.0,495.0,1,1,1,"[""depot:hakmar-5521""]","[""hakmar""]",pinned-relative,0
2026-08-26,drinks,black_tea,Siyah çay,id:29V3,id:29V3,Çaykur Tomurcuk Siyah Çay 125 Gr,0.125,kg,109.0,872.0,872.0,1,1,1,"[""depot:hakmar-5521""]","[""hakmar""]",pinned-relative,0
2026-08-26,drinks,black_tea,Siyah çay,id:0VGX,id:0VGX,Migros Filiz Siyah Çay 500 Gr,0.5,kg,139.95,279.9,279.9,1,1,1,"[""depot:migros-1991""]","[""migros""]",pinned-relative,0
2026-08-26,drinks,black_tea,Siyah çay,id:01KL,id:01KL,Berk Filiz Siyah Çay 500 Gr,0.5,kg,139.0,278.0,278.0,1,1,1,"[""depot:bim-5712""]","[""bim""]",pinned-relative,0
2026-08-26,drinks,black_tea,Siyah çay,id:25FS,id:25FS,Çaykur Kamelya Siyah Çay 500 Gr,0.5,kg,189.5,379.0,379.0,1,1,1,"[""depot:hakmar-5521""]","[""hakmar""]",pinned-relative,0
2026-08-26,drinks,black_tea,Siyah çay,id:02H6,id:02H6,Herdem Harman Siyah Çay 1 Kg,1.0,kg,250.0,250.0,250.0,1,1,1,"[""depot:hakmar-5521""]","[""hakmar""]",pinned-relative,0
2026-08-26,drinks,black_tea,Siyah çay,id:0TQG,id:0TQG,Migros Rize Siyah Çay 1 Kg,1.0,kg,259.95,259.95,259.95,1,1,1,"[""depot:migros-1991""]","[""migros""]",pinned-relative,0
2026-08-26,drinks,black_tea,Siyah çay,id:06RO,id:06RO,Herdem Rize Siyah Çay 1 Kg,1.0,kg,259.0,259.0,259.0,1,1,1,"[""depot:hakmar-5521""]","[""hakmar""]",pinned-relative,0
2026-08-26,drinks,black_tea,Siyah çay,id:0B5O,id:0B5O,Tarım Kredi Harman Siyah Çay 1 Kg,1.0,kg,245.0,245.0,245.0,1,1,1,"[""depot:tarim_kredi-7488""]","[""tarim_kredi""]",pinned-relative,0
2026-08-26,drinks,black_tea,Siyah çay,id:092Q,id:092Q,Efor Platinum Siyah Çay 1 Kg,1.0,kg,233.99,233.99,233.99,1,1,1,"[""depot:carrefour-5254""]","[""carrefour""]",pinned-relative,0
2026-08-26,drinks,black_tea,Siyah çay,id:05N0,id:05N0,Berk Rize Siyah Çay 1 Kg,1.0,kg,259.0,259.0,259.0,1,1,1,"[""depot:bim-5712""]","[""bim""]",pinned-relative,0
2026-08-26,drinks,black_tea,Siyah çay,id:0A82,id:0A82,Deren Tiryaki Siyah Çay 1 Kg,1.0,kg,265.0,265.0,265.0,1,1,1,"[""depot:sok-4707""]","[""sok""]",pinned-relative,0
2026-08-26,drinks,black_tea,Siyah çay,id:0655,id:0655,Berk Tiryakim Siyah Çay 1 Kg,1.0,kg,265.0,265.0,265.0,1,1,1,"[""depot:bim-5712""]","[""bim""]",pinned-relative,0
2026-08-26,drinks,black_tea,Siyah çay,id:0VTT,id:0VTT,Efor Çamlıca Siyah Çay 1 Kg,1.0,kg,299.95,299.95,299.95,1,1,1,"[""depot:migros-4479""]","[""migros""]",pinned-relative,0
2026-08-26,drinks,black_tea,Siyah çay,id:1W39,id:1W39,Doğuş Karadeniz Siyah Çay 1 Kg,1.0,kg,309.0,309.0,309.0,1,1,1,"[""depot:bim-5712""]","[""bim""]",pinned-relative,0
2026-08-26,drinks,black_tea,Siyah çay,id:06RB,id:06RB,Efor Filiz Siyah Çay 1 Kg,1.0,kg,310.0,310.0,310.0,1,1,1,"[""depot:carrefour-1012""]","[""carrefour""]",pinned-relative,0
2026-08-26,drinks,black_tea,Siyah çay,id:02GO,id:02GO,Ofçay Efsane Filiz Siyah Çay 1 Kg,1.0,kg,319.95,319.95,319.95,1,1,1,"[""depot:carrefour-1012""]","[""carrefour""]",pinned-relative,0
2026-08-26,drinks,black_tea,Siyah çay,id:1NL9,id:1NL9,Efor Opa Ceylon Siyah Çay 400 Gr,0.4,kg,349.95,874.875,874.875,1,1,1,"[""depot:carrefour-1012""]","[""carrefour""]",pinned-relative,0
2026-08-26,drinks,black_tea,Siyah çay,id:0N2H,id:0N2H,Karali Organik Siyah Çay 500 Gr,0.5,kg,199.95,399.9,399.9,1,1,1,"[""depot:migros-1991""]","[""migros""]",pinned-relative,0
2026-08-26,drinks,turkish_coffee,Türk kahvesi,id:1IO9,id:1IO9,Kocatepe Türk Kahvesi 100 Gr,0.1,kg,66.945,669.45,670.154517,2,2,2,"[""depot:carrefour-5254"",""depot:sok-7238""]","[""carrefour"",""sok""]",pinned-relative,0
2026-08-26,drinks,turkish_coffee,Türk kahvesi,id:1RQV,id:1RQV,Kurukahveci Mehmet Efendi Kafeinsiz Türk Kahvesi 50 Gr,0.05,kg,99.45,1989.0,1989.0,2,2,2,"[""depot:carrefour-1012"",""depot:migros-1991""]","[""carrefour"",""migros""]",pinned-relative,0
2026-08-26,drinks,turkish_coffee,Türk kahvesi,id:2051,id:2051,Tchibo Türk Kahvesi 100 Gr,0.1,kg,96.95,969.5,969.25,1,2,1,"[""depot:migros-1991""]","[""migros""]",pinned-relative,0
2026-08-26,drinks,turkish_coffee,Türk kahvesi,id:1MKC,id:1MKC,Starbucks Türk Kahvesi Veranda Blend 100 Gr,0.1,kg,154.47,1544.7,1547.762624,2,2,2,"[""depot:carrefour-5254"",""depot:migros-564""]","[""carrefour"",""migros""]",pinned-relative,0
2026-08-26,drinks,turkish_coffee,Türk kahvesi,id:0ZQI,id:0ZQI,Keyfe Hazır Aromalı Türk Kahvesi 100 Gr,0.1,kg,42.0,420.0,420.0,1,1,1,"[""depot:a101-6815""]","[""a101""]",pinned-relative,0
2026-08-26,drinks,turkish_coffee,Türk kahvesi,id:1QLD,id:1QLD,Hisar Türk Kahvesi 100 Gr,0.1,kg,51.99,519.9,519.9,1,1,1,"[""depot:carrefour-5036""]","[""carrefour""]",pinned-relative,0
2026-08-26,drinks,turkish_coffee,Türk kahvesi,id:0AHF,id:0AHF,Tarım Kredi Türk Kahvesi 100 Gr,0.1,kg,49.9,499.0,499.0,1,1,1,"[""depot:tarim_kredi-7488""]","[""tarim_kredi""]",pinned-relative,0
2026-08-26,drinks,turkish_coffee,Türk kahvesi,id:0TMX,id:0TMX,Cafe Crown Türk Kahvesi 100 Gr,0.1,kg,59.0,590.0,590.0,1,1,1,"[""depot:bim-5712""]","[""bim""]",pinned-relative,0
2026-08-26,drinks,turkish_coffee,Türk kahvesi,id:0NX4,id:0NX4,Yemeneli Türk Kahvesi 100 Gr,0.1,kg,69.5,695.0,695.0,1,1,1,"[""depot:sok-4707""]","[""sok""]",pinned-relative,0
2026-08-26,drinks,turkish_coffee,Türk kahvesi,id:0KHA,id:0KHA,Keyfe Türk Kahvesi 100 Gr,0.1,kg,69.5,695.0,695.0,1,1,1,"[""depot:a101-6815""]","[""a101""]",pinned-relative,0
2026-08-26,drinks,turkish_coffee,Türk kahvesi,id:0695,id:0695,Halis Efendi Türk Kahvesi 100 Gr,0.1,kg,69.5,695.0,695.0,1,1,1,"[""depot:hakmar-5521""]","[""hakmar""]",pinned-relative,0
2026-08-26,drinks,turkish_coffee,Türk kahvesi,id:044B,id:044B,Tarım Kredi Dibek Türk Kahvesi 200 Gr,0.2,kg,69.5,347.5,347.5,1,1,1,"[""depot:tarim_kredi-7488""]","[""tarim_kredi""]",pinned-relative,0
2026-08-26,drinks,turkish_coffee,Türk kahvesi,id:0GVZ,id:0GVZ,Carrefour Türk Kahvesi 100 Gr,0.1,kg,69.75,697.5,697.5,1,1,1,"[""depot:carrefour-5254""]","[""carrefour""]",pinned-relative,0
2026-08-26,drinks,turkish_coffee,Türk kahvesi,id:1G5C,id:1G5C,Üstad Türk Kahvesi 100 Gr,0.1,kg,74.5,745.0,745.0,1,1,1,"[""depot:a101-6815""]","[""a101""]",pinned-relative,0
2026-08-26,drinks,turkish_coffee,Türk kahvesi,id:1M0V,id:1M0V,Kocatepe 1949 Türk Kahvesi 100 Gr,0.1,kg,95.95,959.5,959.5,1,1,1,"[""depot:migros-1991""]","[""migros""]",pinned-relative,0
2026-08-26,drinks,turkish_coffee,Türk kahvesi,id:2564,id:2564,Kocatepe Damla Sakızlı Dibek Türk Kahvesi 100 Gr,0.1,kg,99.5,995.0,995.0,1,1,1,"[""depot:a101-6815""]","[""a101""]",pinned-relative,0
2026-08-26,drinks,turkish_coffee,Türk kahvesi,id:0Y6H,id:0Y6H,Hisar Kahve Damla Sakızlı Türk Kahvesi 100 Gr,0.1,kg,119.95,1199.5,1199.5,1,1,1,"[""depot:migros-6679""]","[""migros""]",pinned-relative,0
2026-08-26,drinks,turkish_coffee,Türk kahvesi,id:0FJI,id:0FJI,Tarım Kredi Türk Kahvesi 200 Gr,0.2,kg,134.9,674.5,674.5,1,1,1,"[""depot:tarim_kredi-7488""]","[""tarim_kredi""]",pinned-relative,0
2026-08-26,drinks,turkish_coffee,Türk kahvesi,id:0O3H,id:0O3H,Kocatepe Damla Sakızlı Türk Kahvesi 100 Gr,0.1,kg,139.95,1399.5,1399.5,1,1,1,"[""depot:carrefour-1012""]","[""carrefour""]",pinned-relative,0
2026-08-26,drinks,turkish_coffee,Türk kahvesi,id:256V,id:256V,Kocatepe Türk Kahvesi 250 Gr,0.25,kg,159.0,636.0,636.0,1,1,1,"[""depot:a101-6815""]","[""a101""]",pinned-relative,0
2026-08-26,drinks,turkish_coffee,Türk kahvesi,id:02E5,id:02E5,Carrefour Türk Kahvesi 250 Gr,0.25,kg,169.9,679.6,679.6,1,1,1,"[""depot:carrefour-5254""]","[""carrefour""]",pinned-relative,0
2026-08-26,drinks,turkish_coffee,Türk kahvesi,id:1WND,id:1WND,Karaca Hatır Türk Kahvesi 250 Gr,0.25,kg,299.9,1199.6,1199.6,1,1,1,"[""depot:carrefour-1012""]","[""carrefour""]",pinned-relative,0
2026-08-26,drinks,turkish_coffee,Türk kahvesi,id:0W2D,id:0W2D,Kurukahveci Mehmet Efendi Türk Kahvesi Teneke 500 Gr,0.5,kg,551.5,1103.0,1103.0,1,1,1,"[""depot:carrefour-1012""]","[""carrefour""]",pinned-relative,0
2026-08-26,drinks,instant_coffee,Çözünebilir kahve,id:0HJZ,id:0HJZ,Cafex Instant Mocha Kahve 18 Gr,0.018,kg,5.5,305.555556,305.555556,1,1,1,"[""depot:a101-6815""]","[""a101""]",pinned-relative,0
2026-08-26,drinks,instant_coffee,Çözünebilir kahve,id:2CPH,id:2CPH,Jacobs Gold Yoğun 3'ü 1 Arada Granül Kahve 18 Gr,0.018,kg,14.5,805.555556,805.555556,1,1,1,"[""depot:hakmar-5521""]","[""hakmar""]",pinned-relative,0
2026-08-26,drinks,instant_coffee,Çözünebilir kahve,id:0TN2,id:0TN2,Nescafé 3'ü 1 Arada Sütlü Köpüklü Hazır Kahve 17 Gr,0.017,kg,15.0,882.352941,882.352941,1,1,1,"[""depot:a101-6815""]","[""a101""]",pinned-relative,0
2026-08-26,drinks,instant_coffee,Çözünebilir kahve,id:1SOA,id:1SOA,Nescafé Instant Mocha Kahve 17 Gr,0.017,kg,17.5,1029.411765,1029.411765,1,1,1,"[""depot:a101-6815""]","[""a101""]",pinned-relative,0
2026-08-26,drinks,instant_coffee,Çözünebilir kahve,id:0QD4,id:0QD4,Starbucks Cappuccino Premium Kahve Karışımı 18 Gr,0.018,kg,19.95,1108.333333,1108.333333,1,1,1,"[""depot:migros-3296""]","[""migros""]",pinned-relative,0
2026-08-26,drinks,instant_coffee,Çözünebilir kahve,id:0DR6,id:0DR6,Carrefour Gold Kahve 100 Gr,0.1,kg,110.95,1109.5,1109.5,1,1,1,"[""depot:carrefour-5254""]","[""carrefour""]",pinned-relative,0
2026-08-26,drinks,instant_coffee,Çözünebilir kahve,id:0YMG,id:0YMG,Davidoff Fine Aroma Kahve 100 Gr,0.1,kg,249.5,2495.0,2495.0,1,1,1,"[""depot:a101-6815""]","[""a101""]",pinned-relative,0
2026-08-26,drinks,instant_coffee,Çözünebilir kahve,id:2A4W,id:2A4W,Nescafé Gold Granül Kahve 100 Gr,0.1,kg,339.5,3395.0,3395.0,1,1,1,"[""depot:hakmar-5521""]","[""hakmar""]",pinned-relative,0
2026-08-26,drinks,instant_coffee,Çözünebilir kahve,id:20YL,id:20YL,Nescafé Gold Kavanoz Granül Kahve 100 Gr,0.1,kg,599.0,5990.0,5990.0,1,1,1,"[""depot:a101-4217""]","[""a101""]",pinned-relative,0
2026-08-26,drinks,filter_coffee,Filtre kahve,id:1L5V,id:1L5V,Jacobs Selection Filtre Kahve 250 Gr,0.25,kg,339.0,1356.0,1708.710333,3,3,3,"[""depot:a101-6815"",""depot:migros-1991"",""depot:sok-4707""]","[""a101"",""migros"",""sok""]",pinned-relative,0
2026-08-26,drinks,filter_coffee,Filtre kahve,id:20XM,id:20XM,Jacobs Monarch Intense Filtre Kahve 250 Gr,0.25,kg,234.99,939.96,1106.076966,3,3,3,"[""depot:bim-5712"",""depot:carrefour-5254"",""depot:migros-564""]","[""bim"",""carrefour"",""migros""]",pinned-relative,0
2026-08-26,drinks,filter_coffee,Filtre kahve,id:1QGK,id:1QGK,Starbucks Caffe Verona Filtre Kahve 200 Gr,0.2,kg,402.97,2014.85,2014.818857,2,2,2,"[""depot:carrefour-5254"",""depot:migros-564""]","[""carrefour"",""migros""]",pinned-relative,0
2026-08-26,drinks,filter_coffee,Filtre kahve,id:1IZI,id:1IZI,Dripon Pratik Filtre Kahve 8 Gr,0.008,kg,11.75,1468.75,1468.75,1,1,1,"[""depot:tarim_kredi-7488""]","[""tarim_kredi""]",pinned-relative,0
2026-08-26,drinks,filter_coffee,Filtre kahve,id:1ANH,id:1ANH,Migros Filtre Kahve Kenya 225 Gr,0.225,kg,179.0,795.555556,795.555556,1,1,1,"[""depot:migros-564""]","[""migros""]",pinned-relative,0
2026-08-26,drinks,filter_coffee,Filtre kahve,id:0AXI,id:0AXI,Carrefour Filtre Kahve 225 Gr,0.225,kg,185.0,822.222222,822.222222,1,1,1,"[""depot:carrefour-1012""]","[""carrefour""]",pinned-relative,0
2026-08-26,drinks,filter_coffee,Filtre kahve,id:103Q,id:103Q,Lezzcafe Filtre Kahve 250 Gr,0.25,kg,189.0,756.0,756.0,1,1,1,"[""depot:sok-4707""]","[""sok""]",pinned-relative,0
2026-08-26,drinks,filter_coffee,Filtre kahve,id:1B50,id:1B50,Migros Filtre Kahve Etiyopya 225 Gr,0.225,kg,199.95,888.666667,888.666667,1,1,1,"[""depot:migros-564""]","[""migros""]",pinned-relative,0
2026-08-26,drinks,filter_coffee,Filtre kahve,id:1AFH,id:1AFH,Bonheur Colombia Filtre Kahve 250 Gr,0.25,kg,219.0,876.0,876.0,1,1,1,"[""depot:carrefour-5254""]","[""carrefour""]",pinned-relative,0
2026-08-26,drinks,filter_coffee,Filtre kahve,id:1P2Z,id:1P2Z,Kurukahveci Colombian Filtre Kahve 250 Gr,0.25,kg,275.0,1100.0,1100.0,1,1,1,"[""depot:sok-4711""]","[""sok""]",pinned-relative,0
2026-08-26,drinks,filter_coffee,Filtre kahve,id:1NDA,id:1NDA,Kurukahveci Mehmet Efendi Colombian Filtre Kahve 250 Gr,0.25,kg,285.5,1142.0,1142.0,1,1,1,"[""depot:migros-564""]","[""migros""]",pinned-relative,0
2026-08-26,drinks,filter_coffee,Filtre kahve,id:1XXU,id:1XXU,Venado Stella Filtre Kahve 250 Gr,0.25,kg,479.9,1919.6,1919.6,1,1,1,"[""depot:carrefour-1012""]","[""carrefour""]",pinned-relative,0
2026-08-26,drinks,filter_coffee,Filtre kahve,id:2NHS,id:2NHS,Jacobs Monarch Filtre Kahve 250 Gr,0.25,kg,537.9,2151.6,2151.6,1,1,1,"[""depot:carrefour-1012""]","[""carrefour""]",pinned-relative,0
2026-08-26,drinks,filter_coffee,Filtre kahve,id:1SGZ,id:1SGZ,Jacobs Monarch Filtre Kahve 250 Gr,0.25,kg,349.95,1399.8,1399.8,1,1,1,"[""depot:migros-1991""]","[""migros""]",pinned-relative,0
2026-08-26,drinks,filter_coffee,Filtre kahve,id:1GYO,id:1GYO,Moliendo Breakfast Blend Filtre Kahve 250 Gr,0.25,kg,575.0,2300.0,2300.0,1,1,1,"[""depot:carrefour-1012""]","[""carrefour""]",pinned-relative,0
2026-08-26,drinks,filter_coffee,Filtre kahve,id:0LKE,id:0LKE,Jacobs Monarch Filtre Kahve 500 Gr,0.5,kg,466.99,933.98,933.98,1,1,1,"[""depot:carrefour-5254""]","[""carrefour""]",pinned-relative,0
2026-08-26,drinks,filter_coffee,Filtre kahve,id:1Y9U,id:1Y9U,The Whirl Espresso Tanned 429 Filtre Kahve 250 Gr,0.25,kg,674.95,2699.8,2699.8,1,1,1,"[""depot:carrefour-1012""]","[""carrefour""]",pinned-relative,0
2026-08-26,drinks,cola,Kola,id:0ZI9,id:0ZI9,Sarıyer Kola Gazlı İçecek 250 Ml,0.25,l,14.75,59.0,59.0,2,2,2,"[""depot:a101-4141"",""depot:hakmar-5521""]","[""a101"",""hakmar""]",pinned-relative,0
2026-08-26,drinks,cola,Kola,id:0YAB,id:0YAB,Pepsi Kola 1 Lt,1.0,l,51.0,51.0,51.0,2,2,2,"[""depot:a101-6815"",""depot:bim-5712""]","[""a101"",""bim""]",pinned-relative,0
2026-08-26,drinks,cola,Kola,id:0ZLP,id:0ZLP,Pepsi Kola 330 Ml,0.33,l,47.5,143.939394,143.939394,2,2,2,"[""depot:a101-6815"",""depot:bim-5712""]","[""a101"",""bim""]",pinned-relative,0
2026-08-26,drinks,cola,Kola,id:11CT,id:11CT,Bi Kola Gazlı İçecek 250 Ml,0.25,l,14.0,56.0,56.0,1,1,1,"[""depot:a101-6815""]","[""a101""]",pinned-relative,0
2026-08-26,drinks,cola,Kola,id:3WZQ,id:3WZQ,Crown Şekersiz Kola Kutu 330 Ml,0.33,l,23.0,69.69697,69.69697,1,1,1,"[""depot:sok-4707""]","[""sok""]",pinned-relative,0
2026-08-26,drinks,cola,Kola,id:0V4E,id:0V4E,Bi Kola Gazlı İçecek 330 Ml,0.33,l,25.0,75.757576,75.757576,1,1,1,"[""depot:a101-6815""]","[""a101""]",pinned-relative,0
2026-08-26,drinks,cola,Kola,id:1DYU,id:1DYU,Sarıyer Kola 330 Ml,0.33,l,25.0,75.757576,75.757576,1,1,1,"[""depot:tarim_kredi-7488""]","[""tarim_kredi""]",pinned-relative,0
2026-08-26,drinks,cola,Kola,id:06D7,id:06D7,Sarıyer Kola 1 Lt,1.0,l,37.5,37.5,37.5,1,1,1,"[""depot:tarim_kredi-7488""]","[""tarim_kredi""]",pinned-relative,0
2026-08-26,drinks,cola,Kola,id:1GPJ,id:1GPJ,Sarıyer Şekersiz Kola 1.5 Lt,1.5,l,49.5,33.0,33.0,1,1,1,"[""depot:tarim_kredi-5022""]","[""tarim_kredi""]",pinned-relative,0
2026-08-26,drinks,cola,Kola,id:0T4G,id:0T4G,Coca-Cola Kola 330 Ml,0.33,l,55.0,166.666667,166.666667,1,1,1,"[""depot:a101-6815""]","[""a101""]",pinned-relative,0
2026-08-26,drinks,cola,Kola,id:1STO,id:1STO,Pepsi Max Gazlı İçecek Kola 1 Lt,1.0,l,57.0,57.0,57.0,1,1,1,"[""depot:a101-6815""]","[""a101""]",pinned-relative,0
2026-08-26,drinks,cola,Kola,id:0ZND,id:0ZND,Coca-Cola Kola 1.75 Lt,1.75,l,75.0,42.857143,42.857143,1,1,1,"[""depot:a101-6815""]","[""a101""]",pinned-relative,0
2026-08-26,drinks,cola,Kola,id:1INJ,id:1INJ,Sarıyer Kola 2.5 Lt,2.5,l,64.0,25.6,25.6,1,1,1,"[""depot:tarim_kredi-7488""]","[""tarim_kredi""]",pinned-relative,0
2026-08-26,drinks,cola,Kola,id:20X2,id:20X2,Kristal Şekersiz Kola Gazlı İçecek 2.5 Lt,2.5,l,65.0,26.0,26.0,1,1,1,"[""depot:bim-5712""]","[""bim""]",pinned-relative,0
2026-08-26,drinks,cola,Kola,id:0QBX,id:0QBX,Pepsi Kola 1.5 Lt,1.5,l,67.0,44.666667,44.666667,1,1,1,"[""depot:a101-6815""]","[""a101""]",pinned-relative,0
2026-08-26,drinks,cola,Kola,id:0SRF,id:0SRF,Coca-Cola Şekersiz Kola 2.5 Lt,2.5,l,89.5,35.8,35.8,1,1,1,"[""depot:a101-6815""]","[""a101""]",pinned-relative,0
2026-08-26,drinks,cola,Kola,id:10BG,id:10BG,Coca-Cola Kola 3 Lt,3.0,l,107.5,35.833333,35.833333,1,1,1,"[""depot:a101-6815""]","[""a101""]",pinned-relative,0
2026-08-26,drinks,cola,Kola,id:1EY3,id:1EY3,Sarıyer Kola Gazlı İçecek 1.98 Lt,1.98,l,129.0,65.151515,65.151515,1,1,1,"[""depot:bim-5712""]","[""bim""]",pinned-relative,0
2026-08-26,drinks,cola,Kola,id:1DTE,id:1DTE,Sarıyer Kola 4x1 Lt,4.0,l,119.0,29.75,29.75,1,1,1,"[""depot:tarim_kredi-5022""]","[""tarim_kredi""]",pinned-relative,0
2026-08-26,drinks,cola,Kola,id:1N3U,id:1N3U,Pepsi Kola 4x1 Lt,4.0,l,169.0,42.25,42.25,1,1,1,"[""depot:bim-5712""]","[""bim""]",pinned-relative,0
2026-08-26,drinks,fruit_juice,Meyve suyu,id:1FSE,id:1FSE,Naren %100 Sıkma Kırmızı Meyveler Suyu 720 Ml,0.72,l,101.99,141.652778,141.652778,1,1,1,"[""depot:carrefour-5254""]","[""carrefour""]",pinned-relative,0
2026-08-26,drinks,fruit_juice,Meyve suyu,id:0EIS,id:0EIS,Tazeyim Detox Orman Meyveleri Suyu 150 Ml,0.15,l,95.0,633.333333,633.333333,1,1,1,"[""depot:carrefour-1012""]","[""carrefour""]",pinned-relative,0
2026-08-26,drinks,fruit_juice,Meyve suyu,id:0ORV,id:0ORV,Dimes %100 Tropik Meyveler Suyu 1 Lt,1.0,l,135.0,135.0,135.0,1,1,1,"[""depot:migros-1991""]","[""migros""]",pinned-relative,0
2026-08-26,drinks,fruit_juice,Meyve suyu,id:20VB,id:20VB,Tamek Meyvelim Vişne Meyveli İçecek 200 Ml,0.2,l,16.0,80.0,79.975,1,2,1,"[""depot:a101-6815""]","[""a101""]",pinned-relative,0
2026-08-26,drinks,fruit_juice,Meyve suyu,id:029R,id:029R,Will/Jusy Ananaslı Meyveli İçecek 1 Lt,1.0,l,50.0,50.0,50.0,1,1,1,"[""depot:bim-5712""]","[""bim""]",pinned-relative,0
2026-08-26,drinks,fruit_juice,Meyve suyu,id:1A9N,id:1A9N,Lavi +2 Meyveli Naneli İçecek 1 Lt,1.0,l,52.0,52.0,52.0,1,1,1,"[""depot:bim-5712""]","[""bim""]",pinned-relative,0
2026-08-26,drinks,fruit_juice,Meyve suyu,id:2B3G,id:2B3G,Uludağ Ananas Meyveli İçecek 1 Lt,1.0,l,52.5,52.5,52.5,1,1,1,"[""depot:hakmar-5521""]","[""hakmar""]",pinned-relative,0
2026-08-26,drinks,fruit_juice,Meyve suyu,id:05PU,id:05PU,Uludağ Meyvelim Portakallı Meyveli İçecek 1 Lt,1.0,l,69.5,69.5,69.5,1,1,1,"[""depot:bim-5712""]","[""bim""]",pinned-relative,0
2026-08-26,drinks,fruit_juice,Meyve suyu,id:1FO8,id:1FO8,Dimes Orman Meyveli İçecek 1 Lt,1.0,l,70.0,70.0,70.0,1,1,1,"[""depot:carrefour-1012""]","[""carrefour""]",pinned-relative,0
2026-08-26,drinks,fruit_juice,Meyve suyu,id:17HQ,id:17HQ,Foco Çarkıfelek Meyveli İçecek 350 Ml,0.35,l,114.9,328.285714,328.285714,1,1,1,"[""depot:carrefour-1012""]","[""carrefour""]",pinned-relative,0
2026-08-26,drinks,iced_tea,Soğuk çay,id:1T40,id:1T40,Lipton Mango Soğuk Çay 1 Lt,1.0,l,57.0,57.0,59.037418,3,4,3,"[""depot:bim-5712"",""depot:carrefour-1012"",""depot:hakmar-5521""]","[""bim"",""carrefour"",""hakmar""]",pinned-relative,0
2026-08-26,drinks,iced_tea,Soğuk çay,id:1IXH,id:1IXH,Didi Soğuk Çay Şeftali 2.5 Lt,2.5,l,58.75,23.5,27.8,2,2,2,"[""depot:bim-5712"",""depot:hakmar-5521""]","[""bim"",""hakmar""]",pinned-relative,0
2026-08-26,drinks,iced_tea,Soğuk çay,id:1PGN,id:1PGN,Didi Bergamot Aromalı Soğuk Çay 500 Ml,0.5,l,35.25,70.5,65.15,1,2,1,"[""depot:migros-4479""]","[""migros""]",pinned-relative,0
2026-08-26,drinks,iced_tea,Soğuk çay,id:1NOE,id:1NOE,Lipton Karpuz & Nane Soğuk Çay 1 Lt,1.0,l,63.5,63.5,63.245553,2,2,2,"[""depot:carrefour-1012"",""depot:migros-564""]","[""carrefour"",""migros""]",pinned-relative,0
2026-08-26,drinks,iced_tea,Soğuk çay,id:0VLJ,id:0VLJ,Lipton Mango Soğuk Çay 1.5 Lt,1.5,l,69.95,46.633333,46.784669,2,2,2,"[""depot:carrefour-1012"",""depot:tarim_kredi-7488""]","[""carrefour"",""tarim_kredi""]",pinned-relative,0
2026-08-26,drinks,iced_tea,Soğuk çay,id:0459,id:0459,Juss Soğuk Çay Şeftali 330 Ml,0.33,l,24.5,74.242424,74.242424,1,1,1,"[""depot:tarim_kredi-7488""]","[""tarim_kredi""]",pinned-relative,0
2026-08-26,drinks,iced_tea,Soğuk çay,id:09GQ,id:09GQ,Juss Limonlu Soğuk Çay 330 Ml,0.33,l,24.5,74.242424,74.242424,1,1,1,"[""depot:tarim_kredi-7488""]","[""tarim_kredi""]",pinned-relative,0
2026-08-26,drinks,iced_tea,Soğuk çay,id:1R62,id:1MB7,Lipton Limon Soğuk Çay 4 Lt,4.0,l,266.0,66.5,99.0,1,1,1,"[""depot:carrefour-1012""]","[""carrefour""]",pinned-relative,1
2026-08-26,drinks,iced_tea,Soğuk çay,id:04P6,id:04P6,Juss Şeftalili Soğuk Çay 1 Lt,1.0,l,30.0,30.0,30.0,1,1,1,"[""depot:hakmar-5521""]","[""hakmar""]",pinned-relative,0
2026-08-26,drinks,iced_tea,Soğuk çay,id:0AS3,id:0AS3,Tarım Kredi Şeftali Aromalı Soğuk Çay 1 Lt,1.0,l,25.9,25.9,25.9,1,1,1,"[""depot:tarim_kredi-5022""]","[""tarim_kredi""]",pinned-relative,0
2026-08-26,drinks,iced_tea,Soğuk çay,id:16RE,id:16RE,Tarım Kredi Karışık Kırmızı Meyve Aromalı Soğuk Çay 1 Lt,1.0,l,25.9,25.9,25.9,1,1,1,"[""depot:tarim_kredi-7488""]","[""tarim_kredi""]",pinned-relative,0
2026-08-26,drinks,iced_tea,Soğuk çay,id:029J,id:029J,Didi Soğuk Çay 500 Ml,0.5,l,34.5,69.0,69.0,1,1,1,"[""depot:hakmar-5521""]","[""hakmar""]",pinned-relative,0
2026-08-26,drinks,iced_tea,Soğuk çay,id:1RKV,id:1RKV,Didi Şeftali Soğuk Çay 500 Ml,0.5,l,35.25,70.5,70.5,1,1,1,"[""depot:migros-1991""]","[""migros""]",pinned-relative,0
2026-08-26,drinks,iced_tea,Soğuk çay,id:1MSP,id:1MSP,Herby Soğuk Çay Armut Şeftali Aromalı 250 Ml,0.25,l,39.5,158.0,158.0,1,1,1,"[""depot:bim-5712""]","[""bim""]",pinned-relative,0
2026-08-26,drinks,iced_tea,Soğuk çay,id:29Z1,id:29Z1,Lipton Şeftali Soğuk Çay 330 Ml,0.33,l,47.5,143.939394,143.939394,1,1,1,"[""depot:hakmar-5521""]","[""hakmar""]",pinned-relative,0
2026-08-26,drinks,iced_tea,Soğuk çay,id:2CNY,id:2CNY,Fuse Tea Karpuzlu Soğuk Çay 330 Ml,0.33,l,60.0,181.818182,181.818182,1,1,1,"[""depot:hakmar-5521""]","[""hakmar""]",pinned-relative,0
2026-08-26,drinks,iced_tea,Soğuk çay,id:2CA7,id:2CA7,Fuse Tea Mango Ananas Soğuk Çay 330 Ml,0.33,l,60.0,181.818182,181.818182,1,1,1,"[""depot:hakmar-5521""]","[""hakmar""]",pinned-relative,0
2026-08-26,drinks,iced_tea,Soğuk çay,id:0087,id:0087,Fuse Tea Limonlu Soğuk Çay 1 Lt,1.0,l,70.0,70.0,70.0,1,1,1,"[""depot:hakmar-5521""]","[""hakmar""]",pinned-relative,0
2026-08-26,drinks,iced_tea,Soğuk çay,id:2CH9,id:2CH9,Fuse Tea Soğuk Çay Karpuz 1 Lt,1.0,l,70.0,70.0,70.0,1,1,1,"[""depot:hakmar-5521""]","[""hakmar""]",pinned-relative,0
2026-08-26,drinks,mineral_water,Maden suyu,id:1KI7,id:1KI7,Beypazarı Doğal Maden Suyu 200 Ml,0.2,l,12.0,60.0,58.708923,4,4,4,"[""depot:a101-6815"",""depot:bim-5712"",""depot:sok-7017"",""depot:tarim_kredi-5022""]","[""a101"",""bim"",""sok"",""tarim_kredi""]",pinned-relative,0
2026-08-26,drinks,mineral_water,Maden suyu,id:0XZC,id:0XZC,Kızılay Limonlu Maden Suyu 200 Ml,0.2,l,16.0,80.0,80.0,3,3,3,"[""depot:hakmar-5521"",""depot:sok-7238"",""depot:tarim_kredi-7488""]","[""hakmar"",""sok"",""tarim_kredi""]",pinned-relative,0
2026-08-26,drinks,mineral_water,Maden suyu,id:1WEU,id:1WEU,Kızılay Maden Suyu 200 Ml,0.2,l,13.0,65.0,65.0,2,2,2,"[""depot:migros-6679"",""depot:sok-4711""]","[""migros"",""sok""]",pinned-relative,0
2026-08-26,drinks,mineral_water,Maden suyu,id:0X6U,id:0X6U,Uludağ Premium Maden Suyu 250 Ml,0.25,l,51.225,204.9,204.9,2,2,2,"[""depot:carrefour-1012"",""depot:migros-4479""]","[""carrefour"",""migros""]",pinned-relative,0
2026-08-26,drinks,mineral_water,Maden suyu,id:1P7S,id:1P7S,Sarıkız Doğal Maden Suyu 6x250 Ml,1.5,l,72.95,48.633333,48.633333,2,2,2,"[""depot:carrefour-1012"",""depot:sok-4707""]","[""carrefour"",""sok""]",pinned-relative,0
2026-08-26,drinks,mineral_water,Maden suyu,id:1KJQ,id:1KJQ,Uludağ Doğal Maden Suyu 6x200 Ml,1.2000000000000002,l,72.25,60.208333,57.604167,1,2,1,"[""depot:carrefour-1012""]","[""carrefour""]",pinned-relative,0
2026-08-26,drinks,mineral_water,Maden suyu,id:1MJP,id:1MJP,Kızılay Doğal Maden Suyu 6x200 Ml,1.2000000000000002,l,59.7,49.75,49.091506,2,2,2,"[""depot:carrefour-5254"",""depot:tarim_kredi-7488""]","[""carrefour"",""tarim_kredi""]",pinned-relative,0
2026-08-26,drinks,mineral_water,Maden suyu,id:0T23,id:0T23,Kızılcahamam Sade Maden Suyu 200 Ml,0.2,l,11.5,57.5,57.5,1,1,1,"[""depot:tarim_kredi-5022""]","[""tarim_kredi""]",pinned-relative,0
2026-08-26,drinks,mineral_water,Maden suyu,id:25HA,id:25HA,Maden Suyu 200 Ml,0.2,l,12.0,60.0,60.0,1,1,1,"[""depot:bim-5712""]","[""bim""]",pinned-relative,0
2026-08-26,drinks,mineral_water,Maden suyu,id:2AFW,id:2AFW,Avşar Mango Ananas Maden Suyu 200 Ml,0.2,l,16.0,80.0,80.0,1,1,1,"[""depot:hakmar-5521""]","[""hakmar""]",pinned-relative,0
2026-08-26,drinks,mineral_water,Maden suyu,id:1COJ,id:1COJ,Sırma Churchill Maden Suyu 250 Ml,0.25,l,29.5,118.0,118.0,1,1,1,"[""depot:a101-4141""]","[""a101""]",pinned-relative,0
2026-08-26,drinks,mineral_water,Maden suyu,id:1LPP,id:1LPP,Akmina Maden Suyu 1 Lt,1.0,l,41.5,41.5,41.5,1,1,1,"[""depot:sok-4707""]","[""sok""]",pinned-relative,0
2026-08-26,drinks,mineral_water,Maden suyu,id:002Z,id:002Z,Damla Mineral Sade Maden Suyu 200 Ml,0.2,l,34.0,170.0,170.0,1,1,1,"[""depot:carrefour-1012""]","[""carrefour""]",pinned-relative,0
2026-08-26,drinks,mineral_water,Maden suyu,id:266V,id:266V,Maden Suyu 6x250 Ml,1.5,l,39.5,26.333333,26.333333,1,1,1,"[""depot:bim-5712""]","[""bim""]",pinned-relative,0
2026-08-26,drinks,mineral_water,Maden suyu,id:1L0U,id:1L0U,Akmina Maden Suyu Pet 1 Lt,1.0,l,30.0,30.0,30.0,1,1,1,"[""depot:carrefour-5254""]","[""carrefour""]",pinned-relative,0
2026-08-26,drinks,mineral_water,Maden suyu,id:0SS5,id:0SS5,Akmina Mandalinalı Maden Suyu 1 Lt,1.0,l,47.0,47.0,47.0,1,1,1,"[""depot:a101-4141""]","[""a101""]",pinned-relative,0
2026-08-26,drinks,mineral_water,Maden suyu,id:02XX,id:02XX,Karlıtepe Limon Aromalı Maden Suyu 1.2 Lt,1.2,l,62.0,51.666667,51.666667,1,1,1,"[""depot:bim-5712""]","[""bim""]",pinned-relative,0
2026-08-26,drinks,mineral_water,Maden suyu,id:1NFI,id:1NFI,Maden Suyu 6x200 Ml,1.2000000000000002,l,66.0,55.0,55.0,1,1,1,"[""depot:bim-5712""]","[""bim""]",pinned-relative,0
2026-08-26,drinks,mineral_water,Maden suyu,id:0M3W,id:0M3W,Damla Minera Sade Maden Suyu 1.2 Lt,1.2,l,72.0,60.0,60.0,1,1,1,"[""depot:carrefour-1012""]","[""carrefour""]",pinned-relative,0
2026-08-26,drinks,mineral_water,Maden suyu,id:1TZH,id:1TZH,Kınık Sade Maden Suyu 20x200 Ml,4.0,l,175.0,43.75,43.75,1,1,1,"[""depot:a101-6815""]","[""a101""]",pinned-relative,0
2026-08-26,drinks,energy_drink,Enerji içeceği,id:1LMO,id:1LMO,Red Bull Enerji İçeceği 250 Ml,0.25,l,70.0,280.0,267.366427,6,6,6,"[""depot:a101-6815"",""depot:bim-5712"",""depot:hakmar-5521"",""depot:migros-1991"",""depot:sok-4707"",""depot:tarim_kredi-7488""]","[""a101"",""bim"",""hakmar"",""migros"",""sok"",""tarim_kredi""]",pinned-relative,0
2026-08-26,drinks,energy_drink,Enerji içeceği,id:0U2P,id:0U2P,Hotline Enerji İçeceği 1 Lt,1.0,l,55.0,55.0,50.0,3,3,3,"[""depot:a101-6815"",""depot:bim-5712"",""depot:sok-4711""]","[""a101"",""bim"",""sok""]",pinned-relative,0
2026-08-26,drinks,energy_drink,Enerji içeceği,id:1NXI,id:1NXI,Monster Enerji İçeceği 500 Ml,0.5,l,80.0,160.0,167.422086,3,3,3,"[""depot:carrefour-1012"",""depot:migros-1991"",""depot:sok-4707""]","[""carrefour"",""migros"",""sok""]",pinned-relative,0
2026-08-26,drinks,energy_drink,Enerji içeceği,id:1ZQB,id:1ZQB,Red Bull Enerji İçeceği 473 Ml,0.473,l,120.0,253.699789,247.8089,3,3,3,"[""depot:a101-6815"",""depot:carrefour-1012"",""depot:migros-1991""]","[""a101"",""carrefour"",""migros""]",pinned-relative,0
2026-08-26,drinks,energy_drink,Enerji içeceği,id:1QD8,id:1QD8,Black Bruin Enerji İçeceği 500 Ml,0.5,l,43.75,87.5,86.742111,2,2,2,"[""depot:bim-5712"",""depot:hakmar-5521""]","[""bim"",""hakmar""]",pinned-relative,0
2026-08-26,drinks,energy_drink,Enerji içeceği,id:0G3G,id:0G3G,Red Bull Red Edition Enerji İçeceği 250 Ml,0.25,l,70.95,283.8,283.8,1,1,1,"[""depot:migros-1991""]","[""migros""]",pinned-relative,0
2026-08-26,drinks,energy_drink,Enerji içeceği,id:1QIE,id:1QIE,Monster Ultra Tropical Enerji İçeceği 500 Ml,0.5,l,62.9,125.8,125.8,1,2,1,"[""depot:carrefour-1012""]","[""carrefour""]",pinned-relative,0
2026-08-26,drinks,energy_drink,Enerji içeceği,id:0P0W,id:0P0W,Burn Enerji İçeceği 500 Ml,0.5,l,100.0,200.0,200.277585,2,2,2,"[""depot:carrefour-5254"",""depot:migros-1991""]","[""carrefour"",""migros""]",pinned-relative,0
2026-08-26,drinks,energy_drink,Enerji içeceği,id:1Z9X,id:1Z9X,Red Bull Enerji İçeceği 4 x 250 ML,1.0,l,245.25,245.25,244.412561,2,2,2,"[""depot:a101-4217"",""depot:migros-1991""]","[""a101"",""migros""]",pinned-relative,0
2026-08-26,drinks,energy_drink,Enerji içeceği,id:0N3R,id:0N3R,Red Bull Enerji İçeceği 6x250 Ml,1.5,l,385.0,256.666667,270.925926,1,2,1,"[""depot:carrefour-1012""]","[""carrefour""]",pinned-relative,0
2026-08-26,drinks,energy_drink,Enerji içeceği,id:0ORG,id:0ORG,Tornado Enerji İçeceği 250 Ml,0.25,l,29.9,119.6,119.6,1,1,1,"[""depot:sok-4707""]","[""sok""]",pinned-relative,0
2026-08-26,drinks,energy_drink,Enerji içeceği,id:1BSW,id:1BSW,Predator Şeftali Enerji İçeceği 250 Ml,0.25,l,35.0,140.0,140.0,1,1,1,"[""depot:a101-6815""]","[""a101""]",pinned-relative,0
2026-08-26,drinks,energy_drink,Enerji içeceği,id:1E3X,id:1E3X,Performans Multivitamin Şekersiz Enerji İçeceği 500 Ml,0.5,l,35.0,70.0,70.0,1,1,1,"[""depot:bim-5712""]","[""bim""]",pinned-relative,0
2026-08-26,drinks,energy_drink,Enerji içeceği,id:103P,id:103P,Predator Enerji İçeceği 250 Ml,0.25,l,35.0,140.0,140.0,1,1,1,"[""depot:a101-4217""]","[""a101""]",pinned-relative,0
2026-08-26,drinks,energy_drink,Enerji içeceği,id:1YP0,id:1YP0,Black Bruin Enerji İçeceği 250 Ml,0.25,l,35.0,140.0,140.0,1,1,1,"[""depot:tarim_kredi-7488""]","[""tarim_kredi""]",pinned-relative,0
2026-08-26,drinks,energy_drink,Enerji içeceği,id:06TO,id:06TO,Black Eagle Enerji İçeceği 500 Ml,0.5,l,33.5,67.0,67.0,1,1,1,"[""depot:bim-5712""]","[""bim""]",pinned-relative,0
2026-08-26,drinks,energy_drink,Enerji içeceği,id:1C7T,id:1C7T,Hotline Enerji İçeceği 500 Ml,0.5,l,33.5,67.0,67.0,1,1,1,"[""depot:bim-5712""]","[""bim""]",pinned-relative,0
2026-08-26,drinks,energy_drink,Enerji içeceği,id:1A3J,id:1A3J,Predator Gold Enerji İçeceği 250 Ml,0.25,l,45.0,180.0,180.0,1,1,1,"[""depot:carrefour-1012""]","[""carrefour""]",pinned-relative,0
2026-08-26,drinks,energy_drink,Enerji içeceği,id:219R,id:219R,Sting Enerji İçeceği 500 Ml,0.5,l,49.5,99.0,99.0,1,1,1,"[""depot:a101-9324""]","[""a101""]",pinned-relative,0
2026-08-26,drinks,energy_drink,Enerji içeceği,id:0ERF,id:0ERF,Tornado Enerji İçeceği 1 Lt,1.0,l,49.9,49.9,49.9,1,1,1,"[""depot:sok-4707""]","[""sok""]",pinned-relative,0
2026-08-26,drinks,energy_drink,Enerji içeceği,id:0Q4H,id:0Q4H,Black Eagle Enerji İçeceği 1 Lt,1.0,l,50.0,50.0,50.0,1,1,1,"[""depot:a101-4141""]","[""a101""]",pinned-relative,0
2026-08-26,drinks,soda,Gazoz,id:1I5Z,id:1I5Z,Fruko Gazoz 2.5 Lt,2.5,l,67.0,26.8,29.823365,3,4,3,"[""depot:bim-5712"",""depot:carrefour-1012"",""depot:tarim_kredi-7488""]","[""bim"",""carrefour"",""tarim_kredi""]",pinned-relative,0
2026-08-26,drinks,soda,Gazoz,id:1IKH,id:1IKH,Çamlıca Gazoz 1.5 Lt,1.5,l,49.95,33.3,36.666667,2,3,2,"[""depot:hakmar-5521"",""depot:sok-4707""]","[""hakmar"",""sok""]",pinned-relative,0
2026-08-26,drinks,soda,Gazoz,id:1ZCH,id:1ZCH,Uludağ Efsane Gazoz 1.5 Lt,1.5,l,72.95,48.633333,106.0,1,1,1,"[""depot:tarim_kredi-7488""]","[""tarim_kredi""]",pinned-relative,0
2026-08-26,drinks,soda,Gazoz,id:1P6V,id:1P6V,Fruko Gazoz 1.5 Lt,1.5,l,65.0,43.333333,43.393477,2,2,2,"[""depot:carrefour-1012"",""depot:migros-1991""]","[""carrefour"",""migros""]",pinned-relative,0
2026-08-26,drinks,soda,Gazoz,id:1V9I,id:1V9I,Uludağ Efsane Gazoz 2.5 Lt,2.5,l,79.5,31.8,31.8,2,2,2,"[""depot:bim-5712"",""depot:tarim_kredi-5022""]","[""bim"",""tarim_kredi""]",pinned-relative,0
2026-08-26,drinks,soda,Gazoz,id:19VH,id:19VH,Sarıyer Gazoz 250 Ml,0.25,l,15.5,62.0,62.0,1,1,1,"[""depot:a101-6815""]","[""a101""]",pinned-relative,0
2026-08-26,drinks,soda,Gazoz,id:3X3N,id:3X3N,Çamlıca Gazoz 200 Ml,0.2,l,18.5,92.5,92.5,1,1,1,"[""depot:hakmar-5521""]","[""hakmar""]",pinned-relative,0
2026-08-26,drinks,soda,Gazoz,id:0WDB,id:0WDB,Migros Gazoz 1.5 Lt,1.5,l,33.0,22.0,22.0,1,1,1,"[""depot:migros-1991""]","[""migros""]",pinned-relative,0
2026-08-26,drinks,soda,Gazoz,id:0OCX,id:0OCX,Bi Gazoz 1.5 Lt,1.5,l,33.0,22.0,22.0,1,1,1,"[""depot:a101-6815""]","[""a101""]",pinned-relative,0
2026-08-26,drinks,soda,Gazoz,id:1J9U,id:1J9U,Sarıyer Gazoz 1.5 Lt,1.5,l,33.0,22.0,22.0,1,1,1,"[""depot:tarim_kredi-5022""]","[""tarim_kredi""]",pinned-relative,0
2026-08-26,drinks,soda,Gazoz,id:0WZU,id:0WZU,Beyoğlu Zencefil Aromalı Gazoz 250 Ml,0.25,l,48.5,194.0,194.0,1,1,1,"[""depot:carrefour-1012""]","[""carrefour""]",pinned-relative,0
2026-08-26,drinks,soda,Gazoz,id:0WWI,id:0WWI,Crown Gazoz 2.5 Lt,2.5,l,44.9,17.96,17.96,1,1,1,"[""depot:sok-4707""]","[""sok""]",pinned-relative,0
2026-08-26,drinks,soda,Gazoz,id:0W2G,id:0W2G,Uludağ Efsane Gazoz 1 Lt,1.0,l,59.5,59.5,59.5,1,1,1,"[""depot:carrefour-1012""]","[""carrefour""]",pinned-relative,0
2026-08-26,drinks,soda,Gazoz,id:1HBA,id:1HBA,Uludağ Sade Gazoz 1 Lt,1.0,l,59.5,59.5,59.5,1,1,1,"[""depot:a101-4217""]","[""a101""]",pinned-relative,0
2026-08-26,drinks,soda,Gazoz,id:2B6C,id:2B6C,Uludağ Az Kalorili Gazoz 1.5 Lt,1.5,l,59.5,39.666667,39.666667,1,1,1,"[""depot:hakmar-5521""]","[""hakmar""]",pinned-relative,0
2026-08-26,drinks,soda,Gazoz,id:0047,id:0047,Sarıyer Gazoz 2.5 Lt,2.5,l,57.9,23.16,23.16,1,1,1,"[""depot:tarim_kredi-7488""]","[""tarim_kredi""]",pinned-relative,0
2026-08-26,drinks,soda,Gazoz,id:023K,id:023K,Fruko Gazlı İçecek Gazoz 2.5 Lt,2.5,l,53.5,21.4,21.4,1,1,1,"[""depot:a101-6815""]","[""a101""]",pinned-relative,0
2026-08-26,drinks,soda,Gazoz,id:1E0N,id:1E0N,Sarıyer Frambuazlı Gazoz 2.5 Lt,2.5,l,59.5,23.8,23.8,1,1,1,"[""depot:a101-4141""]","[""a101""]",pinned-relative,0
2026-08-26,drinks,soda,Gazoz,id:1TTH,id:1TTH,Uludağ Efsane Gazoz 1.5 Lt,1.5,l,54.9,36.6,36.6,1,1,1,"[""depot:migros-1991""]","[""migros""]",pinned-relative,0
2026-08-26,drinks,soda,Gazoz,id:1LHY,id:1LHY,Sprite Gazoz 2.5 Lt,2.5,l,87.5,35.0,35.0,1,1,1,"[""depot:carrefour-1012""]","[""carrefour""]",pinned-relative,0
2026-08-26,drinks,soda,Gazoz,id:1V0F,id:1V0F,Sarıkız Gazoz 6x200 Ml,1.2000000000000002,l,90.75,75.625,75.625,1,1,1,"[""depot:bim-5712""]","[""bim""]",pinned-relative,0
2026-08-26,household_cleaning,dish_liquid,Elde bulaşık deterjanı,id:2244,id:2244,Pril Sirkeli Sıvı Bulaşık Deterjanı 1.1 Lt,1.1,l,125.25,113.863636,113.863636,2,2,2,"[""depot:bim-5712"",""depot:carrefour-1012""]","[""bim"",""carrefour""]",pinned-relative,0
2026-08-26,household_cleaning,dish_liquid,Elde bulaşık deterjanı,id:1IOQ,id:1IOQ,Fairy Sıvı Bulaşık Deterjanı 650 Ml,0.65,l,117.0,180.0,182.033224,2,2,2,"[""depot:bim-5712"",""depot:hakmar-5521""]","[""bim"",""hakmar""]",pinned-relative,0
2026-08-26,household_cleaning,dish_liquid,Elde bulaşık deterjanı,id:0CUJ,id:0CUJ,Elit Sıvı Bulaşık Deterjanı 750 Ml,0.75,l,62.0,82.666667,82.666667,1,1,1,"[""depot:tarim_kredi-7488""]","[""tarim_kredi""]",pinned-relative,0
2026-08-26,household_cleaning,dish_liquid,Elde bulaşık deterjanı,id:035S,id:035S,Desto Sıvı Bulaşık Deterjanı 750 Ml,0.75,l,62.5,83.333333,83.333333,1,1,1,"[""depot:bim-5712""]","[""bim""]",pinned-relative,0
2026-08-26,household_cleaning,dish_liquid,Elde bulaşık deterjanı,id:0RG2,id:0RG2,Migros Limon Sıvı Bulaşık Deterjanı 750 Ml,0.75,l,66.95,89.266667,89.266667,1,1,1,"[""depot:migros-4479""]","[""migros""]",pinned-relative,0
2026-08-26,household_cleaning,dish_liquid,Elde bulaşık deterjanı,id:0LFT,id:0LFT,Migros Losyon Sıvı Bulaşık Deterjanı 750 Ml,0.75,l,66.95,89.266667,89.266667,1,1,1,"[""depot:migros-3296""]","[""migros""]",pinned-relative,0
2026-08-26,household_cleaning,dish_liquid,Elde bulaşık deterjanı,id:3WKW,id:3WKW,All Natura Sıvı Bulaşık Deterjanı 750 Ml,0.75,l,59.0,78.666667,78.666667,1,1,1,"[""depot:a101-6815""]","[""a101""]",pinned-relative,0
2026-08-26,household_cleaning,dish_liquid,Elde bulaşık deterjanı,id:10JS,id:10JS,Mintax Sıvı Bulaşık Deterjanı Losyon 750 Ml,0.75,l,59.9,79.866667,79.866667,1,1,1,"[""depot:sok-1017""]","[""sok""]",pinned-relative,0
2026-08-26,household_cleaning,dish_liquid,Elde bulaşık deterjanı,id:0YN0,id:0YN0,Mintax Sıvı Bulaşık Deterjanı Limonlu 750 Ml,0.75,l,62.5,83.333333,83.333333,1,1,1,"[""depot:sok-4707""]","[""sok""]",pinned-relative,0
2026-08-26,household_cleaning,dish_liquid,Elde bulaşık deterjanı,id:0YFC,id:0YFC,Mintax Ultra Sıvı Bulaşık Deterjanı 750 Ml,0.75,l,78.5,104.666667,104.666667,1,1,1,"[""depot:sok-4707""]","[""sok""]",pinned-relative,0
2026-08-26,household_cleaning,dish_liquid,Elde bulaşık deterjanı,id:1SL5,id:1SL5,Fairy Elma Sıvı Bulaşık Deterjanı 650 Ml,0.65,l,101.95,156.846154,156.846154,1,1,1,"[""depot:migros-3296""]","[""migros""]",pinned-relative,0
2026-08-26,household_cleaning,dish_liquid,Elde bulaşık deterjanı,id:1T6T,id:1T6T,Fairy Sıvı Bulaşık Deterjanı Limon 650 Ml,0.65,l,122.95,189.153846,189.153846,1,1,1,"[""depot:migros-1991""]","[""migros""]",pinned-relative,0
2026-08-26,household_cleaning,dish_liquid,Elde bulaşık deterjanı,id:0HEB,id:0HEB,Carrefour Eco Planet Aloe Vera Bitkisel Sıvı Bulaşık Deterjanı 750 Ml,0.75,l,119.9,159.866667,159.866667,1,1,1,"[""depot:carrefour-1012""]","[""carrefour""]",pinned-relative,0
2026-08-26,household_cleaning,dish_liquid,Elde bulaşık deterjanı,id:0HPT,id:0HPT,Carrefour Eco Planet Limon Bitkisel Sıvı Bulaşık Deterjanı 750 Ml,0.75,l,119.9,159.866667,159.866667,1,1,1,"[""depot:carrefour-1012""]","[""carrefour""]",pinned-relative,0
2026-08-26,household_cleaning,dish_liquid,Elde bulaşık deterjanı,id:1T5F,id:1T5F,Mr. Oxy Maxima Yaban Mersini Sıvı Bulaşık Deterjanı 4 Lt,4.0,l,179.0,44.75,44.75,1,1,1,"[""depot:bim-5712""]","[""bim""]",pinned-relative,0
2026-08-26,household_cleaning,dish_liquid,Elde bulaşık deterjanı,id:1T8X,id:1T8X,Mr. Oxy Maxima Sıvı Bulaşık Deterjanı Limon 4 Lt,4.0,l,179.0,44.75,44.75,1,1,1,"[""depot:bim-5712""]","[""bim""]",pinned-relative,0
2026-08-26,household_cleaning,dish_liquid,Elde bulaşık deterjanı,id:016N,id:016N,Senfoni Sıvı Bulaşık Deterjanı 4 Lt,4.0,l,159.0,39.75,39.75,1,1,1,"[""depot:bim-5712""]","[""bim""]",pinned-relative,0
2026-08-26,household_cleaning,dish_liquid,Elde bulaşık deterjanı,id:0NMW,id:0NMW,Migros Limon Kokulu Sıvı Bulaşık Deterjanı 4 Lt,4.0,l,159.95,39.9875,39.9875,1,1,1,"[""depot:migros-4479""]","[""migros""]",pinned-relative,0
2026-08-26,household_cleaning,dish_liquid,Elde bulaşık deterjanı,id:1UGB,id:1UGB,Fairy Soğuk Suda Etkili Sıvı Bulaşık Deterjanı 1.5 Lt,1.5,l,212.95,141.966667,141.966667,1,1,1,"[""depot:migros-1991""]","[""migros""]",pinned-relative,0
2026-08-26,household_cleaning,dish_liquid,Elde bulaşık deterjanı,id:1K71,id:1K71,Pril Limon Sıvı Bulaşık Deterjanı 2.418 Lt,2.418,l,179.95,74.421009,74.421009,1,1,1,"[""depot:migros-1991""]","[""migros""]",pinned-relative,0
2026-08-26,household_cleaning,dishwasher_tabs,Bulaşık makinesi tableti,id:20AX,id:20AX,Fairy Platinum Bulaşık Makinesi Tableti 50 Adet,50.0,count,473.94,9.4788,12.5889,1,2,1,"[""depot:carrefour-1012""]","[""carrefour""]",pinned-relative,0
2026-08-26,household_cleaning,dishwasher_tabs,Bulaşık makinesi tableti,id:1W9H,id:1W9H,Finish Quantum Özel Seri Bulaşık Makinesi Tableti 50 Adet,50.0,count,474.95,9.499,10.929,1,2,1,"[""depot:carrefour-5254""]","[""carrefour""]",pinned-relative,0
2026-08-26,household_cleaning,dishwasher_tabs,Bulaşık makinesi tableti,id:0IG4,id:0IG4,Elit Bulaşık Makinesi Tableti 50 Adet,50.0,count,99.0,1.98,1.98,1,1,1,"[""depot:tarim_kredi-5022""]","[""tarim_kredi""]",pinned-relative,0
2026-08-26,household_cleaning,dishwasher_tabs,Bulaşık makinesi tableti,id:06IC,id:06IC,Bind Activit Bulaşık Makinesi Tableti 50 Adet,50.0,count,149.0,2.98,2.98,1,1,1,"[""depot:bim-5712""]","[""bim""]",pinned-relative,0
2026-08-26,household_cleaning,dishwasher_tabs,Bulaşık makinesi tableti,id:0ZE7,id:0ZE7,Brid H1a Bulaşık Makinesi Tableti 50 Adet,50.0,count,149.0,2.98,2.98,1,1,1,"[""depot:a101-9324""]","[""a101""]",pinned-relative,0
2026-08-26,household_cleaning,dishwasher_tabs,Bulaşık makinesi tableti,id:0317,id:0317,Carrefour Bulaşık Makinesi Tableti 50 Adet,50.0,count,175.0,3.5,3.5,1,1,1,"[""depot:carrefour-5254""]","[""carrefour""]",pinned-relative,0
2026-08-26,household_cleaning,dishwasher_tabs,Bulaşık makinesi tableti,id:0Q0O,id:0Q0O,Mintax Ultra Bulaşık Makinesi Tableti 33 Adet,33.0,count,165.0,5.0,5.0,1,1,1,"[""depot:sok-4707""]","[""sok""]",pinned-relative,0
2026-08-26,household_cleaning,dishwasher_tabs,Bulaşık makinesi tableti,id:10IT,id:10IT,Mintax 9 In 1 Bulaşık Makinesi Tablet Deterjanı 50 Adet,50.0,count,175.0,3.5,3.5,1,1,1,"[""depot:sok-4707""]","[""sok""]",pinned-relative,0
2026-08-26,household_cleaning,dishwasher_tabs,Bulaşık makinesi tableti,id:0G8F,id:0G8F,Carrefour Ultra Bulaşık Makinesi Tableti 33 Adet,33.0,count,195.0,5.909091,5.909091,1,1,1,"[""depot:carrefour-1012""]","[""carrefour""]",pinned-relative,0
2026-08-26,household_cleaning,dishwasher_tabs,Bulaşık makinesi tableti,id:0GQI,id:0GQI,Elit Klasik Bulaşık Makinesi Tableti 100 Adet,100.0,count,199.9,1.999,1.999,1,1,1,"[""depot:tarim_kredi-5022""]","[""tarim_kredi""]",pinned-relative,0
2026-08-26,household_cleaning,dishwasher_tabs,Bulaşık makinesi tableti,id:20QW,id:20QW,Finish Quantum Bulaşık Makinesi Tableti 40 Adet,40.0,count,416.9,10.4225,10.4225,1,1,1,"[""depot:a101-6815""]","[""a101""]",pinned-relative,0
2026-08-26,household_cleaning,dishwasher_tabs,Bulaşık makinesi tableti,id:0Q5I,id:0Q5I,U Green Clean Bulaşık Makinesi Tableti 30 Adet,30.0,count,435.0,14.5,14.5,1,1,1,"[""depot:carrefour-1012""]","[""carrefour""]",pinned-relative,0
2026-08-26,household_cleaning,dishwasher_tabs,Bulaşık makinesi tableti,id:0UVE,id:0UVE,Just Green Organic Bulaşık Makinesi Tableti 30 Adet,30.0,count,439.95,14.665,14.665,1,1,1,"[""depot:migros-1991""]","[""migros""]",pinned-relative,0
2026-08-26,household_cleaning,dishwasher_tabs,Bulaşık makinesi tableti,id:0RPV,id:0RPV,Finish Quantum H1A Bulaşık Makinesi Tableti 30 Adet,30.0,count,448.95,14.965,14.965,1,1,1,"[""depot:migros-1991""]","[""migros""]",pinned-relative,0
2026-08-26,household_cleaning,dishwasher_tabs,Bulaşık makinesi tableti,id:1OYD,id:1OYD,Fairy Platinum Tablet 30 Adet,30.0,count,379.0,12.633333,12.235007,4,4,4,"[""depot:bim-5712"",""depot:carrefour-1012"",""depot:migros-1991"",""depot:sok-4707""]","[""bim"",""carrefour"",""migros"",""sok""]",pinned-relative,0
2026-08-26,household_cleaning,dishwasher_tabs,Bulaşık makinesi tableti,id:2022,id:2022,Asperox Sparx Diamond Bulaşık Makinesi Kapsülü 40 Adet,40.0,count,374.725,9.368125,9.625456,2,2,2,"[""depot:carrefour-1012"",""depot:migros-1991""]","[""carrefour"",""migros""]",pinned-relative,0
2026-08-26,household_cleaning,dishwasher_tabs,Bulaşık makinesi tableti,id:1F44,id:1F44,Fairy Platinum Bulaşık Makinesi Kapsülü 30 Adet,30.0,count,379.0,12.633333,12.633333,2,2,2,"[""depot:a101-6815"",""depot:hakmar-5521""]","[""a101"",""hakmar""]",pinned-relative,0
2026-08-26,household_cleaning,dishwasher_tabs,Bulaşık makinesi tableti,id:0K46,id:0K46,Elit Bulaşık Makinesi Kapsülü 30 Adet,30.0,count,119.9,3.996667,3.996667,1,1,1,"[""depot:tarim_kredi-7488""]","[""tarim_kredi""]",pinned-relative,0
2026-08-26,household_cleaning,dishwasher_tabs,Bulaşık makinesi tableti,id:3WB2,id:3WB2,Bind Activit Premium Bulaşık Makinesi Kapsülü 40 Adet,40.0,count,169.0,4.225,4.225,1,1,1,"[""depot:bim-5712""]","[""bim""]",pinned-relative,0
2026-08-26,household_cleaning,dishwasher_tabs,Bulaşık makinesi tableti,id:20KY,id:20KY,Asperox Sparx Diamond Bulaşık Makinesi Kapsülü 60 Adet,60.0,count,249.0,4.15,4.15,1,2,1,"[""depot:tarim_kredi-5022""]","[""tarim_kredi""]",pinned-relative,0
2026-08-26,household_cleaning,dishwasher_tabs,Bulaşık makinesi tableti,id:2CM0,id:2CM0,Bingo Pro Max Bulaşık Makinesi Kapsülü 40 Adet,40.0,count,345.0,8.625,8.625,1,1,1,"[""depot:hakmar-5521""]","[""hakmar""]",pinned-relative,0
2026-08-26,household_cleaning,dishwasher_tabs,Bulaşık makinesi tableti,id:1XX3,id:1XX3,Finish Quantum Hepsi 1 Arada Tablet 40 Adet,40.0,count,449.9,11.2475,11.2475,1,1,1,"[""depot:carrefour-1012""]","[""carrefour""]",pinned-relative,0
2026-08-26,household_cleaning,dishwasher_tabs,Bulaşık makinesi tableti,id:1VQW,id:1VQW,Finish Quantum Hepsi 1 Arada Tablet 60 Adet,60.0,count,599.9,9.998333,9.998333,1,1,1,"[""depot:carrefour-1012""]","[""carrefour""]",pinned-relative,0
2026-08-26,household_cleaning,laundry_powder,Toz çamaşır deterjanı,id:3WV8,id:3WV8,Bingo Konsantre Ultra Beyaz Toz Çamaşır Deterjanı 1.5 Kg,1.5,kg,139.0,92.666667,92.666667,1,1,1,"[""depot:hakmar-5521""]","[""hakmar""]",pinned-relative,0
2026-08-26,household_cleaning,laundry_powder,Toz çamaşır deterjanı,id:3WV9,id:3WV9,Bingo Ultra Beyaz Toz Çamaşır Deterjanı 4 Kg,4.0,kg,324.0,81.0,81.0,1,1,1,"[""depot:hakmar-5521""]","[""hakmar""]",pinned-relative,0
2026-08-26,household_cleaning,laundry_liquid,Sıvı çamaşır deterjanı,id:1V23,id:1V23,Peros Bakım Renkliler Sıvı Çamaşır Deterjanı 3 Lt,3.0,l,199.0,66.333333,64.751106,5,5,5,"[""depot:bim-5712"",""depot:carrefour-1012"",""depot:migros-1991"",""depot:sok-4707"",""depot:tarim_kredi-7488""]","[""bim"",""carrefour"",""migros"",""sok"",""tarim_kredi""]",pinned-relative,0
2026-08-26,household_cleaning,laundry_liquid,Sıvı çamaşır deterjanı,id:204V,id:204V,Perwoll Hızlı Yıkama Sıvı Çamaşır Deterjanı 2 Lt,2.0,l,84.9,42.45,52.4625,1,2,1,"[""depot:tarim_kredi-5022""]","[""tarim_kredi""]",pinned-relative,0
2026-08-26,household_cleaning,laundry_liquid,Sıvı çamaşır deterjanı,id:1N10,id:1N10,Tursil Leylak Bahçesi Sıvı Çamaşır Deterjanı 2.145 Lt,2.145,l,199.0,92.773893,111.876457,1,2,1,"[""depot:bim-5712""]","[""bim""]",pinned-relative,0
2026-08-26,household_cleaning,laundry_liquid,Sıvı çamaşır deterjanı,id:0LKX,id:0LKX,Mintax Sıvı Çamaşır Deterjanı 1.69 Lt,1.69,l,139.9,82.781065,82.781065,1,1,1,"[""depot:sok-4707""]","[""sok""]",pinned-relative,0
2026-08-26,household_cleaning,laundry_liquid,Sıvı çamaşır deterjanı,id:2BUO,id:2BUO,Peros Siyahlar İçin Sıvı Çamaşır Deterjanı 3 Lt,3.0,l,179.0,59.666667,59.666667,1,1,1,"[""depot:hakmar-5521""]","[""hakmar""]",pinned-relative,0
2026-08-26,household_cleaning,laundry_liquid,Sıvı çamaşır deterjanı,id:1OB5,id:1OB5,Peros Renkliler İçin Sıvı Çamaşır Deterjanı 3 Lt,3.0,l,179.0,59.666667,59.666667,1,1,1,"[""depot:hakmar-5521""]","[""hakmar""]",pinned-relative,0
2026-08-26,household_cleaning,laundry_liquid,Sıvı çamaşır deterjanı,id:183F,id:183F,Peros Renkliler İçin Sıvı Çamaşır Deterjanı 4 Lt,4.0,l,189.0,47.25,47.25,1,1,1,"[""depot:bim-5712""]","[""bim""]",pinned-relative,0
2026-08-26,household_cleaning,laundry_liquid,Sıvı çamaşır deterjanı,id:17PB,id:17PB,Peros Siyahlar İçin Sıvı Çamaşır Deterjanı 4 Lt,4.0,l,189.0,47.25,47.25,1,1,1,"[""depot:bim-5712""]","[""bim""]",pinned-relative,0
2026-08-26,household_cleaning,laundry_liquid,Sıvı çamaşır deterjanı,id:1H8T,id:1H8T,Omo Sıvı Çamaşır Deterjanı 1.5 Lt,1.5,l,199.0,132.666667,132.666667,1,1,1,"[""depot:bim-5712""]","[""bim""]",pinned-relative,0
2026-08-26,household_cleaning,laundry_liquid,Sıvı çamaşır deterjanı,id:11HO,id:11HO,Abc Renkliler Sıvı Çamaşır Deterjanı 3 Lt,3.0,l,179.0,59.666667,59.666667,1,1,1,"[""depot:a101-6815""]","[""a101""]",pinned-relative,0
2026-08-26,household_cleaning,laundry_liquid,Sıvı çamaşır deterjanı,id:1JL2,id:1JL2,Fakir Baby Bitkisel Bazlı Sıvı Çamaşır Deterjanı 1.5 Lt,1.5,l,279.9,186.6,186.6,1,1,1,"[""depot:tarim_kredi-7488""]","[""tarim_kredi""]",pinned-relative,0
2026-08-26,household_cleaning,laundry_liquid,Sıvı çamaşır deterjanı,id:0UVC,id:0UVC,Bingo Performans Sıvı Çamaşır Deterjanı 1.755 Lt,1.755,l,295.0,168.091168,168.091168,1,1,1,"[""depot:hakmar-5521""]","[""hakmar""]",pinned-relative,0
2026-08-26,household_cleaning,laundry_liquid,Sıvı çamaşır deterjanı,id:12MM,id:12MM,Dalin Atopik Cilt Sıvı Çamaşır Deterjanı 1.5 Lt,1.5,l,299.95,199.966667,199.966667,1,1,1,"[""depot:carrefour-1012""]","[""carrefour""]",pinned-relative,0
2026-08-26,household_cleaning,laundry_liquid,Sıvı çamaşır deterjanı,id:3WRZ,id:3WRZ,Ariel Renkliler Sıvı Çamaşır Deterjanı 21 Yıkama 945 Ml,0.945,l,359.95,380.899471,380.899471,1,1,1,"[""depot:carrefour-1012""]","[""carrefour""]",pinned-relative,0
2026-08-26,household_cleaning,laundry_liquid,Sıvı çamaşır deterjanı,id:1GEX,id:1GEX,Ariel Dağ Esintisi Sıvı Çamaşır Deterjanı 945 Ml,0.945,l,249.95,264.497354,264.497354,1,1,1,"[""depot:migros-564""]","[""migros""]",pinned-relative,0
2026-08-26,household_cleaning,laundry_liquid,Sıvı çamaşır deterjanı,id:3WRW,id:3WRW,Bingo Beyaz Sabun Sıvı Çamaşır Deterjanı 1.755 Lt,1.755,l,219.95,125.327635,125.327635,1,1,1,"[""depot:carrefour-1012""]","[""carrefour""]",pinned-relative,0
2026-08-26,household_cleaning,laundry_liquid,Sıvı çamaşır deterjanı,id:3WS1,id:3WS1,Ariel Renkliler Sıvı Çamaşır Deterjanı 32 Yıkama 1.44 Lt,1.44,l,516.95,358.993056,358.993056,1,1,1,"[""depot:carrefour-1012""]","[""carrefour""]",pinned-relative,0
2026-08-26,household_cleaning,laundry_liquid,Sıvı çamaşır deterjanı,id:1GEM,id:1GEM,Ariel Parlak Renkler Sıvı Çamaşır Deterjanı 1.44 Lt,1.44,l,349.95,243.020833,243.020833,1,1,1,"[""depot:migros-1991""]","[""migros""]",pinned-relative,0
2026-08-26,household_cleaning,laundry_liquid,Sıvı çamaşır deterjanı,id:0SL7,id:0SL7,Frosch Aloe Vera Sıvı Çamaşır Deterjanı 1.5 Lt,1.5,l,399.95,266.633333,266.633333,1,1,1,"[""depot:migros-1991""]","[""migros""]",pinned-relative,0
2026-08-26,household_cleaning,laundry_liquid,Sıvı çamaşır deterjanı,id:07OT,id:07OT,U Green Clean Sıvı Çamaşır Deterjanı 2.7 Lt,2.7,l,999.0,370.0,370.0,1,1,1,"[""depot:carrefour-1012""]","[""carrefour""]",pinned-relative,0
2026-08-26,household_cleaning,softener,Yumuşatıcı,id:1YFX,id:1YFX,Uni Baby Çamaşır Yumuşatıcısı 1.5 Lt,1.5,l,210.45,140.3,138.422741,2,2,2,"[""depot:carrefour-1012"",""depot:migros-6679""]","[""carrefour"",""migros""]",pinned-relative,0
2026-08-26,household_cleaning,softener,Yumuşatıcı,id:1WT5,id:1WT5,Vernel Gülün Büyüsü Çamaşır Yumuşatıcısı 3 Lt,3.0,l,129.475,43.158333,43.158043,2,2,2,"[""depot:bim-5712"",""depot:migros-1991""]","[""bim"",""migros""]",pinned-relative,0
2026-08-26,household_cleaning,softener,Yumuşatıcı,id:0POT,id:0POT,Bebeland Sensitive Çamaşır Yumuşatıcı 1.5 Lt,1.5,l,49.0,32.666667,32.666667,1,1,1,"[""depot:sok-7238""]","[""sok""]",pinned-relative,0
2026-08-26,household_cleaning,softener,Yumuşatıcı,id:01QS,id:01QS,Bulut Çamaşır Yumuşatıcı Lavanta Çiçek Bahar 3 Lt,3.0,l,119.0,39.666667,39.666667,1,1,1,"[""depot:bim-5712""]","[""bim""]",pinned-relative,0
2026-08-26,household_cleaning,softener,Yumuşatıcı,id:04XG,id:04XG,Bulut Soft Çamaşır Yumuşatıcı Bahar Tazeliği 3 Lt,3.0,l,119.0,39.666667,39.666667,1,1,1,"[""depot:bim-5712""]","[""bim""]",pinned-relative,0
2026-08-26,household_cleaning,softener,Yumuşatıcı,id:0Q91,id:0Q91,Minies Bebek Çamaşır Yumuşatıcı 1.5 Lt,1.5,l,159.95,106.633333,106.633333,1,1,1,"[""depot:migros-564""]","[""migros""]",pinned-relative,0
2026-08-26,household_cleaning,softener,Yumuşatıcı,id:0JH5,id:0JH5,Carrefour Eco Planet Bitkisel Çamaşır Yumuşatıcı 750 Ml,0.75,l,169.9,226.533333,226.533333,1,1,1,"[""depot:carrefour-5254""]","[""carrefour""]",pinned-relative,0
2026-08-26,household_cleaning,softener,Yumuşatıcı,id:1LJH,id:1LJH,Yumoş Çamaşır Yumuşatıcısı 5 Lt,5.0,l,199.0,39.8,39.8,1,1,1,"[""depot:bim-5712""]","[""bim""]",pinned-relative,0
2026-08-26,household_cleaning,softener,Yumuşatıcı,id:1O1J,id:1O1J,Yumoş Extra Çamaşır Yumuşatıcısı 1.44 Lt,1.44,l,219.0,152.083333,152.083333,1,1,1,"[""depot:bim-5712""]","[""bim""]",pinned-relative,0
2026-08-26,household_cleaning,bleach,Çamaşır suyu,id:0XIH,id:0XIH,Domestos Ultra Çamaşır Suyu 3.24 Lt,3.24,l,295.0,91.049383,87.778287,4,4,4,"[""depot:a101-6815"",""depot:bim-5712"",""depot:hakmar-5521"",""depot:tarim_kredi-7488""]","[""a101"",""bim"",""hakmar"",""tarim_kredi""]",pinned-relative,0
2026-08-26,household_cleaning,bleach,Çamaşır suyu,id:1Y95,id:1Y95,Bingo Oksijen Okaliptüs Çamaşır Suyu 750 Ml,0.75,l,74.725,99.633333,98.080605,2,2,2,"[""depot:a101-6815"",""depot:carrefour-1012""]","[""a101"",""carrefour""]",pinned-relative,0
2026-08-26,household_cleaning,bleach,Çamaşır suyu,id:0MLM,id:0MLM,Mintax Çamaşır Suyu 2.5 Lt,2.5,l,64.5,25.8,25.8,1,1,1,"[""depot:sok-4707""]","[""sok""]",pinned-relative,0
2026-08-26,household_cleaning,bleach,Çamaşır suyu,id:00F8,id:00F8,Güldal Çamaşır Suyu 2.5 Lt,2.5,l,64.5,25.8,25.8,1,1,1,"[""depot:bim-5712""]","[""bim""]",pinned-relative,0
2026-08-26,household_cleaning,bleach,Çamaşır suyu,id:08NJ,id:08NJ,Elit Çamaşır Suyu 2.5 Lt,2.5,l,64.5,25.8,25.8,1,1,1,"[""depot:tarim_kredi-7488""]","[""tarim_kredi""]",pinned-relative,0
2026-08-26,household_cleaning,bleach,Çamaşır suyu,id:0NK4,id:0NK4,Çiçeğim Ultra Çamaşır Suyu 1.25 Lt,1.25,l,65.5,52.4,52.4,1,1,1,"[""depot:a101-6815""]","[""a101""]",pinned-relative,0
2026-08-26,household_cleaning,bleach,Çamaşır suyu,id:1P4Y,id:1P4Y,Ace Klasik Çamaşır Suyu 1 Lt,1.0,l,85.95,85.95,85.95,1,1,1,"[""depot:migros-1991""]","[""migros""]",pinned-relative,0
2026-08-26,household_cleaning,bleach,Çamaşır suyu,id:0AEV,id:0AEV,Carrefour Çamaşır Suyu 4 Lt,4.0,l,98.9,24.725,24.725,1,1,1,"[""depot:carrefour-1012""]","[""carrefour""]",pinned-relative,0
2026-08-26,household_cleaning,bleach,Çamaşır suyu,id:1G1N,id:1G1N,Domestos Ultra Çamaşır Suyu 1.85 Lt,1.85,l,99.5,53.783784,53.783784,1,1,1,"[""depot:a101-4102""]","[""a101""]",pinned-relative,0
2026-08-26,household_cleaning,bleach,Çamaşır suyu,id:2A15,id:2A15,Domestos Ultra Çamaşır Suyu 750 Ml,0.75,l,99.9,133.2,133.2,1,1,1,"[""depot:hakmar-5521""]","[""hakmar""]",pinned-relative,0
2026-08-26,household_cleaning,bleach,Çamaşır suyu,id:1O6W,id:1O6W,Domestos Yoğun Çamaşır Suyu 750 Ml,0.75,l,99.95,133.266667,133.266667,1,1,1,"[""depot:sok-4707""]","[""sok""]",pinned-relative,0
2026-08-26,household_cleaning,bleach,Çamaşır suyu,id:01PZ,id:01PZ,Domestos Çamaşır Suyu 1.25 Lt,1.25,l,129.0,103.2,103.2,1,1,1,"[""depot:bim-5712""]","[""bim""]",pinned-relative,0
2026-08-26,household_cleaning,bleach,Çamaşır suyu,id:214J,id:214J,Ace Klasik Çamaşır Suyu 5 Lt,5.0,l,299.95,59.99,59.99,1,1,1,"[""depot:migros-1991""]","[""migros""]",pinned-relative,0
2026-08-26,household_cleaning,bleach,Çamaşır suyu,id:0IM5,id:0IM5,Ace Çamaşır Suyu 4 Lt,4.0,l,250.0,62.5,62.5,1,1,1,"[""depot:a101-6815""]","[""a101""]",pinned-relative,0
2026-08-26,household_cleaning,bleach,Çamaşır suyu,id:1JCY,id:1JCY,Ace Klasik Çamaşır Suyu 4.3 Lt,4.3,l,252.0,58.604651,58.604651,1,1,1,"[""depot:carrefour-1012""]","[""carrefour""]",pinned-relative,0
2026-08-26,household_cleaning,bleach,Çamaşır suyu,id:1NEM,id:1NEM,Ace Klasik Çamaşır Suyu 4 Lt,4.0,l,252.95,63.2375,63.2375,1,1,1,"[""depot:migros-1991""]","[""migros""]",pinned-relative,0
2026-08-26,household_cleaning,surface_cleaner,Yüzey temizleyici,id:1VOA,id:1VOA,Asperox Manolya & Frezya Yüzey Temizleyici 2.5 Lt,2.5,l,159.0,63.6,61.325771,3,4,3,"[""depot:bim-5712"",""depot:carrefour-1012"",""depot:sok-4711""]","[""bim"",""carrefour"",""sok""]",pinned-relative,0
2026-08-26,household_cleaning,surface_cleaner,Yüzey temizleyici,id:217T,id:217T,Domestos Bahar Çiçekleri Yüzey Temizleyici 1.5 Lt,1.5,l,132.475,88.316667,87.062824,2,2,2,"[""depot:carrefour-1012"",""depot:migros-1991""]","[""carrefour"",""migros""]",pinned-relative,0
2026-08-26,household_cleaning,surface_cleaner,Yüzey temizleyici,id:1ZC0,id:1ZC0,Asperox Menekşe & Yasemin Yüzey Temizleyici 2.5 Lt,2.5,l,239.95,95.98,95.980189,2,2,2,"[""depot:carrefour-5254"",""depot:migros-1991""]","[""carrefour"",""migros""]",pinned-relative,0
2026-08-26,household_cleaning,surface_cleaner,Yüzey temizleyici,id:124L,id:124L,Highgenic Sirkelim Yüzey Temizleyici 750 Ml,0.75,l,47.5,63.333333,63.333333,1,1,1,"[""depot:a101-4141""]","[""a101""]",pinned-relative,0
2026-08-26,household_cleaning,surface_cleaner,Yüzey temizleyici,id:0YEI,id:0YEI,Çiçeğim Yüzey Temizleyici Lavanta 1.5 Lt,1.5,l,64.0,42.666667,42.666667,1,1,1,"[""depot:a101-6815""]","[""a101""]",pinned-relative,0
2026-08-26,household_cleaning,surface_cleaner,Yüzey temizleyici,id:0SMT,id:0SMT,Çiçeğim Gül Yüzey Temizleyici 1.5 Lt,1.5,l,64.0,42.666667,42.666667,1,1,1,"[""depot:a101-6815""]","[""a101""]",pinned-relative,0
2026-08-26,household_cleaning,surface_cleaner,Yüzey temizleyici,id:07DW,id:07DW,Aks Yüzey Temizleyici 1.5 Lt,1.5,l,64.0,42.666667,42.666667,1,1,1,"[""depot:bim-5712""]","[""bim""]",pinned-relative,0
2026-08-26,household_cleaning,surface_cleaner,Yüzey temizleyici,id:091O,id:091O,Carrefour Yüzey Temizleyici Beyaz Sabun 1.5 Lt,1.5,l,66.95,44.633333,44.633333,1,1,1,"[""depot:carrefour-5254""]","[""carrefour""]",pinned-relative,0
2026-08-26,household_cleaning,surface_cleaner,Yüzey temizleyici,id:03Q9,id:03Q9,Carrefour Yüzey Temizleyici Bahar Çiçekleri 1.5 Lt,1.5,l,66.95,44.633333,44.633333,1,1,1,"[""depot:carrefour-5254""]","[""carrefour""]",pinned-relative,0
2026-08-26,household_cleaning,surface_cleaner,Yüzey temizleyici,id:0B10,id:0B10,Carrefour Yüzey Temizleyici Lavanta 1.5 Lt,1.5,l,66.95,44.633333,44.633333,1,1,1,"[""depot:carrefour-5254""]","[""carrefour""]",pinned-relative,0
2026-08-26,household_cleaning,surface_cleaner,Yüzey temizleyici,id:00FM,id:00FM,Migros Sirkeli Yüzey Temizleyici 1.5 Lt,1.5,l,66.95,44.633333,44.633333,1,1,1,"[""depot:migros-1991""]","[""migros""]",pinned-relative,0
2026-08-26,household_cleaning,surface_cleaner,Yüzey temizleyici,id:0NMY,id:0NMY,Migros Beyaz Sabun Kokulu Yüzey Temizleyici 1.5 Lt,1.5,l,66.95,44.633333,44.633333,1,1,1,"[""depot:migros-1991""]","[""migros""]",pinned-relative,0
2026-08-26,household_cleaning,surface_cleaner,Yüzey temizleyici,id:267N,id:267N,Doa Yüzey Temizleyici 2.5 Lt,2.5,l,89.0,35.6,35.6,1,1,1,"[""depot:bim-5712""]","[""bim""]",pinned-relative,0
2026-08-26,household_cleaning,surface_cleaner,Yüzey temizleyici,id:0WEF,id:0WEF,Mintax Yüzey Temizleyici 2.5 Lt,2.5,l,105.0,42.0,42.0,1,1,1,"[""depot:sok-4707""]","[""sok""]",pinned-relative,0
2026-08-26,household_cleaning,surface_cleaner,Yüzey temizleyici,id:2CRI,id:2CRI,Glint Bitkisel Yüzey Temizleyici 1 Lt,1.0,l,119.0,119.0,119.0,1,1,1,"[""depot:hakmar-5521""]","[""hakmar""]",pinned-relative,0
2026-08-26,household_cleaning,surface_cleaner,Yüzey temizleyici,id:1MG7,id:1MG7,Asperox Okyanus Yüzey Temizleyici 2.5 Lt,2.5,l,119.0,47.6,47.6,1,1,1,"[""depot:bim-5712""]","[""bim""]",pinned-relative,0
2026-08-26,household_cleaning,surface_cleaner,Yüzey temizleyici,id:1KXE,id:1KXE,Bingo Ferah Evim Yüzey Temizleyici 2.5 Lt,2.5,l,129.0,51.6,51.6,1,1,1,"[""depot:a101-4102""]","[""a101""]",pinned-relative,0
2026-08-26,household_cleaning,surface_cleaner,Yüzey temizleyici,id:0TZ5,id:0TZ5,Bingo Yüzey Temizleyici 2.5 Lt,2.5,l,129.0,51.6,51.6,1,1,1,"[""depot:a101-9324""]","[""a101""]",pinned-relative,0
2026-08-26,household_cleaning,surface_cleaner,Yüzey temizleyici,id:2AT1,id:2AT1,Asperox Mavi Güç Yüzey Temizleyici 1 Lt,1.0,l,159.0,159.0,159.0,1,1,1,"[""depot:hakmar-5521""]","[""hakmar""]",pinned-relative,0
2026-08-26,household_cleaning,surface_cleaner,Yüzey temizleyici,id:2B71,id:2B71,Asperox Yüzey Temizleyici 2.5 Lt,2.5,l,159.0,63.6,63.6,1,1,1,"[""depot:hakmar-5521""]","[""hakmar""]",pinned-relative,0
2026-08-26,household_cleaning,garbage_bags,Çöp torbası,id:1RZO,id:1RZO,Koroplast Küçük Boy Çöp Torbası 30 Adet,30.0,count,107.45,3.581667,3.845593,2,2,2,"[""depot:carrefour-5254"",""depot:migros-1991""]","[""carrefour"",""migros""]",pinned-relative,0
2026-08-26,household_cleaning,garbage_bags,Çöp torbası,id:17Q3,id:17Q3,Parex Güçlü Çöp Torbası Orta Boy 15 Adet,15.0,count,28.0,1.866667,1.866667,1,1,1,"[""depot:carrefour-5254""]","[""carrefour""]",pinned-relative,0
2026-08-26,household_cleaning,garbage_bags,Çöp torbası,id:3WBB,id:3WBB,Macromax Büzgülü Orta Boy Çöp Torbası 10 Adet,10.0,count,35.0,3.5,3.5,1,1,1,"[""depot:bim-5712""]","[""bim""]",pinned-relative,0
2026-08-26,household_cleaning,garbage_bags,Çöp torbası,id:139T,id:139T,Çöp Torbası Orta Boy 30'lu Protex,30.0,count,57.5,1.916667,1.916667,1,1,1,"[""depot:bim-5712""]","[""bim""]",pinned-relative,0
2026-08-26,household_cleaning,garbage_bags,Çöp torbası,id:0LFY,id:0LFY,Migros Ekonomik Orta Boy Çöp Torbası 30 Adet,30.0,count,63.95,2.131667,2.131667,1,1,1,"[""depot:migros-1991""]","[""migros""]",pinned-relative,0
2026-08-26,household_cleaning,garbage_bags,Çöp torbası,id:0J7W,id:0J7W,Carrefour Büyük Büzgüllü Çöp Torbası 65x70 Cm 15 Adet,15.0,count,89.5,5.966667,5.966667,1,1,1,"[""depot:carrefour-5036""]","[""carrefour""]",pinned-relative,0
2026-08-26,household_cleaning,garbage_bags,Çöp torbası,id:17W4,id:17W4,Parex Güçlü Çöp Torbası Mini 30 Adet,30.0,count,79.9,2.663333,2.663333,1,1,1,"[""depot:carrefour-5254""]","[""carrefour""]",pinned-relative,0
2026-08-26,household_cleaning,garbage_bags,Çöp torbası,id:17X8,id:17X8,Parex Güçlü Çöp Torbası Büyük Boy 10 Adet,10.0,count,79.9,7.99,7.99,1,1,1,"[""depot:carrefour-5254""]","[""carrefour""]",pinned-relative,0
2026-08-26,household_cleaning,garbage_bags,Çöp torbası,id:0W0D,id:0W0D,Migros Ekonomik Büyük Boy Çöp Torbası 20 Adet,20.0,count,79.95,3.9975,3.9975,1,1,1,"[""depot:migros-1991""]","[""migros""]",pinned-relative,0
2026-08-26,household_cleaning,garbage_bags,Çöp torbası,id:138Z,id:138Z,Çöp Torbası Büzgülü 65*70 Cm 15li Protex,15.0,count,89.5,5.966667,5.966667,1,1,1,"[""depot:bim-5712""]","[""bim""]",pinned-relative,0
2026-08-26,household_cleaning,garbage_bags,Çöp torbası,id:1POY,id:1POY,Koroplast Trend Çöp Torbası Orta Boy 10 Adet,10.0,count,122.45,12.245,12.245,2,2,2,"[""depot:carrefour-1012"",""depot:migros-1991""]","[""carrefour"",""migros""]",pinned-relative,0
2026-08-26,household_cleaning,garbage_bags,Çöp torbası,id:1Y4I,id:1Y4I,Cook Eko Büyük Boy Çöp Torbası 20 Adet,20.0,count,129.95,6.4975,6.4975,1,1,1,"[""depot:migros-564""]","[""migros""]",pinned-relative,0
2026-08-26,household_cleaning,garbage_bags,Çöp torbası,id:0GJW,id:0GJW,Parex Güçlü Çöp Torbası Battal 10 Adet,10.0,count,199.9,19.99,19.99,1,1,1,"[""depot:carrefour-1012""]","[""carrefour""]",pinned-relative,0
2026-08-26,household_cleaning,garbage_bags,Çöp torbası,id:0U5D,id:0U5D,Migros Battal Boy Çöp Torbası 10 Adet,10.0,count,204.95,20.495,20.495,1,1,1,"[""depot:migros-1991""]","[""migros""]",pinned-relative,0
2026-08-26,household_cleaning,garbage_bags,Çöp torbası,id:0VMI,id:0VMI,Macromax Vanilyalı Büzgülü Büyük Çöp Torbası 20 Adet,20.0,count,224.95,11.2475,11.2475,1,1,1,"[""depot:migros-1991""]","[""migros""]",pinned-relative,0
2026-08-26,household_cleaning,garbage_bags,Çöp torbası,id:09LV,id:09LV,Parex Büzgülü Çöp Torbası Orta Boy Limon Kokulu 15 Adet,15.0,count,229.9,15.326667,15.326667,1,1,1,"[""depot:carrefour-1012""]","[""carrefour""]",pinned-relative,0
2026-08-26,household_cleaning,garbage_bags,Çöp torbası,id:0HYO,id:0HYO,Migros Jumbo Boy Çöp Torbası 10 Adet,10.0,count,256.95,25.695,25.695,1,1,1,"[""depot:migros-4479""]","[""migros""]",pinned-relative,0
2026-08-26,household_cleaning,sponge,Bulaşık süngeri,id:08FL,id:08FL,Carrefour Oluklu Bulaşık Süngeri 1 Adet,1.0,count,11.9,11.9,11.9,1,1,1,"[""depot:carrefour-1012""]","[""carrefour""]",pinned-relative,0
2026-08-26,household_cleaning,sponge,Bulaşık süngeri,id:13TZ,id:13TZ,Mr. Green Selülozik Bulaşık Süngeri 2 Adet,2.0,count,17.5,8.75,8.75,1,1,1,"[""depot:bim-5712""]","[""bim""]",pinned-relative,0
2026-08-26,household_cleaning,sponge,Bulaşık süngeri,id:1F0G,id:1F0G,Parex Magic Force Sünger 1 Adet,1.0,count,30.0,30.0,30.0,1,1,1,"[""depot:carrefour-5254""]","[""carrefour""]",pinned-relative,0
2026-08-26,household_cleaning,sponge,Bulaşık süngeri,id:0XDD,id:0XDD,Clean & Fun Oluklu Bulaşık Süngeri 5 Adet,5.0,count,34.0,6.8,6.8,1,1,1,"[""depot:a101-6815""]","[""a101""]",pinned-relative,0
2026-08-26,household_cleaning,sponge,Bulaşık süngeri,id:00NC,id:00NC,Mr. Green Oluklu Bulaşık Süngeri 5 Adet,5.0,count,34.0,6.8,6.8,1,1,1,"[""depot:bim-5712""]","[""bim""]",pinned-relative,0
2026-08-26,household_cleaning,sponge,Bulaşık süngeri,id:02T5,id:02T5,Carrefour Yeşil Oluklu Bulaşık Süngeri 5 Adet,5.0,count,34.0,6.8,6.8,1,1,1,"[""depot:carrefour-5254""]","[""carrefour""]",pinned-relative,0
2026-08-26,household_cleaning,sponge,Bulaşık süngeri,id:0DPB,id:0DPB,Carrefour Yeşil Düz Bulaşık Süngeri 5 Adet,5.0,count,34.0,6.8,6.8,1,1,1,"[""depot:carrefour-5254""]","[""carrefour""]",pinned-relative,0
2026-08-26,household_cleaning,sponge,Bulaşık süngeri,id:05YV,id:05YV,Poliner Oluklu Bulaşık Süngeri 5 Adet,5.0,count,34.0,6.8,6.8,1,1,1,"[""depot:hakmar-5521""]","[""hakmar""]",pinned-relative,0
2026-08-26,household_cleaning,sponge,Bulaşık süngeri,id:0OQ4,id:0OQ4,Migros Oluklu Bulaşık Süngeri 5 Adet,5.0,count,37.95,7.59,7.59,1,1,1,"[""depot:migros-1991""]","[""migros""]",pinned-relative,0
2026-08-26,household_cleaning,sponge,Bulaşık süngeri,id:01GT,id:01GT,Poliner Konfor Bulaşık Süngeri 2 Adet,2.0,count,54.5,27.25,27.25,1,1,1,"[""depot:hakmar-5521""]","[""hakmar""]",pinned-relative,0
2026-08-26,household_cleaning,sponge,Bulaşık süngeri,id:3WB7,id:3WB7,Quickdish Coconut Bulaşık Süngeri 2 Adet,2.0,count,59.0,29.5,29.5,1,1,1,"[""depot:bim-5712""]","[""bim""]",pinned-relative,0
2026-08-26,household_cleaning,sponge,Bulaşık süngeri,id:0UVL,id:0UVL,Parex Bubble Sünger Eko Paket 5 Adet,5.0,count,109.95,21.99,21.99,1,1,1,"[""depot:migros-1991""]","[""migros""]",pinned-relative,0
2026-08-26,household_cleaning,sponge,Bulaşık süngeri,id:1EF5,id:1EF5,Quickdish Bulaşık Süngeri 2 Adet,2.0,count,99.0,49.5,49.5,1,1,1,"[""depot:bim-5712""]","[""bim""]",pinned-relative,0
2026-08-26,household_cleaning,sponge,Bulaşık süngeri,id:0F9A,id:0F9A,Parex Mega Comfort Oluklu Sünger 2 Adet,2.0,count,119.9,59.95,59.95,1,1,1,"[""depot:carrefour-1012""]","[""carrefour""]",pinned-relative,0
2026-08-26,household_cleaning,sponge,Bulaşık süngeri,id:0MJ5,id:0MJ5,Koroplast Oluklu Bulaşık Süngeri 5 Adet,5.0,count,144.95,28.99,28.99,1,1,1,"[""depot:carrefour-1012""]","[""carrefour""]",pinned-relative,0
2026-08-26,household_cleaning,sponge,Bulaşık süngeri,id:08E7,id:08E7,Vileda Miraclean Silgi Sünger 2 Adet,2.0,count,171.5,85.75,85.75,1,1,1,"[""depot:carrefour-1012""]","[""carrefour""]",pinned-relative,0
2026-08-26,household_cleaning,cleaning_cloth,Temizlik bezi,id:1WYF,id:1WYF,Macromax Temizlik Bezi 5 Adet,5.0,count,134.95,26.99,26.99,2,2,2,"[""depot:carrefour-1012"",""depot:migros-4479""]","[""carrefour"",""migros""]",pinned-relative,0
2026-08-26,household_cleaning,cleaning_cloth,Temizlik bezi,id:0JRB,id:0JRB,Carrefour Sarı Temizlik Bezi 5 Adet,5.0,count,34.5,6.9,6.9,1,1,1,"[""depot:carrefour-5254""]","[""carrefour""]",pinned-relative,0
2026-08-26,household_cleaning,cleaning_cloth,Temizlik bezi,id:10I0,id:10I0,Mintax Temizlik Bezi 5 Adet,5.0,count,40.0,8.0,8.0,1,1,1,"[""depot:sok-4707""]","[""sok""]",pinned-relative,0
2026-08-26,household_cleaning,cleaning_cloth,Temizlik bezi,id:0SDP,id:0SDP,Clean&Fun Temizlik Bezi 5 Adet,5.0,count,40.0,8.0,8.0,1,1,1,"[""depot:a101-6815""]","[""a101""]",pinned-relative,0
2026-08-26,household_cleaning,cleaning_cloth,Temizlik bezi,id:03CZ,id:03CZ,Poliner Temizlik Bezi 5'li 5 Adet,5.0,count,40.0,8.0,8.0,1,1,1,"[""depot:hakmar-5521""]","[""hakmar""]",pinned-relative,0
2026-08-26,household_cleaning,cleaning_cloth,Temizlik bezi,id:0V8D,id:0V8D,Migros Temizlik Bezi 5 Adet,5.0,count,43.95,8.79,8.79,1,1,1,"[""depot:migros-1991""]","[""migros""]",pinned-relative,0
2026-08-26,household_cleaning,cleaning_cloth,Temizlik bezi,id:02N0,id:02N0,Poliner Sihirli Temizlik Bezi Adet,1.0,count,49.95,49.95,49.95,1,1,1,"[""depot:hakmar-5521""]","[""hakmar""]",pinned-relative,0
2026-08-26,household_cleaning,cleaning_cloth,Temizlik bezi,id:0YM3,id:0YM3,Mintax Mikrofiber Temizlik Bezi 3 Adet,3.0,count,75.0,25.0,25.0,1,1,1,"[""depot:sok-4707""]","[""sok""]",pinned-relative,0
2026-08-26,household_cleaning,cleaning_cloth,Temizlik bezi,id:1H1V,id:1H1V,Macromax Açık Mikrofiber Temizlik Bezi 2 Adet,2.0,count,84.95,42.475,42.475,1,1,1,"[""depot:migros-4479""]","[""migros""]",pinned-relative,0
2026-08-26,household_cleaning,cleaning_cloth,Temizlik bezi,id:06P7,id:06P7,Poliner Mikrofiber Temizlik Bezi 40x40 cm 5'li 5 Adet,5.0,count,125.0,25.0,25.0,1,1,1,"[""depot:hakmar-5521""]","[""hakmar""]",pinned-relative,0
2026-08-26,household_cleaning,cleaning_cloth,Temizlik bezi,id:06BI,id:06BI,Mr. Green Mikrofiber Temizlik Bezi 40x40 Cm 5 Adet,5.0,count,125.0,25.0,25.0,1,1,1,"[""depot:bim-5712""]","[""bim""]",pinned-relative,0
2026-08-26,household_cleaning,cleaning_cloth,Temizlik bezi,id:0GZE,id:0GZE,Koroplast Mikrofiber Temizlik Bezi 1 Adet,1.0,count,132.0,132.0,132.0,1,1,1,"[""depot:carrefour-1012""]","[""carrefour""]",pinned-relative,0
2026-08-26,household_cleaning,cleaning_cloth,Temizlik bezi,id:208J,id:208J,Parex %30 Mikrofiber Sarı Temizlik Bezi 5 Adet,5.0,count,149.9,29.98,29.98,1,1,1,"[""depot:carrefour-1012""]","[""carrefour""]",pinned-relative,0
2026-08-26,household_cleaning,cleaning_cloth,Temizlik bezi,id:00PS,id:00PS,Parex %30 Mikrofiber Sarı Temizlik Bezi 8 Adet,8.0,count,199.9,24.9875,24.9875,1,1,1,"[""depot:carrefour-1012""]","[""carrefour""]",pinned-relative,0
2026-08-26,household_cleaning,cleaning_cloth,Temizlik bezi,id:1OOA,id:1OOA,Parex Mikrofiber Temizlik Bezi 5 Adet,5.0,count,265.9,53.18,53.18,1,1,1,"[""depot:carrefour-1012""]","[""carrefour""]",pinned-relative,0
2026-08-26,personal_paper,shampoo,Şampuan,id:1Y7J,id:1Y7J,Blendax Isırgan Özlü Şampuan 500 Ml,0.5,l,175.0,350.0,350.0,3,3,3,"[""depot:a101-6815"",""depot:migros-564"",""depot:sok-4707""]","[""a101"",""migros"",""sok""]",pinned-relative,0
2026-08-26,personal_paper,shampoo,Şampuan,id:1NAZ,id:1NAZ,Blendax Şampuan 500 Ml,0.5,l,175.0,350.0,361.914979,2,2,2,"[""depot:bim-5712"",""depot:hakmar-5521""]","[""bim"",""hakmar""]",pinned-relative,0
2026-08-26,personal_paper,shampoo,Şampuan,id:1O4A,id:1O4A,Clear Şampuan 350 Ml,0.35,l,204.0,582.857143,587.341192,2,2,2,"[""depot:bim-5712"",""depot:hakmar-5521""]","[""bim"",""hakmar""]",pinned-relative,0
2026-08-26,personal_paper,shampoo,Şampuan,id:0MRB,id:0MRB,Elidor Güçlü Parlaklık Şampuan 650 Ml,0.65,l,182.45,280.692308,280.692308,2,2,2,"[""depot:a101-4217"",""depot:tarim_kredi-5022""]","[""a101"",""tarim_kredi""]",pinned-relative,0
2026-08-26,personal_paper,shampoo,Şampuan,id:1ZI0,id:1ZI0,Elseve Hydra Şampuan 300 Ml,0.3,l,305.0,1016.666667,1008.25,1,2,1,"[""depot:a101-6815""]","[""a101""]",pinned-relative,0
2026-08-26,personal_paper,shampoo,Şampuan,id:1L60,id:1L60,Elidor Şampuan Çeşitleri 400 Ml,0.4,l,184.0,460.0,451.601318,2,2,2,"[""depot:bim-5712"",""depot:tarim_kredi-7488""]","[""bim"",""tarim_kredi""]",pinned-relative,0
2026-08-26,personal_paper,shampoo,Şampuan,id:00FB,id:00FB,A Plus Premium Bakım Şampuan 600 Ml,0.6,l,79.0,131.666667,131.666667,1,1,1,"[""depot:bim-5712""]","[""bim""]",pinned-relative,0
2026-08-26,personal_paper,shampoo,Şampuan,id:1PEG,id:1PEG,İpek Yağ Hazinesi Şampuan 480 Ml,0.48,l,99.5,207.291667,207.291667,1,1,1,"[""depot:sok-4707""]","[""sok""]",pinned-relative,0
2026-08-26,personal_paper,shampoo,Şampuan,id:1H9B,id:1H9B,İpek Dökülen Saçlar Şampuan 480 Ml,0.48,l,99.5,207.291667,207.291667,1,1,1,"[""depot:a101-6815""]","[""a101""]",pinned-relative,0
2026-08-26,personal_paper,shampoo,Şampuan,id:06AZ,id:06AZ,İpek Şampuan 480 Ml,0.48,l,99.95,208.229167,208.229167,1,1,1,"[""depot:hakmar-5521""]","[""hakmar""]",pinned-relative,0
2026-08-26,personal_paper,shampoo,Şampuan,id:1OFP,id:1OFP,Pantene Şampuan Çeşitleri 400 Ml,0.4,l,199.0,497.5,497.5,1,1,1,"[""depot:bim-5712""]","[""bim""]",pinned-relative,0
2026-08-26,personal_paper,shampoo,Şampuan,id:1NZ2,id:1NZ2,Elidor Superblend Güçlü Ve Parlak Şampuan 400 Ml,0.4,l,154.95,387.375,387.375,1,1,1,"[""depot:migros-1991""]","[""migros""]",pinned-relative,0
2026-08-26,personal_paper,shampoo,Şampuan,id:1WLN,id:1WLN,Dp Şampuan 425 Ml,0.425,l,119.0,280.0,280.0,1,1,1,"[""depot:a101-9324""]","[""a101""]",pinned-relative,0
2026-08-26,personal_paper,shampoo,Şampuan,id:1TXW,id:1TXW,Elidor Onarıcı Şampuan 400 Ml,0.4,l,149.0,372.5,372.5,1,1,1,"[""depot:a101-6815""]","[""a101""]",pinned-relative,0
2026-08-26,personal_paper,shampoo,Şampuan,id:2BLL,id:2BLL,Elidor Şampuan 400 Ml,0.4,l,219.0,547.5,547.5,1,1,1,"[""depot:hakmar-5521""]","[""hakmar""]",pinned-relative,0
2026-08-26,personal_paper,shampoo,Şampuan,id:1C15,id:1C15,Pantene Şampuan 400 Ml,0.4,l,199.0,497.5,497.5,1,1,1,"[""depot:hakmar-5521""]","[""hakmar""]",pinned-relative,0
2026-08-26,personal_paper,shampoo,Şampuan,id:0YEX,id:0YEX,Bioblas Şampuan 360 Ml,0.36,l,209.0,580.555556,580.555556,1,1,1,"[""depot:a101-6815""]","[""a101""]",pinned-relative,0
2026-08-26,personal_paper,shampoo,Şampuan,id:1M73,id:1M73,Clear Şampuan Çeşitleri 350 Ml,0.35,l,249.0,711.428571,711.428571,1,1,1,"[""depot:tarim_kredi-7488""]","[""tarim_kredi""]",pinned-relative,0
2026-08-26,personal_paper,shampoo,Şampuan,id:1C7N,id:1C7N,Head & Shoulders Klasik Bakım Şampuan 800 Ml,0.8,l,417.95,522.4375,522.4375,1,1,1,"[""depot:migros-1991""]","[""migros""]",pinned-relative,0
2026-08-26,personal_paper,shower_gel,Duş jeli,id:1KUR,id:1KUR,Palmolive So Relaxed Duş Jeli 500 Ml,0.5,l,334.475,668.95,668.95,2,2,2,"[""depot:carrefour-1012"",""depot:sok-4707""]","[""carrefour"",""sok""]",pinned-relative,0
2026-08-26,personal_paper,shower_gel,Duş jeli,id:0X8O,id:0X8O,Mara Duş Jeli 420 Ml,0.42,l,49.0,116.666667,116.666667,1,1,1,"[""depot:a101-4141""]","[""a101""]",pinned-relative,0
2026-08-26,personal_paper,shower_gel,Duş jeli,id:1GVD,id:1GVD,Cleana Duş Jeli Orkide 500 Ml,0.5,l,58.5,117.0,117.0,1,1,1,"[""depot:sok-4707""]","[""sok""]",pinned-relative,0
2026-08-26,personal_paper,shower_gel,Duş jeli,id:1GVJ,id:1GVJ,Cleana Duş Jeli Okyanus 500 Ml,0.5,l,58.5,117.0,117.0,1,1,1,"[""depot:sok-4711""]","[""sok""]",pinned-relative,0
2026-08-26,personal_paper,shower_gel,Duş jeli,id:0M2E,id:0M2E,Le Petit Marseillais Duş Jeli 750 Ml,0.75,l,89.9,119.866667,119.866667,1,1,1,"[""depot:hakmar-5521""]","[""hakmar""]",pinned-relative,0
2026-08-26,personal_paper,shower_gel,Duş jeli,id:1Y5V,id:1Y5V,Marseille Duş Jeli Şeftali Sepeti 750 Ml,0.75,l,99.0,132.0,132.0,1,1,1,"[""depot:tarim_kredi-5022""]","[""tarim_kredi""]",pinned-relative,0
2026-08-26,personal_paper,shower_gel,Duş jeli,id:26CL,id:26CL,Palmolive Duş Jeli 500 Ml,0.5,l,99.9,199.8,199.8,1,1,1,"[""depot:hakmar-5521""]","[""hakmar""]",pinned-relative,0
2026-08-26,personal_paper,shower_gel,Duş jeli,id:20AY,id:20AY,Nivea Creme Care Duş Jeli 250 Ml,0.25,l,179.95,719.8,719.8,1,1,1,"[""depot:migros-6679""]","[""migros""]",pinned-relative,0
2026-08-26,personal_paper,shower_gel,Duş jeli,id:1PP0,id:1PP0,Palmolive Men Sport Duş Jeli 500 Ml,0.5,l,100.0,200.0,200.0,1,1,1,"[""depot:sok-4707""]","[""sok""]",pinned-relative,0
2026-08-26,personal_paper,shower_gel,Duş jeli,id:0ZLF,id:0ZLF,Duru Duş Jeli Deniz Esintisi 450 Ml,0.45,l,119.0,264.444444,264.444444,1,1,1,"[""depot:sok-4707""]","[""sok""]",pinned-relative,0
2026-08-26,personal_paper,shower_gel,Duş jeli,id:0S4F,id:0S4F,Palmolive Naturals Duş Jeli 500 Ml,0.5,l,119.0,238.0,238.0,1,1,1,"[""depot:a101-6815""]","[""a101""]",pinned-relative,0
2026-08-26,personal_paper,shower_gel,Duş jeli,id:1QS8,id:1QS8,Axe Copper Santal Duş Jeli 300 Ml,0.3,l,167.94,559.8,559.8,1,1,1,"[""depot:carrefour-1012""]","[""carrefour""]",pinned-relative,0
2026-08-26,personal_paper,shower_gel,Duş jeli,id:1RMJ,id:1RMJ,Duru Fresh Sensations Kaktüs Duş Jeli 450 Ml,0.45,l,319.9,710.888889,710.888889,1,1,1,"[""depot:carrefour-1012""]","[""carrefour""]",pinned-relative,0
2026-08-26,personal_paper,shower_gel,Duş jeli,id:1Z8R,id:1Z8R,Old Spice Epic Legend Duş Jeli 400 Ml,0.4,l,331.5,828.75,828.75,1,1,1,"[""depot:carrefour-1012""]","[""carrefour""]",pinned-relative,0
2026-08-26,personal_paper,shower_gel,Duş jeli,id:0YJ8,id:0YJ8,Palmolive Feel The Glow Duş Jeli 500 Ml,0.5,l,369.95,739.9,739.9,1,1,1,"[""depot:carrefour-1012""]","[""carrefour""]",pinned-relative,0
2026-08-26,personal_paper,shower_gel,Duş jeli,id:1Q83,id:1Q83,Palmolive Feel Good Duş Jeli 500 Ml,0.5,l,369.95,739.9,739.9,1,1,1,"[""depot:carrefour-1012""]","[""carrefour""]",pinned-relative,0
2026-08-26,personal_paper,shower_gel,Duş jeli,id:1H2A,id:1H2A,Balmy Naturel Çilek Limonata Duş Jeli 450 Ml,0.45,l,209.95,466.555556,466.555556,1,1,1,"[""depot:migros-1991""]","[""migros""]",pinned-relative,0
2026-08-26,personal_paper,shower_gel,Duş jeli,id:1H1J,id:1H1J,Balmy Naturel Mandalina Raspberry Duş Jeli 450 Ml,0.45,l,209.95,466.555556,466.555556,1,1,1,"[""depot:migros-1991""]","[""migros""]",pinned-relative,0
2026-08-26,personal_paper,shower_gel,Duş jeli,id:1JV0,id:1JV0,Palmolive Men Sport Duş Jeli 750 Ml,0.75,l,400.0,533.333333,533.333333,1,1,1,"[""depot:carrefour-1012""]","[""carrefour""]",pinned-relative,0
2026-08-26,personal_paper,shower_gel,Duş jeli,id:1SRW,id:1SRW,Dove Hindistan Cevizi Duş Jeli 450 Ml,0.45,l,281.94,626.533333,626.533333,1,1,1,"[""depot:carrefour-1012""]","[""carrefour""]",pinned-relative,0
2026-08-26,personal_paper,shower_gel,Duş jeli,id:1ARZ,id:1ARZ,Duş Jeli 450ml Sugar Cookie Dove,0.45,l,479.95,1066.555556,1066.555556,1,1,1,"[""depot:migros-1991""]","[""migros""]",pinned-relative,0
2026-08-26,personal_paper,shower_gel,Duş jeli,id:1EGN,id:1EGN,Rebul Magnolia Unisex Duş Jeli 500 Ml,0.5,l,289.95,579.9,579.9,1,1,1,"[""depot:migros-564""]","[""migros""]",pinned-relative,0
2026-08-26,personal_paper,shower_gel,Duş jeli,id:2N6E,id:2N6E,Palmolive Duş Jeli Massage 500 Ml,0.5,l,299.0,598.0,598.0,1,1,1,"[""depot:sok-4707""]","[""sok""]",pinned-relative,0
2026-08-26,personal_paper,soap_liquid,Sıvı sabun,id:1YX7,id:1YX7,Duru Sıvı Sabun 500 Ml,0.5,l,79.215,158.43,166.411679,2,2,2,"[""depot:bim-5712"",""depot:carrefour-1012""]","[""bim"",""carrefour""]",pinned-relative,0
2026-08-26,personal_paper,soap_liquid,Sıvı sabun,id:1KWR,id:1KWR,Activex Hassas Sıvı Sabun 500 Ml,0.5,l,197.94,395.88,394.243156,2,3,2,"[""depot:carrefour-1012"",""depot:migros-1991""]","[""carrefour"",""migros""]",pinned-relative,0
2026-08-26,personal_paper,soap_liquid,Sıvı sabun,id:1TEK,id:1TEK,Dove Nemlendirici Sıvı Sabun 450 Ml,0.45,l,254.94,566.533333,575.917821,2,2,2,"[""depot:carrefour-1012"",""depot:migros-1991""]","[""carrefour"",""migros""]",pinned-relative,0
2026-08-26,personal_paper,soap_liquid,Sıvı sabun,id:134U,id:134U,Logi Gül Sıvı Sabun 750 Ml,0.75,l,32.5,43.333333,43.333333,1,1,1,"[""depot:a101-4141""]","[""a101""]",pinned-relative,0
2026-08-26,personal_paper,soap_liquid,Sıvı sabun,id:01PQ,id:01PQ,Saloon Sıvı Sabun 500 Ml,0.5,l,34.5,69.0,69.0,1,1,1,"[""depot:hakmar-5521""]","[""hakmar""]",pinned-relative,0
2026-08-26,personal_paper,soap_liquid,Sıvı sabun,id:0O0R,id:0O0R,Ebru Sıvı Sabun Okyanus Rüzgarı 750 Ml,0.75,l,48.0,64.0,64.0,1,1,1,"[""depot:sok-4707""]","[""sok""]",pinned-relative,0
2026-08-26,personal_paper,soap_liquid,Sıvı sabun,id:06TI,id:06TI,Işıl Sıvı Sabun 750 Ml,0.75,l,48.0,64.0,64.0,1,1,1,"[""depot:bim-5712""]","[""bim""]",pinned-relative,0
2026-08-26,personal_paper,soap_liquid,Sıvı sabun,id:04MF,id:04MF,Elit Okyanus Sıvı Sabun 750 Ml,0.75,l,48.0,64.0,64.0,1,1,1,"[""depot:tarim_kredi-7488""]","[""tarim_kredi""]",pinned-relative,0
2026-08-26,personal_paper,soap_liquid,Sıvı sabun,id:03LZ,id:03LZ,Elit Sıvı Sabun Lavanta 750 Ml,0.75,l,48.0,64.0,64.0,1,1,1,"[""depot:tarim_kredi-7488""]","[""tarim_kredi""]",pinned-relative,0
2026-08-26,personal_paper,soap_liquid,Sıvı sabun,id:0XID,id:0XID,Migros Hawaii Sıvı Sabun 750 Ml,0.75,l,50.95,67.933333,67.933333,1,1,1,"[""depot:migros-4479""]","[""migros""]",pinned-relative,0
2026-08-26,personal_paper,soap_liquid,Sıvı sabun,id:0ZEB,id:0ZEB,Fax Sıvı Sabun 3 Lt,3.0,l,160.0,53.333333,53.333333,1,1,1,"[""depot:a101-4141""]","[""a101""]",pinned-relative,0
2026-08-26,personal_paper,soap_liquid,Sıvı sabun,id:1ZAG,id:1ZAG,Duru Sıvı Sabun Kiraz Çiçeği 500 Ml,0.5,l,95.55,191.1,191.1,1,1,1,"[""depot:carrefour-5254""]","[""carrefour""]",pinned-relative,0
2026-08-26,personal_paper,soap_liquid,Sıvı sabun,id:07L2,id:07L2,Işıl Sıvı Sabun 2.5 Lt,2.5,l,105.0,42.0,42.0,1,1,1,"[""depot:bim-5712""]","[""bim""]",pinned-relative,0
2026-08-26,personal_paper,soap_liquid,Sıvı sabun,id:0UDI,id:0UDI,Protex Cream Sıvı Sabun 300 Ml,0.3,l,108.47,361.566667,361.566667,1,1,1,"[""depot:carrefour-1012""]","[""carrefour""]",pinned-relative,0
2026-08-26,personal_paper,soap_liquid,Sıvı sabun,id:1BE3,id:1BE3,Senfoni Sıvı Sabun 4 Lt,4.0,l,119.0,29.75,29.75,1,1,1,"[""depot:bim-5712""]","[""bim""]",pinned-relative,0
2026-08-26,personal_paper,soap_liquid,Sıvı sabun,id:0H73,id:0H73,Elit Okyanus Sıvı Sabun 4 Lt,4.0,l,139.9,34.975,34.975,1,1,1,"[""depot:tarim_kredi-7488""]","[""tarim_kredi""]",pinned-relative,0
2026-08-26,personal_paper,soap_liquid,Sıvı sabun,id:039I,id:039I,Elit Lavanta Sıvı Sabun 4 Lt,4.0,l,139.9,34.975,34.975,1,1,1,"[""depot:tarim_kredi-7488""]","[""tarim_kredi""]",pinned-relative,0
2026-08-26,personal_paper,soap_liquid,Sıvı sabun,id:1OY9,id:1OY9,Dove Sıvı Sabun 450 Ml,0.45,l,299.0,664.444444,664.444444,1,1,1,"[""depot:sok-4707""]","[""sok""]",pinned-relative,0
2026-08-26,personal_paper,soap_liquid,Sıvı sabun,id:06QE,id:06QE,Protex Sıvı Sabun Ultra 1.5 Lt,1.5,l,335.27,223.513333,223.513333,1,1,1,"[""depot:carrefour-1012""]","[""carrefour""]",pinned-relative,0
2026-08-26,personal_paper,soap_bar,Kalıp sabun,id:1N5T,id:1N5T,Dove Original Cream Bar Katı Sabun 4x90 Gr,0.36,kg,261.69,726.916667,730.405442,2,2,2,"[""depot:carrefour-1012"",""depot:migros-1991""]","[""carrefour"",""migros""]",pinned-relative,0
2026-08-26,personal_paper,soap_bar,Kalıp sabun,id:0N9T,id:0N9T,Ebru Sabun Leylak 375 Gr,0.375,kg,70.0,186.666667,186.666667,1,1,1,"[""depot:sok-4707""]","[""sok""]",pinned-relative,0
2026-08-26,personal_paper,soap_bar,Kalıp sabun,id:05VT,id:05VT,Işıl Güzellik Katı Sabun 375 Gr,0.375,kg,70.0,186.666667,186.666667,1,1,1,"[""depot:bim-5712""]","[""bim""]",pinned-relative,0
2026-08-26,personal_paper,soap_bar,Kalıp sabun,id:13F4,id:13F4,Dove Güzellik Katı Sabun 90 Gr,0.09,kg,54.5,605.555556,605.555556,1,1,1,"[""depot:bim-5712""]","[""bim""]",pinned-relative,0
2026-08-26,personal_paper,soap_bar,Kalıp sabun,id:1Z23,id:1Z23,Duru Güzellik Sabunu Saf & Doğal Klasik 4x70 Gr,0.28,kg,80.43,287.25,287.25,1,1,1,"[""depot:carrefour-1012""]","[""carrefour""]",pinned-relative,0
2026-08-26,personal_paper,soap_bar,Kalıp sabun,id:0MOQ,id:0MOQ,Ebru Klasik Kalıp Beyaz Sabun 4x200 Gr,0.8,kg,109.0,136.25,136.25,1,1,1,"[""depot:sok-4707""]","[""sok""]",pinned-relative,0
2026-08-26,personal_paper,soap_bar,Kalıp sabun,id:059W,id:059W,Işıl Doğal Katı Sabun 800 Gr,0.8,kg,109.0,136.25,136.25,1,1,1,"[""depot:bim-5712""]","[""bim""]",pinned-relative,0
2026-08-26,personal_paper,soap_bar,Kalıp sabun,id:0QHU,id:0QHU,Migros Klasik Katı Sabun 4x200 Gr,0.8,kg,111.95,139.9375,139.9375,1,1,1,"[""depot:migros-1991""]","[""migros""]",pinned-relative,0
2026-08-26,personal_paper,soap_bar,Kalıp sabun,id:2MR2,id:2MR2,Dalin Klasik Katı Sabun 225 Gr,0.225,kg,119.0,528.888889,528.888889,1,1,1,"[""depot:sok-4707""]","[""sok""]",pinned-relative,0
2026-08-26,personal_paper,soap_bar,Kalıp sabun,id:1MLB,id:1MLB,Duru Duş Katı Sabun 600 Gr,0.6,kg,195.0,325.0,325.0,1,1,1,"[""depot:bim-5712""]","[""bim""]",pinned-relative,0
2026-08-26,personal_paper,soap_bar,Kalıp sabun,id:2BMV,id:2BMV,Hacı Şakir Kalıp Sabun 600 Gr,0.6,kg,149.0,248.333333,248.333333,1,1,1,"[""depot:hakmar-5521""]","[""hakmar""]",pinned-relative,0
2026-08-26,personal_paper,soap_bar,Kalıp sabun,id:1NWB,id:1NWB,Dalan Fresh & Minerals Deniz Tuzu Sabun 440 Gr,0.44,kg,149.95,340.795455,340.795455,1,1,1,"[""depot:migros-1991""]","[""migros""]",pinned-relative,0
2026-08-26,personal_paper,soap_bar,Kalıp sabun,id:01PK,id:01PK,Dalan Zeytinyağlı Katı Sabun 900 Gr,0.9,kg,155.0,172.222222,172.222222,1,1,1,"[""depot:bim-5712""]","[""bim""]",pinned-relative,0
2026-08-26,personal_paper,soap_bar,Kalıp sabun,id:0FNZ,id:0FNZ,Hacı Şakir Kalıp Sabun Leylak 4x150 Gr,0.6,kg,164.43,274.05,274.05,1,1,1,"[""depot:carrefour-1012""]","[""carrefour""]",pinned-relative,0
2026-08-26,personal_paper,soap_bar,Kalıp sabun,id:0ARX,id:0ARX,Balmy Çilek Limon Esanslı Katı Sabun 110 Gr,0.11,kg,194.95,1772.272727,1772.272727,1,1,1,"[""depot:migros-564""]","[""migros""]",pinned-relative,0
2026-08-26,personal_paper,toothpaste,Diş macunu,id:1ZOR,id:1ZOR,Signal White System Diş Macunu 75 Ml,0.075,l,88.945,1185.933333,1456.95804,4,4,4,"[""depot:a101-6815"",""depot:carrefour-1012"",""depot:migros-1991"",""depot:sok-4707""]","[""a101"",""carrefour"",""migros"",""sok""]",pinned-relative,0
2026-08-26,personal_paper,toothpaste,Diş macunu,id:1SLD,id:1SLD,Signal Üçlü Koruma Diş Macunu 120 Ml,0.12,l,89.94,749.5,749.541667,1,2,1,"[""depot:carrefour-1012""]","[""carrefour""]",pinned-relative,0
2026-08-26,personal_paper,toothpaste,Diş macunu,id:1MSN,id:1MSN,Sensodyne Diş Macunu 100 Ml,0.1,l,178.5,1785.0,1785.0,2,2,2,"[""depot:bim-5712"",""depot:hakmar-5521""]","[""bim"",""hakmar""]",pinned-relative,0
2026-08-26,personal_paper,toothpaste,Diş macunu,id:1MRO,id:1MRO,Sensodyne Ferah Nefes Diş Macunu 100 Ml,0.1,l,199.45,1994.5,1994.5,2,2,2,"[""depot:carrefour-1012"",""depot:sok-4707""]","[""carrefour"",""sok""]",pinned-relative,0
2026-08-26,personal_paper,toothpaste,Diş macunu,id:1KQV,id:1KQV,Sensodyne Florürlü Diş Macunu 100 Ml,0.1,l,192.43,1924.3,1904.591937,2,2,2,"[""depot:carrefour-1012"",""depot:migros-1991""]","[""carrefour"",""migros""]",pinned-relative,0
2026-08-26,personal_paper,toothpaste,Diş macunu,id:1R0P,id:1R0P,Colgate Optik Beyaz Diş Macunu 75 Ml,0.075,l,452.45,6032.666667,6112.572011,2,2,2,"[""depot:carrefour-1012"",""depot:migros-3296""]","[""carrefour"",""migros""]",pinned-relative,0
2026-08-26,personal_paper,toothpaste,Diş macunu,id:10GM,id:10GM,Experdent Diş Macunu Naneli 125 Ml,0.125,l,40.0,320.0,320.0,1,1,1,"[""depot:sok-4707""]","[""sok""]",pinned-relative,0
2026-08-26,personal_paper,toothpaste,Diş macunu,id:1O1F,id:1O1F,Colgate Diş Macunu 50 Ml,0.05,l,49.0,980.0,980.0,1,1,1,"[""depot:bim-5712""]","[""bim""]",pinned-relative,0
2026-08-26,personal_paper,toothpaste,Diş macunu,id:18I0,id:18I0,Signal Çocuk Diş Macunu 100 Ml,0.1,l,32.5,325.0,325.0,1,1,1,"[""depot:a101-6815""]","[""a101""]",pinned-relative,0
2026-08-26,personal_paper,toothpaste,Diş macunu,id:2CL0,id:2CL0,Colgate Diş Macunu Çürüklere Karşı 150 Ml,0.15,l,99.9,666.0,666.0,1,1,1,"[""depot:hakmar-5521""]","[""hakmar""]",pinned-relative,0
2026-08-26,personal_paper,toothpaste,Diş macunu,id:05R3,id:05R3,Parodontax Tam Koruma Diş Macunu 50 Ml,0.05,l,99.9,1998.0,1998.0,1,1,1,"[""depot:hakmar-5521""]","[""hakmar""]",pinned-relative,0
2026-08-26,personal_paper,toothpaste,Diş macunu,id:18HB,id:18HB,Signal Arındırıcı Beyazlık Diş Macunu 2x75 Ml,0.15,l,109.9,732.666667,732.666667,1,1,1,"[""depot:tarim_kredi-5022""]","[""tarim_kredi""]",pinned-relative,0
2026-08-26,personal_paper,toothpaste,Diş macunu,id:0ZEQ,id:0ZEQ,Parodontax Diş Macunu 50 Ml,0.05,l,76.5,1530.0,1530.0,1,1,1,"[""depot:a101-6815""]","[""a101""]",pinned-relative,0
2026-08-26,personal_paper,toothpaste,Diş macunu,id:0KFH,id:0KFH,Sensodyne Komple Koruma Diş Macunu 75 Ml,0.075,l,199.0,2653.333333,2653.333333,1,1,1,"[""depot:sok-4707""]","[""sok""]",pinned-relative,0
2026-08-26,personal_paper,toothpaste,Diş macunu,id:0H3D,id:0H3D,Agarta Doğal Çocuk Diş Macunu 75 Ml,0.075,l,125.0,1666.666667,1666.666667,1,1,1,"[""depot:tarim_kredi-7488""]","[""tarim_kredi""]",pinned-relative,0
2026-08-26,personal_paper,toothpaste,Diş macunu,id:0RQP,id:0RQP,Sensodyne Beyazlatıcı Diş Macunu 75 Ml,0.075,l,218.5,2913.333333,2913.333333,1,1,1,"[""depot:carrefour-1012""]","[""carrefour""]",pinned-relative,0
2026-08-26,personal_paper,toothpaste,Diş macunu,id:1TXJ,id:1TXJ,Sensodyne Ekstra Ferah Diş Macunu 100 Ml,0.1,l,178.5,1785.0,1785.0,1,1,1,"[""depot:a101-6815""]","[""a101""]",pinned-relative,0
2026-08-26,personal_paper,toothpaste,Diş macunu,id:1PMO,id:1PMO,Sensodyne-F Diş Macunu 100 Ml,0.1,l,179.0,1790.0,1790.0,1,1,1,"[""depot:sok-4707""]","[""sok""]",pinned-relative,0
2026-08-26,personal_paper,toothpaste,Diş macunu,id:1078,id:1078,Sensodyne Deep Clean Diş Macunu 75 Ml,0.075,l,201.95,2692.666667,2692.666667,1,1,1,"[""depot:carrefour-1012""]","[""carrefour""]",pinned-relative,0
2026-08-26,personal_paper,toothpaste,Diş macunu,id:1Y5T,id:1Y5T,Oral-B Çocuk Diş Macunu 75 Ml,0.075,l,189.95,2532.666667,2532.666667,1,1,1,"[""depot:carrefour-1012""]","[""carrefour""]",pinned-relative,0
2026-08-26,personal_paper,toothpaste,Diş macunu,id:1EE6,id:1EE6,Sensodyne Tam Koruma Diş Macunu 75 Ml,0.075,l,309.95,4132.666667,4132.666667,1,1,1,"[""depot:carrefour-1012""]","[""carrefour""]",pinned-relative,0
2026-08-26,personal_paper,toothpaste,Diş macunu,id:0VT3,id:0VT3,Parodontax Tam Koruma Diş Macunu 75 Ml,0.075,l,364.95,4866.0,4866.0,1,1,1,"[""depot:carrefour-1012""]","[""carrefour""]",pinned-relative,0
2026-08-26,personal_paper,toothbrush,Diş fırçası,id:20O6,id:20O6,Signal Ergonomik Diş Fırçası 2 Adet,2.0,count,140.445,70.2225,66.614729,2,2,2,"[""depot:carrefour-1012"",""depot:migros-1991""]","[""carrefour"",""migros""]",pinned-relative,0
2026-08-26,personal_paper,toothbrush,Diş fırçası,id:1YD0,id:1YD0,Colgate Gentle Clean Diş Fırçası 3 Adet,3.0,count,239.95,79.983333,60.405,1,1,1,"[""depot:migros-1991""]","[""migros""]",pinned-relative,0
2026-08-26,personal_paper,toothbrush,Diş fırçası,id:1TX6,id:1TX6,Colgate Zigzag Charcoal Diş Fırçası 2 Adet,2.0,count,231.575,115.7875,120.446111,2,2,2,"[""depot:carrefour-1012"",""depot:migros-1991""]","[""carrefour"",""migros""]",pinned-relative,0
2026-08-26,personal_paper,toothbrush,Diş fırçası,id:1Y7O,id:1Y7O,Colgate Mikro İnce Siyah Diş Fırçası 2 Adet,2.0,count,342.475,171.2375,177.996454,2,2,2,"[""depot:carrefour-1012"",""depot:migros-3296""]","[""carrefour"",""migros""]",pinned-relative,0
2026-08-26,personal_paper,toothbrush,Diş fırçası,id:0XAF,id:0XAF,Experdent Çocuk Diş Fırçası Yumuşak 1 Adet,1.0,count,16.0,16.0,16.0,1,1,1,"[""depot:sok-4707""]","[""sok""]",pinned-relative,0
2026-08-26,personal_paper,toothbrush,Diş fırçası,id:0TGS,id:0TGS,Galaxy Diş Fırçası 2 Adet,2.0,count,44.95,22.475,22.475,1,1,1,"[""depot:migros-6679""]","[""migros""]",pinned-relative,0
2026-08-26,personal_paper,toothbrush,Diş fırçası,id:17S6,id:17S6,Powerdent Shine Orta Soft Diş Fırçası 2 Adet,2.0,count,39.5,19.75,19.75,1,1,1,"[""depot:bim-5712""]","[""bim""]",pinned-relative,0
2026-08-26,personal_paper,toothbrush,Diş fırçası,id:167H,id:167H,Denta Yetişkin Diş Fırçası 2 Adet,2.0,count,39.5,19.75,19.75,1,1,1,"[""depot:a101-9324""]","[""a101""]",pinned-relative,0
2026-08-26,personal_paper,toothbrush,Diş fırçası,id:10GG,id:10GG,Experdent Diş Fırçası Orta 2 Adet,2.0,count,40.0,20.0,20.0,1,1,1,"[""depot:sok-4707""]","[""sok""]",pinned-relative,0
2026-08-26,personal_paper,toothbrush,Diş fırçası,id:08W1,id:08W1,D-Shine Yetişkin Orta Diş Fırçası 2 Adet,2.0,count,40.0,20.0,20.0,1,1,1,"[""depot:hakmar-5521""]","[""hakmar""]",pinned-relative,0
2026-08-26,personal_paper,toothbrush,Diş fırçası,id:0K4L,id:0K4L,Signal Beyaz Güç Diş Fırçası 1 Adet,1.0,count,94.95,94.95,94.95,1,1,1,"[""depot:migros-4479""]","[""migros""]",pinned-relative,0
2026-08-26,personal_paper,toothbrush,Diş fırçası,id:0WW7,id:0WW7,Denta Tiryakilere Özel Diş Fırçası 1 Adet,1.0,count,52.0,52.0,52.0,1,1,1,"[""depot:a101-9324""]","[""a101""]",pinned-relative,0
2026-08-26,personal_paper,toothbrush,Diş fırçası,id:0ZB4,id:0ZB4,Experdent Mikro İnce Diş Fırçası 2 Adet,2.0,count,64.9,32.45,32.45,1,1,1,"[""depot:sok-4707""]","[""sok""]",pinned-relative,0
2026-08-26,personal_paper,toothbrush,Diş fırçası,id:11QI,id:11QI,Denta Diş Fırçası İnceltilmiş Uç 1+2 Adet,2.0,count,65.0,32.5,32.5,1,1,1,"[""depot:a101-6815""]","[""a101""]",pinned-relative,0
2026-08-26,personal_paper,toothbrush,Diş fırçası,id:1GTF,id:1GTF,Denta İnceltilmiş Uç Diş Fırçası 2 Adet,2.0,count,65.0,32.5,32.5,1,1,1,"[""depot:a101-9324""]","[""a101""]",pinned-relative,0
2026-08-26,personal_paper,toothbrush,Diş fırçası,id:0WHH,id:0WHH,Colgate Gentle Clean Diş Fırçası 2 Adet,2.0,count,175.0,87.5,87.5,1,1,1,"[""depot:sok-4707""]","[""sok""]",pinned-relative,0
2026-08-26,personal_paper,toothbrush,Diş fırçası,id:00IR,id:00IR,Colgate Max White Fresh Diş Fırçası 1 Adet,1.0,count,59.0,59.0,59.0,1,1,1,"[""depot:bim-5712""]","[""bim""]",pinned-relative,0
2026-08-26,personal_paper,toothbrush,Diş fırçası,id:1R49,id:1R49,Colgate Neo Diş Fırçası 1 Adet,1.0,count,259.9,259.9,259.9,1,1,1,"[""depot:carrefour-1012""]","[""carrefour""]",pinned-relative,0
2026-08-26,personal_paper,toothbrush,Diş fırçası,id:0INV,id:0INV,Difaş Proclinic Stil Bamboo Diş Fırçası 1 Adet,1.0,count,95.97,95.97,95.97,1,1,1,"[""depot:migros-1991""]","[""migros""]",pinned-relative,0
2026-08-26,personal_paper,toothbrush,Diş fırçası,id:0FT5,id:0FT5,Signal Clean Action Diş Fırçası 4 Adet,4.0,count,161.94,40.485,40.485,1,1,1,"[""depot:carrefour-1012""]","[""carrefour""]",pinned-relative,0
2026-08-26,personal_paper,toothbrush,Diş fırçası,id:1RG0,id:1RG0,Difaş Ultra Clean Diş Fırçası 3 Adet,3.0,count,104.97,34.99,34.99,1,1,1,"[""depot:migros-1991""]","[""migros""]",pinned-relative,0
2026-08-26,personal_paper,toothbrush,Diş fırçası,id:11TH,id:11TH,Sensodyne Derin Temizlik Diş Fırçası 2 Adet,2.0,count,129.0,64.5,64.5,1,1,1,"[""depot:a101-6815""]","[""a101""]",pinned-relative,0
2026-08-26,personal_paper,toothbrush,Diş fırçası,id:0QLG,id:0QLG,Colgate 360 Gelişmiş Diş Fırçası 1 Adet,1.0,count,374.9,374.9,374.9,1,1,1,"[""depot:carrefour-1012""]","[""carrefour""]",pinned-relative,0
2026-08-26,personal_paper,deodorant,Deodorant,id:1SVD,id:1SVD,Blade Deodorant 150 Ml,0.15,l,219.0,1460.0,1460.0,3,3,3,"[""depot:a101-6815"",""depot:bim-5712"",""depot:migros-4479""]","[""a101"",""bim"",""migros""]",pinned-relative,0
2026-08-26,personal_paper,deodorant,Deodorant,id:21DO,id:21DO,Axe Erkek Deodorant 150 Ml,0.15,l,319.0,2126.666667,2126.666667,3,3,3,"[""depot:a101-6815"",""depot:bim-5712"",""depot:hakmar-5521""]","[""a101"",""bim"",""hakmar""]",pinned-relative,0
2026-08-26,personal_paper,deodorant,Deodorant,id:1VRZ,id:1VRZ,Emotion Ocean Fresh Deodorant 150 Ml,0.15,l,164.0,1093.333333,1030.016181,2,3,2,"[""depot:sok-4707"",""depot:tarim_kredi-5022""]","[""sok"",""tarim_kredi""]",pinned-relative,0
2026-08-26,personal_paper,deodorant,Deodorant,id:1ISZ,id:1ISZ,Emotion Deodorant 150 Ml,0.15,l,164.0,1093.333333,1093.333333,2,2,2,"[""depot:a101-6815"",""depot:bim-5712""]","[""a101"",""bim""]",pinned-relative,0
2026-08-26,personal_paper,deodorant,Deodorant,id:1YHN,id:1YHN,Axe Dark Temptation Deodorant 150 Ml,0.15,l,322.475,2149.833333,2149.833333,2,2,2,"[""depot:migros-1991"",""depot:sok-4707""]","[""migros"",""sok""]",pinned-relative,0
2026-08-26,personal_paper,deodorant,Deodorant,id:0O0D,id:0O0D,M Man Deodorant Wind 150 Ml,0.15,l,89.95,599.666667,599.666667,1,1,1,"[""depot:migros-1991""]","[""migros""]",pinned-relative,0
2026-08-26,personal_paper,deodorant,Deodorant,id:1OTR,id:1OTR,Nivea Deodorant Fresh Natural Kadın 75 Ml,0.075,l,250.0,3333.333333,3333.333333,1,1,1,"[""depot:sok-4707""]","[""sok""]",pinned-relative,0
2026-08-26,personal_paper,deodorant,Deodorant,id:0QV4,id:0QV4,Rexona Erkek Deodorant Stick 50 Ml,0.05,l,119.0,2380.0,2380.0,1,1,1,"[""depot:a101-6815""]","[""a101""]",pinned-relative,0
2026-08-26,personal_paper,deodorant,Deodorant,id:1NF1,id:1NF1,Nivea Kadın Deodorant Çeşitleri 150 Ml,0.15,l,250.0,1666.666667,1666.666667,1,1,1,"[""depot:bim-5712""]","[""bim""]",pinned-relative,0
2026-08-26,personal_paper,deodorant,Deodorant,id:0P20,id:0P20,Hunca Karma Deodorant 150 Ml,0.15,l,145.0,966.666667,966.666667,1,1,1,"[""depot:a101-6815""]","[""a101""]",pinned-relative,0
2026-08-26,personal_paper,deodorant,Deodorant,id:2A1F,id:2A1F,Emotion Kadın Deodorant 150 Ml,0.15,l,219.0,1460.0,1460.0,1,1,1,"[""depot:hakmar-5521""]","[""hakmar""]",pinned-relative,0
2026-08-26,personal_paper,deodorant,Deodorant,id:0PM6,id:0PM6,Privacy Man Deodorant Sprey 150 Ml,0.15,l,219.95,1466.333333,1466.333333,1,1,1,"[""depot:migros-1991""]","[""migros""]",pinned-relative,0
2026-08-26,personal_paper,deodorant,Deodorant,id:0VO9,id:0VO9,Nivea Deep Dimension Sprey Deodorant 150 Ml,0.15,l,265.95,1773.0,1773.0,1,1,1,"[""depot:migros-1991""]","[""migros""]",pinned-relative,0
2026-08-26,personal_paper,deodorant,Deodorant,id:21D1,id:21D1,Rexona Deodorant 150 Ml,0.15,l,144.0,960.0,960.0,1,1,1,"[""depot:a101-6815""]","[""a101""]",pinned-relative,0
2026-08-26,personal_paper,deodorant,Deodorant,id:216U,id:216U,Nivea Men Fresh Active Erkek Sprey Deodorant 200 Ml,0.2,l,299.95,1499.75,1499.75,1,1,1,"[""depot:migros-564""]","[""migros""]",pinned-relative,0
2026-08-26,personal_paper,deodorant,Deodorant,id:1KAR,id:1KAR,Axe Deodorant 150 Ml,0.15,l,319.9,2132.666667,2132.666667,1,1,1,"[""depot:tarim_kredi-7488""]","[""tarim_kredi""]",pinned-relative,0
2026-08-26,personal_paper,deodorant,Deodorant,id:1QTM,id:1QTM,Dove Men Clean Comfort Sprey Deodorant 150 Ml,0.15,l,319.95,2133.0,2133.0,1,1,1,"[""depot:migros-564""]","[""migros""]",pinned-relative,0
2026-08-26,personal_paper,deodorant,Deodorant,id:1ZJJ,id:1ZJJ,Dove Original Stick Deodorant 50 Ml,0.05,l,364.95,7299.0,7299.0,1,1,1,"[""depot:migros-4479""]","[""migros""]",pinned-relative,0
2026-08-26,personal_paper,toilet_paper,Tuvalet kağıdı,id:07K9,id:07K9,Blume Nature 2 Katlı Tuvalet Kağıdı 8 Adet,8.0,count,35.0,4.375,4.375,1,1,1,"[""depot:bim-5712""]","[""bim""]",pinned-relative,0
2026-08-26,personal_paper,toilet_paper,Tuvalet kağıdı,id:0T6T,id:0T6T,Minies Islak Tuvalet Kağıdı 60 Adet,60.0,count,69.95,1.165833,1.165833,1,1,1,"[""depot:migros-1991""]","[""migros""]",pinned-relative,0
2026-08-26,personal_paper,toilet_paper,Tuvalet kağıdı,id:1CQA,id:1CQA,Confort Geri Dönüşüm Tuvalet Kağıdı 16 Adet,16.0,count,105.0,6.5625,6.5625,1,1,1,"[""depot:sok-4707""]","[""sok""]",pinned-relative,0
2026-08-26,personal_paper,toilet_paper,Tuvalet kağıdı,id:0458,id:0458,Blume Çift Katlı Tuvalet Kağıdı 16 Adet,16.0,count,123.0,7.6875,7.6875,1,1,1,"[""depot:bim-5712""]","[""bim""]",pinned-relative,0
2026-08-26,personal_paper,toilet_paper,Tuvalet kağıdı,id:1WJO,id:1WJO,Carrefour Çift Katlı Tuvalet Kağıdı 16 Adet,16.0,count,99.9,6.24375,6.24375,1,1,1,"[""depot:carrefour-5254""]","[""carrefour""]",pinned-relative,0
2026-08-26,personal_paper,toilet_paper,Tuvalet kağıdı,id:1FX8,id:1FX8,Confort Tuvalet Kağıdı 16 Adet,16.0,count,129.0,8.0625,8.0625,1,1,1,"[""depot:sok-4707""]","[""sok""]",pinned-relative,0
2026-08-26,personal_paper,toilet_paper,Tuvalet kağıdı,id:07Q1,id:07Q1,Selis Parfümlü 3 Katlı Tuvalet Kağıdı 12'li 12 Adet,12.0,count,143.0,11.916667,11.916667,1,1,1,"[""depot:hakmar-5521""]","[""hakmar""]",pinned-relative,0
2026-08-26,personal_paper,toilet_paper,Tuvalet kağıdı,id:2B28,id:2B28,Selpak 3 Katlı Tuvalet Kağıdı 16 Adet,16.0,count,199.0,12.4375,12.4375,1,1,1,"[""depot:hakmar-5521""]","[""hakmar""]",pinned-relative,0
2026-08-26,personal_paper,toilet_paper,Tuvalet kağıdı,id:0U9E,id:0U9E,Logi 3 Katlı Tuvalet Kağıdı 32 Adet,32.0,count,199.0,6.21875,6.21875,1,1,1,"[""depot:a101-6815""]","[""a101""]",pinned-relative,0
2026-08-26,personal_paper,toilet_paper,Tuvalet kağıdı,id:1UOH,id:1UOH,Carrefour Eco Planet Tuvalet Kağıdı 32'li,32.0,count,245.9,7.684375,7.684375,1,1,1,"[""depot:carrefour-1012""]","[""carrefour""]",pinned-relative,0
2026-08-26,personal_paper,toilet_paper,Tuvalet kağıdı,id:1WE3,id:1WE3,Carrefour Çift Katlı Tuvalet Kağıdı 32 Adet,32.0,count,256.95,8.029687,8.029687,1,1,1,"[""depot:carrefour-5254""]","[""carrefour""]",pinned-relative,0
2026-08-26,personal_paper,toilet_paper,Tuvalet kağıdı,id:196W,id:196W,Blume Eko 2 Katlı Tuvalet Kağıdı 40 Adet,40.0,count,249.0,6.225,6.225,1,1,1,"[""depot:bim-5712""]","[""bim""]",pinned-relative,0
2026-08-26,personal_paper,toilet_paper,Tuvalet kağıdı,id:14BN,id:14BN,Queen Bambu 3 Katlı Tuvalet Kağıdı 40 Adet,40.0,count,289.0,7.225,7.225,1,1,1,"[""depot:bim-5712""]","[""bim""]",pinned-relative,0
2026-08-26,personal_paper,toilet_paper,Tuvalet kağıdı,id:0O96,id:0O96,Süper Maylo Bambu Katkılı Tuvalet Kağıdı 40 Adet,40.0,count,599.95,14.99875,14.99875,1,1,1,"[""depot:migros-1991""]","[""migros""]",pinned-relative,0
2026-08-26,personal_paper,toilet_paper,Tuvalet kağıdı,id:21JG,id:21JG,Familia Natural Tuvalet Kağıdı 48 Adet,48.0,count,329.0,6.854167,6.854167,1,1,1,"[""depot:bim-5712""]","[""bim""]",pinned-relative,0
2026-08-26,personal_paper,toilet_paper,Tuvalet kağıdı,id:0O5P,id:0O5P,Selpak Deluxe Pamuk Katkılı Tuvalet Kağıdı 32 Adet,32.0,count,599.95,18.748438,18.748438,1,1,1,"[""depot:migros-1991""]","[""migros""]",pinned-relative,0
2026-08-26,personal_paper,toilet_paper,Tuvalet kağıdı,id:0UBB,id:0UBB,Selpak Deluxe Tuvalet Kağıdı 24 Adet,24.0,count,469.95,19.58125,19.58125,1,1,1,"[""depot:migros-4479""]","[""migros""]",pinned-relative,0
2026-08-26,personal_paper,toilet_paper,Tuvalet kağıdı,id:1KQ6,id:1KQ6,Familia Tuvalet Kağıdı 32 Adet,32.0,count,599.9,18.746875,18.746875,1,1,1,"[""depot:carrefour-1012""]","[""carrefour""]",pinned-relative,0
2026-08-26,personal_paper,paper_towel,Kağıt havlu,id:13ZN,id:13ZN,Wells 2 Katlı Kağıt Havlu 6 Adet,6.0,count,59.0,9.833333,9.833333,1,1,1,"[""depot:bim-5712""]","[""bim""]",pinned-relative,0
2026-08-26,personal_paper,paper_towel,Kağıt havlu,id:0U09,id:0U09,Mistral 2 Kat Doğal Dostu Kağıt Havlu 6 Adet,6.0,count,67.5,11.25,11.25,1,1,1,"[""depot:a101-6815""]","[""a101""]",pinned-relative,0
2026-08-26,personal_paper,paper_towel,Kağıt havlu,id:109D,id:109D,Mistral 2 Katlı Kağıt Havlu 6 Adet,6.0,count,89.0,14.833333,14.833333,1,1,1,"[""depot:a101-6815""]","[""a101""]",pinned-relative,0
2026-08-26,personal_paper,paper_towel,Kağıt havlu,id:06HX,id:06HX,Blume Kağıt Havlu 6 Adet,6.0,count,89.0,14.833333,14.833333,1,1,1,"[""depot:bim-5712""]","[""bim""]",pinned-relative,0
2026-08-26,personal_paper,paper_towel,Kağıt havlu,id:01I5,id:01I5,Selis Çift Katlı Kağıt Havlu 6 Adet,6.0,count,89.0,14.833333,14.833333,1,1,1,"[""depot:hakmar-5521""]","[""hakmar""]",pinned-relative,0
2026-08-26,personal_paper,paper_towel,Kağıt havlu,id:0AMI,id:0AMI,Elit 2 Katlı Kağıt Havlu 6 Adet,6.0,count,89.0,14.833333,14.833333,1,1,1,"[""depot:tarim_kredi-7488""]","[""tarim_kredi""]",pinned-relative,0
2026-08-26,personal_paper,paper_towel,Kağıt havlu,id:10IZ,id:10IZ,Confort Kağıt Havlu 6 Adet,6.0,count,95.0,15.833333,15.833333,1,1,1,"[""depot:sok-4707""]","[""sok""]",pinned-relative,0
2026-08-26,personal_paper,paper_towel,Kağıt havlu,id:11AW,id:11AW,Logi 3 Katlı Kağıt Havlu 12 Adet,12.0,count,129.0,10.75,10.75,1,1,1,"[""depot:a101-6815""]","[""a101""]",pinned-relative,0
2026-08-26,personal_paper,paper_towel,Kağıt havlu,id:1XK8,id:1XK8,Carrefour Eco Planet Kağıt Havlu 12 Adet,12.0,count,158.9,13.241667,13.241667,1,1,1,"[""depot:carrefour-5254""]","[""carrefour""]",pinned-relative,0
2026-08-26,personal_paper,paper_towel,Kağıt havlu,id:2B29,id:2B29,Selpak Yağ Emici Kağıt Havlu 8 Adet,8.0,count,159.0,19.875,19.875,1,1,1,"[""depot:hakmar-5521""]","[""hakmar""]",pinned-relative,0
2026-08-26,personal_paper,paper_towel,Kağıt havlu,id:1UPA,id:1UPA,Carrefour Çift Katlı Kağıt Havlu 12 Adet,12.0,count,178.5,14.875,14.875,1,1,1,"[""depot:carrefour-5254""]","[""carrefour""]",pinned-relative,0
2026-08-26,personal_paper,paper_towel,Kağıt havlu,id:2069,id:2069,Bambu Aqua 3 Katlı Kağıt Havlu 16 Adet,16.0,count,199.0,12.4375,12.4375,1,1,1,"[""depot:a101-6815""]","[""a101""]",pinned-relative,0
2026-08-26,personal_paper,paper_towel,Kağıt havlu,id:016M,id:016M,Maylo Süper Bambu Katkılı Kağıt Havlu 16 Adet,16.0,count,419.95,26.246875,26.246875,1,1,1,"[""depot:migros-1991""]","[""migros""]",pinned-relative,0
2026-08-26,personal_paper,wet_wipes,Islak mendil,id:1LKC,id:1LKC,Uni Baby Aktif Islak Mendil 72 Adet,72.0,count,57.95,0.804861,0.798649,2,2,2,"[""depot:carrefour-1012"",""depot:migros-4479""]","[""carrefour"",""migros""]",pinned-relative,0
2026-08-26,personal_paper,wet_wipes,Islak mendil,id:1VRC,id:1VRC,Selpak Organik Bambu Zeytinyağlı Islak Mendil 50 Adet,50.0,count,54.95,1.099,1.101275,2,2,2,"[""depot:carrefour-1012"",""depot:migros-3296""]","[""carrefour"",""migros""]",pinned-relative,0
2026-08-26,personal_paper,wet_wipes,Islak mendil,id:1Z45,id:1Z45,Uni Baby Aile Islak Mendil 156 Adet,156.0,count,84.475,0.541506,0.533652,2,2,2,"[""depot:bim-5712"",""depot:carrefour-1012""]","[""bim"",""carrefour""]",pinned-relative,0
2026-08-26,personal_paper,wet_wipes,Islak mendil,id:1C38,id:1C38,Fibril Go Wipes Limon Ferahlığı Islak Mendil 20 Adet,20.0,count,19.95,0.9975,0.9975,1,1,1,"[""depot:migros-1991""]","[""migros""]",pinned-relative,0
2026-08-26,personal_paper,wet_wipes,Islak mendil,id:041R,id:041R,Mendiva Islak Mendil 3x15 Adet,45.0,count,19.5,0.433333,0.433333,1,1,1,"[""depot:a101-6815""]","[""a101""]",pinned-relative,0
2026-08-26,personal_paper,wet_wipes,Islak mendil,id:00R1,id:00R1,Selis Islak Mendil 3x15 Adet,45.0,count,23.0,0.511111,0.511111,1,1,1,"[""depot:hakmar-5521""]","[""hakmar""]",pinned-relative,0
2026-08-26,personal_paper,wet_wipes,Islak mendil,id:14MQ,id:14MQ,Clea Islak Mendil 3x15 45 Adet,45.0,count,28.9,0.642222,0.642222,1,1,1,"[""depot:tarim_kredi-7488""]","[""tarim_kredi""]",pinned-relative,0
2026-08-26,personal_paper,wet_wipes,Islak mendil,id:08RH,id:08RH,Uni Baby Aile Islak Mendil 90 Adet,90.0,count,65.95,0.732778,0.732778,1,1,1,"[""depot:carrefour-1012""]","[""carrefour""]",pinned-relative,0
2026-08-26,personal_paper,wet_wipes,Islak mendil,id:0XLJ,id:0XLJ,Fibril Zeytinyağlı Bebek Islak Mendil 90 Adet,90.0,count,49.95,0.555,0.555,1,1,1,"[""depot:migros-1991""]","[""migros""]",pinned-relative,0
2026-08-26,personal_paper,wet_wipes,Islak mendil,id:20PV,id:20PV,Fibril Sedir Ağacı Islak Mendil 90 Adet,90.0,count,49.95,0.555,0.555,1,1,1,"[""depot:migros-564""]","[""migros""]",pinned-relative,0
2026-08-26,personal_paper,wet_wipes,Islak mendil,id:20G8,id:20G8,Selpak Organik Bambu Özlü & Pamuk Özlü Islak Mendil 50 Adet,50.0,count,59.95,1.199,1.199,1,1,1,"[""depot:migros-564""]","[""migros""]",pinned-relative,0
2026-08-26,personal_paper,wet_wipes,Islak mendil,id:1MWD,id:1MWD,Uni Baby Aktif Islak Mendil 208 Adet,208.0,count,109.95,0.528606,0.528606,1,1,1,"[""depot:carrefour-1012""]","[""carrefour""]",pinned-relative,0
2026-08-26,personal_paper,wet_wipes,Islak mendil,id:20C2,id:20C2,Selpak Organik Bambu Özlü & Zeytinyağlı Islak Mendil 150 Adet,150.0,count,139.95,0.933,0.933,1,1,1,"[""depot:migros-4479""]","[""migros""]",pinned-relative,0
2026-08-26,personal_paper,wet_wipes,Islak mendil,id:0YOX,id:0YOX,Uni Baby Yenidoğan Islak Mendil 120 Adet,120.0,count,199.95,1.66625,1.66625,1,1,1,"[""depot:migros-6679""]","[""migros""]",pinned-relative,0
2026-08-26,personal_paper,wet_wipes,Islak mendil,id:2087,id:2087,Sleepy Sensitive Islak Havlu 150 Adet,150.0,count,139.95,0.933,0.977005,2,2,2,"[""depot:carrefour-1012"",""depot:migros-1991""]","[""carrefour"",""migros""]",pinned-relative,0
2026-08-26,personal_paper,wet_wipes,Islak mendil,id:00JR,id:00JR,Pofu Islak Havlu 50 Adet,50.0,count,14.0,0.28,0.28,1,1,1,"[""depot:bim-5712""]","[""bim""]",pinned-relative,0
2026-08-26,personal_paper,wet_wipes,Islak mendil,id:0DZS,id:0DZS,Clea Islak Havlu 90 Adet,90.0,count,46.9,0.521111,0.521111,1,1,1,"[""depot:tarim_kredi-7488""]","[""tarim_kredi""]",pinned-relative,0
2026-08-26,personal_paper,wet_wipes,Islak mendil,id:01T0,id:1C2I,Fibril Go Wipes Nane Ferahlatıcı Islak Cep Mendili 20 Adet,20.0,count,19.95,0.9975,0.475,1,1,1,"[""depot:migros-1991""]","[""migros""]",pinned-relative,1
2026-08-26,personal_paper,wet_wipes,Islak mendil,id:1TEP,id:1TEP,Baby Turco Islak Havlu 90 Adet,90.0,count,65.95,0.732778,0.732778,1,1,1,"[""depot:carrefour-1012""]","[""carrefour""]",pinned-relative,0
2026-08-26,personal_paper,wet_wipes,Islak mendil,id:0MZW,id:0Z67,Mendiva Islak Havlu 101 Adet,101.0,count,49.0,0.485149,0.389286,1,1,1,"[""depot:a101-6815""]","[""a101""]",pinned-relative,1
2026-08-26,personal_paper,wet_wipes,Islak mendil,id:0AZY,id:082X,Family Islak Havlu 100 Adet,100.0,count,49.0,0.49,0.732778,1,1,1,"[""depot:bim-5712""]","[""bim""]",pinned-relative,1
2026-08-26,personal_paper,wet_wipes,Islak mendil,id:0FS9,id:0FS9,Sleepy Zeytinyağı ve Pamuk Islak Havlu 3'lü Paket 150 Adet,150.0,count,149.95,0.999667,0.999667,1,1,1,"[""depot:carrefour-1012""]","[""carrefour""]",pinned-relative,0
2026-08-26,personal_paper,tissues,Kağıt mendil,id:1RW5,id:1RW5,Selpak Klasik Mendil 10 Adet,10.0,count,99.95,9.995,9.9962,2,2,2,"[""depot:carrefour-1012"",""depot:migros-1991""]","[""carrefour"",""migros""]",pinned-relative,0
2026-08-26,personal_paper,tissues,Kağıt mendil,id:0OK8,id:0OK8,Selpak 4 Katlı Kağıt Mendil 1 Adet,1.0,count,7.0,7.0,7.0,1,1,1,"[""depot:a101-6815""]","[""a101""]",pinned-relative,0
2026-08-26,personal_paper,tissues,Kağıt mendil,id:0LHI,id:0LHI,Beyaz Güvercin Mendil 10 Adet,10.0,count,30.0,3.0,3.0,1,1,1,"[""depot:sok-4707""]","[""sok""]",pinned-relative,0
2026-08-26,personal_paper,tissues,Kağıt mendil,id:109B,id:109B,Mistral 3 Katlı Kağıt Mendil 10 Adet,10.0,count,30.0,3.0,3.0,1,1,1,"[""depot:a101-6815""]","[""a101""]",pinned-relative,0
2026-08-26,personal_paper,tissues,Kağıt mendil,id:02OO,id:02OO,Blume 3 Katlı Kağıt Mendil 10 Adet,10.0,count,30.0,3.0,3.0,1,1,1,"[""depot:bim-5712""]","[""bim""]",pinned-relative,0
2026-08-26,personal_paper,tissues,Kağıt mendil,id:2A0K,id:2A0K,Selis Kağıt Mendil 10 Adet,10.0,count,30.0,3.0,3.0,1,1,1,"[""depot:hakmar-5521""]","[""hakmar""]",pinned-relative,0
2026-08-26,personal_paper,tissues,Kağıt mendil,id:12GZ,id:12GZ,Familia 3 Katlı Kağıt Mendil 150 Adet,150.0,count,32.5,0.216667,0.216667,1,1,1,"[""depot:a101-4217""]","[""a101""]",pinned-relative,0
2026-08-26,personal_paper,tissues,Kağıt mendil,id:1K1K,id:1K1K,Selpak Klasik Mendil 1 Adet,1.0,count,59.9,59.9,59.9,1,1,1,"[""depot:tarim_kredi-7488""]","[""tarim_kredi""]",pinned-relative,0
2026-08-26,personal_paper,tissues,Kağıt mendil,id:1TAU,id:1TAU,Maylo Mendil 10 Adet,10.0,count,74.95,7.495,7.495,1,1,1,"[""depot:migros-1991""]","[""migros""]",pinned-relative,0
2026-08-26,personal_paper,tissues,Kağıt mendil,id:0QVU,id:0QVU,Sofia Skin Love Mendil 100 Adet,100.0,count,89.95,0.8995,0.8995,1,1,1,"[""depot:migros-1991""]","[""migros""]",pinned-relative,0
2026-08-26,personal_paper,tissues,Kağıt mendil,id:0WKB,id:0WKB,Selpak Mentollü Mendil 10 Adet,10.0,count,109.0,10.9,10.9,1,1,1,"[""depot:carrefour-1012""]","[""carrefour""]",pinned-relative,0
2026-08-26,personal_paper,tissues,Kağıt mendil,id:0R6L,id:0R6L,Selpak Losyonlu Mendil 10 Adet,10.0,count,109.95,10.995,10.995,1,2,1,"[""depot:migros-1991""]","[""migros""]",pinned-relative,0
